{"learning_rate": 0.05664989887161649, "max_depth": 3, "min_child_weight": 4, "subsample": 0.8147772982403498, "colsample_bytree": 0.5517197909834317, "gamma": 0.45169114141693556, "reg_lambda": 1.9572289611892868, "reg_alpha": 0.14722855828850867, "objective": "reg:squarederror", "enable_categorical": true, "tree_method": "hist", "device": "cuda", "seed": 42}