{"learning_rate": 0.0387216950086343, "max_depth": 3, "min_child_weight": 7, "subsample": 0.9323465647799664, "colsample_bytree": 0.8365855533228044, "gamma": 0.3480511379715918, "reg_lambda": 1.5333032152809718, "reg_alpha": 0.15228194877148615, "objective": "reg:squarederror", "enable_categorical": true, "tree_method": "hist", "device": "cuda", "seed": 42}