{"learning_rate": 0.0725531172495768, "max_depth": 3, "min_child_weight": 3, "subsample": 0.9908247775441696, "colsample_bytree": 0.5302024096211746, "gamma": 0.14176844485948745, "reg_lambda": 2.1009480052709257, "reg_alpha": 0.8947400548354177, "objective": "reg:squarederror", "enable_categorical": true, "tree_method": "hist", "device": "cuda", "seed": 42}