{"learning_rate": 0.052690797461926446, "max_depth": 3, "min_child_weight": 7, "subsample": 0.8053927465044526, "colsample_bytree": 0.6682924582293842, "gamma": 0.37494282608621665, "reg_lambda": 0.7699385855450669, "reg_alpha": 0.6763873341356043, "objective": "reg:squarederror", "enable_categorical": true, "tree_method": "hist", "device": "cuda", "seed": 42}