{"learning_rate": 0.017424551274590493, "max_depth": 3, "min_child_weight": 4, "subsample": 0.8431209102058967, "colsample_bytree": 0.519090786165475, "gamma": 0.36416595676641494, "reg_lambda": 1.4593157267658459, "reg_alpha": 0.9638616299595623, "objective": "reg:squarederror", "enable_categorical": true, "tree_method": "hist", "device": "cuda", "seed": 42}