{"learning_rate": 0.038144098113377205, "max_depth": 5, "min_child_weight": 5, "subsample": 0.9555478797579865, "colsample_bytree": 0.7907457203622904, "gamma": 0.6782164506361865, "reg_lambda": 2.44510845703104, "reg_alpha": 0.6598010618378324, "objective": "reg:squarederror", "enable_categorical": true, "tree_method": "hist", "device": "cuda", "seed": 42}