{"learning_rate": 0.02870109777823835, "max_depth": 4, "min_child_weight": 9, "subsample": 0.7515755824084038, "colsample_bytree": 0.5417533531334245, "gamma": 0.5484391117971853, "reg_lambda": 0.4602063211340507, "reg_alpha": 0.6360912964902024, "objective": "reg:squarederror", "enable_categorical": true, "tree_method": "hist", "device": "cuda", "seed": 42}