{"learning_rate": 0.03373994851872452, "max_depth": 5, "min_child_weight": 5, "subsample": 0.9057919392807454, "colsample_bytree": 0.858010448926647, "gamma": 0.6137127110156679, "reg_lambda": 3.079321799590166, "reg_alpha": 0.9615682650304967, "objective": "reg:squarederror", "enable_categorical": true, "tree_method": "hist", "device": "cuda", "seed": 42}