{"learning_rate": 0.007914335151138117, "max_depth": 4, "min_child_weight": 9, "subsample": 0.8795631949877784, "colsample_bytree": 0.7899706117077732, "gamma": 0.06689859443106157, "reg_lambda": 0.8800025726227401, "reg_alpha": 0.7086313970291827, "objective": "reg:squarederror", "enable_categorical": true, "tree_method": "hist", "device": "cuda", "seed": 42}