{"learning_rate": 0.02678415614410887, "max_depth": 3, "min_child_weight": 3, "subsample": 0.7932437440183302, "colsample_bytree": 0.8343004528868763, "gamma": 0.37986436841836063, "reg_lambda": 1.8097668499368806, "reg_alpha": 0.4014091518477433, "objective": "reg:squarederror", "enable_categorical": true, "tree_method": "hist", "device": "cuda", "seed": 42}