{"learning_rate": 0.0300229229062563, "max_depth": 4, "min_child_weight": 9, "subsample": 0.7868820008198564, "colsample_bytree": 0.6855777029169374, "gamma": 0.6906707595487097, "reg_lambda": 4.264311621452808, "reg_alpha": 0.6775937156496423, "objective": "reg:squarederror", "enable_categorical": true, "tree_method": "hist", "device": "cuda", "seed": 42}