{"learning_rate": 0.026701052631012107, "max_depth": 4, "min_child_weight": 9, "subsample": 0.7799727967148957, "colsample_bytree": 0.8933626054163468, "gamma": 0.10547088868111915, "reg_lambda": 3.4018061329550626, "reg_alpha": 0.4711609559956089, "objective": "reg:squarederror", "enable_categorical": true, "tree_method": "hist", "device": "cuda", "seed": 42}