{"learning_rate": 0.08376962536878273, "max_depth": 5, "min_child_weight": 4, "subsample": 0.8086239030423217, "colsample_bytree": 0.7665637961286309, "gamma": 0.08716574163394403, "reg_lambda": 1.195274562318277, "reg_alpha": 0.7030300740953068, "objective": "reg:squarederror", "enable_categorical": true, "tree_method": "hist", "device": "cuda", "seed": 42}