{"learning_rate": 0.027925698151983785, "max_depth": 4, "min_child_weight": 3, "subsample": 0.8574692600541303, "colsample_bytree": 0.9956591020250406, "gamma": 0.659105644340594, "reg_lambda": 4.265406377997561, "reg_alpha": 0.016281513301521278, "objective": "reg:squarederror", "enable_categorical": true, "tree_method": "hist", "device": "cuda", "seed": 42}