{"learning_rate": 0.05334608013418502, "max_depth": 4, "min_child_weight": 4, "subsample": 0.9122342248623803, "colsample_bytree": 0.902283262994324, "gamma": 0.48393016035707465, "reg_lambda": 2.562233885829772, "reg_alpha": 0.8732018731542855, "objective": "reg:squarederror", "enable_categorical": true, "tree_method": "hist", "device": "cuda", "seed": 42}