{"learning_rate": 0.06017527855592131, "max_depth": 3, "min_child_weight": 9, "subsample": 0.7814322272873837, "colsample_bytree": 0.6491901788068791, "gamma": 0.5895440328462866, "reg_lambda": 1.9227846337128496, "reg_alpha": 0.6558510363948523, "objective": "reg:squarederror", "enable_categorical": true, "tree_method": "hist", "device": "cuda", "seed": 42}