{"learning_rate": 0.03482078444189056, "max_depth": 4, "min_child_weight": 4, "subsample": 0.7424737211278887, "colsample_bytree": 0.8079854613260944, "gamma": 0.30197917199179547, "reg_lambda": 1.5657505610930817, "reg_alpha": 0.7455761476109853, "objective": "reg:squarederror", "enable_categorical": true, "tree_method": "hist", "device": "cuda", "seed": 42}