{"learning_rate": 0.05116838529182328, "max_depth": 3, "min_child_weight": 9, "subsample": 0.8671771400700244, "colsample_bytree": 0.9077674805850267, "gamma": 0.38515856263449805, "reg_lambda": 2.254533696801724, "reg_alpha": 0.24955419659430245, "objective": "reg:squarederror", "enable_categorical": true, "tree_method": "hist", "device": "cuda", "seed": 42}