{"learning_rate": 0.07185014493112986, "max_depth": 3, "min_child_weight": 7, "subsample": 0.9141248323550941, "colsample_bytree": 0.6657716471372336, "gamma": 0.691044511839858, "reg_lambda": 4.4528527799102795, "reg_alpha": 0.5038778245763746, "objective": "reg:squarederror", "enable_categorical": true, "tree_method": "hist", "device": "cuda", "seed": 42}