{"learning_rate": 0.07292622269347904, "max_depth": 4, "min_child_weight": 5, "subsample": 0.7936888781438465, "colsample_bytree": 0.6691613031293383, "gamma": 0.6255229038570833, "reg_lambda": 4.407075504892898, "reg_alpha": 0.38938013226677015, "objective": "reg:squarederror", "enable_categorical": true, "tree_method": "hist", "device": "cuda", "seed": 42}