{"learning_rate": 0.01217235371286672, "max_depth": 5, "min_child_weight": 9, "subsample": 0.7931473904267498, "colsample_bytree": 0.8075762064046842, "gamma": 0.46017685209713144, "reg_lambda": 3.5752238494666226, "reg_alpha": 0.7904073440085031, "objective": "reg:squarederror", "enable_categorical": true, "tree_method": "hist", "device": "cuda", "seed": 42}