{"learning_rate": 0.077789963440493, "max_depth": 3, "min_child_weight": 4, "subsample": 0.7741212555874537, "colsample_bytree": 0.5724802041336998, "gamma": 0.07747447753495856, "reg_lambda": 4.943770624804333, "reg_alpha": 0.2669337458680018, "objective": "reg:squarederror", "enable_categorical": true, "tree_method": "hist", "device": "cuda", "seed": 42}