{"learning_rate": 0.03686677633604545, "max_depth": 4, "min_child_weight": 7, "subsample": 0.8331347732162462, "colsample_bytree": 0.590907774176211, "gamma": 0.596541947065483, "reg_lambda": 0.29623362691243105, "reg_alpha": 0.03307699586531665, "objective": "reg:squarederror", "enable_categorical": true, "tree_method": "hist", "device": "cuda", "seed": 42}