{"learning_rate": 0.0834482930320599, "max_depth": 3, "min_child_weight": 4, "subsample": 0.7442852314820546, "colsample_bytree": 0.7876562150260769, "gamma": 0.03766541744390457, "reg_lambda": 3.1457124537270786, "reg_alpha": 0.2489617942390041, "objective": "reg:squarederror", "enable_categorical": true, "tree_method": "hist", "device": "cuda", "seed": 42}