{"learning_rate": 0.08374806422490617, "max_depth": 4, "min_child_weight": 9, "subsample": 0.7198970038491261, "colsample_bytree": 0.7729014514774508, "gamma": 0.4989044548393702, "reg_lambda": 4.497654773778703, "reg_alpha": 0.5427799201229413, "objective": "reg:quantileerror", "quantile_alpha": 0.15, "enable_categorical": true, "tree_method": "hist", "device": "cuda", "seed": 42}