{"learning_rate": 0.08338593800641908, "max_depth": 4, "min_child_weight": 9, "subsample": 0.9956142970797353, "colsample_bytree": 0.8611460805978861, "gamma": 0.46215499445507063, "reg_lambda": 1.4958610931644305, "reg_alpha": 0.3637481025234386, "objective": "reg:quantileerror", "quantile_alpha": 0.85, "enable_categorical": true, "tree_method": "hist", "device": "cuda", "seed": 42}