{"learning_rate": 0.027942664645360174, "max_depth": 5, "min_child_weight": 8, "subsample": 0.9338846294141371, "colsample_bytree": 0.6800490906791424, "gamma": 0.7726105281353267, "reg_lambda": 3.1526566666766955, "reg_alpha": 0.250313399667337, "objective": "reg:squarederror", "enable_categorical": true, "tree_method": "hist", "device": "cuda", "seed": 42}