{"learning_rate": 0.041443884355270466, "max_depth": 3, "min_child_weight": 6, "subsample": 0.8485537350821677, "colsample_bytree": 0.9437594348175876, "gamma": 0.2552220882446336, "reg_lambda": 3.13730623498933, "reg_alpha": 0.41871148439969086, "objective": "reg:squarederror", "enable_categorical": true, "tree_method": "hist", "device": "cuda", "seed": 42}