{"learning_rate": 0.06608631557604622, "max_depth": 4, "min_child_weight": 9, "subsample": 0.8871267712522727, "colsample_bytree": 0.5650936472961815, "gamma": 0.4912614364856176, "reg_lambda": 2.2381189275931765, "reg_alpha": 0.8069498977368526, "objective": "reg:quantileerror", "quantile_alpha": 0.85, "enable_categorical": true, "tree_method": "hist", "device": "cuda", "seed": 42}