{"learning_rate": 0.050057993782791924, "max_depth": 5, "min_child_weight": 4, "subsample": 0.9701073345059705, "colsample_bytree": 0.518883145654528, "gamma": 0.6835804858928514, "reg_lambda": 4.503670433201165, "reg_alpha": 0.9493729741084679, "objective": "reg:squarederror", "enable_categorical": true, "tree_method": "hist", "device": "cuda", "seed": 42}