{"learning_rate": 0.06330574742272249, "max_depth": 5, "min_child_weight": 3, "subsample": 0.8703112088232383, "colsample_bytree": 0.6606451669074771, "gamma": 0.4355692249398699, "reg_lambda": 4.873646477247002, "reg_alpha": 0.5161013768760135, "objective": "reg:squarederror", "tree_method": "hist", "device": "cuda", "seed": 42}