{"learning_rate": 0.012673948742785513, "max_depth": 3, "min_child_weight": 5, "subsample": 0.9684426575888734, "colsample_bytree": 0.5318003871516799, "gamma": 0.4183379665592896, "reg_lambda": 3.5652993694392805, "reg_alpha": 0.27388073352934905, "objective": "reg:squarederror", "enable_categorical": true, "tree_method": "hist", "device": "cuda", "seed": 42}