{"learning_rate": 0.017814325031356076, "max_depth": 5, "min_child_weight": 7, "subsample": 0.713618787425748, "colsample_bytree": 0.6326441250075632, "gamma": 0.26824051622042483, "reg_lambda": 2.5669467526250256, "reg_alpha": 0.5854844937729831, "objective": "reg:squarederror", "enable_categorical": true, "tree_method": "hist", "device": "cuda", "seed": 42}