{"learning_rate": 0.06223478735073224, "max_depth": 5, "min_child_weight": 8, "subsample": 0.7145688388910144, "colsample_bytree": 0.540971157346636, "gamma": 0.39169463563955054, "reg_lambda": 3.322591046796835, "reg_alpha": 0.9883087462349442, "objective": "reg:squarederror", "enable_categorical": true, "tree_method": "hist", "device": "cuda", "seed": 42}