{"learning_rate": 0.026860346711838592, "max_depth": 5, "min_child_weight": 5, "subsample": 0.7569418981331445, "colsample_bytree": 0.6204714982857364, "gamma": 0.5255952270025863, "reg_lambda": 2.2856930473639308, "reg_alpha": 0.5935504329502745, "objective": "reg:squarederror", "enable_categorical": true, "tree_method": "hist", "device": "cuda", "seed": 42}