{"learning_rate": 0.0639786914907381, "max_depth": 3, "min_child_weight": 5, "subsample": 0.8135254945075425, "colsample_bytree": 0.6959200115118798, "gamma": 0.2549354122780065, "reg_lambda": 1.167331548371708, "reg_alpha": 0.807660337005379, "objective": "reg:squarederror", "enable_categorical": true, "tree_method": "hist", "device": "cuda", "seed": 42}