{"learning_rate": 0.04836548017148193, "max_depth": 4, "min_child_weight": 7, "subsample": 0.8819597506465764, "colsample_bytree": 0.9822876050429974, "gamma": 0.12281810270301961, "reg_lambda": 3.717662451129748, "reg_alpha": 0.10501473436231124, "objective": "reg:squarederror", "enable_categorical": true, "tree_method": "hist", "device": "cuda", "seed": 42}