{"learning_rate": 0.05394327727789378, "max_depth": 5, "min_child_weight": 6, "subsample": 0.9973361757068393, "colsample_bytree": 0.9658669305932421, "gamma": 0.02573934486939944, "reg_lambda": 2.561030940259337, "reg_alpha": 0.03698999658210578, "objective": "reg:squarederror", "enable_categorical": true, "tree_method": "hist", "device": "cuda", "seed": 42}