{"learning_rate": 0.0735180310702904, "max_depth": 3, "min_child_weight": 6, "subsample": 0.7796636364527717, "colsample_bytree": 0.7870934475865183, "gamma": 0.18228293699459358, "reg_lambda": 0.19024469999269544, "reg_alpha": 0.18273636803508264, "objective": "reg:squarederror", "enable_categorical": true, "tree_method": "hist", "device": "cuda", "seed": 42}