{"learning_rate": 0.04240130242837839, "max_depth": 4, "min_child_weight": 4, "subsample": 0.8067034636061403, "colsample_bytree": 0.9409016095519366, "gamma": 0.1989622742349093, "reg_lambda": 1.5941960903592527, "reg_alpha": 0.6333425700034874, "objective": "reg:squarederror", "enable_categorical": true, "tree_method": "hist", "device": "cuda", "seed": 42}