{"learning_rate": 0.026335093020464485, "max_depth": 5, "min_child_weight": 9, "subsample": 0.7340656624534626, "colsample_bytree": 0.7313382245359747, "gamma": 0.382027586982427, "reg_lambda": 0.5991350437628595, "reg_alpha": 0.6276348748232843, "objective": "reg:squarederror", "enable_categorical": true, "tree_method": "hist", "device": "cuda", "seed": 42}