{"learning_rate": 0.06683228571441907, "max_depth": 5, "min_child_weight": 3, "subsample": 0.8174513116986273, "colsample_bytree": 0.8885116332123799, "gamma": 0.7988907757018963, "reg_lambda": 3.6213129065305916, "reg_alpha": 0.9705144741448112, "objective": "reg:squarederror", "tree_method": "hist", "device": "cuda", "seed": 42}