{"learning_rate": 0.019821189072438877, "max_depth": 3, "min_child_weight": 5, "subsample": 0.9360101250309873, "colsample_bytree": 0.9089773413197639, "gamma": 0.5782865237038975, "reg_lambda": 1.0448785568623893, "reg_alpha": 0.8118728832920595, "objective": "reg:squarederror", "enable_categorical": true, "tree_method": "hist", "device": "cuda", "seed": 42}