{"learning_rate": 0.021611476474191652, "max_depth": 5, "min_child_weight": 5, "subsample": 0.8803964477780202, "colsample_bytree": 0.694002234627789, "gamma": 0.039342788974893766, "reg_lambda": 0.6695054935920813, "reg_alpha": 0.029495837753994336, "objective": "reg:squarederror", "enable_categorical": true, "tree_method": "hist", "device": "cuda", "seed": 42}