{"learning_rate": 0.06955725043321635, "max_depth": 4, "min_child_weight": 9, "subsample": 0.8893490248889179, "colsample_bytree": 0.8630771523446568, "gamma": 0.15935691737533766, "reg_lambda": 1.9477425352898585, "reg_alpha": 0.0453146775787574, "objective": "reg:squarederror", "enable_categorical": true, "tree_method": "hist", "device": "cuda", "seed": 42}