{"learning_rate": 0.08276743702952244, "max_depth": 3, "min_child_weight": 6, "subsample": 0.9427696019873536, "colsample_bytree": 0.7623758596234431, "gamma": 0.5905351861942881, "reg_lambda": 1.790788224260338, "reg_alpha": 0.9274841388137118, "objective": "reg:squarederror", "enable_categorical": true, "tree_method": "hist", "device": "cuda", "seed": 42}