{"learning_rate": 0.05847807184995974, "max_depth": 5, "min_child_weight": 9, "subsample": 0.8157512893106489, "colsample_bytree": 0.6626427694636534, "gamma": 0.4452218455607373, "reg_lambda": 1.649080794152726, "reg_alpha": 0.629681263835664, "objective": "reg:squarederror", "enable_categorical": true, "tree_method": "hist", "device": "cuda", "seed": 42}