{"learning_rate": 0.061201110394441594, "max_depth": 5, "min_child_weight": 8, "subsample": 0.7882395641820507, "colsample_bytree": 0.6246158749256037, "gamma": 0.15180320435540295, "reg_lambda": 3.7906551072856343, "reg_alpha": 0.7010259853497053, "objective": "reg:squarederror", "enable_categorical": true, "tree_method": "hist", "device": "cuda", "seed": 42}