{"learning_rate": 0.04406689723903651, "max_depth": 3, "min_child_weight": 4, "subsample": 0.7333721208759103, "colsample_bytree": 0.9856481334807137, "gamma": 0.6484702177310347, "reg_lambda": 3.6874167049591584, "reg_alpha": 0.5986727920956693, "objective": "binary:logistic", "enable_categorical": true, "eval_metric": "logloss", "tree_method": "hist", "device": "cuda", "seed": 42}