Date,Team,Player,Pos
10/21/2025,HOU,Amen Thompson,SG
10/21/2025,HOU,Kevin Durant,PF
10/21/2025,HOU,Jabari Smith Jr.,PF
10/21/2025,HOU,Steven Adams,C
10/21/2025,HOU,Alperen Sengun,C
10/21/2025,OKC,Cason Wallace,PG
10/21/2025,OKC,Shai Gilgeous-Alexander,PG
10/21/2025,OKC,Luguentz Dort,SF
10/21/2025,OKC,Chet Holmgren,C
10/21/2025,OKC,Isaiah Hartenstein,C
10/21/2025,GSW,Stephen Curry,PG
10/21/2025,GSW,Brandin Podziemski,SG
10/21/2025,GSW,Jimmy Butler,SF
10/21/2025,GSW,Draymond Green,PF
10/21/2025,GSW,Jonathan Kuminga,PF
10/21/2025,LAL,Luka Doncic,PG
10/21/2025,LAL,Gabe Vincent,PG
10/21/2025,LAL,Austin Reaves,SG
10/21/2025,LAL,Rui Hachimura,PF
10/21/2025,LAL,Deandre Ayton,C
10/22/2025,CLE,Sam Merrill,SG
10/22/2025,CLE,Donovan Mitchell,SG
10/22/2025,CLE,Jaylon Tyson,SF
10/22/2025,CLE,Evan Mobley,PF
10/22/2025,CLE,Jarrett Allen,C
10/22/2025,NYK,Jalen Brunson,PG
10/22/2025,NYK,OG Anunoby,SF
10/22/2025,NYK,Mikal Bridges,SF
10/22/2025,NYK,Karl-Anthony Towns,PF
10/22/2025,NYK,Ariel Hukporti,C
10/22/2025,BRK,Terance Mann,PG
10/22/2025,BRK,Ben Saraf,PG
10/22/2025,BRK,Cam Thomas,SG
10/22/2025,BRK,Michael Porter Jr.,SF
10/22/2025,BRK,Nicolas Claxton,C
10/22/2025,CHO,LaMelo Ball,PG
10/22/2025,CHO,Kon Knueppel,SG
10/22/2025,CHO,Miles Bridges,SF
10/22/2025,CHO,Brandon Miller,SF
10/22/2025,CHO,Ryan Kalkbrenner,C
10/22/2025,MIA,Davion Mitchell,PG
10/22/2025,MIA,Norman Powell,SG
10/22/2025,MIA,Nikola Jovic,SF
10/22/2025,MIA,Andrew Wiggins,SF
10/22/2025,MIA,Bam Adebayo,C
10/22/2025,ORL,Desmond Bane,SG
10/22/2025,ORL,Jalen Suggs,SG
10/22/2025,ORL,Franz Wagner,SF
10/22/2025,ORL,Paolo Banchero,PF
10/22/2025,ORL,Wendell Carter Jr.,C
10/22/2025,TOR,Immanuel Quickley,PG
10/22/2025,TOR,RJ Barrett,SG
10/22/2025,TOR,Scottie Barnes,SF
10/22/2025,TOR,Brandon Ingram,SF
10/22/2025,TOR,Jakob Poeltl,C
10/22/2025,ATL,Trae Young,PG
10/22/2025,ATL,Dyson Daniels,PG
10/22/2025,ATL,Zaccharie Risacher,SF
10/22/2025,ATL,Jalen Johnson,PF
10/22/2025,ATL,Kristaps Porzingis,C
10/22/2025,PHI,Tyrese Maxey,PG
10/22/2025,PHI,VJ Edgecombe,SG
10/22/2025,PHI,Kelly Oubre Jr.,SF
10/22/2025,PHI,Dominick Barlow,PF
10/22/2025,PHI,Joel Embiid,C
10/22/2025,BOS,Payton Pritchard,PG
10/22/2025,BOS,Derrick White,SG
10/22/2025,BOS,Jaylen Brown,SG
10/22/2025,BOS,Sam Hauser,SF
10/22/2025,BOS,Neemias Queta,C
10/22/2025,DET,Cade Cunningham,PG
10/22/2025,DET,Ausar Thompson,SG
10/22/2025,DET,Duncan Robinson,SG
10/22/2025,DET,Tobias Harris,SF
10/22/2025,DET,Jalen Duren,C
10/22/2025,CHI,Tre Jones,PG
10/22/2025,CHI,Josh Giddey,SG
10/22/2025,CHI,Isaac Okoro,SF
10/22/2025,CHI,Matas Buzelis,SF
10/22/2025,CHI,Nikola Vucevic,C
10/22/2025,NOP,Jordan Poole,PG
10/22/2025,NOP,Trey Murphy III,SF
10/22/2025,NOP,Herbert Jones,SF
10/22/2025,NOP,Zion Williamson,PF
10/22/2025,NOP,Yves Missi,C
10/22/2025,MEM,Ja Morant,PG
10/22/2025,MEM,Kentavious Caldwell-Pope,SG
10/22/2025,MEM,Jaylen Wells,SF
10/22/2025,MEM,Jaren Jackson Jr.,PF
10/22/2025,MEM,Jock Landale,C
10/22/2025,WAS,CJ McCollum,PG
10/22/2025,WAS,Bub Carrington,PG
10/22/2025,WAS,Khris Middleton,SF
10/22/2025,WAS,Kyshawn George,SF
10/22/2025,WAS,Alexandre Sarr,PF
10/22/2025,MIL,Kevin Porter Jr.,PG
10/22/2025,MIL,AJ Green,SG
10/22/2025,MIL,Gary Trent Jr.,SG
10/22/2025,MIL,Giannis Antetokounmpo,PF
10/22/2025,MIL,Myles Turner,C
10/22/2025,LAC,Bradley Beal,SG
10/22/2025,LAC,James Harden,SG
10/22/2025,LAC,Derrick Jones Jr.,SF
10/22/2025,LAC,Kawhi Leonard,SF
10/22/2025,LAC,Ivica Zubac,C
10/22/2025,UTA,Keyonte George,SG
10/22/2025,UTA,Svi Mykhailiuk,SF
10/22/2025,UTA,Lauri Markkanen,PF
10/22/2025,UTA,Kyle Filipowski,C
10/22/2025,UTA,Walker Kessler,C
10/22/2025,SAS,Devin Vassell,SG
10/22/2025,SAS,Stephon Castle,SG
10/22/2025,SAS,Julian Champagnie,SF
10/22/2025,SAS,Harrison Barnes,SF
10/22/2025,SAS,Victor Wembanyama,PF
10/22/2025,DAL,Klay Thompson,SG
10/22/2025,DAL,P.J. Washington,PF
10/22/2025,DAL,Cooper Flagg,PF
10/22/2025,DAL,Anthony Davis,C
10/22/2025,DAL,Dereck Lively II,C
10/22/2025,MIN,Anthony Edwards,SG
10/22/2025,MIN,Donte DiVincenzo,SG
10/22/2025,MIN,Julius Randle,PF
10/22/2025,MIN,Jaden McDaniels,PF
10/22/2025,MIN,Rudy Gobert,C
10/22/2025,POR,Jrue Holiday,PG
10/22/2025,POR,Shaedon Sharpe,SG
10/22/2025,POR,Toumani Camara,SF
10/22/2025,POR,Deni Avdija,SF
10/22/2025,POR,Donovan Clingan,C
10/22/2025,SAC,Dennis Schroder,PG
10/22/2025,SAC,Zach LaVine,SG
10/22/2025,SAC,DeMar DeRozan,SF
10/22/2025,SAC,Nique Clifford,SF
10/22/2025,SAC,Drew Eubanks,C
10/22/2025,PHO,Devin Booker,SG
10/22/2025,PHO,Dillon Brooks,SF
10/22/2025,PHO,Grayson Allen,SF
10/22/2025,PHO,Ryan Dunn,SF
10/22/2025,PHO,Oso Ighodaro,PF
10/23/2025,OKC,Shai Gilgeous-Alexander,PG
10/23/2025,OKC,Aaron Wiggins,SG
10/23/2025,OKC,Luguentz Dort,SF
10/23/2025,OKC,Isaiah Hartenstein,C
10/23/2025,OKC,Chet Holmgren,C
10/23/2025,IND,Andrew Nembhard,PG
10/23/2025,IND,Bennedict Mathurin,SG
10/23/2025,IND,Pascal Siakam,PF
10/23/2025,IND,Aaron Nesmith,PF
10/23/2025,IND,Isaiah Jackson,PF
10/23/2025,DEN,Jamal Murray,PG
10/23/2025,DEN,Christian Braun,SG
10/23/2025,DEN,Cameron Johnson,PF
10/23/2025,DEN,Aaron Gordon,PF
10/23/2025,DEN,Nikola Jokic,C
10/23/2025,GSW,Stephen Curry,PG
10/23/2025,GSW,Brandin Podziemski,SG
10/23/2025,GSW,Jimmy Butler,SF
10/23/2025,GSW,Draymond Green,PF
10/23/2025,GSW,Jonathan Kuminga,PF
10/24/2025,MIL,Gary Trent Jr.,SG
10/24/2025,MIL,AJ Green,SG
10/24/2025,MIL,Ryan Rollins,SG
10/24/2025,MIL,Giannis Antetokounmpo,PF
10/24/2025,MIL,Myles Turner,C
10/24/2025,TOR,Immanuel Quickley,PG
10/24/2025,TOR,RJ Barrett,SG
10/24/2025,TOR,Brandon Ingram,SF
10/24/2025,TOR,Scottie Barnes,SF
10/24/2025,TOR,Jakob Poeltl,C
10/24/2025,ATL,Dyson Daniels,PG
10/24/2025,ATL,Trae Young,PG
10/24/2025,ATL,Nickeil Alexander-Walker,SG
10/24/2025,ATL,Jalen Johnson,PF
10/24/2025,ATL,Onyeka Okongwu,C
10/24/2025,ORL,Desmond Bane,SG
10/24/2025,ORL,Jalen Suggs,SG
10/24/2025,ORL,Franz Wagner,SF
10/24/2025,ORL,Paolo Banchero,PF
10/24/2025,ORL,Wendell Carter Jr.,C
10/24/2025,BOS,Payton Pritchard,PG
10/24/2025,BOS,Jaylen Brown,SG
10/24/2025,BOS,Derrick White,SG
10/24/2025,BOS,Sam Hauser,SF
10/24/2025,BOS,Neemias Queta,C
10/24/2025,NYK,Jalen Brunson,PG
10/24/2025,NYK,Miles McBride,PG
10/24/2025,NYK,OG Anunoby,SF
10/24/2025,NYK,Mikal Bridges,SF
10/24/2025,NYK,Karl-Anthony Towns,PF
10/24/2025,CLE,Donovan Mitchell,SG
10/24/2025,CLE,Sam Merrill,SG
10/24/2025,CLE,Jaylon Tyson,SF
10/24/2025,CLE,Evan Mobley,PF
10/24/2025,CLE,Jarrett Allen,C
10/24/2025,BRK,Ben Saraf,PG
10/24/2025,BRK,Terance Mann,PG
10/24/2025,BRK,Cam Thomas,SG
10/24/2025,BRK,Michael Porter Jr.,SF
10/24/2025,BRK,Nicolas Claxton,C
10/24/2025,SAS,Devin Vassell,SG
10/24/2025,SAS,Stephon Castle,SG
10/24/2025,SAS,Harrison Barnes,SF
10/24/2025,SAS,Julian Champagnie,SF
10/24/2025,SAS,Victor Wembanyama,PF
10/24/2025,NOP,Jordan Poole,PG
10/24/2025,NOP,Trey Murphy III,SF
10/24/2025,NOP,Herbert Jones,SF
10/24/2025,NOP,Zion Williamson,PF
10/24/2025,NOP,Saddiq Bey,PF
10/24/2025,DET,Cade Cunningham,PG
10/24/2025,DET,Duncan Robinson,SG
10/24/2025,DET,Ausar Thompson,SG
10/24/2025,DET,Tobias Harris,SF
10/24/2025,DET,Jalen Duren,C
10/24/2025,HOU,Amen Thompson,SG
10/24/2025,HOU,Jabari Smith Jr.,PF
10/24/2025,HOU,Kevin Durant,PF
10/24/2025,HOU,Steven Adams,C
10/24/2025,HOU,Alperen Sengun,C
10/24/2025,MIA,Davion Mitchell,PG
10/24/2025,MIA,Norman Powell,SG
10/24/2025,MIA,Andrew Wiggins,SF
10/24/2025,MIA,Kel'el Ware,C
10/24/2025,MIA,Bam Adebayo,C
10/24/2025,MEM,Ja Morant,PG
10/24/2025,MEM,Kentavious Caldwell-Pope,SG
10/24/2025,MEM,Jaylen Wells,SF
10/24/2025,MEM,Jaren Jackson Jr.,PF
10/24/2025,MEM,Jock Landale,C
10/24/2025,WAS,CJ McCollum,PG
10/24/2025,WAS,Bub Carrington,PG
10/24/2025,WAS,Kyshawn George,SF
10/24/2025,WAS,Khris Middleton,SF
10/24/2025,WAS,Alexandre Sarr,PF
10/24/2025,DAL,Klay Thompson,SG
10/24/2025,DAL,Cooper Flagg,PF
10/24/2025,DAL,P.J. Washington,PF
10/24/2025,DAL,Dereck Lively II,C
10/24/2025,DAL,Anthony Davis,C
10/24/2025,UTA,Keyonte George,SG
10/24/2025,UTA,Svi Mykhailiuk,SF
10/24/2025,UTA,Lauri Markkanen,PF
10/24/2025,UTA,Walker Kessler,C
10/24/2025,UTA,Kyle Filipowski,C
10/24/2025,SAC,Dennis Schroder,PG
10/24/2025,SAC,Zach LaVine,SG
10/24/2025,SAC,DeMar DeRozan,SF
10/24/2025,SAC,Isaac Jones,PF
10/24/2025,SAC,Domantas Sabonis,C
10/24/2025,MIN,Donte DiVincenzo,SG
10/24/2025,MIN,Anthony Edwards,SG
10/24/2025,MIN,Julius Randle,PF
10/24/2025,MIN,Jaden McDaniels,PF
10/24/2025,MIN,Rudy Gobert,C
10/24/2025,LAL,Luka Doncic,PG
10/24/2025,LAL,Gabe Vincent,PG
10/24/2025,LAL,Austin Reaves,SG
10/24/2025,LAL,Rui Hachimura,PF
10/24/2025,LAL,Deandre Ayton,C
10/24/2025,GSW,Stephen Curry,PG
10/24/2025,GSW,Jimmy Butler,SF
10/24/2025,GSW,Draymond Green,PF
10/24/2025,GSW,Jonathan Kuminga,PF
10/24/2025,GSW,Quinten Post,C
10/24/2025,POR,Jrue Holiday,PG
10/24/2025,POR,Shaedon Sharpe,SG
10/24/2025,POR,Toumani Camara,SF
10/24/2025,POR,Deni Avdija,SF
10/24/2025,POR,Donovan Clingan,C
10/24/2025,PHO,Devin Booker,SG
10/24/2025,PHO,Dillon Brooks,SF
10/24/2025,PHO,Ryan Dunn,SF
10/24/2025,PHO,Grayson Allen,SF
10/24/2025,PHO,Oso Ighodaro,PF
10/24/2025,LAC,Bradley Beal,SG
10/24/2025,LAC,James Harden,SG
10/24/2025,LAC,Derrick Jones Jr.,SF
10/24/2025,LAC,Kawhi Leonard,SF
10/24/2025,LAC,Ivica Zubac,C
10/25/2025,CHI,Tre Jones,PG
10/25/2025,CHI,Josh Giddey,SG
10/25/2025,CHI,Matas Buzelis,SF
10/25/2025,CHI,Isaac Okoro,SF
10/25/2025,CHI,Nikola Vucevic,C
10/25/2025,ORL,Tyus Jones,PG
10/25/2025,ORL,Desmond Bane,SG
10/25/2025,ORL,Franz Wagner,SF
10/25/2025,ORL,Paolo Banchero,PF
10/25/2025,ORL,Wendell Carter Jr.,C
10/25/2025,CHO,Collin Sexton,PG
10/25/2025,CHO,LaMelo Ball,PG
10/25/2025,CHO,Miles Bridges,SF
10/25/2025,CHO,Brandon Miller,SF
10/25/2025,CHO,Ryan Kalkbrenner,C
10/25/2025,PHI,Tyrese Maxey,PG
10/25/2025,PHI,VJ Edgecombe,SG
10/25/2025,PHI,Kelly Oubre Jr.,SF
10/25/2025,PHI,Dominick Barlow,PF
10/25/2025,PHI,Joel Embiid,C
10/25/2025,OKC,Cason Wallace,PG
10/25/2025,OKC,Shai Gilgeous-Alexander,PG
10/25/2025,OKC,Luguentz Dort,SF
10/25/2025,OKC,Isaiah Hartenstein,C
10/25/2025,OKC,Chet Holmgren,C
10/25/2025,ATL,Trae Young,PG
10/25/2025,ATL,Dyson Daniels,PG
10/25/2025,ATL,Nickeil Alexander-Walker,SG
10/25/2025,ATL,Mouhamed Gueye,PF
10/25/2025,ATL,Onyeka Okongwu,C
10/25/2025,IND,Bennedict Mathurin,SG
10/25/2025,IND,Ben Sheppard,SF
10/25/2025,IND,Aaron Nesmith,PF
10/25/2025,IND,Pascal Siakam,PF
10/25/2025,IND,James Wiseman,C
10/25/2025,MEM,Ja Morant,PG
10/25/2025,MEM,Kentavious Caldwell-Pope,SG
10/25/2025,MEM,Jaylen Wells,SF
10/25/2025,MEM,Jaren Jackson Jr.,PF
10/25/2025,MEM,Jock Landale,C
10/25/2025,PHO,Devin Booker,SG
10/25/2025,PHO,Dillon Brooks,SF
10/25/2025,PHO,Grayson Allen,SF
10/25/2025,PHO,Ryan Dunn,SF
10/25/2025,PHO,Oso Ighodaro,PF
10/25/2025,DEN,Jamal Murray,PG
10/25/2025,DEN,Christian Braun,SG
10/25/2025,DEN,Aaron Gordon,PF
10/25/2025,DEN,Cameron Johnson,PF
10/25/2025,DEN,Nikola Jokic,C
10/26/2025,BRK,Terance Mann,PG
10/26/2025,BRK,Ben Saraf,PG
10/26/2025,BRK,Cam Thomas,SG
10/26/2025,BRK,Michael Porter Jr.,SF
10/26/2025,BRK,Nicolas Claxton,C
10/26/2025,SAS,Stephon Castle,SG
10/26/2025,SAS,Devin Vassell,SG
10/26/2025,SAS,Harrison Barnes,SF
10/26/2025,SAS,Julian Champagnie,SF
10/26/2025,SAS,Victor Wembanyama,PF
10/26/2025,BOS,Payton Pritchard,PG
10/26/2025,BOS,Jaylen Brown,SG
10/26/2025,BOS,Derrick White,SG
10/26/2025,BOS,Hugo Gonzalez,SF
10/26/2025,BOS,Neemias Queta,C
10/26/2025,DET,Cade Cunningham,PG
10/26/2025,DET,Duncan Robinson,SG
10/26/2025,DET,Ausar Thompson,SG
10/26/2025,DET,Tobias Harris,SF
10/26/2025,DET,Jalen Duren,C
10/26/2025,MIL,Gary Trent Jr.,SG
10/26/2025,MIL,AJ Green,SG
10/26/2025,MIL,Ryan Rollins,SG
10/26/2025,MIL,Giannis Antetokounmpo,PF
10/26/2025,MIL,Myles Turner,C
10/26/2025,CLE,Donovan Mitchell,SG
10/26/2025,CLE,Sam Merrill,SG
10/26/2025,CLE,De'Andre Hunter,SF
10/26/2025,CLE,Evan Mobley,PF
10/26/2025,CLE,Jarrett Allen,C
10/26/2025,CHO,Collin Sexton,PG
10/26/2025,CHO,LaMelo Ball,PG
10/26/2025,CHO,Kon Knueppel,SG
10/26/2025,CHO,Miles Bridges,SF
10/26/2025,CHO,Ryan Kalkbrenner,C
10/26/2025,WAS,CJ McCollum,PG
10/26/2025,WAS,Bub Carrington,PG
10/26/2025,WAS,Khris Middleton,SF
10/26/2025,WAS,Kyshawn George,SF
10/26/2025,WAS,Alexandre Sarr,PF
10/26/2025,NYK,Jalen Brunson,PG
10/26/2025,NYK,Mikal Bridges,SF
10/26/2025,NYK,OG Anunoby,SF
10/26/2025,NYK,Karl-Anthony Towns,PF
10/26/2025,NYK,Ariel Hukporti,C
10/26/2025,MIA,Davion Mitchell,PG
10/26/2025,MIA,Norman Powell,SG
10/26/2025,MIA,Andrew Wiggins,SF
10/26/2025,MIA,Kel'el Ware,C
10/26/2025,MIA,Bam Adebayo,C
10/26/2025,IND,Ben Sheppard,SF
10/26/2025,IND,Aaron Nesmith,PF
10/26/2025,IND,Isaiah Jackson,PF
10/26/2025,IND,Pascal Siakam,PF
10/26/2025,IND,Jay Huff,C
10/26/2025,MIN,Donte DiVincenzo,SG
10/26/2025,MIN,Anthony Edwards,SG
10/26/2025,MIN,Julius Randle,PF
10/26/2025,MIN,Jaden McDaniels,PF
10/26/2025,MIN,Rudy Gobert,C
10/26/2025,TOR,Immanuel Quickley,PG
10/26/2025,TOR,RJ Barrett,SG
10/26/2025,TOR,Scottie Barnes,SF
10/26/2025,TOR,Brandon Ingram,SF
10/26/2025,TOR,Jakob Poeltl,C
10/26/2025,DAL,Klay Thompson,SG
10/26/2025,DAL,Cooper Flagg,PF
10/26/2025,DAL,P.J. Washington,PF
10/26/2025,DAL,Anthony Davis,C
10/26/2025,DAL,Dereck Lively II,C
10/26/2025,LAL,Gabe Vincent,PG
10/26/2025,LAL,Marcus Smart,PG
10/26/2025,LAL,Austin Reaves,SG
10/26/2025,LAL,Rui Hachimura,PF
10/26/2025,LAL,Deandre Ayton,C
10/26/2025,SAC,Dennis Schroder,PG
10/26/2025,SAC,Keon Ellis,SG
10/26/2025,SAC,Zach LaVine,SG
10/26/2025,SAC,DeMar DeRozan,SF
10/26/2025,SAC,Domantas Sabonis,C
10/26/2025,POR,Jrue Holiday,PG
10/26/2025,POR,Shaedon Sharpe,SG
10/26/2025,POR,Toumani Camara,SF
10/26/2025,POR,Deni Avdija,SF
10/26/2025,POR,Donovan Clingan,C
10/26/2025,LAC,Bogdan Bogdanovic,SG
10/26/2025,LAC,James Harden,SG
10/26/2025,LAC,Derrick Jones Jr.,SF
10/26/2025,LAC,Kawhi Leonard,SF
10/26/2025,LAC,Ivica Zubac,C
10/27/2025,ORL,Jalen Suggs,SG
10/27/2025,ORL,Desmond Bane,SG
10/27/2025,ORL,Franz Wagner,SF
10/27/2025,ORL,Paolo Banchero,PF
10/27/2025,ORL,Wendell Carter Jr.,C
10/27/2025,PHI,Tyrese Maxey,PG
10/27/2025,PHI,VJ Edgecombe,SG
10/27/2025,PHI,Kelly Oubre Jr.,SF
10/27/2025,PHI,Jabari Walker,PF
10/27/2025,PHI,Adem Bona,C
10/27/2025,CLE,Donovan Mitchell,SG
10/27/2025,CLE,Sam Merrill,SG
10/27/2025,CLE,De'Andre Hunter,SF
10/27/2025,CLE,Evan Mobley,PF
10/27/2025,CLE,Jarrett Allen,C
10/27/2025,DET,Cade Cunningham,PG
10/27/2025,DET,Ausar Thompson,SG
10/27/2025,DET,Duncan Robinson,SG
10/27/2025,DET,Tobias Harris,SF
10/27/2025,DET,Jalen Duren,C
10/27/2025,TOR,Immanuel Quickley,PG
10/27/2025,TOR,RJ Barrett,SG
10/27/2025,TOR,Scottie Barnes,SF
10/27/2025,TOR,Brandon Ingram,SF
10/27/2025,TOR,Jakob Poeltl,C
10/27/2025,SAS,Devin Vassell,SG
10/27/2025,SAS,Stephon Castle,SG
10/27/2025,SAS,Harrison Barnes,SF
10/27/2025,SAS,Julian Champagnie,SF
10/27/2025,SAS,Victor Wembanyama,PF
10/27/2025,ATL,Trae Young,PG
10/27/2025,ATL,Dyson Daniels,PG
10/27/2025,ATL,Zaccharie Risacher,SF
10/27/2025,ATL,Jalen Johnson,PF
10/27/2025,ATL,Kristaps Porzingis,C
10/27/2025,CHI,Tre Jones,PG
10/27/2025,CHI,Josh Giddey,SG
10/27/2025,CHI,Matas Buzelis,SF
10/27/2025,CHI,Isaac Okoro,SF
10/27/2025,CHI,Nikola Vucevic,C
10/27/2025,BRK,Terance Mann,PG
10/27/2025,BRK,Ben Saraf,PG
10/27/2025,BRK,Cam Thomas,SG
10/27/2025,BRK,Michael Porter Jr.,SF
10/27/2025,BRK,Nicolas Claxton,C
10/27/2025,HOU,Josh Okogie,SG
10/27/2025,HOU,Amen Thompson,SG
10/27/2025,HOU,Kevin Durant,PF
10/27/2025,HOU,Jabari Smith Jr.,PF
10/27/2025,HOU,Alperen Sengun,C
10/27/2025,BOS,Payton Pritchard,PG
10/27/2025,BOS,Jaylen Brown,SG
10/27/2025,BOS,Derrick White,SG
10/27/2025,BOS,Josh Minott,PF
10/27/2025,BOS,Neemias Queta,C
10/27/2025,NOP,Jeremiah Fears,PG
10/27/2025,NOP,Jordan Poole,PG
10/27/2025,NOP,Trey Murphy III,SF
10/27/2025,NOP,Herbert Jones,SF
10/27/2025,NOP,Yves Missi,C
10/27/2025,OKC,Cason Wallace,PG
10/27/2025,OKC,Shai Gilgeous-Alexander,PG
10/27/2025,OKC,Luguentz Dort,SF
10/27/2025,OKC,Isaiah Hartenstein,C
10/27/2025,OKC,Chet Holmgren,C
10/27/2025,DAL,Max Christie,SG
10/27/2025,DAL,Klay Thompson,SG
10/27/2025,DAL,P.J. Washington,PF
10/27/2025,DAL,Cooper Flagg,PF
10/27/2025,DAL,Anthony Davis,C
10/27/2025,PHO,Devin Booker,SG
10/27/2025,PHO,Grayson Allen,SF
10/27/2025,PHO,Ryan Dunn,SF
10/27/2025,PHO,Royce O'Neale,PF
10/27/2025,PHO,Oso Ighodaro,PF
10/27/2025,UTA,Keyonte George,SG
10/27/2025,UTA,Svi Mykhailiuk,SF
10/27/2025,UTA,Lauri Markkanen,PF
10/27/2025,UTA,Walker Kessler,C
10/27/2025,UTA,Kyle Filipowski,C
10/27/2025,DEN,Jamal Murray,PG
10/27/2025,DEN,Christian Braun,SG
10/27/2025,DEN,Aaron Gordon,PF
10/27/2025,DEN,Cameron Johnson,PF
10/27/2025,DEN,Nikola Jokic,C
10/27/2025,MIN,Mike Conley,PG
10/27/2025,MIN,Donte DiVincenzo,SG
10/27/2025,MIN,Jaden McDaniels,PF
10/27/2025,MIN,Julius Randle,PF
10/27/2025,MIN,Rudy Gobert,C
10/27/2025,MEM,Ja Morant,PG
10/27/2025,MEM,Kentavious Caldwell-Pope,SG
10/27/2025,MEM,Jaylen Wells,SF
10/27/2025,MEM,Jaren Jackson Jr.,PF
10/27/2025,MEM,Jock Landale,C
10/27/2025,GSW,Stephen Curry,PG
10/27/2025,GSW,Brandin Podziemski,SG
10/27/2025,GSW,Jimmy Butler,SF
10/27/2025,GSW,Jonathan Kuminga,PF
10/27/2025,GSW,Draymond Green,PF
10/27/2025,POR,Jrue Holiday,PG
10/27/2025,POR,Shaedon Sharpe,SG
10/27/2025,POR,Toumani Camara,SF
10/27/2025,POR,Deni Avdija,SF
10/27/2025,POR,Donovan Clingan,C
10/27/2025,LAL,Austin Reaves,SG
10/27/2025,LAL,Jarred Vanderbilt,SF
10/27/2025,LAL,Rui Hachimura,PF
10/27/2025,LAL,Jake LaRavia,PF
10/27/2025,LAL,Deandre Ayton,C
10/28/2025,PHI,Tyrese Maxey,PG
10/28/2025,PHI,VJ Edgecombe,SG
10/28/2025,PHI,Kelly Oubre Jr.,SF
10/28/2025,PHI,Justin Edwards,SF
10/28/2025,PHI,Joel Embiid,C
10/28/2025,WAS,Bub Carrington,PG
10/28/2025,WAS,CJ McCollum,PG
10/28/2025,WAS,Kyshawn George,SF
10/28/2025,WAS,Khris Middleton,SF
10/28/2025,WAS,Alexandre Sarr,PF
10/28/2025,CHO,LaMelo Ball,PG
10/28/2025,CHO,Collin Sexton,PG
10/28/2025,CHO,Kon Knueppel,SG
10/28/2025,CHO,Miles Bridges,SF
10/28/2025,CHO,Ryan Kalkbrenner,C
10/28/2025,MIA,Davion Mitchell,PG
10/28/2025,MIA,Pelle Larsson,SG
10/28/2025,MIA,Andrew Wiggins,SF
10/28/2025,MIA,Kel'el Ware,C
10/28/2025,MIA,Bam Adebayo,C
10/28/2025,NYK,Jalen Brunson,PG
10/28/2025,NYK,Landry Shamet,SG
10/28/2025,NYK,OG Anunoby,SF
10/28/2025,NYK,Mikal Bridges,SF
10/28/2025,NYK,Karl-Anthony Towns,PF
10/28/2025,MIL,AJ Green,SG
10/28/2025,MIL,Gary Trent Jr.,SG
10/28/2025,MIL,Ryan Rollins,SG
10/28/2025,MIL,Giannis Antetokounmpo,PF
10/28/2025,MIL,Myles Turner,C
10/28/2025,SAC,Dennis Schroder,PG
10/28/2025,SAC,Russell Westbrook,PG
10/28/2025,SAC,Zach LaVine,SG
10/28/2025,SAC,DeMar DeRozan,SF
10/28/2025,SAC,Domantas Sabonis,C
10/28/2025,OKC,Cason Wallace,PG
10/28/2025,OKC,Shai Gilgeous-Alexander,PG
10/28/2025,OKC,Aaron Wiggins,SG
10/28/2025,OKC,Luguentz Dort,SF
10/28/2025,OKC,Isaiah Hartenstein,C
10/28/2025,LAC,James Harden,SG
10/28/2025,LAC,Bogdan Bogdanovic,SG
10/28/2025,LAC,Kawhi Leonard,SF
10/28/2025,LAC,Derrick Jones Jr.,SF
10/28/2025,LAC,Ivica Zubac,C
10/28/2025,GSW,Stephen Curry,PG
10/28/2025,GSW,Jimmy Butler,SF
10/28/2025,GSW,Draymond Green,PF
10/28/2025,GSW,Jonathan Kuminga,PF
10/28/2025,GSW,Quinten Post,C
10/29/2025,HOU,Amen Thompson,SG
10/29/2025,HOU,Josh Okogie,SG
10/29/2025,HOU,Kevin Durant,PF
10/29/2025,HOU,Jabari Smith Jr.,PF
10/29/2025,HOU,Alperen Sengun,C
10/29/2025,TOR,Immanuel Quickley,PG
10/29/2025,TOR,RJ Barrett,SG
10/29/2025,TOR,Brandon Ingram,SF
10/29/2025,TOR,Scottie Barnes,SF
10/29/2025,TOR,Collin Murray-Boyles,PF
10/29/2025,CLE,Donovan Mitchell,SG
10/29/2025,CLE,De'Andre Hunter,SF
10/29/2025,CLE,Jaylon Tyson,SF
10/29/2025,CLE,Evan Mobley,PF
10/29/2025,CLE,Jarrett Allen,C
10/29/2025,BOS,Payton Pritchard,PG
10/29/2025,BOS,Jaylen Brown,SG
10/29/2025,BOS,Derrick White,SG
10/29/2025,BOS,Josh Minott,PF
10/29/2025,BOS,Neemias Queta,C
10/29/2025,ORL,Jalen Suggs,SG
10/29/2025,ORL,Desmond Bane,SG
10/29/2025,ORL,Franz Wagner,SF
10/29/2025,ORL,Paolo Banchero,PF
10/29/2025,ORL,Wendell Carter Jr.,C
10/29/2025,DET,Cade Cunningham,PG
10/29/2025,DET,Duncan Robinson,SG
10/29/2025,DET,Ausar Thompson,SG
10/29/2025,DET,Tobias Harris,SF
10/29/2025,DET,Jalen Duren,C
10/29/2025,ATL,Trae Young,PG
10/29/2025,ATL,Dyson Daniels,PG
10/29/2025,ATL,Zaccharie Risacher,SF
10/29/2025,ATL,Jalen Johnson,PF
10/29/2025,ATL,Kristaps Porzingis,C
10/29/2025,BRK,Ben Saraf,PG
10/29/2025,BRK,Terance Mann,PG
10/29/2025,BRK,Cam Thomas,SG
10/29/2025,BRK,Michael Porter Jr.,SF
10/29/2025,BRK,Nicolas Claxton,C
10/29/2025,SAC,Russell Westbrook,PG
10/29/2025,SAC,Dennis Schroder,PG
10/29/2025,SAC,Zach LaVine,SG
10/29/2025,SAC,DeMar DeRozan,SF
10/29/2025,SAC,Domantas Sabonis,C
10/29/2025,CHI,Tre Jones,PG
10/29/2025,CHI,Josh Giddey,SG
10/29/2025,CHI,Isaac Okoro,SF
10/29/2025,CHI,Matas Buzelis,SF
10/29/2025,CHI,Nikola Vucevic,C
10/29/2025,IND,Ben Sheppard,SF
10/29/2025,IND,Pascal Siakam,PF
10/29/2025,IND,Aaron Nesmith,PF
10/29/2025,IND,Isaiah Jackson,PF
10/29/2025,IND,Jarace Walker,PF
10/29/2025,DAL,Max Christie,SG
10/29/2025,DAL,Klay Thompson,SG
10/29/2025,DAL,P.J. Washington,PF
10/29/2025,DAL,Cooper Flagg,PF
10/29/2025,DAL,Anthony Davis,C
10/29/2025,NOP,Jeremiah Fears,PG
10/29/2025,NOP,Herbert Jones,SF
10/29/2025,NOP,Trey Murphy III,SF
10/29/2025,NOP,Zion Williamson,PF
10/29/2025,NOP,DeAndre Jordan,C
10/29/2025,DEN,Jamal Murray,PG
10/29/2025,DEN,Christian Braun,SG
10/29/2025,DEN,Cameron Johnson,PF
10/29/2025,DEN,Aaron Gordon,PF
10/29/2025,DEN,Nikola Jokic,C
10/29/2025,POR,Jrue Holiday,PG
10/29/2025,POR,Shaedon Sharpe,SG
10/29/2025,POR,Deni Avdija,SF
10/29/2025,POR,Toumani Camara,SF
10/29/2025,POR,Donovan Clingan,C
10/29/2025,UTA,Keyonte George,SG
10/29/2025,UTA,Svi Mykhailiuk,SF
10/29/2025,UTA,Lauri Markkanen,PF
10/29/2025,UTA,Walker Kessler,C
10/29/2025,UTA,Kyle Filipowski,C
10/29/2025,LAL,Austin Reaves,SG
10/29/2025,LAL,Jarred Vanderbilt,SF
10/29/2025,LAL,Rui Hachimura,PF
10/29/2025,LAL,Jake LaRavia,PF
10/29/2025,LAL,Deandre Ayton,C
10/29/2025,MIN,Mike Conley,PG
10/29/2025,MIN,Donte DiVincenzo,SG
10/29/2025,MIN,Jaden McDaniels,PF
10/29/2025,MIN,Julius Randle,PF
10/29/2025,MIN,Rudy Gobert,C
10/29/2025,MEM,Ja Morant,PG
10/29/2025,MEM,Kentavious Caldwell-Pope,SG
10/29/2025,MEM,Jaylen Wells,SF
10/29/2025,MEM,Jaren Jackson Jr.,PF
10/29/2025,MEM,Jock Landale,C
10/29/2025,PHO,Devin Booker,SG
10/29/2025,PHO,Grayson Allen,SF
10/29/2025,PHO,Ryan Dunn,SF
10/29/2025,PHO,Royce O'Neale,PF
10/29/2025,PHO,Mark Williams,C
10/30/2025,ORL,Anthony Black,PG
10/30/2025,ORL,Desmond Bane,SG
10/30/2025,ORL,Franz Wagner,SF
10/30/2025,ORL,Paolo Banchero,PF
10/30/2025,ORL,Wendell Carter Jr.,C
10/30/2025,CHO,LaMelo Ball,PG
10/30/2025,CHO,Kon Knueppel,SG
10/30/2025,CHO,Sion James,SG
10/30/2025,CHO,Miles Bridges,SF
10/30/2025,CHO,Ryan Kalkbrenner,C
10/30/2025,GSW,Stephen Curry,PG
10/30/2025,GSW,Jimmy Butler,SF
10/30/2025,GSW,Draymond Green,PF
10/30/2025,GSW,Jonathan Kuminga,PF
10/30/2025,GSW,Quinten Post,C
10/30/2025,MIL,AJ Green,SG
10/30/2025,MIL,Ryan Rollins,SG
10/30/2025,MIL,Gary Trent Jr.,SG
10/30/2025,MIL,Kyle Kuzma,PF
10/30/2025,MIL,Myles Turner,C
10/30/2025,WAS,CJ McCollum,PG
10/30/2025,WAS,Bilal Coulibaly,SG
10/30/2025,WAS,Khris Middleton,SF
10/30/2025,WAS,Kyshawn George,SF
10/30/2025,WAS,Alexandre Sarr,PF
10/30/2025,OKC,Shai Gilgeous-Alexander,PG
10/30/2025,OKC,Cason Wallace,PG
10/30/2025,OKC,Aaron Wiggins,SG
10/30/2025,OKC,Luguentz Dort,SF
10/30/2025,OKC,Isaiah Hartenstein,C
10/30/2025,MIA,Davion Mitchell,PG
10/30/2025,MIA,Pelle Larsson,SG
10/30/2025,MIA,Andrew Wiggins,SF
10/30/2025,MIA,Kel'el Ware,C
10/30/2025,MIA,Bam Adebayo,C
10/30/2025,SAS,Devin Vassell,SG
10/30/2025,SAS,Stephon Castle,SG
10/30/2025,SAS,Harrison Barnes,SF
10/30/2025,SAS,Julian Champagnie,SF
10/30/2025,SAS,Victor Wembanyama,PF
10/31/2025,ATL,Dyson Daniels,PG
10/31/2025,ATL,Nickeil Alexander-Walker,SG
10/31/2025,ATL,Zaccharie Risacher,SF
10/31/2025,ATL,Jalen Johnson,PF
10/31/2025,ATL,Kristaps Porzingis,C
10/31/2025,IND,Quenton Jackson,SG
10/31/2025,IND,Isaiah Jackson,PF
10/31/2025,IND,Aaron Nesmith,PF
10/31/2025,IND,Jarace Walker,PF
10/31/2025,IND,Pascal Siakam,PF
10/31/2025,BOS,Payton Pritchard,PG
10/31/2025,BOS,Derrick White,SG
10/31/2025,BOS,Jaylen Brown,SG
10/31/2025,BOS,Josh Minott,PF
10/31/2025,BOS,Neemias Queta,C
10/31/2025,PHI,Tyrese Maxey,PG
10/31/2025,PHI,VJ Edgecombe,SG
10/31/2025,PHI,Kelly Oubre Jr.,SF
10/31/2025,PHI,Jabari Walker,PF
10/31/2025,PHI,Joel Embiid,C
10/31/2025,TOR,Immanuel Quickley,PG
10/31/2025,TOR,RJ Barrett,SG
10/31/2025,TOR,Brandon Ingram,SF
10/31/2025,TOR,Scottie Barnes,SF
10/31/2025,TOR,Collin Murray-Boyles,PF
10/31/2025,CLE,Lonzo Ball,PG
10/31/2025,CLE,De'Andre Hunter,SF
10/31/2025,CLE,Jaylon Tyson,SF
10/31/2025,CLE,Evan Mobley,PF
10/31/2025,CLE,Dean Wade,PF
10/31/2025,NYK,Jalen Brunson,PG
10/31/2025,NYK,OG Anunoby,SF
10/31/2025,NYK,Mikal Bridges,SF
10/31/2025,NYK,Karl-Anthony Towns,PF
10/31/2025,NYK,Mitchell Robinson,C
10/31/2025,CHI,Tre Jones,PG
10/31/2025,CHI,Josh Giddey,SG
10/31/2025,CHI,Matas Buzelis,SF
10/31/2025,CHI,Isaac Okoro,SF
10/31/2025,CHI,Nikola Vucevic,C
10/31/2025,LAL,Luka Doncic,PG
10/31/2025,LAL,Marcus Smart,PG
10/31/2025,LAL,Austin Reaves,SG
10/31/2025,LAL,Rui Hachimura,PF
10/31/2025,LAL,Deandre Ayton,C
10/31/2025,MEM,Ja Morant,PG
10/31/2025,MEM,Kentavious Caldwell-Pope,SG
10/31/2025,MEM,Jaylen Wells,SF
10/31/2025,MEM,Jaren Jackson Jr.,PF
10/31/2025,MEM,Jock Landale,C
10/31/2025,DEN,Jamal Murray,PG
10/31/2025,DEN,Christian Braun,SG
10/31/2025,DEN,Aaron Gordon,PF
10/31/2025,DEN,Cameron Johnson,PF
10/31/2025,DEN,Nikola Jokic,C
10/31/2025,POR,Jrue Holiday,PG
10/31/2025,POR,Shaedon Sharpe,SG
10/31/2025,POR,Deni Avdija,SF
10/31/2025,POR,Toumani Camara,SF
10/31/2025,POR,Donovan Clingan,C
10/31/2025,UTA,Keyonte George,SG
10/31/2025,UTA,Svi Mykhailiuk,SF
10/31/2025,UTA,Lauri Markkanen,PF
10/31/2025,UTA,Walker Kessler,C
10/31/2025,UTA,Kyle Filipowski,C
10/31/2025,PHO,Devin Booker,SG
10/31/2025,PHO,Grayson Allen,SF
10/31/2025,PHO,Ryan Dunn,SF
10/31/2025,PHO,Royce O'Neale,PF
10/31/2025,PHO,Mark Williams,C
10/31/2025,NOP,Jeremiah Fears,PG
10/31/2025,NOP,Trey Murphy III,SF
10/31/2025,NOP,Herbert Jones,SF
10/31/2025,NOP,Zion Williamson,PF
10/31/2025,NOP,Yves Missi,C
10/31/2025,LAC,Bradley Beal,SG
10/31/2025,LAC,James Harden,SG
10/31/2025,LAC,Derrick Jones Jr.,SF
10/31/2025,LAC,Kawhi Leonard,SF
10/31/2025,LAC,Ivica Zubac,C
11/01/2025,SAC,Dennis Schroder,PG
11/01/2025,SAC,Zach LaVine,SG
11/01/2025,SAC,DeMar DeRozan,SF
11/01/2025,SAC,Domantas Sabonis,C
11/01/2025,SAC,Dylan Cardwell,C
11/01/2025,MIL,Gary Trent Jr.,SG
11/01/2025,MIL,Ryan Rollins,SG
11/01/2025,MIL,AJ Green,SG
11/01/2025,MIL,Giannis Antetokounmpo,PF
11/01/2025,MIL,Myles Turner,C
11/01/2025,MIN,Mike Conley,PG
11/01/2025,MIN,Donte DiVincenzo,SG
11/01/2025,MIN,Jaden McDaniels,PF
11/01/2025,MIN,Julius Randle,PF
11/01/2025,MIN,Rudy Gobert,C
11/01/2025,CHO,Collin Sexton,PG
11/01/2025,CHO,LaMelo Ball,PG
11/01/2025,CHO,Kon Knueppel,SG
11/01/2025,CHO,Miles Bridges,SF
11/01/2025,CHO,Ryan Kalkbrenner,C
11/01/2025,GSW,Stephen Curry,PG
11/01/2025,GSW,Brandin Podziemski,SG
11/01/2025,GSW,Jimmy Butler,SF
11/01/2025,GSW,Draymond Green,PF
11/01/2025,GSW,Jonathan Kuminga,PF
11/01/2025,IND,Quenton Jackson,SG
11/01/2025,IND,Isaiah Jackson,PF
11/01/2025,IND,Pascal Siakam,PF
11/01/2025,IND,Aaron Nesmith,PF
11/01/2025,IND,Jarace Walker,PF
11/01/2025,ORL,Jalen Suggs,SG
11/01/2025,ORL,Desmond Bane,SG
11/01/2025,ORL,Franz Wagner,SF
11/01/2025,ORL,Paolo Banchero,PF
11/01/2025,ORL,Wendell Carter Jr.,C
11/01/2025,WAS,Bub Carrington,PG
11/01/2025,WAS,CJ McCollum,PG
11/01/2025,WAS,Kyshawn George,SF
11/01/2025,WAS,Khris Middleton,SF
11/01/2025,WAS,Alexandre Sarr,PF
11/01/2025,HOU,Amen Thompson,SG
11/01/2025,HOU,Josh Okogie,SG
11/01/2025,HOU,Kevin Durant,PF
11/01/2025,HOU,Jabari Smith Jr.,PF
11/01/2025,HOU,Alperen Sengun,C
11/01/2025,BOS,Payton Pritchard,PG
11/01/2025,BOS,Derrick White,SG
11/01/2025,BOS,Jaylen Brown,SG
11/01/2025,BOS,Josh Minott,PF
11/01/2025,BOS,Neemias Queta,C
11/01/2025,DAL,Klay Thompson,SG
11/01/2025,DAL,Max Christie,SG
11/01/2025,DAL,P.J. Washington,PF
11/01/2025,DAL,Cooper Flagg,PF
11/01/2025,DAL,Daniel Gafford,C
11/01/2025,DET,Cade Cunningham,PG
11/01/2025,DET,Duncan Robinson,SG
11/01/2025,DET,Ausar Thompson,SG
11/01/2025,DET,Tobias Harris,SF
11/01/2025,DET,Jalen Duren,C
11/02/2025,NOP,Jeremiah Fears,PG
11/02/2025,NOP,Trey Murphy III,SF
11/02/2025,NOP,Herbert Jones,SF
11/02/2025,NOP,Zion Williamson,PF
11/02/2025,NOP,Yves Missi,C
11/02/2025,OKC,Shai Gilgeous-Alexander,PG
11/02/2025,OKC,Cason Wallace,PG
11/02/2025,OKC,Aaron Wiggins,SG
11/02/2025,OKC,Jaylin Williams,PF
11/02/2025,OKC,Isaiah Hartenstein,C
11/02/2025,UTA,Keyonte George,SG
11/02/2025,UTA,Svi Mykhailiuk,SF
11/02/2025,UTA,Taylor Hendricks,PF
11/02/2025,UTA,Lauri Markkanen,PF
11/02/2025,UTA,Jusuf Nurkic,C
11/02/2025,CHO,Collin Sexton,PG
11/02/2025,CHO,Kon Knueppel,SG
11/02/2025,CHO,Sion James,SG
11/02/2025,CHO,Miles Bridges,SF
11/02/2025,CHO,Ryan Kalkbrenner,C
11/02/2025,PHI,Tyrese Maxey,PG
11/02/2025,PHI,VJ Edgecombe,SG
11/02/2025,PHI,Kelly Oubre Jr.,SF
11/02/2025,PHI,Jabari Walker,PF
11/02/2025,PHI,Adem Bona,C
11/02/2025,BRK,Terance Mann,PG
11/02/2025,BRK,Cam Thomas,SG
11/02/2025,BRK,Tyrese Martin,SG
11/02/2025,BRK,Michael Porter Jr.,SF
11/02/2025,BRK,Nicolas Claxton,C
11/02/2025,ATL,Dyson Daniels,PG
11/02/2025,ATL,Nickeil Alexander-Walker,SG
11/02/2025,ATL,Zaccharie Risacher,SF
11/02/2025,ATL,Jalen Johnson,PF
11/02/2025,ATL,Kristaps Porzingis,C
11/02/2025,CLE,Donovan Mitchell,SG
11/02/2025,CLE,De'Andre Hunter,SF
11/02/2025,CLE,Jaylon Tyson,SF
11/02/2025,CLE,Evan Mobley,PF
11/02/2025,CLE,Larry Nance Jr.,PF
11/02/2025,MEM,Kentavious Caldwell-Pope,SG
11/02/2025,MEM,Cam Spencer,SG
11/02/2025,MEM,Jaylen Wells,SF
11/02/2025,MEM,Jaren Jackson Jr.,PF
11/02/2025,MEM,Jock Landale,C
11/02/2025,TOR,Immanuel Quickley,PG
11/02/2025,TOR,RJ Barrett,SG
11/02/2025,TOR,Brandon Ingram,SF
11/02/2025,TOR,Scottie Barnes,SF
11/02/2025,TOR,Collin Murray-Boyles,PF
11/02/2025,CHI,Tre Jones,PG
11/02/2025,CHI,Josh Giddey,SG
11/02/2025,CHI,Isaac Okoro,SF
11/02/2025,CHI,Matas Buzelis,SF
11/02/2025,CHI,Nikola Vucevic,C
11/02/2025,NYK,Jalen Brunson,PG
11/02/2025,NYK,OG Anunoby,SF
11/02/2025,NYK,Mikal Bridges,SF
11/02/2025,NYK,Karl-Anthony Towns,PF
11/02/2025,NYK,Mitchell Robinson,C
11/02/2025,SAS,Devin Vassell,SG
11/02/2025,SAS,Stephon Castle,SG
11/02/2025,SAS,Julian Champagnie,SF
11/02/2025,SAS,Harrison Barnes,SF
11/02/2025,SAS,Victor Wembanyama,PF
11/02/2025,PHO,Devin Booker,SG
11/02/2025,PHO,Grayson Allen,SF
11/02/2025,PHO,Ryan Dunn,SF
11/02/2025,PHO,Royce O'Neale,PF
11/02/2025,PHO,Mark Williams,C
11/02/2025,MIA,Davion Mitchell,PG
11/02/2025,MIA,Pelle Larsson,SG
11/02/2025,MIA,Andrew Wiggins,SF
11/02/2025,MIA,Kel'el Ware,C
11/02/2025,MIA,Bam Adebayo,C
11/02/2025,LAL,Marcus Smart,PG
11/02/2025,LAL,Luka Doncic,PG
11/02/2025,LAL,Austin Reaves,SG
11/02/2025,LAL,Rui Hachimura,PF
11/02/2025,LAL,Jaxson Hayes,C
11/03/2025,MIN,Mike Conley,PG
11/03/2025,MIN,Donte DiVincenzo,SG
11/03/2025,MIN,Julius Randle,PF
11/03/2025,MIN,Jaden McDaniels,PF
11/03/2025,MIN,Rudy Gobert,C
11/03/2025,BRK,Terance Mann,PG
11/03/2025,BRK,Tyrese Martin,SG
11/03/2025,BRK,Cam Thomas,SG
11/03/2025,BRK,Noah Clowney,PF
11/03/2025,BRK,Nicolas Claxton,C
11/03/2025,MIL,Gary Trent Jr.,SG
11/03/2025,MIL,Ryan Rollins,SG
11/03/2025,MIL,AJ Green,SG
11/03/2025,MIL,Giannis Antetokounmpo,PF
11/03/2025,MIL,Myles Turner,C
11/03/2025,IND,Quenton Jackson,SG
11/03/2025,IND,Isaiah Jackson,PF
11/03/2025,IND,Pascal Siakam,PF
11/03/2025,IND,Jarace Walker,PF
11/03/2025,IND,Aaron Nesmith,PF
11/03/2025,WAS,CJ McCollum,PG
11/03/2025,WAS,Bilal Coulibaly,SG
11/03/2025,WAS,Justin Champagnie,SG
11/03/2025,WAS,Kyshawn George,SF
11/03/2025,WAS,Alexandre Sarr,PF
11/03/2025,NYK,Jalen Brunson,PG
11/03/2025,NYK,Landry Shamet,SG
11/03/2025,NYK,OG Anunoby,SF
11/03/2025,NYK,Mikal Bridges,SF
11/03/2025,NYK,Karl-Anthony Towns,PF
11/03/2025,UTA,Keyonte George,SG
11/03/2025,UTA,Svi Mykhailiuk,SF
11/03/2025,UTA,Lauri Markkanen,PF
11/03/2025,UTA,Taylor Hendricks,PF
11/03/2025,UTA,Jusuf Nurkic,C
11/03/2025,BOS,Payton Pritchard,PG
11/03/2025,BOS,Derrick White,SG
11/03/2025,BOS,Jaylen Brown,SG
11/03/2025,BOS,Josh Minott,PF
11/03/2025,BOS,Neemias Queta,C
11/03/2025,DET,Cade Cunningham,PG
11/03/2025,DET,Ausar Thompson,SG
11/03/2025,DET,Duncan Robinson,SG
11/03/2025,DET,Isaiah Stewart,PF
11/03/2025,DET,Jalen Duren,C
11/03/2025,MEM,Ja Morant,PG
11/03/2025,MEM,Kentavious Caldwell-Pope,SG
11/03/2025,MEM,Jaylen Wells,SF
11/03/2025,MEM,Jaren Jackson Jr.,PF
11/03/2025,MEM,Jock Landale,C
11/03/2025,DAL,Klay Thompson,SG
11/03/2025,DAL,Max Christie,SG
11/03/2025,DAL,Cooper Flagg,PF
11/03/2025,DAL,P.J. Washington,PF
11/03/2025,DAL,Daniel Gafford,C
11/03/2025,HOU,Amen Thompson,SG
11/03/2025,HOU,Josh Okogie,SG
11/03/2025,HOU,Tari Eason,SF
11/03/2025,HOU,Kevin Durant,PF
11/03/2025,HOU,Alperen Sengun,C
11/03/2025,SAC,Dennis Schroder,PG
11/03/2025,SAC,Russell Westbrook,PG
11/03/2025,SAC,Zach LaVine,SG
11/03/2025,SAC,DeMar DeRozan,SF
11/03/2025,SAC,Domantas Sabonis,C
11/03/2025,DEN,Jamal Murray,PG
11/03/2025,DEN,Christian Braun,SG
11/03/2025,DEN,Aaron Gordon,PF
11/03/2025,DEN,Cameron Johnson,PF
11/03/2025,DEN,Nikola Jokic,C
11/03/2025,LAL,Marcus Smart,PG
11/03/2025,LAL,Dalton Knecht,SG
11/03/2025,LAL,Rui Hachimura,PF
11/03/2025,LAL,Jake LaRavia,PF
11/03/2025,LAL,Deandre Ayton,C
11/03/2025,POR,Jrue Holiday,PG
11/03/2025,POR,Shaedon Sharpe,SG
11/03/2025,POR,Deni Avdija,SF
11/03/2025,POR,Toumani Camara,SF
11/03/2025,POR,Donovan Clingan,C
11/03/2025,MIA,Davion Mitchell,PG
11/03/2025,MIA,Norman Powell,SG
11/03/2025,MIA,Pelle Larsson,SG
11/03/2025,MIA,Andrew Wiggins,SF
11/03/2025,MIA,Bam Adebayo,C
11/03/2025,LAC,Bradley Beal,SG
11/03/2025,LAC,James Harden,SG
11/03/2025,LAC,Kawhi Leonard,SF
11/03/2025,LAC,Derrick Jones Jr.,SF
11/03/2025,LAC,Ivica Zubac,C
11/04/2025,MIL,Ryan Rollins,SG
11/04/2025,MIL,Gary Trent Jr.,SG
11/04/2025,MIL,AJ Green,SG
11/04/2025,MIL,Giannis Antetokounmpo,PF
11/04/2025,MIL,Myles Turner,C
11/04/2025,TOR,Immanuel Quickley,PG
11/04/2025,TOR,RJ Barrett,SG
11/04/2025,TOR,Brandon Ingram,SF
11/04/2025,TOR,Scottie Barnes,SF
11/04/2025,TOR,Jakob Poeltl,C
11/04/2025,ORL,Desmond Bane,SG
11/04/2025,ORL,Jalen Suggs,SG
11/04/2025,ORL,Franz Wagner,SF
11/04/2025,ORL,Paolo Banchero,PF
11/04/2025,ORL,Wendell Carter Jr.,C
11/04/2025,ATL,Dyson Daniels,PG
11/04/2025,ATL,Nickeil Alexander-Walker,SG
11/04/2025,ATL,Zaccharie Risacher,SF
11/04/2025,ATL,Jalen Johnson,PF
11/04/2025,ATL,Kristaps Porzingis,C
11/04/2025,PHI,Tyrese Maxey,PG
11/04/2025,PHI,VJ Edgecombe,SG
11/04/2025,PHI,Kelly Oubre Jr.,SF
11/04/2025,PHI,Jabari Walker,PF
11/04/2025,PHI,Joel Embiid,C
11/04/2025,CHI,Tre Jones,PG
11/04/2025,CHI,Josh Giddey,SG
11/04/2025,CHI,Matas Buzelis,SF
11/04/2025,CHI,Isaac Okoro,SF
11/04/2025,CHI,Nikola Vucevic,C
11/04/2025,CHO,Collin Sexton,PG
11/04/2025,CHO,Kon Knueppel,SG
11/04/2025,CHO,Sion James,SG
11/04/2025,CHO,Miles Bridges,SF
11/04/2025,CHO,Ryan Kalkbrenner,C
11/04/2025,NOP,Jeremiah Fears,PG
11/04/2025,NOP,Jordan Poole,PG
11/04/2025,NOP,Trey Murphy III,SF
11/04/2025,NOP,Herbert Jones,SF
11/04/2025,NOP,Kevon Looney,C
11/04/2025,PHO,Devin Booker,SG
11/04/2025,PHO,Grayson Allen,SF
11/04/2025,PHO,Ryan Dunn,SF
11/04/2025,PHO,Royce O'Neale,PF
11/04/2025,PHO,Mark Williams,C
11/04/2025,GSW,Stephen Curry,PG
11/04/2025,GSW,Jimmy Butler,SF
11/04/2025,GSW,Draymond Green,PF
11/04/2025,GSW,Jonathan Kuminga,PF
11/04/2025,GSW,Quinten Post,C
11/04/2025,OKC,Shai Gilgeous-Alexander,PG
11/04/2025,OKC,Cason Wallace,PG
11/04/2025,OKC,Luguentz Dort,SF
11/04/2025,OKC,Chet Holmgren,C
11/04/2025,OKC,Isaiah Hartenstein,C
11/04/2025,LAC,Kris Dunn,PG
11/04/2025,LAC,James Harden,SG
11/04/2025,LAC,Derrick Jones Jr.,SF
11/04/2025,LAC,Nicolas Batum,PF
11/04/2025,LAC,Ivica Zubac,C
11/05/2025,UTA,Keyonte George,SG
11/05/2025,UTA,Svi Mykhailiuk,SF
11/05/2025,UTA,Lauri Markkanen,PF
11/05/2025,UTA,Taylor Hendricks,PF
11/05/2025,UTA,Jusuf Nurkic,C
11/05/2025,DET,Cade Cunningham,PG
11/05/2025,DET,Duncan Robinson,SG
11/05/2025,DET,Ausar Thompson,SG
11/05/2025,DET,Isaiah Stewart,PF
11/05/2025,DET,Jalen Duren,C
11/05/2025,BRK,Terance Mann,PG
11/05/2025,BRK,Cam Thomas,SG
11/05/2025,BRK,Michael Porter Jr.,SF
11/05/2025,BRK,Noah Clowney,PF
11/05/2025,BRK,Nicolas Claxton,C
11/05/2025,IND,Ben Sheppard,SF
11/05/2025,IND,Pascal Siakam,PF
11/05/2025,IND,Jarace Walker,PF
11/05/2025,IND,Aaron Nesmith,PF
11/05/2025,IND,Isaiah Jackson,PF
11/05/2025,PHI,Tyrese Maxey,PG
11/05/2025,PHI,VJ Edgecombe,SG
11/05/2025,PHI,Kelly Oubre Jr.,SF
11/05/2025,PHI,Jabari Walker,PF
11/05/2025,PHI,Adem Bona,C
11/05/2025,CLE,Darius Garland,PG
11/05/2025,CLE,Donovan Mitchell,SG
11/05/2025,CLE,Jaylon Tyson,SF
11/05/2025,CLE,Evan Mobley,PF
11/05/2025,CLE,Jarrett Allen,C
11/05/2025,WAS,CJ McCollum,PG
11/05/2025,WAS,Justin Champagnie,SG
11/05/2025,WAS,Bilal Coulibaly,SG
11/05/2025,WAS,Kyshawn George,SF
11/05/2025,WAS,Alexandre Sarr,PF
11/05/2025,BOS,Payton Pritchard,PG
11/05/2025,BOS,Jaylen Brown,SG
11/05/2025,BOS,Derrick White,SG
11/05/2025,BOS,Josh Minott,PF
11/05/2025,BOS,Neemias Queta,C
11/05/2025,MIN,Anthony Edwards,SG
11/05/2025,MIN,Donte DiVincenzo,SG
11/05/2025,MIN,Jaden McDaniels,PF
11/05/2025,MIN,Julius Randle,PF
11/05/2025,MIN,Rudy Gobert,C
11/05/2025,NYK,Jalen Brunson,PG
11/05/2025,NYK,OG Anunoby,SF
11/05/2025,NYK,Mikal Bridges,SF
11/05/2025,NYK,Karl-Anthony Towns,PF
11/05/2025,NYK,Mitchell Robinson,C
11/05/2025,HOU,Amen Thompson,SG
11/05/2025,HOU,Josh Okogie,SG
11/05/2025,HOU,Jabari Smith Jr.,PF
11/05/2025,HOU,Kevin Durant,PF
11/05/2025,HOU,Alperen Sengun,C
11/05/2025,MEM,Ja Morant,PG
11/05/2025,MEM,Kentavious Caldwell-Pope,SG
11/05/2025,MEM,Jaylen Wells,SF
11/05/2025,MEM,Jaren Jackson Jr.,PF
11/05/2025,MEM,Jock Landale,C
11/05/2025,NOP,Jeremiah Fears,PG
11/05/2025,NOP,Herbert Jones,SF
11/05/2025,NOP,Trey Murphy III,SF
11/05/2025,NOP,Saddiq Bey,PF
11/05/2025,NOP,Kevon Looney,C
11/05/2025,DAL,D'Angelo Russell,PG
11/05/2025,DAL,Max Christie,SG
11/05/2025,DAL,Cooper Flagg,PF
11/05/2025,DAL,P.J. Washington,PF
11/05/2025,DAL,Daniel Gafford,C
11/05/2025,MIA,Davion Mitchell,PG
11/05/2025,MIA,Norman Powell,SG
11/05/2025,MIA,Pelle Larsson,SG
11/05/2025,MIA,Andrew Wiggins,SF
11/05/2025,MIA,Bam Adebayo,C
11/05/2025,DEN,Jamal Murray,PG
11/05/2025,DEN,Christian Braun,SG
11/05/2025,DEN,Cameron Johnson,PF
11/05/2025,DEN,Aaron Gordon,PF
11/05/2025,DEN,Nikola Jokic,C
11/05/2025,OKC,Cason Wallace,PG
11/05/2025,OKC,Shai Gilgeous-Alexander,PG
11/05/2025,OKC,Ajay Mitchell,PG
11/05/2025,OKC,Aaron Wiggins,SG
11/05/2025,OKC,Isaiah Hartenstein,C
11/05/2025,POR,Jrue Holiday,PG
11/05/2025,POR,Shaedon Sharpe,SG
11/05/2025,POR,Deni Avdija,SF
11/05/2025,POR,Toumani Camara,SF
11/05/2025,POR,Donovan Clingan,C
11/05/2025,SAS,Devin Vassell,SG
11/05/2025,SAS,Stephon Castle,SG
11/05/2025,SAS,Harrison Barnes,SF
11/05/2025,SAS,Julian Champagnie,SF
11/05/2025,SAS,Victor Wembanyama,PF
11/05/2025,LAL,Marcus Smart,PG
11/05/2025,LAL,Luka Doncic,PG
11/05/2025,LAL,Rui Hachimura,PF
11/05/2025,LAL,Jake LaRavia,PF
11/05/2025,LAL,Deandre Ayton,C
11/05/2025,GSW,Will Richard,SG
11/05/2025,GSW,Moses Moody,SG
11/05/2025,GSW,Brandin Podziemski,SG
11/05/2025,GSW,Jonathan Kuminga,PF
11/05/2025,GSW,Quinten Post,C
11/05/2025,SAC,Russell Westbrook,PG
11/05/2025,SAC,Dennis Schroder,PG
11/05/2025,SAC,Nique Clifford,SF
11/05/2025,SAC,DeMar DeRozan,SF
11/05/2025,SAC,Drew Eubanks,C
11/06/2025,LAC,Kris Dunn,PG
11/06/2025,LAC,Bradley Beal,SG
11/06/2025,LAC,Derrick Jones Jr.,SF
11/06/2025,LAC,Nicolas Batum,PF
11/06/2025,LAC,Ivica Zubac,C
11/06/2025,PHO,Devin Booker,SG
11/06/2025,PHO,Jalen Green,SG
11/06/2025,PHO,Grayson Allen,SF
11/06/2025,PHO,Royce O'Neale,PF
11/06/2025,PHO,Mark Williams,C
11/07/2025,BOS,Payton Pritchard,PG
11/07/2025,BOS,Derrick White,SG
11/07/2025,BOS,Jaylen Brown,SG
11/07/2025,BOS,Josh Minott,PF
11/07/2025,BOS,Neemias Queta,C
11/07/2025,ORL,Desmond Bane,SG
11/07/2025,ORL,Jalen Suggs,SG
11/07/2025,ORL,Franz Wagner,SF
11/07/2025,ORL,Paolo Banchero,PF
11/07/2025,ORL,Wendell Carter Jr.,C
11/07/2025,CLE,Darius Garland,PG
11/07/2025,CLE,Donovan Mitchell,SG
11/07/2025,CLE,De'Andre Hunter,SF
11/07/2025,CLE,Evan Mobley,PF
11/07/2025,CLE,Jarrett Allen,C
11/07/2025,WAS,Bub Carrington,PG
11/07/2025,WAS,CJ McCollum,PG
11/07/2025,WAS,Tre Johnson,SG
11/07/2025,WAS,Khris Middleton,SF
11/07/2025,WAS,Alexandre Sarr,PF
11/07/2025,DET,Cade Cunningham,PG
11/07/2025,DET,Duncan Robinson,SG
11/07/2025,DET,Ausar Thompson,SG
11/07/2025,DET,Isaiah Stewart,PF
11/07/2025,DET,Jalen Duren,C
11/07/2025,BRK,Terance Mann,PG
11/07/2025,BRK,Egor Demin,PG
11/07/2025,BRK,Michael Porter Jr.,SF
11/07/2025,BRK,Noah Clowney,PF
11/07/2025,BRK,Nicolas Claxton,C
11/07/2025,HOU,Josh Okogie,SG
11/07/2025,HOU,Amen Thompson,SG
11/07/2025,HOU,Jabari Smith Jr.,PF
11/07/2025,HOU,Kevin Durant,PF
11/07/2025,HOU,Alperen Sengun,C
11/07/2025,SAS,Stephon Castle,SG
11/07/2025,SAS,Devin Vassell,SG
11/07/2025,SAS,Julian Champagnie,SF
11/07/2025,SAS,Harrison Barnes,SF
11/07/2025,SAS,Victor Wembanyama,PF
11/07/2025,TOR,Immanuel Quickley,PG
11/07/2025,TOR,RJ Barrett,SG
11/07/2025,TOR,Brandon Ingram,SF
11/07/2025,TOR,Scottie Barnes,SF
11/07/2025,TOR,Jakob Poeltl,C
11/07/2025,ATL,Dyson Daniels,PG
11/07/2025,ATL,Nickeil Alexander-Walker,SG
11/07/2025,ATL,Zaccharie Risacher,SF
11/07/2025,ATL,Jalen Johnson,PF
11/07/2025,ATL,Kristaps Porzingis,C
11/07/2025,UTA,Isaiah Collier,PG
11/07/2025,UTA,Keyonte George,SG
11/07/2025,UTA,Svi Mykhailiuk,SF
11/07/2025,UTA,Lauri Markkanen,PF
11/07/2025,UTA,Jusuf Nurkic,C
11/07/2025,MIN,Donte DiVincenzo,SG
11/07/2025,MIN,Anthony Edwards,SG
11/07/2025,MIN,Jaden McDaniels,PF
11/07/2025,MIN,Julius Randle,PF
11/07/2025,MIN,Rudy Gobert,C
11/07/2025,CHO,Tre Mann,PG
11/07/2025,CHO,Kon Knueppel,SG
11/07/2025,CHO,Sion James,SG
11/07/2025,CHO,Miles Bridges,SF
11/07/2025,CHO,Ryan Kalkbrenner,C
11/07/2025,MIA,Davion Mitchell,PG
11/07/2025,MIA,Norman Powell,SG
11/07/2025,MIA,Pelle Larsson,SG
11/07/2025,MIA,Andrew Wiggins,SF
11/07/2025,MIA,Kel'el Ware,C
11/07/2025,CHI,Tre Jones,PG
11/07/2025,CHI,Josh Giddey,SG
11/07/2025,CHI,Isaac Okoro,SF
11/07/2025,CHI,Matas Buzelis,SF
11/07/2025,CHI,Nikola Vucevic,C
11/07/2025,MIL,AJ Green,SG
11/07/2025,MIL,Ryan Rollins,SG
11/07/2025,MIL,Gary Trent Jr.,SG
11/07/2025,MIL,Giannis Antetokounmpo,PF
11/07/2025,MIL,Myles Turner,C
11/07/2025,DAL,D'Angelo Russell,PG
11/07/2025,DAL,Max Christie,SG
11/07/2025,DAL,Cooper Flagg,PF
11/07/2025,DAL,P.J. Washington,PF
11/07/2025,DAL,Daniel Gafford,C
11/07/2025,MEM,Ja Morant,PG
11/07/2025,MEM,Kentavious Caldwell-Pope,SG
11/07/2025,MEM,Jaylen Wells,SF
11/07/2025,MEM,Jaren Jackson Jr.,PF
11/07/2025,MEM,Jock Landale,C
11/07/2025,GSW,Brandin Podziemski,SG
11/07/2025,GSW,Moses Moody,SG
11/07/2025,GSW,Jimmy Butler,SF
11/07/2025,GSW,Draymond Green,PF
11/07/2025,GSW,Jonathan Kuminga,PF
11/07/2025,DEN,Jamal Murray,PG
11/07/2025,DEN,Christian Braun,SG
11/07/2025,DEN,Cameron Johnson,PF
11/07/2025,DEN,Aaron Gordon,PF
11/07/2025,DEN,Nikola Jokic,C
11/07/2025,OKC,Ajay Mitchell,PG
11/07/2025,OKC,Cason Wallace,PG
11/07/2025,OKC,Shai Gilgeous-Alexander,PG
11/07/2025,OKC,Isaiah Hartenstein,C
11/07/2025,OKC,Chet Holmgren,C
11/07/2025,SAC,Dennis Schroder,PG
11/07/2025,SAC,Russell Westbrook,PG
11/07/2025,SAC,Zach LaVine,SG
11/07/2025,SAC,DeMar DeRozan,SF
11/07/2025,SAC,Drew Eubanks,C
11/08/2025,DAL,D'Angelo Russell,PG
11/08/2025,DAL,Max Christie,SG
11/08/2025,DAL,P.J. Washington,PF
11/08/2025,DAL,Cooper Flagg,PF
11/08/2025,DAL,Daniel Gafford,C
11/08/2025,WAS,CJ McCollum,PG
11/08/2025,WAS,Justin Champagnie,SG
11/08/2025,WAS,Tre Johnson,SG
11/08/2025,WAS,Kyshawn George,SF
11/08/2025,WAS,Alexandre Sarr,PF
11/08/2025,TOR,Immanuel Quickley,PG
11/08/2025,TOR,Ochai Agbaji,SG
11/08/2025,TOR,RJ Barrett,SG
11/08/2025,TOR,Brandon Ingram,SF
11/08/2025,TOR,Scottie Barnes,SF
11/08/2025,PHI,Tyrese Maxey,PG
11/08/2025,PHI,VJ Edgecombe,SG
11/08/2025,PHI,Kelly Oubre Jr.,SF
11/08/2025,PHI,Trendon Watford,PF
11/08/2025,PHI,Joel Embiid,C
11/08/2025,CHI,Tre Jones,PG
11/08/2025,CHI,Josh Giddey,SG
11/08/2025,CHI,Matas Buzelis,SF
11/08/2025,CHI,Isaac Okoro,SF
11/08/2025,CHI,Nikola Vucevic,C
11/08/2025,CLE,Donovan Mitchell,SG
11/08/2025,CLE,De'Andre Hunter,SF
11/08/2025,CLE,Jaylon Tyson,SF
11/08/2025,CLE,Evan Mobley,PF
11/08/2025,CLE,Jarrett Allen,C
11/08/2025,POR,Jrue Holiday,PG
11/08/2025,POR,Shaedon Sharpe,SG
11/08/2025,POR,Deni Avdija,SF
11/08/2025,POR,Toumani Camara,SF
11/08/2025,POR,Donovan Clingan,C
11/08/2025,MIA,Davion Mitchell,PG
11/08/2025,MIA,Norman Powell,SG
11/08/2025,MIA,Pelle Larsson,SG
11/08/2025,MIA,Andrew Wiggins,SF
11/08/2025,MIA,Kel'el Ware,C
11/08/2025,LAL,Luka Doncic,PG
11/08/2025,LAL,Marcus Smart,PG
11/08/2025,LAL,Rui Hachimura,PF
11/08/2025,LAL,Jake LaRavia,PF
11/08/2025,LAL,Deandre Ayton,C
11/08/2025,ATL,Dyson Daniels,PG
11/08/2025,ATL,Keaton Wallace,SG
11/08/2025,ATL,Zaccharie Risacher,SF
11/08/2025,ATL,Mouhamed Gueye,PF
11/08/2025,ATL,Onyeka Okongwu,C
11/08/2025,NOP,Jeremiah Fears,PG
11/08/2025,NOP,Herbert Jones,SF
11/08/2025,NOP,Trey Murphy III,SF
11/08/2025,NOP,Saddiq Bey,PF
11/08/2025,NOP,Kevon Looney,C
11/08/2025,SAS,De'Aaron Fox,PG
11/08/2025,SAS,Devin Vassell,SG
11/08/2025,SAS,Stephon Castle,SG
11/08/2025,SAS,Harrison Barnes,SF
11/08/2025,SAS,Victor Wembanyama,PF
11/08/2025,IND,Andrew Nembhard,PG
11/08/2025,IND,Aaron Nesmith,PF
11/08/2025,IND,Isaiah Jackson,PF
11/08/2025,IND,Pascal Siakam,PF
11/08/2025,IND,Jarace Walker,PF
11/08/2025,DEN,Christian Braun,SG
11/08/2025,DEN,Jalen Pickett,SG
11/08/2025,DEN,Peyton Watson,SF
11/08/2025,DEN,Cameron Johnson,PF
11/08/2025,DEN,Nikola Jokic,C
11/08/2025,PHO,Jalen Green,SG
11/08/2025,PHO,Devin Booker,SG
11/08/2025,PHO,Grayson Allen,SF
11/08/2025,PHO,Dillon Brooks,SF
11/08/2025,PHO,Mark Williams,C
11/08/2025,LAC,Kris Dunn,PG
11/08/2025,LAC,Bradley Beal,SG
11/08/2025,LAC,James Harden,SG
11/08/2025,LAC,Derrick Jones Jr.,SF
11/08/2025,LAC,Ivica Zubac,C
11/09/2025,HOU,Amen Thompson,SG
11/09/2025,HOU,Josh Okogie,SG
11/09/2025,HOU,Kevin Durant,PF
11/09/2025,HOU,Jabari Smith Jr.,PF
11/09/2025,HOU,Alperen Sengun,C
11/09/2025,MIL,Ryan Rollins,SG
11/09/2025,MIL,AJ Green,SG
11/09/2025,MIL,Gary Trent Jr.,SG
11/09/2025,MIL,Giannis Antetokounmpo,PF
11/09/2025,MIL,Myles Turner,C
11/09/2025,BRK,Terance Mann,PG
11/09/2025,BRK,Egor Demin,PG
11/09/2025,BRK,Michael Porter Jr.,SF
11/09/2025,BRK,Noah Clowney,PF
11/09/2025,BRK,Nicolas Claxton,C
11/09/2025,NYK,Jalen Brunson,PG
11/09/2025,NYK,Mikal Bridges,SF
11/09/2025,NYK,OG Anunoby,SF
11/09/2025,NYK,Karl-Anthony Towns,PF
11/09/2025,NYK,Mitchell Robinson,C
11/09/2025,OKC,Cason Wallace,PG
11/09/2025,OKC,Shai Gilgeous-Alexander,PG
11/09/2025,OKC,Ajay Mitchell,PG
11/09/2025,OKC,Isaiah Hartenstein,C
11/09/2025,OKC,Chet Holmgren,C
11/09/2025,MEM,Ja Morant,PG
11/09/2025,MEM,Kentavious Caldwell-Pope,SG
11/09/2025,MEM,Jaylen Wells,SF
11/09/2025,MEM,Jaren Jackson Jr.,PF
11/09/2025,MEM,Jock Landale,C
11/09/2025,BOS,Payton Pritchard,PG
11/09/2025,BOS,Jaylen Brown,SG
11/09/2025,BOS,Derrick White,SG
11/09/2025,BOS,Josh Minott,PF
11/09/2025,BOS,Neemias Queta,C
11/09/2025,ORL,Jalen Suggs,SG
11/09/2025,ORL,Desmond Bane,SG
11/09/2025,ORL,Franz Wagner,SF
11/09/2025,ORL,Paolo Banchero,PF
11/09/2025,ORL,Wendell Carter Jr.,C
11/09/2025,DET,Cade Cunningham,PG
11/09/2025,DET,Duncan Robinson,SG
11/09/2025,DET,Ausar Thompson,SG
11/09/2025,DET,Ron Holland II,SF
11/09/2025,DET,Jalen Duren,C
11/09/2025,PHI,Tyrese Maxey,PG
11/09/2025,PHI,VJ Edgecombe,SG
11/09/2025,PHI,Kelly Oubre Jr.,SF
11/09/2025,PHI,Trendon Watford,PF
11/09/2025,PHI,Andre Drummond,C
11/09/2025,IND,Andrew Nembhard,PG
11/09/2025,IND,Ben Sheppard,SF
11/09/2025,IND,Isaiah Jackson,PF
11/09/2025,IND,Jarace Walker,PF
11/09/2025,IND,Jay Huff,C
11/09/2025,GSW,Brandin Podziemski,SG
11/09/2025,GSW,Jimmy Butler,SF
11/09/2025,GSW,Draymond Green,PF
11/09/2025,GSW,Jonathan Kuminga,PF
11/09/2025,GSW,Quinten Post,C
11/09/2025,MIN,Anthony Edwards,SG
11/09/2025,MIN,Donte DiVincenzo,SG
11/09/2025,MIN,Jaden McDaniels,PF
11/09/2025,MIN,Julius Randle,PF
11/09/2025,MIN,Rudy Gobert,C
11/09/2025,SAC,Dennis Schroder,PG
11/09/2025,SAC,Zach LaVine,SG
11/09/2025,SAC,DeMar DeRozan,SF
11/09/2025,SAC,Precious Achiuwa,PF
11/09/2025,SAC,Domantas Sabonis,C
11/10/2025,LAL,Marcus Smart,PG
11/10/2025,LAL,Luka Doncic,PG
11/10/2025,LAL,Austin Reaves,SG
11/10/2025,LAL,Rui Hachimura,PF
11/10/2025,LAL,Deandre Ayton,C
11/10/2025,CHO,Collin Sexton,PG
11/10/2025,CHO,Kon Knueppel,SG
11/10/2025,CHO,Sion James,SG
11/10/2025,CHO,Miles Bridges,SF
11/10/2025,CHO,Ryan Kalkbrenner,C
11/10/2025,POR,Jrue Holiday,PG
11/10/2025,POR,Shaedon Sharpe,SG
11/10/2025,POR,Deni Avdija,SF
11/10/2025,POR,Toumani Camara,SF
11/10/2025,POR,Donovan Clingan,C
11/10/2025,ORL,Anthony Black,PG
11/10/2025,ORL,Desmond Bane,SG
11/10/2025,ORL,Franz Wagner,SF
11/10/2025,ORL,Paolo Banchero,PF
11/10/2025,ORL,Wendell Carter Jr.,C
11/10/2025,WAS,CJ McCollum,PG
11/10/2025,WAS,Tre Johnson,SG
11/10/2025,WAS,Kyshawn George,SF
11/10/2025,WAS,Khris Middleton,SF
11/10/2025,WAS,Alexandre Sarr,PF
11/10/2025,DET,Cade Cunningham,PG
11/10/2025,DET,Javonte Green,SG
11/10/2025,DET,Duncan Robinson,SG
11/10/2025,DET,Ron Holland II,SF
11/10/2025,DET,Jalen Duren,C
11/10/2025,CLE,Darius Garland,PG
11/10/2025,CLE,Donovan Mitchell,SG
11/10/2025,CLE,De'Andre Hunter,SF
11/10/2025,CLE,Evan Mobley,PF
11/10/2025,CLE,Jarrett Allen,C
11/10/2025,MIA,Davion Mitchell,PG
11/10/2025,MIA,Norman Powell,SG
11/10/2025,MIA,Pelle Larsson,SG
11/10/2025,MIA,Andrew Wiggins,SF
11/10/2025,MIA,Kel'el Ware,C
11/10/2025,SAS,De'Aaron Fox,PG
11/10/2025,SAS,Devin Vassell,SG
11/10/2025,SAS,Stephon Castle,SG
11/10/2025,SAS,Harrison Barnes,SF
11/10/2025,SAS,Victor Wembanyama,PF
11/10/2025,CHI,Tre Jones,PG
11/10/2025,CHI,Kevin Huerter,SG
11/10/2025,CHI,Isaac Okoro,SF
11/10/2025,CHI,Matas Buzelis,SF
11/10/2025,CHI,Nikola Vucevic,C
11/10/2025,MIL,Gary Trent Jr.,SG
11/10/2025,MIL,AJ Green,SG
11/10/2025,MIL,Ryan Rollins,SG
11/10/2025,MIL,Giannis Antetokounmpo,PF
11/10/2025,MIL,Myles Turner,C
11/10/2025,DAL,Brandon Williams,PG
11/10/2025,DAL,Max Christie,SG
11/10/2025,DAL,Cooper Flagg,PF
11/10/2025,DAL,P.J. Washington,PF
11/10/2025,DAL,Daniel Gafford,C
11/10/2025,MIN,Anthony Edwards,SG
11/10/2025,MIN,Donte DiVincenzo,SG
11/10/2025,MIN,Jaden McDaniels,PF
11/10/2025,MIN,Julius Randle,PF
11/10/2025,MIN,Rudy Gobert,C
11/10/2025,UTA,Keyonte George,SG
11/10/2025,UTA,Svi Mykhailiuk,SF
11/10/2025,UTA,Ace Bailey,SF
11/10/2025,UTA,Lauri Markkanen,PF
11/10/2025,UTA,Jusuf Nurkic,C
11/10/2025,NOP,Jeremiah Fears,PG
11/10/2025,NOP,Trey Murphy III,SF
11/10/2025,NOP,Herbert Jones,SF
11/10/2025,NOP,Saddiq Bey,PF
11/10/2025,NOP,Kevon Looney,C
11/10/2025,PHO,Devin Booker,SG
11/10/2025,PHO,Grayson Allen,SF
11/10/2025,PHO,Dillon Brooks,SF
11/10/2025,PHO,Royce O'Neale,PF
11/10/2025,PHO,Mark Williams,C
11/10/2025,ATL,Dyson Daniels,PG
11/10/2025,ATL,Keaton Wallace,SG
11/10/2025,ATL,Zaccharie Risacher,SF
11/10/2025,ATL,Jalen Johnson,PF
11/10/2025,ATL,Kristaps Porzingis,C
11/10/2025,LAC,Kris Dunn,PG
11/10/2025,LAC,James Harden,SG
11/10/2025,LAC,Derrick Jones Jr.,SF
11/10/2025,LAC,John Collins,PF
11/10/2025,LAC,Ivica Zubac,C
11/11/2025,MEM,Ja Morant,PG
11/11/2025,MEM,Kentavious Caldwell-Pope,SG
11/11/2025,MEM,Jaylen Wells,SF
11/11/2025,MEM,Jaren Jackson Jr.,PF
11/11/2025,MEM,Jock Landale,C
11/11/2025,NYK,Jalen Brunson,PG
11/11/2025,NYK,Landry Shamet,SG
11/11/2025,NYK,Mikal Bridges,SF
11/11/2025,NYK,OG Anunoby,SF
11/11/2025,NYK,Karl-Anthony Towns,PF
11/11/2025,TOR,Immanuel Quickley,PG
11/11/2025,TOR,RJ Barrett,SG
11/11/2025,TOR,Brandon Ingram,SF
11/11/2025,TOR,Scottie Barnes,SF
11/11/2025,TOR,Jakob Poeltl,C
11/11/2025,BRK,Terance Mann,PG
11/11/2025,BRK,Egor Demin,PG
11/11/2025,BRK,Michael Porter Jr.,SF
11/11/2025,BRK,Noah Clowney,PF
11/11/2025,BRK,Nicolas Claxton,C
11/11/2025,BOS,Payton Pritchard,PG
11/11/2025,BOS,Jaylen Brown,SG
11/11/2025,BOS,Derrick White,SG
11/11/2025,BOS,Josh Minott,PF
11/11/2025,BOS,Neemias Queta,C
11/11/2025,PHI,Tyrese Maxey,PG
11/11/2025,PHI,VJ Edgecombe,SG
11/11/2025,PHI,Kelly Oubre Jr.,SF
11/11/2025,PHI,Trendon Watford,PF
11/11/2025,PHI,Andre Drummond,C
11/11/2025,GSW,Stephen Curry,PG
11/11/2025,GSW,Jimmy Butler,SF
11/11/2025,GSW,Draymond Green,PF
11/11/2025,GSW,Jonathan Kuminga,PF
11/11/2025,GSW,Quinten Post,C
11/11/2025,OKC,Ajay Mitchell,PG
11/11/2025,OKC,Shai Gilgeous-Alexander,PG
11/11/2025,OKC,Cason Wallace,PG
11/11/2025,OKC,Chet Holmgren,C
11/11/2025,OKC,Isaiah Hartenstein,C
11/11/2025,IND,Andrew Nembhard,PG
11/11/2025,IND,Pascal Siakam,PF
11/11/2025,IND,Aaron Nesmith,PF
11/11/2025,IND,Tony Bradley,C
11/11/2025,IND,Jeremiah Robinson-Earl,C
11/11/2025,UTA,Keyonte George,SG
11/11/2025,UTA,Svi Mykhailiuk,SF
11/11/2025,UTA,Ace Bailey,SF
11/11/2025,UTA,Lauri Markkanen,PF
11/11/2025,UTA,Jusuf Nurkic,C
11/11/2025,DEN,Jamal Murray,PG
11/11/2025,DEN,Christian Braun,SG
11/11/2025,DEN,Cameron Johnson,PF
11/11/2025,DEN,Aaron Gordon,PF
11/11/2025,DEN,Nikola Jokic,C
11/11/2025,SAC,Dennis Schroder,PG
11/11/2025,SAC,Zach LaVine,SG
11/11/2025,SAC,DeMar DeRozan,SF
11/11/2025,SAC,Precious Achiuwa,PF
11/11/2025,SAC,Domantas Sabonis,C
11/12/2025,ORL,Jalen Suggs,SG
11/12/2025,ORL,Desmond Bane,SG
11/12/2025,ORL,Franz Wagner,SF
11/12/2025,ORL,Paolo Banchero,PF
11/12/2025,ORL,Wendell Carter Jr.,C
11/12/2025,NYK,Jalen Brunson,PG
11/12/2025,NYK,OG Anunoby,SF
11/12/2025,NYK,Mikal Bridges,SF
11/12/2025,NYK,Karl-Anthony Towns,PF
11/12/2025,NYK,Mitchell Robinson,C
11/12/2025,MIL,AJ Green,SG
11/12/2025,MIL,Gary Trent Jr.,SG
11/12/2025,MIL,Ryan Rollins,SG
11/12/2025,MIL,Kyle Kuzma,PF
11/12/2025,MIL,Myles Turner,C
11/12/2025,CHO,Collin Sexton,PG
11/12/2025,CHO,Kon Knueppel,SG
11/12/2025,CHO,Sion James,SG
11/12/2025,CHO,Miles Bridges,SF
11/12/2025,CHO,Ryan Kalkbrenner,C
11/12/2025,CHI,Tre Jones,PG
11/12/2025,CHI,Kevin Huerter,SG
11/12/2025,CHI,Isaac Okoro,SF
11/12/2025,CHI,Matas Buzelis,SF
11/12/2025,CHI,Nikola Vucevic,C
11/12/2025,DET,Daniss Jenkins,PG
11/12/2025,DET,Duncan Robinson,SG
11/12/2025,DET,Javonte Green,SG
11/12/2025,DET,Ron Holland II,SF
11/12/2025,DET,Paul Reed,PF
11/12/2025,CLE,Lonzo Ball,PG
11/12/2025,CLE,Sam Merrill,SG
11/12/2025,CLE,De'Andre Hunter,SF
11/12/2025,CLE,Dean Wade,PF
11/12/2025,CLE,Jarrett Allen,C
11/12/2025,MIA,Davion Mitchell,PG
11/12/2025,MIA,Pelle Larsson,SG
11/12/2025,MIA,Norman Powell,SG
11/12/2025,MIA,Andrew Wiggins,SF
11/12/2025,MIA,Kel'el Ware,C
11/12/2025,MEM,Kentavious Caldwell-Pope,SG
11/12/2025,MEM,Vince Williams Jr.,SG
11/12/2025,MEM,Jaylen Wells,SF
11/12/2025,MEM,Jaren Jackson Jr.,PF
11/12/2025,MEM,Jock Landale,C
11/12/2025,BOS,Payton Pritchard,PG
11/12/2025,BOS,Jaylen Brown,SG
11/12/2025,BOS,Derrick White,SG
11/12/2025,BOS,Jordan Walsh,SF
11/12/2025,BOS,Neemias Queta,C
11/12/2025,GSW,Stephen Curry,PG
11/12/2025,GSW,Moses Moody,SG
11/12/2025,GSW,Will Richard,SG
11/12/2025,GSW,Jimmy Butler,SF
11/12/2025,GSW,Draymond Green,PF
11/12/2025,SAS,De'Aaron Fox,PG
11/12/2025,SAS,Devin Vassell,SG
11/12/2025,SAS,Stephon Castle,SG
11/12/2025,SAS,Harrison Barnes,SF
11/12/2025,SAS,Victor Wembanyama,PF
11/12/2025,WAS,CJ McCollum,PG
11/12/2025,WAS,Tre Johnson,SG
11/12/2025,WAS,Khris Middleton,SF
11/12/2025,WAS,Kyshawn George,SF
11/12/2025,WAS,Alexandre Sarr,PF
11/12/2025,HOU,Amen Thompson,SG
11/12/2025,HOU,Josh Okogie,SG
11/12/2025,HOU,Jabari Smith Jr.,PF
11/12/2025,HOU,Kevin Durant,PF
11/12/2025,HOU,Alperen Sengun,C
11/12/2025,POR,Jrue Holiday,PG
11/12/2025,POR,Shaedon Sharpe,SG
11/12/2025,POR,Toumani Camara,SF
11/12/2025,POR,Deni Avdija,SF
11/12/2025,POR,Donovan Clingan,C
11/12/2025,NOP,Jeremiah Fears,PG
11/12/2025,NOP,Trey Murphy III,SF
11/12/2025,NOP,Herbert Jones,SF
11/12/2025,NOP,Saddiq Bey,PF
11/12/2025,NOP,Kevon Looney,C
11/12/2025,PHO,Devin Booker,SG
11/12/2025,PHO,Dillon Brooks,SF
11/12/2025,PHO,Grayson Allen,SF
11/12/2025,PHO,Royce O'Neale,PF
11/12/2025,PHO,Mark Williams,C
11/12/2025,DAL,Brandon Williams,PG
11/12/2025,DAL,Max Christie,SG
11/12/2025,DAL,Cooper Flagg,PF
11/12/2025,DAL,P.J. Washington,PF
11/12/2025,DAL,Daniel Gafford,C
11/12/2025,LAL,Luka Doncic,PG
11/12/2025,LAL,Marcus Smart,PG
11/12/2025,LAL,Austin Reaves,SG
11/12/2025,LAL,Rui Hachimura,PF
11/12/2025,LAL,Deandre Ayton,C
11/12/2025,OKC,Cason Wallace,PG
11/12/2025,OKC,Shai Gilgeous-Alexander,PG
11/12/2025,OKC,Ajay Mitchell,PG
11/12/2025,OKC,Isaiah Hartenstein,C
11/12/2025,OKC,Chet Holmgren,C
11/12/2025,ATL,Dyson Daniels,PG
11/12/2025,ATL,Nickeil Alexander-Walker,SG
11/12/2025,ATL,Zaccharie Risacher,SF
11/12/2025,ATL,Jalen Johnson,PF
11/12/2025,ATL,Kristaps Porzingis,C
11/12/2025,SAC,Dennis Schroder,PG
11/12/2025,SAC,Russell Westbrook,PG
11/12/2025,SAC,DeMar DeRozan,SF
11/12/2025,SAC,Precious Achiuwa,PF
11/12/2025,SAC,Domantas Sabonis,C
11/12/2025,DEN,Jamal Murray,PG
11/12/2025,DEN,Christian Braun,SG
11/12/2025,DEN,Aaron Gordon,PF
11/12/2025,DEN,Cameron Johnson,PF
11/12/2025,DEN,Nikola Jokic,C
11/12/2025,LAC,Kris Dunn,PG
11/12/2025,LAC,James Harden,SG
11/12/2025,LAC,Derrick Jones Jr.,SF
11/12/2025,LAC,John Collins,PF
11/12/2025,LAC,Ivica Zubac,C
11/13/2025,TOR,Immanuel Quickley,PG
11/13/2025,TOR,RJ Barrett,SG
11/13/2025,TOR,Brandon Ingram,SF
11/13/2025,TOR,Scottie Barnes,SF
11/13/2025,TOR,Jakob Poeltl,C
11/13/2025,CLE,Sam Merrill,SG
11/13/2025,CLE,Donovan Mitchell,SG
11/13/2025,CLE,De'Andre Hunter,SF
11/13/2025,CLE,Evan Mobley,PF
11/13/2025,CLE,Jarrett Allen,C
11/13/2025,IND,Andrew Nembhard,PG
11/13/2025,IND,Aaron Nesmith,PF
11/13/2025,IND,Pascal Siakam,PF
11/13/2025,IND,Jeremiah Robinson-Earl,C
11/13/2025,IND,Tony Bradley,C
11/13/2025,PHO,Devin Booker,SG
11/13/2025,PHO,Grayson Allen,SF
11/13/2025,PHO,Dillon Brooks,SF
11/13/2025,PHO,Royce O'Neale,PF
11/13/2025,PHO,Nick Richards,C
11/13/2025,ATL,Dyson Daniels,PG
11/13/2025,ATL,Nickeil Alexander-Walker,SG
11/13/2025,ATL,Zaccharie Risacher,SF
11/13/2025,ATL,Jalen Johnson,PF
11/13/2025,ATL,Onyeka Okongwu,C
11/13/2025,UTA,Keyonte George,SG
11/13/2025,UTA,Svi Mykhailiuk,SF
11/13/2025,UTA,Ace Bailey,SF
11/13/2025,UTA,Lauri Markkanen,PF
11/13/2025,UTA,Jusuf Nurkic,C
11/14/2025,MIA,Davion Mitchell,PG
11/14/2025,MIA,Norman Powell,SG
11/14/2025,MIA,Pelle Larsson,SG
11/14/2025,MIA,Andrew Wiggins,SF
11/14/2025,MIA,Kel'el Ware,C
11/14/2025,NYK,Miles McBride,PG
11/14/2025,NYK,Mikal Bridges,SF
11/14/2025,NYK,OG Anunoby,SF
11/14/2025,NYK,Karl-Anthony Towns,PF
11/14/2025,NYK,Mitchell Robinson,C
11/14/2025,BRK,Terance Mann,PG
11/14/2025,BRK,Egor Demin,PG
11/14/2025,BRK,Michael Porter Jr.,SF
11/14/2025,BRK,Noah Clowney,PF
11/14/2025,BRK,Nicolas Claxton,C
11/14/2025,ORL,Desmond Bane,SG
11/14/2025,ORL,Jalen Suggs,SG
11/14/2025,ORL,Franz Wagner,SF
11/14/2025,ORL,Tristan da Silva,PF
11/14/2025,ORL,Wendell Carter Jr.,C
11/14/2025,PHI,Tyrese Maxey,PG
11/14/2025,PHI,VJ Edgecombe,SG
11/14/2025,PHI,Kelly Oubre Jr.,SF
11/14/2025,PHI,Trendon Watford,PF
11/14/2025,PHI,Andre Drummond,C
11/14/2025,DET,Daniss Jenkins,PG
11/14/2025,DET,Duncan Robinson,SG
11/14/2025,DET,Javonte Green,SG
11/14/2025,DET,Ron Holland II,SF
11/14/2025,DET,Paul Reed,PF
11/14/2025,POR,Jrue Holiday,PG
11/14/2025,POR,Shaedon Sharpe,SG
11/14/2025,POR,Deni Avdija,SF
11/14/2025,POR,Toumani Camara,SF
11/14/2025,POR,Donovan Clingan,C
11/14/2025,HOU,Josh Okogie,SG
11/14/2025,HOU,Amen Thompson,SG
11/14/2025,HOU,Jabari Smith Jr.,PF
11/14/2025,HOU,Kevin Durant,PF
11/14/2025,HOU,Alperen Sengun,C
11/14/2025,CHO,LaMelo Ball,PG
11/14/2025,CHO,Kon Knueppel,SG
11/14/2025,CHO,Sion James,SG
11/14/2025,CHO,Miles Bridges,SF
11/14/2025,CHO,Moussa Diabate,PF
11/14/2025,MIL,AJ Green,SG
11/14/2025,MIL,Ryan Rollins,SG
11/14/2025,MIL,Giannis Antetokounmpo,PF
11/14/2025,MIL,Kyle Kuzma,PF
11/14/2025,MIL,Myles Turner,C
11/14/2025,SAC,Russell Westbrook,PG
11/14/2025,SAC,Zach LaVine,SG
11/14/2025,SAC,DeMar DeRozan,SF
11/14/2025,SAC,Precious Achiuwa,PF
11/14/2025,SAC,Domantas Sabonis,C
11/14/2025,MIN,Donte DiVincenzo,SG
11/14/2025,MIN,Anthony Edwards,SG
11/14/2025,MIN,Jaden McDaniels,PF
11/14/2025,MIN,Julius Randle,PF
11/14/2025,MIN,Rudy Gobert,C
11/14/2025,LAL,Marcus Smart,PG
11/14/2025,LAL,Luka Doncic,PG
11/14/2025,LAL,Austin Reaves,SG
11/14/2025,LAL,Rui Hachimura,PF
11/14/2025,LAL,Deandre Ayton,C
11/14/2025,NOP,Jeremiah Fears,PG
11/14/2025,NOP,Trey Murphy III,SF
11/14/2025,NOP,Herbert Jones,SF
11/14/2025,NOP,Saddiq Bey,PF
11/14/2025,NOP,Kevon Looney,C
11/14/2025,LAC,Kris Dunn,PG
11/14/2025,LAC,James Harden,SG
11/14/2025,LAC,Derrick Jones Jr.,SF
11/14/2025,LAC,John Collins,PF
11/14/2025,LAC,Ivica Zubac,C
11/14/2025,DAL,Brandon Williams,PG
11/14/2025,DAL,Max Christie,SG
11/14/2025,DAL,Naji Marshall,SF
11/14/2025,DAL,Cooper Flagg,PF
11/14/2025,DAL,Daniel Gafford,C
11/14/2025,GSW,Stephen Curry,PG
11/14/2025,GSW,Moses Moody,SG
11/14/2025,GSW,Will Richard,SG
11/14/2025,GSW,Jimmy Butler,SF
11/14/2025,GSW,Draymond Green,PF
11/14/2025,SAS,De'Aaron Fox,PG
11/14/2025,SAS,Devin Vassell,SG
11/14/2025,SAS,Stephon Castle,SG
11/14/2025,SAS,Harrison Barnes,SF
11/14/2025,SAS,Victor Wembanyama,PF
11/15/2025,MEM,Ja Morant,PG
11/15/2025,MEM,Cedric Coward,SG
11/15/2025,MEM,Jaylen Wells,SF
11/15/2025,MEM,Jaren Jackson Jr.,PF
11/15/2025,MEM,Zach Edey,C
11/15/2025,CLE,Donovan Mitchell,SG
11/15/2025,CLE,Sam Merrill,SG
11/15/2025,CLE,De'Andre Hunter,SF
11/15/2025,CLE,Evan Mobley,PF
11/15/2025,CLE,Jarrett Allen,C
11/15/2025,OKC,Shai Gilgeous-Alexander,PG
11/15/2025,OKC,Cason Wallace,PG
11/15/2025,OKC,Luguentz Dort,SF
11/15/2025,OKC,Isaiah Hartenstein,C
11/15/2025,OKC,Chet Holmgren,C
11/15/2025,CHO,Collin Sexton,PG
11/15/2025,CHO,Sion James,SG
11/15/2025,CHO,Kon Knueppel,SG
11/15/2025,CHO,Miles Bridges,SF
11/15/2025,CHO,Ryan Kalkbrenner,C
11/15/2025,TOR,Immanuel Quickley,PG
11/15/2025,TOR,RJ Barrett,SG
11/15/2025,TOR,Scottie Barnes,SF
11/15/2025,TOR,Brandon Ingram,SF
11/15/2025,TOR,Jakob Poeltl,C
11/15/2025,IND,Andrew Nembhard,PG
11/15/2025,IND,Pascal Siakam,PF
11/15/2025,IND,Jarace Walker,PF
11/15/2025,IND,Jeremiah Robinson-Earl,C
11/15/2025,IND,Tony Bradley,C
11/15/2025,DEN,Jamal Murray,PG
11/15/2025,DEN,Peyton Watson,SF
11/15/2025,DEN,Tim Hardaway Jr.,SF
11/15/2025,DEN,Aaron Gordon,PF
11/15/2025,DEN,Nikola Jokic,C
11/15/2025,MIN,Anthony Edwards,SG
11/15/2025,MIN,Donte DiVincenzo,SG
11/15/2025,MIN,Julius Randle,PF
11/15/2025,MIN,Jaden McDaniels,PF
11/15/2025,MIN,Rudy Gobert,C
11/15/2025,LAL,Luka Doncic,PG
11/15/2025,LAL,Bronny James Jr.,PG
11/15/2025,LAL,Austin Reaves,SG
11/15/2025,LAL,Jake LaRavia,PF
11/15/2025,LAL,Deandre Ayton,C
11/15/2025,MIL,Ryan Rollins,SG
11/15/2025,MIL,AJ Green,SG
11/15/2025,MIL,Giannis Antetokounmpo,PF
11/15/2025,MIL,Kyle Kuzma,PF
11/15/2025,MIL,Myles Turner,C
11/16/2025,LAC,Kris Dunn,PG
11/16/2025,LAC,James Harden,SG
11/16/2025,LAC,Derrick Jones Jr.,SF
11/16/2025,LAC,John Collins,PF
11/16/2025,LAC,Ivica Zubac,C
11/16/2025,BOS,Payton Pritchard,PG
11/16/2025,BOS,Derrick White,SG
11/16/2025,BOS,Jaylen Brown,SG
11/16/2025,BOS,Jordan Walsh,SF
11/16/2025,BOS,Neemias Queta,C
11/16/2025,SAC,Russell Westbrook,PG
11/16/2025,SAC,Keon Ellis,SG
11/16/2025,SAC,Zach LaVine,SG
11/16/2025,SAC,DeMar DeRozan,SF
11/16/2025,SAC,Domantas Sabonis,C
11/16/2025,SAS,De'Aaron Fox,PG
11/16/2025,SAS,Stephon Castle,SG
11/16/2025,SAS,Devin Vassell,SG
11/16/2025,SAS,Harrison Barnes,SF
11/16/2025,SAS,Luke Kornet,C
11/16/2025,BRK,Egor Demin,PG
11/16/2025,BRK,Terance Mann,PG
11/16/2025,BRK,Michael Porter Jr.,SF
11/16/2025,BRK,Noah Clowney,PF
11/16/2025,BRK,Nicolas Claxton,C
11/16/2025,WAS,CJ McCollum,PG
11/16/2025,WAS,Bilal Coulibaly,SG
11/16/2025,WAS,Khris Middleton,SF
11/16/2025,WAS,Kyshawn George,SF
11/16/2025,WAS,Alexandre Sarr,PF
11/16/2025,GSW,Stephen Curry,PG
11/16/2025,GSW,Will Richard,SG
11/16/2025,GSW,Moses Moody,SG
11/16/2025,GSW,Jimmy Butler,SF
11/16/2025,GSW,Draymond Green,PF
11/16/2025,NOP,Jeremiah Fears,PG
11/16/2025,NOP,Trey Murphy III,SF
11/16/2025,NOP,Herbert Jones,SF
11/16/2025,NOP,Saddiq Bey,PF
11/16/2025,NOP,Derik Queen,C
11/16/2025,ORL,Anthony Black,PG
11/16/2025,ORL,Desmond Bane,SG
11/16/2025,ORL,Franz Wagner,SF
11/16/2025,ORL,Tristan da Silva,PF
11/16/2025,ORL,Wendell Carter Jr.,C
11/16/2025,HOU,Josh Okogie,SG
11/16/2025,HOU,Amen Thompson,SG
11/16/2025,HOU,Kevin Durant,PF
11/16/2025,HOU,Jabari Smith Jr.,PF
11/16/2025,HOU,Alperen Sengun,C
11/16/2025,POR,Shaedon Sharpe,SG
11/16/2025,POR,Toumani Camara,SF
11/16/2025,POR,Deni Avdija,SF
11/16/2025,POR,Jerami Grant,PF
11/16/2025,POR,Donovan Clingan,C
11/16/2025,DAL,Brandon Williams,PG
11/16/2025,DAL,Max Christie,SG
11/16/2025,DAL,Cooper Flagg,PF
11/16/2025,DAL,P.J. Washington,PF
11/16/2025,DAL,Daniel Gafford,C
11/16/2025,ATL,Dyson Daniels,PG
11/16/2025,ATL,Nickeil Alexander-Walker,SG
11/16/2025,ATL,Zaccharie Risacher,SF
11/16/2025,ATL,Jalen Johnson,PF
11/16/2025,ATL,Onyeka Okongwu,C
11/16/2025,PHO,Devin Booker,SG
11/16/2025,PHO,Ryan Dunn,SF
11/16/2025,PHO,Dillon Brooks,SF
11/16/2025,PHO,Royce O'Neale,PF
11/16/2025,PHO,Mark Williams,C
11/16/2025,CHI,Kevin Huerter,SG
11/16/2025,CHI,Josh Giddey,SG
11/16/2025,CHI,Isaac Okoro,SF
11/16/2025,CHI,Matas Buzelis,SF
11/16/2025,CHI,Nikola Vucevic,C
11/16/2025,UTA,Keyonte George,SG
11/16/2025,UTA,Svi Mykhailiuk,SF
11/16/2025,UTA,Ace Bailey,SF
11/16/2025,UTA,Lauri Markkanen,PF
11/16/2025,UTA,Jusuf Nurkic,C
11/17/2025,MIL,AJ Green,SG
11/17/2025,MIL,Ryan Rollins,SG
11/17/2025,MIL,Giannis Antetokounmpo,PF
11/17/2025,MIL,Kyle Kuzma,PF
11/17/2025,MIL,Myles Turner,C
11/17/2025,CLE,Sam Merrill,SG
11/17/2025,CLE,Donovan Mitchell,SG
11/17/2025,CLE,De'Andre Hunter,SF
11/17/2025,CLE,Evan Mobley,PF
11/17/2025,CLE,Jarrett Allen,C
11/17/2025,IND,Andrew Nembhard,PG
11/17/2025,IND,Bennedict Mathurin,SG
11/17/2025,IND,Pascal Siakam,PF
11/17/2025,IND,Jarace Walker,PF
11/17/2025,IND,Isaiah Jackson,PF
11/17/2025,DET,Daniss Jenkins,PG
11/17/2025,DET,Duncan Robinson,SG
11/17/2025,DET,Ron Holland II,SF
11/17/2025,DET,Isaiah Stewart,PF
11/17/2025,DET,Jalen Duren,C
11/17/2025,LAC,Kris Dunn,PG
11/17/2025,LAC,James Harden,SG
11/17/2025,LAC,Kobe Sanders,SG
11/17/2025,LAC,John Collins,PF
11/17/2025,LAC,Ivica Zubac,C
11/17/2025,PHI,Tyrese Maxey,PG
11/17/2025,PHI,VJ Edgecombe,SG
11/17/2025,PHI,Paul George,SF
11/17/2025,PHI,Dominick Barlow,PF
11/17/2025,PHI,Andre Drummond,C
11/17/2025,NYK,Miles McBride,PG
11/17/2025,NYK,Landry Shamet,SG
11/17/2025,NYK,Mikal Bridges,SF
11/17/2025,NYK,Karl-Anthony Towns,PF
11/17/2025,NYK,Mitchell Robinson,C
11/17/2025,MIA,Davion Mitchell,PG
11/17/2025,MIA,Pelle Larsson,SG
11/17/2025,MIA,Norman Powell,SG
11/17/2025,MIA,Andrew Wiggins,SF
11/17/2025,MIA,Kel'el Ware,C
11/17/2025,CHO,LaMelo Ball,PG
11/17/2025,CHO,Sion James,SG
11/17/2025,CHO,Kon Knueppel,SG
11/17/2025,CHO,Miles Bridges,SF
11/17/2025,CHO,Ryan Kalkbrenner,C
11/17/2025,TOR,Immanuel Quickley,PG
11/17/2025,TOR,RJ Barrett,SG
11/17/2025,TOR,Scottie Barnes,SF
11/17/2025,TOR,Brandon Ingram,SF
11/17/2025,TOR,Jakob Poeltl,C
11/17/2025,DAL,Brandon Williams,PG
11/17/2025,DAL,Max Christie,SG
11/17/2025,DAL,P.J. Washington,PF
11/17/2025,DAL,Cooper Flagg,PF
11/17/2025,DAL,Moussa Cisse,C
11/17/2025,MIN,Anthony Edwards,SG
11/17/2025,MIN,Donte DiVincenzo,SG
11/17/2025,MIN,Jaden McDaniels,PF
11/17/2025,MIN,Julius Randle,PF
11/17/2025,MIN,Rudy Gobert,C
11/17/2025,OKC,Cason Wallace,PG
11/17/2025,OKC,Shai Gilgeous-Alexander,PG
11/17/2025,OKC,Luguentz Dort,SF
11/17/2025,OKC,Isaiah Hartenstein,C
11/17/2025,OKC,Chet Holmgren,C
11/17/2025,NOP,Jeremiah Fears,PG
11/17/2025,NOP,Trey Murphy III,SF
11/17/2025,NOP,Herbert Jones,SF
11/17/2025,NOP,Yves Missi,C
11/17/2025,NOP,Derik Queen,C
11/17/2025,CHI,Josh Giddey,SG
11/17/2025,CHI,Kevin Huerter,SG
11/17/2025,CHI,Matas Buzelis,SF
11/17/2025,CHI,Isaac Okoro,SF
11/17/2025,CHI,Nikola Vucevic,C
11/17/2025,DEN,Jamal Murray,PG
11/17/2025,DEN,Peyton Watson,SF
11/17/2025,DEN,Cameron Johnson,PF
11/17/2025,DEN,Aaron Gordon,PF
11/17/2025,DEN,Nikola Jokic,C
11/18/2025,GSW,Stephen Curry,PG
11/18/2025,GSW,Will Richard,SG
11/18/2025,GSW,Moses Moody,SG
11/18/2025,GSW,Jimmy Butler,SF
11/18/2025,GSW,Draymond Green,PF
11/18/2025,ORL,Jalen Suggs,SG
11/18/2025,ORL,Desmond Bane,SG
11/18/2025,ORL,Franz Wagner,SF
11/18/2025,ORL,Tristan da Silva,PF
11/18/2025,ORL,Wendell Carter Jr.,C
11/18/2025,DET,Daniss Jenkins,PG
11/18/2025,DET,Cade Cunningham,PG
11/18/2025,DET,Duncan Robinson,SG
11/18/2025,DET,Isaiah Stewart,PF
11/18/2025,DET,Jalen Duren,C
11/18/2025,ATL,Dyson Daniels,PG
11/18/2025,ATL,Nickeil Alexander-Walker,SG
11/18/2025,ATL,Vit Krejci,SG
11/18/2025,ATL,Jalen Johnson,PF
11/18/2025,ATL,Onyeka Okongwu,C
11/18/2025,BOS,Payton Pritchard,PG
11/18/2025,BOS,Derrick White,SG
11/18/2025,BOS,Jaylen Brown,SG
11/18/2025,BOS,Jordan Walsh,SF
11/18/2025,BOS,Neemias Queta,C
11/18/2025,BRK,Terance Mann,PG
11/18/2025,BRK,Egor Demin,PG
11/18/2025,BRK,Michael Porter Jr.,SF
11/18/2025,BRK,Noah Clowney,PF
11/18/2025,BRK,Nicolas Claxton,C
11/18/2025,MEM,Vince Williams Jr.,SG
11/18/2025,MEM,Cedric Coward,SG
11/18/2025,MEM,Jaylen Wells,SF
11/18/2025,MEM,Jaren Jackson Jr.,PF
11/18/2025,MEM,Zach Edey,C
11/18/2025,SAS,De'Aaron Fox,PG
11/18/2025,SAS,Devin Vassell,SG
11/18/2025,SAS,Harrison Barnes,SF
11/18/2025,SAS,Julian Champagnie,SF
11/18/2025,SAS,Luke Kornet,C
11/18/2025,UTA,Keyonte George,SG
11/18/2025,UTA,Ace Bailey,SF
11/18/2025,UTA,Svi Mykhailiuk,SF
11/18/2025,UTA,Lauri Markkanen,PF
11/18/2025,UTA,Jusuf Nurkic,C
11/18/2025,LAL,Luka Doncic,PG
11/18/2025,LAL,Austin Reaves,SG
11/18/2025,LAL,LeBron James,SF
11/18/2025,LAL,Rui Hachimura,PF
11/18/2025,LAL,Deandre Ayton,C
11/18/2025,PHO,Devin Booker,SG
11/18/2025,PHO,Dillon Brooks,SF
11/18/2025,PHO,Ryan Dunn,SF
11/18/2025,PHO,Royce O'Neale,PF
11/18/2025,PHO,Mark Williams,C
11/18/2025,POR,Shaedon Sharpe,SG
11/18/2025,POR,Toumani Camara,SF
11/18/2025,POR,Deni Avdija,SF
11/18/2025,POR,Kris Murray,PF
11/18/2025,POR,Donovan Clingan,C
11/19/2025,TOR,Immanuel Quickley,PG
11/19/2025,TOR,RJ Barrett,SG
11/19/2025,TOR,Scottie Barnes,SF
11/19/2025,TOR,Brandon Ingram,SF
11/19/2025,TOR,Jakob Poeltl,C
11/19/2025,PHI,Tyrese Maxey,PG
11/19/2025,PHI,VJ Edgecombe,SG
11/19/2025,PHI,Justin Edwards,SF
11/19/2025,PHI,Dominick Barlow,PF
11/19/2025,PHI,Andre Drummond,C
11/19/2025,HOU,Amen Thompson,SG
11/19/2025,HOU,Kevin Durant,PF
11/19/2025,HOU,Jabari Smith Jr.,PF
11/19/2025,HOU,Alperen Sengun,C
11/19/2025,HOU,Steven Adams,C
11/19/2025,CLE,Donovan Mitchell,SG
11/19/2025,CLE,De'Andre Hunter,SF
11/19/2025,CLE,Nae'Qwan Tomlin,PF
11/19/2025,CLE,Evan Mobley,PF
11/19/2025,CLE,Jarrett Allen,C
11/19/2025,CHO,LaMelo Ball,PG
11/19/2025,CHO,Sion James,SG
11/19/2025,CHO,Kon Knueppel,SG
11/19/2025,CHO,Miles Bridges,SF
11/19/2025,CHO,Ryan Kalkbrenner,C
11/19/2025,IND,Andrew Nembhard,PG
11/19/2025,IND,Bennedict Mathurin,SG
11/19/2025,IND,Ben Sheppard,SF
11/19/2025,IND,Isaiah Jackson,PF
11/19/2025,IND,Pascal Siakam,PF
11/19/2025,GSW,Will Richard,SG
11/19/2025,GSW,Brandin Podziemski,SG
11/19/2025,GSW,Moses Moody,SG
11/19/2025,GSW,Gui Santos,SF
11/19/2025,GSW,Trayce Jackson-Davis,PF
11/19/2025,MIA,Davion Mitchell,PG
11/19/2025,MIA,Norman Powell,SG
11/19/2025,MIA,Pelle Larsson,SG
11/19/2025,MIA,Andrew Wiggins,SF
11/19/2025,MIA,Bam Adebayo,C
11/19/2025,WAS,CJ McCollum,PG
11/19/2025,WAS,Bilal Coulibaly,SG
11/19/2025,WAS,Khris Middleton,SF
11/19/2025,WAS,Kyshawn George,SF
11/19/2025,WAS,Marvin Bagley III,PF
11/19/2025,MIN,Mike Conley,PG
11/19/2025,MIN,Donte DiVincenzo,SG
11/19/2025,MIN,Anthony Edwards,SG
11/19/2025,MIN,Julius Randle,PF
11/19/2025,MIN,Rudy Gobert,C
11/19/2025,DEN,Jamal Murray,PG
11/19/2025,DEN,Peyton Watson,SF
11/19/2025,DEN,Cameron Johnson,PF
11/19/2025,DEN,Nikola Jokic,C
11/19/2025,DEN,Zeke Nnaji,C
11/19/2025,NOP,Jeremiah Fears,PG
11/19/2025,NOP,Trey Murphy III,SF
11/19/2025,NOP,Herbert Jones,SF
11/19/2025,NOP,Zion Williamson,PF
11/19/2025,NOP,Derik Queen,C
11/19/2025,SAC,Russell Westbrook,PG
11/19/2025,SAC,Zach LaVine,SG
11/19/2025,SAC,DeMar DeRozan,SF
11/19/2025,SAC,Precious Achiuwa,PF
11/19/2025,SAC,Drew Eubanks,C
11/19/2025,OKC,Cason Wallace,PG
11/19/2025,OKC,Shai Gilgeous-Alexander,PG
11/19/2025,OKC,Luguentz Dort,SF
11/19/2025,OKC,Chet Holmgren,C
11/19/2025,OKC,Isaiah Hartenstein,C
11/19/2025,NYK,Jalen Brunson,PG
11/19/2025,NYK,Landry Shamet,SG
11/19/2025,NYK,Mikal Bridges,SF
11/19/2025,NYK,Karl-Anthony Towns,PF
11/19/2025,NYK,Mitchell Robinson,C
11/19/2025,DAL,Brandon Williams,PG
11/19/2025,DAL,Max Christie,SG
11/19/2025,DAL,Klay Thompson,SG
11/19/2025,DAL,P.J. Washington,PF
11/19/2025,DAL,Dereck Lively II,C
11/19/2025,CHI,Kevin Huerter,SG
11/19/2025,CHI,Josh Giddey,SG
11/19/2025,CHI,Isaac Okoro,SF
11/19/2025,CHI,Matas Buzelis,SF
11/19/2025,CHI,Nikola Vucevic,C
11/19/2025,POR,Deni Avdija,SF
11/19/2025,POR,Sidy Cissoko,SF
11/19/2025,POR,Toumani Camara,SF
11/19/2025,POR,Jerami Grant,PF
11/19/2025,POR,Donovan Clingan,C
11/20/2025,LAC,Kris Dunn,PG
11/20/2025,LAC,James Harden,SG
11/20/2025,LAC,Kobe Sanders,SG
11/20/2025,LAC,John Collins,PF
11/20/2025,LAC,Ivica Zubac,C
11/20/2025,ORL,Desmond Bane,SG
11/20/2025,ORL,Jalen Suggs,SG
11/20/2025,ORL,Franz Wagner,SF
11/20/2025,ORL,Tristan da Silva,PF
11/20/2025,ORL,Wendell Carter Jr.,C
11/20/2025,SAC,Russell Westbrook,PG
11/20/2025,SAC,Zach LaVine,SG
11/20/2025,SAC,DeMar DeRozan,SF
11/20/2025,SAC,Precious Achiuwa,PF
11/20/2025,SAC,Drew Eubanks,C
11/20/2025,MEM,Cedric Coward,SG
11/20/2025,MEM,Vince Williams Jr.,SG
11/20/2025,MEM,Jaylen Wells,SF
11/20/2025,MEM,Santi Aldama,PF
11/20/2025,MEM,Zach Edey,C
11/20/2025,PHI,Tyrese Maxey,PG
11/20/2025,PHI,VJ Edgecombe,SG
11/20/2025,PHI,Justin Edwards,SF
11/20/2025,PHI,Paul George,SF
11/20/2025,PHI,Andre Drummond,C
11/20/2025,MIL,AJ Green,SG
11/20/2025,MIL,Ryan Rollins,SG
11/20/2025,MIL,Bobby Portis,PF
11/20/2025,MIL,Kyle Kuzma,PF
11/20/2025,MIL,Myles Turner,C
11/20/2025,ATL,Dyson Daniels,PG
11/20/2025,ATL,Nickeil Alexander-Walker,SG
11/20/2025,ATL,Zaccharie Risacher,SF
11/20/2025,ATL,Jalen Johnson,PF
11/20/2025,ATL,Kristaps Porzingis,C
11/20/2025,SAS,De'Aaron Fox,PG
11/20/2025,SAS,Devin Vassell,SG
11/20/2025,SAS,Harrison Barnes,SF
11/20/2025,SAS,Julian Champagnie,SF
11/20/2025,SAS,Luke Kornet,C
11/21/2025,IND,Andrew Nembhard,PG
11/21/2025,IND,Bennedict Mathurin,SG
11/21/2025,IND,Ben Sheppard,SF
11/21/2025,IND,Isaiah Jackson,PF
11/21/2025,IND,Pascal Siakam,PF
11/21/2025,CLE,Darius Garland,PG
11/21/2025,CLE,Donovan Mitchell,SG
11/21/2025,CLE,Jaylon Tyson,SF
11/21/2025,CLE,De'Andre Hunter,SF
11/21/2025,CLE,Evan Mobley,PF
11/21/2025,BRK,Egor Demin,PG
11/21/2025,BRK,Terance Mann,PG
11/21/2025,BRK,Michael Porter Jr.,SF
11/21/2025,BRK,Noah Clowney,PF
11/21/2025,BRK,Nicolas Claxton,C
11/21/2025,BOS,Payton Pritchard,PG
11/21/2025,BOS,Jaylen Brown,SG
11/21/2025,BOS,Derrick White,SG
11/21/2025,BOS,Jordan Walsh,SF
11/21/2025,BOS,Neemias Queta,C
11/21/2025,WAS,CJ McCollum,PG
11/21/2025,WAS,Bilal Coulibaly,SG
11/21/2025,WAS,Khris Middleton,SF
11/21/2025,WAS,Kyshawn George,SF
11/21/2025,WAS,Tristan Vukcevic,PF
11/21/2025,TOR,Immanuel Quickley,PG
11/21/2025,TOR,RJ Barrett,SG
11/21/2025,TOR,Brandon Ingram,SF
11/21/2025,TOR,Scottie Barnes,SF
11/21/2025,TOR,Jakob Poeltl,C
11/21/2025,MIA,Davion Mitchell,PG
11/21/2025,MIA,Norman Powell,SG
11/21/2025,MIA,Pelle Larsson,SG
11/21/2025,MIA,Kel'el Ware,C
11/21/2025,MIA,Bam Adebayo,C
11/21/2025,CHI,Ayo Dosunmu,PG
11/21/2025,CHI,Josh Giddey,SG
11/21/2025,CHI,Isaac Okoro,SF
11/21/2025,CHI,Matas Buzelis,SF
11/21/2025,CHI,Nikola Vucevic,C
11/21/2025,NOP,Jeremiah Fears,PG
11/21/2025,NOP,Trey Murphy III,SF
11/21/2025,NOP,Herbert Jones,SF
11/21/2025,NOP,Zion Williamson,PF
11/21/2025,NOP,Derik Queen,C
11/21/2025,DAL,Brandon Williams,PG
11/21/2025,DAL,Max Christie,SG
11/21/2025,DAL,Cooper Flagg,PF
11/21/2025,DAL,P.J. Washington,PF
11/21/2025,DAL,Daniel Gafford,C
11/21/2025,MIN,Anthony Edwards,SG
11/21/2025,MIN,Donte DiVincenzo,SG
11/21/2025,MIN,Julius Randle,PF
11/21/2025,MIN,Jaden McDaniels,PF
11/21/2025,MIN,Rudy Gobert,C
11/21/2025,PHO,Devin Booker,SG
11/21/2025,PHO,Ryan Dunn,SF
11/21/2025,PHO,Dillon Brooks,SF
11/21/2025,PHO,Royce O'Neale,PF
11/21/2025,PHO,Mark Williams,C
11/21/2025,DEN,Jamal Murray,PG
11/21/2025,DEN,Peyton Watson,SF
11/21/2025,DEN,Aaron Gordon,PF
11/21/2025,DEN,Cameron Johnson,PF
11/21/2025,DEN,Nikola Jokic,C
11/21/2025,HOU,Amen Thompson,SG
11/21/2025,HOU,Jabari Smith Jr.,PF
11/21/2025,HOU,Kevin Durant,PF
11/21/2025,HOU,Alperen Sengun,C
11/21/2025,HOU,Steven Adams,C
11/21/2025,POR,Toumani Camara,SF
11/21/2025,POR,Deni Avdija,SF
11/21/2025,POR,Sidy Cissoko,SF
11/21/2025,POR,Jerami Grant,PF
11/21/2025,POR,Donovan Clingan,C
11/21/2025,GSW,Stephen Curry,PG
11/21/2025,GSW,Moses Moody,SG
11/21/2025,GSW,Will Richard,SG
11/21/2025,GSW,Jimmy Butler,SF
11/21/2025,GSW,Draymond Green,PF
11/21/2025,OKC,Shai Gilgeous-Alexander,PG
11/21/2025,OKC,Cason Wallace,PG
11/21/2025,OKC,Luguentz Dort,SF
11/21/2025,OKC,Isaiah Hartenstein,C
11/21/2025,OKC,Chet Holmgren,C
11/21/2025,UTA,Keyonte George,SG
11/21/2025,UTA,Svi Mykhailiuk,SF
11/21/2025,UTA,Ace Bailey,SF
11/21/2025,UTA,Lauri Markkanen,PF
11/21/2025,UTA,Jusuf Nurkic,C
11/22/2025,LAC,Kris Dunn,PG
11/22/2025,LAC,James Harden,SG
11/22/2025,LAC,Kobe Sanders,SG
11/22/2025,LAC,John Collins,PF
11/22/2025,LAC,Ivica Zubac,C
11/22/2025,CHO,LaMelo Ball,PG
11/22/2025,CHO,Kon Knueppel,SG
11/22/2025,CHO,Brandon Miller,SF
11/22/2025,CHO,Miles Bridges,SF
11/22/2025,CHO,Ryan Kalkbrenner,C
11/22/2025,NYK,Jalen Brunson,PG
11/22/2025,NYK,Landry Shamet,SG
11/22/2025,NYK,Mikal Bridges,SF
11/22/2025,NYK,Karl-Anthony Towns,PF
11/22/2025,NYK,Mitchell Robinson,C
11/22/2025,ORL,Desmond Bane,SG
11/22/2025,ORL,Jalen Suggs,SG
11/22/2025,ORL,Franz Wagner,SF
11/22/2025,ORL,Tristan da Silva,PF
11/22/2025,ORL,Wendell Carter Jr.,C
11/22/2025,ATL,Dyson Daniels,PG
11/22/2025,ATL,Nickeil Alexander-Walker,SG
11/22/2025,ATL,Zaccharie Risacher,SF
11/22/2025,ATL,Jalen Johnson,PF
11/22/2025,ATL,Kristaps Porzingis,C
11/22/2025,NOP,Jeremiah Fears,PG
11/22/2025,NOP,Micah Peavy,SF
11/22/2025,NOP,Trey Murphy III,SF
11/22/2025,NOP,Saddiq Bey,PF
11/22/2025,NOP,Derik Queen,C
11/22/2025,DET,Cade Cunningham,PG
11/22/2025,DET,Duncan Robinson,SG
11/22/2025,DET,Ausar Thompson,SG
11/22/2025,DET,Tobias Harris,SF
11/22/2025,DET,Jalen Duren,C
11/22/2025,MIL,AJ Green,SG
11/22/2025,MIL,Ryan Rollins,SG
11/22/2025,MIL,Kyle Kuzma,PF
11/22/2025,MIL,Bobby Portis,PF
11/22/2025,MIL,Myles Turner,C
11/22/2025,WAS,CJ McCollum,PG
11/22/2025,WAS,Bilal Coulibaly,SG
11/22/2025,WAS,Kyshawn George,SF
11/22/2025,WAS,Corey Kispert,SF
11/22/2025,WAS,Alexandre Sarr,PF
11/22/2025,CHI,Ayo Dosunmu,PG
11/22/2025,CHI,Josh Giddey,SG
11/22/2025,CHI,Coby White,SG
11/22/2025,CHI,Matas Buzelis,SF
11/22/2025,CHI,Nikola Vucevic,C
11/22/2025,MEM,Vince Williams Jr.,SG
11/22/2025,MEM,Cedric Coward,SG
11/22/2025,MEM,Jaylen Wells,SF
11/22/2025,MEM,Santi Aldama,PF
11/22/2025,MEM,Zach Edey,C
11/22/2025,DAL,Brandon Williams,PG
11/22/2025,DAL,Max Christie,SG
11/22/2025,DAL,P.J. Washington,PF
11/22/2025,DAL,Cooper Flagg,PF
11/22/2025,DAL,Daniel Gafford,C
11/22/2025,SAC,Russell Westbrook,PG
11/22/2025,SAC,Zach LaVine,SG
11/22/2025,SAC,DeMar DeRozan,SF
11/22/2025,SAC,Keegan Murray,PF
11/22/2025,SAC,Drew Eubanks,C
11/22/2025,DEN,Jamal Murray,PG
11/22/2025,DEN,Peyton Watson,SF
11/22/2025,DEN,Spencer Jones,PF
11/22/2025,DEN,Cameron Johnson,PF
11/22/2025,DEN,Nikola Jokic,C
11/23/2025,MIA,Davion Mitchell,PG
11/23/2025,MIA,Norman Powell,SG
11/23/2025,MIA,Pelle Larsson,SG
11/23/2025,MIA,Bam Adebayo,C
11/23/2025,MIA,Kel'el Ware,C
11/23/2025,PHI,Tyrese Maxey,PG
11/23/2025,PHI,Quentin Grimes,SG
11/23/2025,PHI,Paul George,SF
11/23/2025,PHI,Justin Edwards,SF
11/23/2025,PHI,Andre Drummond,C
11/23/2025,LAC,Kris Dunn,PG
11/23/2025,LAC,James Harden,SG
11/23/2025,LAC,Kawhi Leonard,SF
11/23/2025,LAC,John Collins,PF
11/23/2025,LAC,Ivica Zubac,C
11/23/2025,CLE,Darius Garland,PG
11/23/2025,CLE,Donovan Mitchell,SG
11/23/2025,CLE,De'Andre Hunter,SF
11/23/2025,CLE,Jaylon Tyson,SF
11/23/2025,CLE,Evan Mobley,PF
11/23/2025,CHO,Collin Sexton,PG
11/23/2025,CHO,Sion James,SG
11/23/2025,CHO,Kon Knueppel,SG
11/23/2025,CHO,Miles Bridges,SF
11/23/2025,CHO,Mason Plumlee,C
11/23/2025,ATL,Dyson Daniels,PG
11/23/2025,ATL,Nickeil Alexander-Walker,SG
11/23/2025,ATL,Zaccharie Risacher,SF
11/23/2025,ATL,Jalen Johnson,PF
11/23/2025,ATL,Onyeka Okongwu,C
11/23/2025,BRK,Terance Mann,PG
11/23/2025,BRK,Egor Demin,PG
11/23/2025,BRK,Michael Porter Jr.,SF
11/23/2025,BRK,Noah Clowney,PF
11/23/2025,BRK,Nicolas Claxton,C
11/23/2025,TOR,Immanuel Quickley,PG
11/23/2025,TOR,RJ Barrett,SG
11/23/2025,TOR,Scottie Barnes,SF
11/23/2025,TOR,Brandon Ingram,SF
11/23/2025,TOR,Sandro Mamukelashvili,PF
11/23/2025,ORL,Anthony Black,PG
11/23/2025,ORL,Desmond Bane,SG
11/23/2025,ORL,Franz Wagner,SF
11/23/2025,ORL,Tristan da Silva,PF
11/23/2025,ORL,Orlando Robinson,C
11/23/2025,BOS,Payton Pritchard,PG
11/23/2025,BOS,Jaylen Brown,SG
11/23/2025,BOS,Derrick White,SG
11/23/2025,BOS,Jordan Walsh,SF
11/23/2025,BOS,Neemias Queta,C
11/23/2025,POR,Sidy Cissoko,SF
11/23/2025,POR,Deni Avdija,SF
11/23/2025,POR,Toumani Camara,SF
11/23/2025,POR,Jerami Grant,PF
11/23/2025,POR,Donovan Clingan,C
11/23/2025,OKC,Shai Gilgeous-Alexander,PG
11/23/2025,OKC,Cason Wallace,PG
11/23/2025,OKC,Luguentz Dort,SF
11/23/2025,OKC,Chet Holmgren,C
11/23/2025,OKC,Isaiah Hartenstein,C
11/23/2025,SAS,De'Aaron Fox,PG
11/23/2025,SAS,Devin Vassell,SG
11/23/2025,SAS,Julian Champagnie,SF
11/23/2025,SAS,Harrison Barnes,SF
11/23/2025,SAS,Luke Kornet,C
11/23/2025,PHO,Jordan Goodwin,PG
11/23/2025,PHO,Devin Booker,SG
11/23/2025,PHO,Dillon Brooks,SF
11/23/2025,PHO,Royce O'Neale,PF
11/23/2025,PHO,Mark Williams,C
11/23/2025,LAL,Luka Doncic,PG
11/23/2025,LAL,Austin Reaves,SG
11/23/2025,LAL,LeBron James,SF
11/23/2025,LAL,Rui Hachimura,PF
11/23/2025,LAL,Deandre Ayton,C
11/23/2025,UTA,Keyonte George,SG
11/23/2025,UTA,Ace Bailey,SF
11/23/2025,UTA,Svi Mykhailiuk,SF
11/23/2025,UTA,Lauri Markkanen,PF
11/23/2025,UTA,Jusuf Nurkic,C
11/24/2025,CLE,Lonzo Ball,PG
11/24/2025,CLE,Donovan Mitchell,SG
11/24/2025,CLE,Jaylon Tyson,SF
11/24/2025,CLE,Larry Nance Jr.,PF
11/24/2025,CLE,Evan Mobley,PF
11/24/2025,TOR,Immanuel Quickley,PG
11/24/2025,TOR,Ja'Kobe Walter,SG
11/24/2025,TOR,Scottie Barnes,SF
11/24/2025,TOR,Brandon Ingram,SF
11/24/2025,TOR,Jakob Poeltl,C
11/24/2025,DET,Cade Cunningham,PG
11/24/2025,DET,Duncan Robinson,SG
11/24/2025,DET,Ausar Thompson,SG
11/24/2025,DET,Tobias Harris,SF
11/24/2025,DET,Jalen Duren,C
11/24/2025,IND,Andrew Nembhard,PG
11/24/2025,IND,Bennedict Mathurin,SG
11/24/2025,IND,Ben Sheppard,SF
11/24/2025,IND,Isaiah Jackson,PF
11/24/2025,IND,Pascal Siakam,PF
11/24/2025,DAL,Brandon Williams,PG
11/24/2025,DAL,Max Christie,SG
11/24/2025,DAL,P.J. Washington,PF
11/24/2025,DAL,Cooper Flagg,PF
11/24/2025,DAL,Daniel Gafford,C
11/24/2025,MIA,Davion Mitchell,PG
11/24/2025,MIA,Pelle Larsson,SG
11/24/2025,MIA,Tyler Herro,SG
11/24/2025,MIA,Kel'el Ware,C
11/24/2025,MIA,Bam Adebayo,C
11/24/2025,NYK,Jalen Brunson,PG
11/24/2025,NYK,Miles McBride,PG
11/24/2025,NYK,Josh Hart,SF
11/24/2025,NYK,Mikal Bridges,SF
11/24/2025,NYK,Karl-Anthony Towns,PF
11/24/2025,BRK,Egor Demin,PG
11/24/2025,BRK,Terance Mann,PG
11/24/2025,BRK,Michael Porter Jr.,SF
11/24/2025,BRK,Noah Clowney,PF
11/24/2025,BRK,Nicolas Claxton,C
11/24/2025,POR,Toumani Camara,SF
11/24/2025,POR,Sidy Cissoko,SF
11/24/2025,POR,Deni Avdija,SF
11/24/2025,POR,Jerami Grant,PF
11/24/2025,POR,Donovan Clingan,C
11/24/2025,MIL,AJ Green,SG
11/24/2025,MIL,Ryan Rollins,SG
11/24/2025,MIL,Kyle Kuzma,PF
11/24/2025,MIL,Myles Turner,C
11/24/2025,MIL,Jericho Sims,C
11/24/2025,CHI,Ayo Dosunmu,PG
11/24/2025,CHI,Josh Giddey,SG
11/24/2025,CHI,Coby White,SG
11/24/2025,CHI,Matas Buzelis,SF
11/24/2025,CHI,Patrick Williams,PF
11/24/2025,NOP,Jeremiah Fears,PG
11/24/2025,NOP,Trey Murphy III,SF
11/24/2025,NOP,Zion Williamson,PF
11/24/2025,NOP,Saddiq Bey,PF
11/24/2025,NOP,Derik Queen,C
11/24/2025,DEN,Jamal Murray,PG
11/24/2025,DEN,Peyton Watson,SF
11/24/2025,DEN,Spencer Jones,PF
11/24/2025,DEN,Cameron Johnson,PF
11/24/2025,DEN,Nikola Jokic,C
11/24/2025,MEM,Cedric Coward,SG
11/24/2025,MEM,Vince Williams Jr.,SG
11/24/2025,MEM,Jaylen Wells,SF
11/24/2025,MEM,Jaren Jackson Jr.,PF
11/24/2025,MEM,Zach Edey,C
11/24/2025,HOU,Reed Sheppard,PG
11/24/2025,HOU,Josh Okogie,SG
11/24/2025,HOU,Amen Thompson,SG
11/24/2025,HOU,Jabari Smith Jr.,PF
11/24/2025,HOU,Alperen Sengun,C
11/24/2025,PHO,Jordan Goodwin,PG
11/24/2025,PHO,Devin Booker,SG
11/24/2025,PHO,Dillon Brooks,SF
11/24/2025,PHO,Royce O'Neale,PF
11/24/2025,PHO,Nick Richards,C
11/24/2025,UTA,Keyonte George,SG
11/24/2025,UTA,Ace Bailey,SF
11/24/2025,UTA,Svi Mykhailiuk,SF
11/24/2025,UTA,Lauri Markkanen,PF
11/24/2025,UTA,Jusuf Nurkic,C
11/24/2025,GSW,Gary Payton II,PG
11/24/2025,GSW,Stephen Curry,PG
11/24/2025,GSW,Moses Moody,SG
11/24/2025,GSW,Jimmy Butler,SF
11/24/2025,GSW,Quinten Post,C
11/24/2025,MIN,Anthony Edwards,SG
11/24/2025,MIN,Donte DiVincenzo,SG
11/24/2025,MIN,Julius Randle,PF
11/24/2025,MIN,Jaden McDaniels,PF
11/24/2025,MIN,Rudy Gobert,C
11/24/2025,SAC,Russell Westbrook,PG
11/24/2025,SAC,Zach LaVine,SG
11/24/2025,SAC,DeMar DeRozan,SF
11/24/2025,SAC,Keegan Murray,PF
11/24/2025,SAC,Drew Eubanks,C
11/25/2025,ATL,Dyson Daniels,PG
11/25/2025,ATL,Nickeil Alexander-Walker,SG
11/25/2025,ATL,Zaccharie Risacher,SF
11/25/2025,ATL,Jalen Johnson,PF
11/25/2025,ATL,Kristaps Porzingis,C
11/25/2025,WAS,CJ McCollum,PG
11/25/2025,WAS,Bilal Coulibaly,SG
11/25/2025,WAS,Corey Kispert,SF
11/25/2025,WAS,Khris Middleton,SF
11/25/2025,WAS,Alexandre Sarr,PF
11/25/2025,ORL,Jalen Suggs,SG
11/25/2025,ORL,Desmond Bane,SG
11/25/2025,ORL,Franz Wagner,SF
11/25/2025,ORL,Tristan da Silva,PF
11/25/2025,ORL,Wendell Carter Jr.,C
11/25/2025,PHI,Tyrese Maxey,PG
11/25/2025,PHI,Quentin Grimes,SG
11/25/2025,PHI,Justin Edwards,SF
11/25/2025,PHI,Dominick Barlow,PF
11/25/2025,PHI,Andre Drummond,C
11/25/2025,LAC,Kris Dunn,PG
11/25/2025,LAC,James Harden,SG
11/25/2025,LAC,Kawhi Leonard,SF
11/25/2025,LAC,John Collins,PF
11/25/2025,LAC,Ivica Zubac,C
11/25/2025,LAL,Luka Doncic,PG
11/25/2025,LAL,Austin Reaves,SG
11/25/2025,LAL,LeBron James,SF
11/25/2025,LAL,Rui Hachimura,PF
11/25/2025,LAL,Jaxson Hayes,C
11/26/2025,DET,Cade Cunningham,PG
11/26/2025,DET,Duncan Robinson,SG
11/26/2025,DET,Ausar Thompson,SG
11/26/2025,DET,Tobias Harris,SF
11/26/2025,DET,Jalen Duren,C
11/26/2025,BOS,Payton Pritchard,PG
11/26/2025,BOS,Jaylen Brown,SG
11/26/2025,BOS,Derrick White,SG
11/26/2025,BOS,Jordan Walsh,SF
11/26/2025,BOS,Luka Garza,C
11/26/2025,NYK,Miles McBride,PG
11/26/2025,NYK,Jalen Brunson,PG
11/26/2025,NYK,Josh Hart,SF
11/26/2025,NYK,Mikal Bridges,SF
11/26/2025,NYK,Karl-Anthony Towns,PF
11/26/2025,CHO,LaMelo Ball,PG
11/26/2025,CHO,Kon Knueppel,SG
11/26/2025,CHO,Miles Bridges,SF
11/26/2025,CHO,Brandon Miller,SF
11/26/2025,CHO,Ryan Kalkbrenner,C
11/26/2025,IND,Andrew Nembhard,PG
11/26/2025,IND,Bennedict Mathurin,SG
11/26/2025,IND,Isaiah Jackson,PF
11/26/2025,IND,Pascal Siakam,PF
11/26/2025,IND,Jarace Walker,PF
11/26/2025,TOR,Immanuel Quickley,PG
11/26/2025,TOR,Scottie Barnes,SF
11/26/2025,TOR,Brandon Ingram,SF
11/26/2025,TOR,Collin Murray-Boyles,PF
11/26/2025,TOR,Jakob Poeltl,C
11/26/2025,MIN,Anthony Edwards,SG
11/26/2025,MIN,Donte DiVincenzo,SG
11/26/2025,MIN,Jaden McDaniels,PF
11/26/2025,MIN,Julius Randle,PF
11/26/2025,MIN,Rudy Gobert,C
11/26/2025,OKC,Shai Gilgeous-Alexander,PG
11/26/2025,OKC,Cason Wallace,PG
11/26/2025,OKC,Luguentz Dort,SF
11/26/2025,OKC,Isaiah Hartenstein,C
11/26/2025,OKC,Chet Holmgren,C
11/26/2025,MIL,Gary Trent Jr.,SG
11/26/2025,MIL,Ryan Rollins,SG
11/26/2025,MIL,AJ Green,SG
11/26/2025,MIL,Kyle Kuzma,PF
11/26/2025,MIL,Myles Turner,C
11/26/2025,MIA,Davion Mitchell,PG
11/26/2025,MIA,Norman Powell,SG
11/26/2025,MIA,Tyler Herro,SG
11/26/2025,MIA,Andrew Wiggins,SF
11/26/2025,MIA,Bam Adebayo,C
11/26/2025,MEM,Cedric Coward,SG
11/26/2025,MEM,Vince Williams Jr.,SG
11/26/2025,MEM,Jaylen Wells,SF
11/26/2025,MEM,Jaren Jackson Jr.,PF
11/26/2025,MEM,Zach Edey,C
11/26/2025,NOP,Jeremiah Fears,PG
11/26/2025,NOP,Trey Murphy III,SF
11/26/2025,NOP,Zion Williamson,PF
11/26/2025,NOP,Saddiq Bey,PF
11/26/2025,NOP,Derik Queen,C
11/26/2025,HOU,Reed Sheppard,PG
11/26/2025,HOU,Amen Thompson,SG
11/26/2025,HOU,Josh Okogie,SG
11/26/2025,HOU,Jabari Smith Jr.,PF
11/26/2025,HOU,Alperen Sengun,C
11/26/2025,GSW,Stephen Curry,PG
11/26/2025,GSW,Moses Moody,SG
11/26/2025,GSW,Will Richard,SG
11/26/2025,GSW,Jimmy Butler,SF
11/26/2025,GSW,Draymond Green,PF
11/26/2025,SAS,De'Aaron Fox,PG
11/26/2025,SAS,Devin Vassell,SG
11/26/2025,SAS,Harrison Barnes,SF
11/26/2025,SAS,Julian Champagnie,SF
11/26/2025,SAS,Luke Kornet,C
11/26/2025,POR,Sidy Cissoko,SF
11/26/2025,POR,Deni Avdija,SF
11/26/2025,POR,Toumani Camara,SF
11/26/2025,POR,Jerami Grant,PF
11/26/2025,POR,Donovan Clingan,C
11/26/2025,PHO,Collin Gillespie,PG
11/26/2025,PHO,Devin Booker,SG
11/26/2025,PHO,Dillon Brooks,SF
11/26/2025,PHO,Royce O'Neale,PF
11/26/2025,PHO,Mark Williams,C
11/26/2025,SAC,Russell Westbrook,PG
11/26/2025,SAC,Zach LaVine,SG
11/26/2025,SAC,DeMar DeRozan,SF
11/26/2025,SAC,Keegan Murray,PF
11/26/2025,SAC,Drew Eubanks,C
11/28/2025,CLE,Darius Garland,PG
11/28/2025,CLE,Donovan Mitchell,SG
11/28/2025,CLE,De'Andre Hunter,SF
11/28/2025,CLE,Evan Mobley,PF
11/28/2025,CLE,Jarrett Allen,C
11/28/2025,ATL,Dyson Daniels,PG
11/28/2025,ATL,Nickeil Alexander-Walker,SG
11/28/2025,ATL,Zaccharie Risacher,SF
11/28/2025,ATL,Jalen Johnson,PF
11/28/2025,ATL,Onyeka Okongwu,C
11/28/2025,WAS,CJ McCollum,PG
11/28/2025,WAS,Bilal Coulibaly,SG
11/28/2025,WAS,Khris Middleton,SF
11/28/2025,WAS,Kyshawn George,SF
11/28/2025,WAS,Alexandre Sarr,PF
11/28/2025,IND,Bennedict Mathurin,SG
11/28/2025,IND,Ben Sheppard,SF
11/28/2025,IND,Jarace Walker,PF
11/28/2025,IND,Pascal Siakam,PF
11/28/2025,IND,Jay Huff,C
11/28/2025,ORL,Jalen Suggs,SG
11/28/2025,ORL,Desmond Bane,SG
11/28/2025,ORL,Franz Wagner,SF
11/28/2025,ORL,Tristan da Silva,PF
11/28/2025,ORL,Wendell Carter Jr.,C
11/28/2025,DET,Cade Cunningham,PG
11/28/2025,DET,Ausar Thompson,SG
11/28/2025,DET,Duncan Robinson,SG
11/28/2025,DET,Tobias Harris,SF
11/28/2025,DET,Jalen Duren,C
11/28/2025,PHI,Tyrese Maxey,PG
11/28/2025,PHI,Quentin Grimes,SG
11/28/2025,PHI,Paul George,SF
11/28/2025,PHI,Dominick Barlow,PF
11/28/2025,PHI,Andre Drummond,C
11/28/2025,BRK,Terance Mann,PG
11/28/2025,BRK,Egor Demin,PG
11/28/2025,BRK,Ziaire Williams,SF
11/28/2025,BRK,Noah Clowney,PF
11/28/2025,BRK,Nicolas Claxton,C
11/28/2025,MIL,Ryan Rollins,SG
11/28/2025,MIL,AJ Green,SG
11/28/2025,MIL,Gary Trent Jr.,SG
11/28/2025,MIL,Giannis Antetokounmpo,PF
11/28/2025,MIL,Myles Turner,C
11/28/2025,NYK,Miles McBride,PG
11/28/2025,NYK,Jalen Brunson,PG
11/28/2025,NYK,Mikal Bridges,SF
11/28/2025,NYK,Josh Hart,SF
11/28/2025,NYK,Karl-Anthony Towns,PF
11/28/2025,CHI,Kevin Huerter,SG
11/28/2025,CHI,Coby White,SG
11/28/2025,CHI,Josh Giddey,SG
11/28/2025,CHI,Matas Buzelis,SF
11/28/2025,CHI,Nikola Vucevic,C
11/28/2025,CHO,LaMelo Ball,PG
11/28/2025,CHO,Kon Knueppel,SG
11/28/2025,CHO,Brandon Miller,SF
11/28/2025,CHO,Miles Bridges,SF
11/28/2025,CHO,Ryan Kalkbrenner,C
11/28/2025,SAC,Russell Westbrook,PG
11/28/2025,SAC,Zach LaVine,SG
11/28/2025,SAC,DeMar DeRozan,SF
11/28/2025,SAC,Keegan Murray,PF
11/28/2025,SAC,Drew Eubanks,C
11/28/2025,UTA,Keyonte George,SG
11/28/2025,UTA,Ace Bailey,SF
11/28/2025,UTA,Svi Mykhailiuk,SF
11/28/2025,UTA,Lauri Markkanen,PF
11/28/2025,UTA,Jusuf Nurkic,C
11/28/2025,PHO,Collin Gillespie,PG
11/28/2025,PHO,Devin Booker,SG
11/28/2025,PHO,Dillon Brooks,SF
11/28/2025,PHO,Royce O'Neale,PF
11/28/2025,PHO,Mark Williams,C
11/28/2025,OKC,Shai Gilgeous-Alexander,PG
11/28/2025,OKC,Cason Wallace,PG
11/28/2025,OKC,Luguentz Dort,SF
11/28/2025,OKC,Jalen Williams,SF
11/28/2025,OKC,Chet Holmgren,C
11/28/2025,SAS,De'Aaron Fox,PG
11/28/2025,SAS,Devin Vassell,SG
11/28/2025,SAS,Harrison Barnes,SF
11/28/2025,SAS,Julian Champagnie,SF
11/28/2025,SAS,Luke Kornet,C
11/28/2025,DEN,Jamal Murray,PG
11/28/2025,DEN,Peyton Watson,SF
11/28/2025,DEN,Spencer Jones,PF
11/28/2025,DEN,Cameron Johnson,PF
11/28/2025,DEN,Nikola Jokic,C
11/28/2025,MEM,Cedric Coward,SG
11/28/2025,MEM,Vince Williams Jr.,SG
11/28/2025,MEM,Jaylen Wells,SF
11/28/2025,MEM,Jaren Jackson Jr.,PF
11/28/2025,MEM,Zach Edey,C
11/28/2025,LAC,Kris Dunn,PG
11/28/2025,LAC,James Harden,SG
11/28/2025,LAC,Kawhi Leonard,SF
11/28/2025,LAC,John Collins,PF
11/28/2025,LAC,Ivica Zubac,C
11/28/2025,DAL,Ryan Nembhard,PG
11/28/2025,DAL,Max Christie,SG
11/28/2025,DAL,P.J. Washington,PF
11/28/2025,DAL,Cooper Flagg,PF
11/28/2025,DAL,Anthony Davis,C
11/28/2025,LAL,Luka Doncic,PG
11/28/2025,LAL,Austin Reaves,SG
11/28/2025,LAL,LeBron James,SF
11/28/2025,LAL,Rui Hachimura,PF
11/28/2025,LAL,Deandre Ayton,C
11/29/2025,BOS,Payton Pritchard,PG
11/29/2025,BOS,Jaylen Brown,SG
11/29/2025,BOS,Derrick White,SG
11/29/2025,BOS,Jordan Walsh,SF
11/29/2025,BOS,Neemias Queta,C
11/29/2025,MIN,Donte DiVincenzo,SG
11/29/2025,MIN,Anthony Edwards,SG
11/29/2025,MIN,Julius Randle,PF
11/29/2025,MIN,Jaden McDaniels,PF
11/29/2025,MIN,Rudy Gobert,C
11/29/2025,TOR,Immanuel Quickley,PG
11/29/2025,TOR,Ja'Kobe Walter,SG
11/29/2025,TOR,Brandon Ingram,SF
11/29/2025,TOR,Scottie Barnes,SF
11/29/2025,TOR,Jakob Poeltl,C
11/29/2025,CHO,LaMelo Ball,PG
11/29/2025,CHO,Kon Knueppel,SG
11/29/2025,CHO,Brandon Miller,SF
11/29/2025,CHO,Miles Bridges,SF
11/29/2025,CHO,Ryan Kalkbrenner,C
11/29/2025,CHI,Ayo Dosunmu,PG
11/29/2025,CHI,Josh Giddey,SG
11/29/2025,CHI,Kevin Huerter,SG
11/29/2025,CHI,Matas Buzelis,SF
11/29/2025,CHI,Nikola Vucevic,C
11/29/2025,IND,Andrew Nembhard,PG
11/29/2025,IND,Bennedict Mathurin,SG
11/29/2025,IND,Ben Sheppard,SF
11/29/2025,IND,Pascal Siakam,PF
11/29/2025,IND,Jay Huff,C
11/29/2025,DET,Cade Cunningham,PG
11/29/2025,DET,Ausar Thompson,SG
11/29/2025,DET,Duncan Robinson,SG
11/29/2025,DET,Tobias Harris,SF
11/29/2025,DET,Isaiah Stewart,PF
11/29/2025,MIA,Davion Mitchell,PG
11/29/2025,MIA,Norman Powell,SG
11/29/2025,MIA,Tyler Herro,SG
11/29/2025,MIA,Andrew Wiggins,SF
11/29/2025,MIA,Bam Adebayo,C
11/29/2025,BRK,Terance Mann,PG
11/29/2025,BRK,Tyrese Martin,SG
11/29/2025,BRK,Ziaire Williams,SF
11/29/2025,BRK,Noah Clowney,PF
11/29/2025,BRK,Nicolas Claxton,C
11/29/2025,MIL,Kevin Porter Jr.,PG
11/29/2025,MIL,AJ Green,SG
11/29/2025,MIL,Ryan Rollins,SG
11/29/2025,MIL,Giannis Antetokounmpo,PF
11/29/2025,MIL,Myles Turner,C
11/29/2025,NOP,Jeremiah Fears,PG
11/29/2025,NOP,Bryce McGowens,SG
11/29/2025,NOP,Saddiq Bey,PF
11/29/2025,NOP,Zion Williamson,PF
11/29/2025,NOP,Derik Queen,C
11/29/2025,GSW,Moses Moody,SG
11/29/2025,GSW,Brandin Podziemski,SG
11/29/2025,GSW,Jimmy Butler,SF
11/29/2025,GSW,Draymond Green,PF
11/29/2025,GSW,Quinten Post,C
11/29/2025,DEN,Jamal Murray,PG
11/29/2025,DEN,Peyton Watson,SF
11/29/2025,DEN,Cameron Johnson,PF
11/29/2025,DEN,Spencer Jones,PF
11/29/2025,DEN,Nikola Jokic,C
11/29/2025,PHO,Devin Booker,SG
11/29/2025,PHO,Grayson Allen,SF
11/29/2025,PHO,Dillon Brooks,SF
11/29/2025,PHO,Royce O'Neale,PF
11/29/2025,PHO,Oso Ighodaro,PF
11/29/2025,DAL,Ryan Nembhard,PG
11/29/2025,DAL,Max Christie,SG
11/29/2025,DAL,Naji Marshall,SF
11/29/2025,DAL,Cooper Flagg,PF
11/29/2025,DAL,Dwight Powell,C
11/29/2025,LAC,Kris Dunn,PG
11/29/2025,LAC,James Harden,SG
11/29/2025,LAC,Kawhi Leonard,SF
11/29/2025,LAC,John Collins,PF
11/29/2025,LAC,Ivica Zubac,C
11/30/2025,HOU,Reed Sheppard,PG
11/30/2025,HOU,Amen Thompson,SG
11/30/2025,HOU,Kevin Durant,PF
11/30/2025,HOU,Jabari Smith Jr.,PF
11/30/2025,HOU,Alperen Sengun,C
11/30/2025,UTA,Keyonte George,SG
11/30/2025,UTA,Svi Mykhailiuk,SF
11/30/2025,UTA,Ace Bailey,SF
11/30/2025,UTA,Lauri Markkanen,PF
11/30/2025,UTA,Jusuf Nurkic,C
11/30/2025,BOS,Payton Pritchard,PG
11/30/2025,BOS,Jaylen Brown,SG
11/30/2025,BOS,Sam Hauser,SF
11/30/2025,BOS,Jordan Walsh,SF
11/30/2025,BOS,Xavier Tillman,C
11/30/2025,CLE,Darius Garland,PG
11/30/2025,CLE,Donovan Mitchell,SG
11/30/2025,CLE,De'Andre Hunter,SF
11/30/2025,CLE,Jaylon Tyson,SF
11/30/2025,CLE,Evan Mobley,PF
11/30/2025,TOR,Immanuel Quickley,PG
11/30/2025,TOR,Ja'Kobe Walter,SG
11/30/2025,TOR,Scottie Barnes,SF
11/30/2025,TOR,Brandon Ingram,SF
11/30/2025,TOR,Jamison Battle,PF
11/30/2025,NYK,Miles McBride,PG
11/30/2025,NYK,Jalen Brunson,PG
11/30/2025,NYK,Mikal Bridges,SF
11/30/2025,NYK,Josh Hart,SF
11/30/2025,NYK,Karl-Anthony Towns,PF
11/30/2025,ATL,Dyson Daniels,PG
11/30/2025,ATL,Nickeil Alexander-Walker,SG
11/30/2025,ATL,Zaccharie Risacher,SF
11/30/2025,ATL,Jalen Johnson,PF
11/30/2025,ATL,Onyeka Okongwu,C
11/30/2025,PHI,Tyrese Maxey,PG
11/30/2025,PHI,VJ Edgecombe,SG
11/30/2025,PHI,Paul George,SF
11/30/2025,PHI,Dominick Barlow,PF
11/30/2025,PHI,Joel Embiid,C
11/30/2025,OKC,Shai Gilgeous-Alexander,PG
11/30/2025,OKC,Cason Wallace,PG
11/30/2025,OKC,Luguentz Dort,SF
11/30/2025,OKC,Jalen Williams,SF
11/30/2025,OKC,Chet Holmgren,C
11/30/2025,POR,Toumani Camara,SF
11/30/2025,POR,Sidy Cissoko,SF
11/30/2025,POR,Deni Avdija,SF
11/30/2025,POR,Kris Murray,PF
11/30/2025,POR,Jerami Grant,PF
11/30/2025,SAS,De'Aaron Fox,PG
11/30/2025,SAS,Devin Vassell,SG
11/30/2025,SAS,Harrison Barnes,SF
11/30/2025,SAS,Julian Champagnie,SF
11/30/2025,SAS,Luke Kornet,C
11/30/2025,MIN,Anthony Edwards,SG
11/30/2025,MIN,Donte DiVincenzo,SG
11/30/2025,MIN,Jaden McDaniels,PF
11/30/2025,MIN,Julius Randle,PF
11/30/2025,MIN,Rudy Gobert,C
11/30/2025,MEM,Cedric Coward,SG
11/30/2025,MEM,Vince Williams Jr.,SG
11/30/2025,MEM,Jaylen Wells,SF
11/30/2025,MEM,Jaren Jackson Jr.,PF
11/30/2025,MEM,Zach Edey,C
11/30/2025,SAC,Russell Westbrook,PG
11/30/2025,SAC,Zach LaVine,SG
11/30/2025,SAC,DeMar DeRozan,SF
11/30/2025,SAC,Keegan Murray,PF
11/30/2025,SAC,Drew Eubanks,C
11/30/2025,NOP,Jeremiah Fears,PG
11/30/2025,NOP,Bryce McGowens,SG
11/30/2025,NOP,Saddiq Bey,PF
11/30/2025,NOP,Yves Missi,C
11/30/2025,NOP,Derik Queen,C
11/30/2025,LAL,Luka Doncic,PG
11/30/2025,LAL,Gabe Vincent,PG
11/30/2025,LAL,Austin Reaves,SG
11/30/2025,LAL,Rui Hachimura,PF
11/30/2025,LAL,Deandre Ayton,C
12/01/2025,ATL,Dyson Daniels,PG
12/01/2025,ATL,Nickeil Alexander-Walker,SG
12/01/2025,ATL,Zaccharie Risacher,SF
12/01/2025,ATL,Jalen Johnson,PF
12/01/2025,ATL,Onyeka Okongwu,C
12/01/2025,DET,Daniss Jenkins,PG
12/01/2025,DET,Cade Cunningham,PG
12/01/2025,DET,Ausar Thompson,SG
12/01/2025,DET,Tobias Harris,SF
12/01/2025,DET,Jalen Duren,C
12/01/2025,CLE,Donovan Mitchell,SG
12/01/2025,CLE,Jaylon Tyson,SF
12/01/2025,CLE,De'Andre Hunter,SF
12/01/2025,CLE,Evan Mobley,PF
12/01/2025,CLE,Dean Wade,PF
12/01/2025,IND,Andrew Nembhard,PG
12/01/2025,IND,Bennedict Mathurin,SG
12/01/2025,IND,Pascal Siakam,PF
12/01/2025,IND,Jarace Walker,PF
12/01/2025,IND,Jay Huff,C
12/01/2025,MIL,Kevin Porter Jr.,PG
12/01/2025,MIL,Ryan Rollins,SG
12/01/2025,MIL,AJ Green,SG
12/01/2025,MIL,Giannis Antetokounmpo,PF
12/01/2025,MIL,Myles Turner,C
12/01/2025,WAS,CJ McCollum,PG
12/01/2025,WAS,Bilal Coulibaly,SG
12/01/2025,WAS,Kyshawn George,SF
12/01/2025,WAS,Khris Middleton,SF
12/01/2025,WAS,Marvin Bagley III,PF
12/01/2025,CHO,LaMelo Ball,PG
12/01/2025,CHO,Kon Knueppel,SG
12/01/2025,CHO,Sion James,SG
12/01/2025,CHO,Miles Bridges,SF
12/01/2025,CHO,Ryan Kalkbrenner,C
12/01/2025,BRK,Egor Demin,PG
12/01/2025,BRK,Tyrese Martin,SG
12/01/2025,BRK,Michael Porter Jr.,SF
12/01/2025,BRK,Noah Clowney,PF
12/01/2025,BRK,Nicolas Claxton,C
12/01/2025,LAC,Kris Dunn,PG
12/01/2025,LAC,James Harden,SG
12/01/2025,LAC,Kawhi Leonard,SF
12/01/2025,LAC,John Collins,PF
12/01/2025,LAC,Ivica Zubac,C
12/01/2025,MIA,Davion Mitchell,PG
12/01/2025,MIA,Norman Powell,SG
12/01/2025,MIA,Tyler Herro,SG
12/01/2025,MIA,Andrew Wiggins,SF
12/01/2025,MIA,Bam Adebayo,C
12/01/2025,CHI,Ayo Dosunmu,PG
12/01/2025,CHI,Josh Giddey,SG
12/01/2025,CHI,Kevin Huerter,SG
12/01/2025,CHI,Matas Buzelis,SF
12/01/2025,CHI,Nikola Vucevic,C
12/01/2025,ORL,Jalen Suggs,SG
12/01/2025,ORL,Desmond Bane,SG
12/01/2025,ORL,Franz Wagner,SF
12/01/2025,ORL,Tristan da Silva,PF
12/01/2025,ORL,Wendell Carter Jr.,C
12/01/2025,DAL,Ryan Nembhard,PG
12/01/2025,DAL,Max Christie,SG
12/01/2025,DAL,Naji Marshall,SF
12/01/2025,DAL,Cooper Flagg,PF
12/01/2025,DAL,Anthony Davis,C
12/01/2025,DEN,Jamal Murray,PG
12/01/2025,DEN,Peyton Watson,SF
12/01/2025,DEN,Cameron Johnson,PF
12/01/2025,DEN,Spencer Jones,PF
12/01/2025,DEN,Nikola Jokic,C
12/01/2025,HOU,Reed Sheppard,PG
12/01/2025,HOU,Amen Thompson,SG
12/01/2025,HOU,Jabari Smith Jr.,PF
12/01/2025,HOU,Kevin Durant,PF
12/01/2025,HOU,Alperen Sengun,C
12/01/2025,UTA,Keyonte George,SG
12/01/2025,UTA,Svi Mykhailiuk,SF
12/01/2025,UTA,Ace Bailey,SF
12/01/2025,UTA,Lauri Markkanen,PF
12/01/2025,UTA,Jusuf Nurkic,C
12/01/2025,PHO,Collin Gillespie,PG
12/01/2025,PHO,Devin Booker,SG
12/01/2025,PHO,Dillon Brooks,SF
12/01/2025,PHO,Royce O'Neale,PF
12/01/2025,PHO,Mark Williams,C
12/01/2025,LAL,Luka Doncic,PG
12/01/2025,LAL,Austin Reaves,SG
12/01/2025,LAL,LeBron James,SF
12/01/2025,LAL,Rui Hachimura,PF
12/01/2025,LAL,Deandre Ayton,C
12/02/2025,WAS,CJ McCollum,PG
12/02/2025,WAS,Bilal Coulibaly,SG
12/02/2025,WAS,Justin Champagnie,SG
12/02/2025,WAS,Kyshawn George,SF
12/02/2025,WAS,Marvin Bagley III,PF
12/02/2025,PHI,Tyrese Maxey,PG
12/02/2025,PHI,VJ Edgecombe,SG
12/02/2025,PHI,Paul George,SF
12/02/2025,PHI,Dominick Barlow,PF
12/02/2025,PHI,Andre Drummond,C
12/02/2025,POR,Toumani Camara,SF
12/02/2025,POR,Sidy Cissoko,SF
12/02/2025,POR,Deni Avdija,SF
12/02/2025,POR,Jerami Grant,PF
12/02/2025,POR,Donovan Clingan,C
12/02/2025,TOR,Immanuel Quickley,PG
12/02/2025,TOR,Ja'Kobe Walter,SG
12/02/2025,TOR,Brandon Ingram,SF
12/02/2025,TOR,Scottie Barnes,SF
12/02/2025,TOR,Jakob Poeltl,C
12/02/2025,MEM,Vince Williams Jr.,SG
12/02/2025,MEM,Cedric Coward,SG
12/02/2025,MEM,Jaylen Wells,SF
12/02/2025,MEM,Jaren Jackson Jr.,PF
12/02/2025,MEM,Zach Edey,C
12/02/2025,SAS,De'Aaron Fox,PG
12/02/2025,SAS,Devin Vassell,SG
12/02/2025,SAS,Harrison Barnes,SF
12/02/2025,SAS,Julian Champagnie,SF
12/02/2025,SAS,Luke Kornet,C
12/02/2025,MIN,Anthony Edwards,SG
12/02/2025,MIN,Donte DiVincenzo,SG
12/02/2025,MIN,Julius Randle,PF
12/02/2025,MIN,Jaden McDaniels,PF
12/02/2025,MIN,Rudy Gobert,C
12/02/2025,NOP,Jeremiah Fears,PG
12/02/2025,NOP,Bryce McGowens,SG
12/02/2025,NOP,Trey Murphy III,SF
12/02/2025,NOP,Saddiq Bey,PF
12/02/2025,NOP,Derik Queen,C
12/02/2025,NYK,Jalen Brunson,PG
12/02/2025,NYK,Miles McBride,PG
12/02/2025,NYK,Josh Hart,SF
12/02/2025,NYK,Mikal Bridges,SF
12/02/2025,NYK,Karl-Anthony Towns,PF
12/02/2025,BOS,Payton Pritchard,PG
12/02/2025,BOS,Derrick White,SG
12/02/2025,BOS,Jaylen Brown,SG
12/02/2025,BOS,Jordan Walsh,SF
12/02/2025,BOS,Neemias Queta,C
12/02/2025,OKC,Cason Wallace,PG
12/02/2025,OKC,Ajay Mitchell,PG
12/02/2025,OKC,Shai Gilgeous-Alexander,PG
12/02/2025,OKC,Jalen Williams,SF
12/02/2025,OKC,Chet Holmgren,C
12/02/2025,GSW,Moses Moody,SG
12/02/2025,GSW,Brandin Podziemski,SG
12/02/2025,GSW,Will Richard,SG
12/02/2025,GSW,Jimmy Butler,SF
12/02/2025,GSW,Draymond Green,PF
12/03/2025,DEN,Jamal Murray,PG
12/03/2025,DEN,Peyton Watson,SF
12/03/2025,DEN,Spencer Jones,PF
12/03/2025,DEN,Cameron Johnson,PF
12/03/2025,DEN,Nikola Jokic,C
12/03/2025,IND,Andrew Nembhard,PG
12/03/2025,IND,Bennedict Mathurin,SG
12/03/2025,IND,Ben Sheppard,SF
12/03/2025,IND,Pascal Siakam,PF
12/03/2025,IND,Jay Huff,C
12/03/2025,SAS,De'Aaron Fox,PG
12/03/2025,SAS,Devin Vassell,SG
12/03/2025,SAS,Julian Champagnie,SF
12/03/2025,SAS,Harrison Barnes,SF
12/03/2025,SAS,Luke Kornet,C
12/03/2025,ORL,Desmond Bane,SG
12/03/2025,ORL,Jalen Suggs,SG
12/03/2025,ORL,Franz Wagner,SF
12/03/2025,ORL,Tristan da Silva,PF
12/03/2025,ORL,Wendell Carter Jr.,C
12/03/2025,POR,Deni Avdija,SF
12/03/2025,POR,Sidy Cissoko,SF
12/03/2025,POR,Toumani Camara,SF
12/03/2025,POR,Jerami Grant,PF
12/03/2025,POR,Donovan Clingan,C
12/03/2025,CLE,Darius Garland,PG
12/03/2025,CLE,Donovan Mitchell,SG
12/03/2025,CLE,Jaylon Tyson,SF
12/03/2025,CLE,De'Andre Hunter,SF
12/03/2025,CLE,Evan Mobley,PF
12/03/2025,CHO,LaMelo Ball,PG
12/03/2025,CHO,Kon Knueppel,SG
12/03/2025,CHO,Sion James,SG
12/03/2025,CHO,Miles Bridges,SF
12/03/2025,CHO,Moussa Diabate,PF
12/03/2025,NYK,Jalen Brunson,PG
12/03/2025,NYK,Miles McBride,PG
12/03/2025,NYK,Josh Hart,SF
12/03/2025,NYK,Mikal Bridges,SF
12/03/2025,NYK,Karl-Anthony Towns,PF
12/03/2025,LAC,Kris Dunn,PG
12/03/2025,LAC,James Harden,SG
12/03/2025,LAC,Kawhi Leonard,SF
12/03/2025,LAC,John Collins,PF
12/03/2025,LAC,Ivica Zubac,C
12/03/2025,ATL,Dyson Daniels,PG
12/03/2025,ATL,Nickeil Alexander-Walker,SG
12/03/2025,ATL,Zaccharie Risacher,SF
12/03/2025,ATL,Mouhamed Gueye,PF
12/03/2025,ATL,Onyeka Okongwu,C
12/03/2025,BRK,Egor Demin,PG
12/03/2025,BRK,Tyrese Martin,SG
12/03/2025,BRK,Michael Porter Jr.,SF
12/03/2025,BRK,Noah Clowney,PF
12/03/2025,BRK,Nicolas Claxton,C
12/03/2025,CHI,Ayo Dosunmu,PG
12/03/2025,CHI,Josh Giddey,SG
12/03/2025,CHI,Julian Phillips,SF
12/03/2025,CHI,Matas Buzelis,SF
12/03/2025,CHI,Nikola Vucevic,C
12/03/2025,SAC,Russell Westbrook,PG
12/03/2025,SAC,Zach LaVine,SG
12/03/2025,SAC,DeMar DeRozan,SF
12/03/2025,SAC,Keegan Murray,PF
12/03/2025,SAC,Drew Eubanks,C
12/03/2025,HOU,Josh Okogie,SG
12/03/2025,HOU,Amen Thompson,SG
12/03/2025,HOU,Kevin Durant,PF
12/03/2025,HOU,Jabari Smith Jr.,PF
12/03/2025,HOU,Alperen Sengun,C
12/03/2025,DET,Cade Cunningham,PG
12/03/2025,DET,Daniss Jenkins,PG
12/03/2025,DET,Ausar Thompson,SG
12/03/2025,DET,Tobias Harris,SF
12/03/2025,DET,Jalen Duren,C
12/03/2025,MIL,Kevin Porter Jr.,PG
12/03/2025,MIL,Ryan Rollins,SG
12/03/2025,MIL,AJ Green,SG
12/03/2025,MIL,Giannis Antetokounmpo,PF
12/03/2025,MIL,Myles Turner,C
12/03/2025,MIA,Davion Mitchell,PG
12/03/2025,MIA,Pelle Larsson,SG
12/03/2025,MIA,Tyler Herro,SG
12/03/2025,MIA,Andrew Wiggins,SF
12/03/2025,MIA,Bam Adebayo,C
12/03/2025,DAL,Ryan Nembhard,PG
12/03/2025,DAL,Max Christie,SG
12/03/2025,DAL,Naji Marshall,SF
12/03/2025,DAL,Cooper Flagg,PF
12/03/2025,DAL,Anthony Davis,C
12/04/2025,GSW,Will Richard,SG
12/04/2025,GSW,Moses Moody,SG
12/04/2025,GSW,Brandin Podziemski,SG
12/04/2025,GSW,Draymond Green,PF
12/04/2025,GSW,Al Horford,C
12/04/2025,PHI,Tyrese Maxey,PG
12/04/2025,PHI,Quentin Grimes,SG
12/04/2025,PHI,VJ Edgecombe,SG
12/04/2025,PHI,Dominick Barlow,PF
12/04/2025,PHI,Joel Embiid,C
12/04/2025,BOS,Payton Pritchard,PG
12/04/2025,BOS,Derrick White,SG
12/04/2025,BOS,Sam Hauser,SF
12/04/2025,BOS,Jordan Walsh,SF
12/04/2025,BOS,Neemias Queta,C
12/04/2025,WAS,CJ McCollum,PG
12/04/2025,WAS,Jamir Watkins,SG
12/04/2025,WAS,Kyshawn George,SF
12/04/2025,WAS,Khris Middleton,SF
12/04/2025,WAS,Marvin Bagley III,PF
12/04/2025,LAL,Gabe Vincent,PG
12/04/2025,LAL,Austin Reaves,SG
12/04/2025,LAL,LeBron James,SF
12/04/2025,LAL,Rui Hachimura,PF
12/04/2025,LAL,Deandre Ayton,C
12/04/2025,TOR,Immanuel Quickley,PG
12/04/2025,TOR,Ja'Kobe Walter,SG
12/04/2025,TOR,Brandon Ingram,SF
12/04/2025,TOR,Scottie Barnes,SF
12/04/2025,TOR,Sandro Mamukelashvili,PF
12/04/2025,UTA,Keyonte George,SG
12/04/2025,UTA,Svi Mykhailiuk,SF
12/04/2025,UTA,Ace Bailey,SF
12/04/2025,UTA,Lauri Markkanen,PF
12/04/2025,UTA,Kyle Filipowski,C
12/04/2025,BRK,Egor Demin,PG
12/04/2025,BRK,Terance Mann,PG
12/04/2025,BRK,Tyrese Martin,SG
12/04/2025,BRK,Noah Clowney,PF
12/04/2025,BRK,Nicolas Claxton,C
12/04/2025,MIN,Donte DiVincenzo,SG
12/04/2025,MIN,Anthony Edwards,SG
12/04/2025,MIN,Julius Randle,PF
12/04/2025,MIN,Jaden McDaniels,PF
12/04/2025,MIN,Rudy Gobert,C
12/04/2025,NOP,Jeremiah Fears,PG
12/04/2025,NOP,Bryce McGowens,SG
12/04/2025,NOP,Trey Murphy III,SF
12/04/2025,NOP,Saddiq Bey,PF
12/04/2025,NOP,Derik Queen,C
12/05/2025,LAL,Gabe Vincent,PG
12/05/2025,LAL,Austin Reaves,SG
12/05/2025,LAL,Jake LaRavia,PF
12/05/2025,LAL,Rui Hachimura,PF
12/05/2025,LAL,Deandre Ayton,C
12/05/2025,BOS,Payton Pritchard,PG
12/05/2025,BOS,Jaylen Brown,SG
12/05/2025,BOS,Derrick White,SG
12/05/2025,BOS,Jordan Walsh,SF
12/05/2025,BOS,Neemias Queta,C
12/05/2025,MIA,Davion Mitchell,PG
12/05/2025,MIA,Norman Powell,SG
12/05/2025,MIA,Andrew Wiggins,SF
12/05/2025,MIA,Kel'el Ware,C
12/05/2025,MIA,Bam Adebayo,C
12/05/2025,ORL,Desmond Bane,SG
12/05/2025,ORL,Jalen Suggs,SG
12/05/2025,ORL,Franz Wagner,SF
12/05/2025,ORL,Paolo Banchero,PF
12/05/2025,ORL,Wendell Carter Jr.,C
12/05/2025,DEN,Jamal Murray,PG
12/05/2025,DEN,Peyton Watson,SF
12/05/2025,DEN,Cameron Johnson,PF
12/05/2025,DEN,Spencer Jones,PF
12/05/2025,DEN,Nikola Jokic,C
12/05/2025,ATL,Dyson Daniels,PG
12/05/2025,ATL,Nickeil Alexander-Walker,SG
12/05/2025,ATL,Zaccharie Risacher,SF
12/05/2025,ATL,Jalen Johnson,PF
12/05/2025,ATL,Onyeka Okongwu,C
12/05/2025,SAS,De'Aaron Fox,PG
12/05/2025,SAS,Devin Vassell,SG
12/05/2025,SAS,Julian Champagnie,SF
12/05/2025,SAS,Harrison Barnes,SF
12/05/2025,SAS,Bismack Biyombo,C
12/05/2025,CLE,Donovan Mitchell,SG
12/05/2025,CLE,De'Andre Hunter,SF
12/05/2025,CLE,Jaylon Tyson,SF
12/05/2025,CLE,Evan Mobley,PF
12/05/2025,CLE,Nae'Qwan Tomlin,PF
12/05/2025,POR,Deni Avdija,SF
12/05/2025,POR,Sidy Cissoko,SF
12/05/2025,POR,Toumani Camara,SF
12/05/2025,POR,Jerami Grant,PF
12/05/2025,POR,Robert Williams III,C
12/05/2025,DET,Cade Cunningham,PG
12/05/2025,DET,Ausar Thompson,SG
12/05/2025,DET,Duncan Robinson,SG
12/05/2025,DET,Tobias Harris,SF
12/05/2025,DET,Jalen Duren,C
12/05/2025,UTA,Keyonte George,SG
12/05/2025,UTA,Ace Bailey,SF
12/05/2025,UTA,Svi Mykhailiuk,SF
12/05/2025,UTA,Lauri Markkanen,PF
12/05/2025,UTA,Jusuf Nurkic,C
12/05/2025,NYK,Jalen Brunson,PG
12/05/2025,NYK,Josh Hart,SF
12/05/2025,NYK,OG Anunoby,SF
12/05/2025,NYK,Mikal Bridges,SF
12/05/2025,NYK,Karl-Anthony Towns,PF
12/05/2025,CHO,LaMelo Ball,PG
12/05/2025,CHO,Kon Knueppel,SG
12/05/2025,CHO,Miles Bridges,SF
12/05/2025,CHO,Brandon Miller,SF
12/05/2025,CHO,Ryan Kalkbrenner,C
12/05/2025,TOR,Immanuel Quickley,PG
12/05/2025,TOR,Ja'Kobe Walter,SG
12/05/2025,TOR,Brandon Ingram,SF
12/05/2025,TOR,Scottie Barnes,SF
12/05/2025,TOR,Jakob Poeltl,C
12/05/2025,PHO,Collin Gillespie,PG
12/05/2025,PHO,Dillon Brooks,SF
12/05/2025,PHO,Grayson Allen,SF
12/05/2025,PHO,Royce O'Neale,PF
12/05/2025,PHO,Mark Williams,C
12/05/2025,HOU,Amen Thompson,SG
12/05/2025,HOU,Josh Okogie,SG
12/05/2025,HOU,Kevin Durant,PF
12/05/2025,HOU,Jabari Smith Jr.,PF
12/05/2025,HOU,Steven Adams,C
12/05/2025,IND,Andrew Nembhard,PG
12/05/2025,IND,Garrison Mathews,SG
12/05/2025,IND,Bennedict Mathurin,SG
12/05/2025,IND,Pascal Siakam,PF
12/05/2025,IND,Jay Huff,C
12/05/2025,CHI,Josh Giddey,SG
12/05/2025,CHI,Coby White,SG
12/05/2025,CHI,Julian Phillips,SF
12/05/2025,CHI,Matas Buzelis,SF
12/05/2025,CHI,Nikola Vucevic,C
12/05/2025,LAC,Kris Dunn,PG
12/05/2025,LAC,James Harden,SG
12/05/2025,LAC,Kawhi Leonard,SF
12/05/2025,LAC,John Collins,PF
12/05/2025,LAC,Ivica Zubac,C
12/05/2025,MEM,Vince Williams Jr.,SG
12/05/2025,MEM,Cedric Coward,SG
12/05/2025,MEM,Jaylen Wells,SF
12/05/2025,MEM,Jaren Jackson Jr.,PF
12/05/2025,MEM,Zach Edey,C
12/05/2025,PHI,Tyrese Maxey,PG
12/05/2025,PHI,VJ Edgecombe,SG
12/05/2025,PHI,Paul George,SF
12/05/2025,PHI,Dominick Barlow,PF
12/05/2025,PHI,Andre Drummond,C
12/05/2025,MIL,Kevin Porter Jr.,PG
12/05/2025,MIL,Ryan Rollins,SG
12/05/2025,MIL,AJ Green,SG
12/05/2025,MIL,Jericho Sims,C
12/05/2025,MIL,Myles Turner,C
12/05/2025,DAL,Ryan Nembhard,PG
12/05/2025,DAL,Max Christie,SG
12/05/2025,DAL,Naji Marshall,SF
12/05/2025,DAL,Cooper Flagg,PF
12/05/2025,DAL,Anthony Davis,C
12/05/2025,OKC,Shai Gilgeous-Alexander,PG
12/05/2025,OKC,Cason Wallace,PG
12/05/2025,OKC,Jalen Williams,SF
12/05/2025,OKC,Jaylin Williams,PF
12/05/2025,OKC,Chet Holmgren,C
12/06/2025,NOP,Jeremiah Fears,PG
12/06/2025,NOP,Bryce McGowens,SG
12/06/2025,NOP,Trey Murphy III,SF
12/06/2025,NOP,Saddiq Bey,PF
12/06/2025,NOP,Derik Queen,C
12/06/2025,BRK,Terance Mann,PG
12/06/2025,BRK,Egor Demin,PG
12/06/2025,BRK,Michael Porter Jr.,SF
12/06/2025,BRK,Noah Clowney,PF
12/06/2025,BRK,Nicolas Claxton,C
12/06/2025,ATL,Dyson Daniels,PG
12/06/2025,ATL,Nickeil Alexander-Walker,SG
12/06/2025,ATL,Zaccharie Risacher,SF
12/06/2025,ATL,Jalen Johnson,PF
12/06/2025,ATL,Onyeka Okongwu,C
12/06/2025,WAS,Bub Carrington,PG
12/06/2025,WAS,CJ McCollum,PG
12/06/2025,WAS,Justin Champagnie,SG
12/06/2025,WAS,Kyshawn George,SF
12/06/2025,WAS,Marvin Bagley III,PF
12/06/2025,GSW,Pat Spencer,SG
12/06/2025,GSW,Will Richard,SG
12/06/2025,GSW,Buddy Hield,SF
12/06/2025,GSW,Jonathan Kuminga,PF
12/06/2025,GSW,Quinten Post,C
12/06/2025,CLE,Darius Garland,PG
12/06/2025,CLE,Donovan Mitchell,SG
12/06/2025,CLE,Jaylon Tyson,SF
12/06/2025,CLE,De'Andre Hunter,SF
12/06/2025,CLE,Evan Mobley,PF
12/06/2025,MIL,Kevin Porter Jr.,PG
12/06/2025,MIL,Ryan Rollins,SG
12/06/2025,MIL,Kyle Kuzma,PF
12/06/2025,MIL,Myles Turner,C
12/06/2025,MIL,Jericho Sims,C
12/06/2025,DET,Cade Cunningham,PG
12/06/2025,DET,Ausar Thompson,SG
12/06/2025,DET,Duncan Robinson,SG
12/06/2025,DET,Isaiah Stewart,PF
12/06/2025,DET,Jalen Duren,C
12/06/2025,SAC,Russell Westbrook,PG
12/06/2025,SAC,Zach LaVine,SG
12/06/2025,SAC,DeMar DeRozan,SF
12/06/2025,SAC,Keegan Murray,PF
12/06/2025,SAC,Maxime Raynaud,C
12/06/2025,MIA,Dru Smith,PG
12/06/2025,MIA,Norman Powell,SG
12/06/2025,MIA,Andrew Wiggins,SF
12/06/2025,MIA,Kel'el Ware,C
12/06/2025,MIA,Bam Adebayo,C
12/06/2025,LAC,Kris Dunn,PG
12/06/2025,LAC,James Harden,SG
12/06/2025,LAC,Kawhi Leonard,SF
12/06/2025,LAC,John Collins,PF
12/06/2025,LAC,Ivica Zubac,C
12/06/2025,MIN,Anthony Edwards,SG
12/06/2025,MIN,Donte DiVincenzo,SG
12/06/2025,MIN,Jaden McDaniels,PF
12/06/2025,MIN,Julius Randle,PF
12/06/2025,MIN,Rudy Gobert,C
12/06/2025,HOU,Josh Okogie,SG
12/06/2025,HOU,Amen Thompson,SG
12/06/2025,HOU,Kevin Durant,PF
12/06/2025,HOU,Jabari Smith Jr.,PF
12/06/2025,HOU,Clint Capela,C
12/06/2025,DAL,Ryan Nembhard,PG
12/06/2025,DAL,Naji Marshall,SF
12/06/2025,DAL,Cooper Flagg,PF
12/06/2025,DAL,P.J. Washington,PF
12/06/2025,DAL,Anthony Davis,C
12/07/2025,ORL,Desmond Bane,SG
12/07/2025,ORL,Jalen Suggs,SG
12/07/2025,ORL,Franz Wagner,SF
12/07/2025,ORL,Paolo Banchero,PF
12/07/2025,ORL,Wendell Carter Jr.,C
12/07/2025,NYK,Miles McBride,PG
12/07/2025,NYK,Jalen Brunson,PG
12/07/2025,NYK,OG Anunoby,SF
12/07/2025,NYK,Josh Hart,SF
12/07/2025,NYK,Mitchell Robinson,C
12/07/2025,BOS,Payton Pritchard,PG
12/07/2025,BOS,Derrick White,SG
12/07/2025,BOS,Jaylen Brown,SG
12/07/2025,BOS,Jordan Walsh,SF
12/07/2025,BOS,Neemias Queta,C
12/07/2025,TOR,Immanuel Quickley,PG
12/07/2025,TOR,Ja'Kobe Walter,SG
12/07/2025,TOR,Scottie Barnes,SF
12/07/2025,TOR,Brandon Ingram,SF
12/07/2025,TOR,Jakob Poeltl,C
12/07/2025,DEN,Jamal Murray,PG
12/07/2025,DEN,Peyton Watson,SF
12/07/2025,DEN,Cameron Johnson,PF
12/07/2025,DEN,Spencer Jones,PF
12/07/2025,DEN,Nikola Jokic,C
12/07/2025,CHO,KJ Simpson,PG
12/07/2025,CHO,Kon Knueppel,SG
12/07/2025,CHO,Miles Bridges,SF
12/07/2025,CHO,Brandon Miller,SF
12/07/2025,CHO,Ryan Kalkbrenner,C
12/07/2025,POR,Deni Avdija,SF
12/07/2025,POR,Sidy Cissoko,SF
12/07/2025,POR,Toumani Camara,SF
12/07/2025,POR,Jerami Grant,PF
12/07/2025,POR,Yang Hansen,C
12/07/2025,MEM,Cedric Coward,SG
12/07/2025,MEM,Vince Williams Jr.,SG
12/07/2025,MEM,Jaylen Wells,SF
12/07/2025,MEM,Jaren Jackson Jr.,PF
12/07/2025,MEM,Zach Edey,C
12/07/2025,GSW,Pat Spencer,SG
12/07/2025,GSW,Will Richard,SG
12/07/2025,GSW,Buddy Hield,SF
12/07/2025,GSW,Jimmy Butler,SF
12/07/2025,GSW,Quinten Post,C
12/07/2025,CHI,Ayo Dosunmu,PG
12/07/2025,CHI,Josh Giddey,SG
12/07/2025,CHI,Coby White,SG
12/07/2025,CHI,Matas Buzelis,SF
12/07/2025,CHI,Nikola Vucevic,C
12/07/2025,LAL,Luka Doncic,PG
12/07/2025,LAL,Austin Reaves,SG
12/07/2025,LAL,LeBron James,SF
12/07/2025,LAL,Rui Hachimura,PF
12/07/2025,LAL,Deandre Ayton,C
12/07/2025,PHI,Tyrese Maxey,PG
12/07/2025,PHI,VJ Edgecombe,SG
12/07/2025,PHI,Paul George,SF
12/07/2025,PHI,Dominick Barlow,PF
12/07/2025,PHI,Joel Embiid,C
12/07/2025,OKC,Cason Wallace,PG
12/07/2025,OKC,Ajay Mitchell,PG
12/07/2025,OKC,Jalen Williams,SF
12/07/2025,OKC,Jaylin Williams,PF
12/07/2025,OKC,Chet Holmgren,C
12/07/2025,UTA,Keyonte George,SG
12/07/2025,UTA,Svi Mykhailiuk,SF
12/07/2025,UTA,Ace Bailey,SF
12/07/2025,UTA,Jusuf Nurkic,C
12/07/2025,UTA,Kyle Filipowski,C
12/08/2025,SAC,Russell Westbrook,PG
12/08/2025,SAC,Zach LaVine,SG
12/08/2025,SAC,DeMar DeRozan,SF
12/08/2025,SAC,Keegan Murray,PF
12/08/2025,SAC,Maxime Raynaud,C
12/08/2025,IND,Andrew Nembhard,PG
12/08/2025,IND,Bennedict Mathurin,SG
12/08/2025,IND,Ethan Thompson,SG
12/08/2025,IND,Pascal Siakam,PF
12/08/2025,IND,Jay Huff,C
12/08/2025,PHO,Collin Gillespie,PG
12/08/2025,PHO,Dillon Brooks,SF
12/08/2025,PHO,Grayson Allen,SF
12/08/2025,PHO,Royce O'Neale,PF
12/08/2025,PHO,Mark Williams,C
12/08/2025,MIN,Donte DiVincenzo,SG
12/08/2025,MIN,Anthony Edwards,SG
12/08/2025,MIN,Julius Randle,PF
12/08/2025,MIN,Jaden McDaniels,PF
12/08/2025,MIN,Rudy Gobert,C
12/08/2025,SAS,De'Aaron Fox,PG
12/08/2025,SAS,Stephon Castle,SG
12/08/2025,SAS,Devin Vassell,SG
12/08/2025,SAS,Harrison Barnes,SF
12/08/2025,SAS,Luke Kornet,C
12/08/2025,NOP,Jeremiah Fears,PG
12/08/2025,NOP,Herbert Jones,SF
12/08/2025,NOP,Trey Murphy III,SF
12/08/2025,NOP,Saddiq Bey,PF
12/08/2025,NOP,Derik Queen,C
12/09/2025,MIA,Davion Mitchell,PG
12/09/2025,MIA,Norman Powell,SG
12/09/2025,MIA,Tyler Herro,SG
12/09/2025,MIA,Andrew Wiggins,SF
12/09/2025,MIA,Bam Adebayo,C
12/09/2025,ORL,Anthony Black,PG
12/09/2025,ORL,Jalen Suggs,SG
12/09/2025,ORL,Desmond Bane,SG
12/09/2025,ORL,Paolo Banchero,PF
12/09/2025,ORL,Wendell Carter Jr.,C
12/09/2025,NYK,Jalen Brunson,PG
12/09/2025,NYK,Mikal Bridges,SF
12/09/2025,NYK,Josh Hart,SF
12/09/2025,NYK,OG Anunoby,SF
12/09/2025,NYK,Karl-Anthony Towns,PF
12/09/2025,TOR,Jamal Shead,PG
12/09/2025,TOR,Ochai Agbaji,SG
12/09/2025,TOR,Scottie Barnes,SF
12/09/2025,TOR,Brandon Ingram,SF
12/09/2025,TOR,Jakob Poeltl,C
12/10/2025,PHO,Collin Gillespie,PG
12/10/2025,PHO,Grayson Allen,SF
12/10/2025,PHO,Dillon Brooks,SF
12/10/2025,PHO,Royce O'Neale,PF
12/10/2025,PHO,Mark Williams,C
12/10/2025,OKC,Shai Gilgeous-Alexander,PG
12/10/2025,OKC,Cason Wallace,PG
12/10/2025,OKC,Jalen Williams,SF
12/10/2025,OKC,Luguentz Dort,SF
12/10/2025,OKC,Chet Holmgren,C
12/10/2025,SAS,De'Aaron Fox,PG
12/10/2025,SAS,Devin Vassell,SG
12/10/2025,SAS,Stephon Castle,SG
12/10/2025,SAS,Harrison Barnes,SF
12/10/2025,SAS,Luke Kornet,C
12/10/2025,LAL,Luka Doncic,PG
12/10/2025,LAL,Austin Reaves,SG
12/10/2025,LAL,LeBron James,SF
12/10/2025,LAL,Rui Hachimura,PF
12/10/2025,LAL,Deandre Ayton,C
12/11/2025,LAC,Kris Dunn,PG
12/11/2025,LAC,James Harden,SG
12/11/2025,LAC,Kawhi Leonard,SF
12/11/2025,LAC,John Collins,PF
12/11/2025,LAC,Ivica Zubac,C
12/11/2025,HOU,Josh Okogie,SG
12/11/2025,HOU,Amen Thompson,SG
12/11/2025,HOU,Kevin Durant,PF
12/11/2025,HOU,Jabari Smith Jr.,PF
12/11/2025,HOU,Alperen Sengun,C
12/11/2025,BOS,Payton Pritchard,PG
12/11/2025,BOS,Jaylen Brown,SG
12/11/2025,BOS,Derrick White,SG
12/11/2025,BOS,Jordan Walsh,SF
12/11/2025,BOS,Neemias Queta,C
12/11/2025,MIL,Kevin Porter Jr.,PG
12/11/2025,MIL,Gary Trent Jr.,SG
12/11/2025,MIL,Ryan Rollins,SG
12/11/2025,MIL,Kyle Kuzma,PF
12/11/2025,MIL,Myles Turner,C
12/11/2025,POR,Shaedon Sharpe,SG
12/11/2025,POR,Deni Avdija,SF
12/11/2025,POR,Toumani Camara,SF
12/11/2025,POR,Kris Murray,PF
12/11/2025,POR,Jerami Grant,PF
12/11/2025,NOP,Jeremiah Fears,PG
12/11/2025,NOP,Trey Murphy III,SF
12/11/2025,NOP,Herbert Jones,SF
12/11/2025,NOP,Saddiq Bey,PF
12/11/2025,NOP,Derik Queen,C
12/11/2025,DEN,Jamal Murray,PG
12/11/2025,DEN,Peyton Watson,SF
12/11/2025,DEN,Cameron Johnson,PF
12/11/2025,DEN,Spencer Jones,PF
12/11/2025,DEN,Nikola Jokic,C
12/11/2025,SAC,Russell Westbrook,PG
12/11/2025,SAC,DeMar DeRozan,SF
12/11/2025,SAC,Nique Clifford,SF
12/11/2025,SAC,Keegan Murray,PF
12/11/2025,SAC,Maxime Raynaud,C
12/12/2025,CHI,Josh Giddey,SG
12/12/2025,CHI,Coby White,SG
12/12/2025,CHI,Isaac Okoro,SF
12/12/2025,CHI,Matas Buzelis,SF
12/12/2025,CHI,Nikola Vucevic,C
12/12/2025,CHO,KJ Simpson,PG
12/12/2025,CHO,Kon Knueppel,SG
12/12/2025,CHO,Brandon Miller,SF
12/12/2025,CHO,Miles Bridges,SF
12/12/2025,CHO,Ryan Kalkbrenner,C
12/12/2025,IND,Andrew Nembhard,PG
12/12/2025,IND,Ethan Thompson,SG
12/12/2025,IND,Bennedict Mathurin,SG
12/12/2025,IND,Pascal Siakam,PF
12/12/2025,IND,Jay Huff,C
12/12/2025,PHI,VJ Edgecombe,SG
12/12/2025,PHI,Quentin Grimes,SG
12/12/2025,PHI,Paul George,SF
12/12/2025,PHI,Dominick Barlow,PF
12/12/2025,PHI,Joel Embiid,C
12/12/2025,CLE,Darius Garland,PG
12/12/2025,CLE,Donovan Mitchell,SG
12/12/2025,CLE,Jaylon Tyson,SF
12/12/2025,CLE,De'Andre Hunter,SF
12/12/2025,CLE,Evan Mobley,PF
12/12/2025,WAS,Bub Carrington,PG
12/12/2025,WAS,CJ McCollum,PG
12/12/2025,WAS,Justin Champagnie,SG
12/12/2025,WAS,Kyshawn George,SF
12/12/2025,WAS,Marvin Bagley III,PF
12/12/2025,ATL,Dyson Daniels,PG
12/12/2025,ATL,Nickeil Alexander-Walker,SG
12/12/2025,ATL,Zaccharie Risacher,SF
12/12/2025,ATL,Jalen Johnson,PF
12/12/2025,ATL,Onyeka Okongwu,C
12/12/2025,DET,Cade Cunningham,PG
12/12/2025,DET,Ausar Thompson,SG
12/12/2025,DET,Duncan Robinson,SG
12/12/2025,DET,Tobias Harris,SF
12/12/2025,DET,Jalen Duren,C
12/12/2025,UTA,Keyonte George,SG
12/12/2025,UTA,Ace Bailey,SF
12/12/2025,UTA,Svi Mykhailiuk,SF
12/12/2025,UTA,Lauri Markkanen,PF
12/12/2025,UTA,Jusuf Nurkic,C
12/12/2025,MEM,Ja Morant,PG
12/12/2025,MEM,Cedric Coward,SG
12/12/2025,MEM,Jaylen Wells,SF
12/12/2025,MEM,Santi Aldama,PF
12/12/2025,MEM,Jaren Jackson Jr.,PF
12/12/2025,BRK,Egor Demin,PG
12/12/2025,BRK,Terance Mann,PG
12/12/2025,BRK,Michael Porter Jr.,SF
12/12/2025,BRK,Noah Clowney,PF
12/12/2025,BRK,Nicolas Claxton,C
12/12/2025,DAL,Ryan Nembhard,PG
12/12/2025,DAL,Naji Marshall,SF
12/12/2025,DAL,Cooper Flagg,PF
12/12/2025,DAL,P.J. Washington,PF
12/12/2025,DAL,Anthony Davis,C
12/12/2025,MIN,Bones Hyland,PG
12/12/2025,MIN,Donte DiVincenzo,SG
12/12/2025,MIN,Julius Randle,PF
12/12/2025,MIN,Jaden McDaniels,PF
12/12/2025,MIN,Rudy Gobert,C
12/12/2025,GSW,Stephen Curry,PG
12/12/2025,GSW,Pat Spencer,SG
12/12/2025,GSW,Jimmy Butler,SF
12/12/2025,GSW,Buddy Hield,SF
12/12/2025,GSW,Quinten Post,C
12/13/2025,NYK,Jalen Brunson,PG
12/13/2025,NYK,Josh Hart,SF
12/13/2025,NYK,OG Anunoby,SF
12/13/2025,NYK,Mikal Bridges,SF
12/13/2025,NYK,Karl-Anthony Towns,PF
12/13/2025,ORL,Anthony Black,PG
12/13/2025,ORL,Jalen Suggs,SG
12/13/2025,ORL,Desmond Bane,SG
12/13/2025,ORL,Paolo Banchero,PF
12/13/2025,ORL,Wendell Carter Jr.,C
12/13/2025,SAS,De'Aaron Fox,PG
12/13/2025,SAS,Devin Vassell,SG
12/13/2025,SAS,Stephon Castle,SG
12/13/2025,SAS,Harrison Barnes,SF
12/13/2025,SAS,Luke Kornet,C
12/13/2025,OKC,Shai Gilgeous-Alexander,PG
12/13/2025,OKC,Jalen Williams,SF
12/13/2025,OKC,Luguentz Dort,SF
12/13/2025,OKC,Isaiah Hartenstein,C
12/13/2025,OKC,Chet Holmgren,C
12/14/2025,WAS,Bub Carrington,PG
12/14/2025,WAS,CJ McCollum,PG
12/14/2025,WAS,Justin Champagnie,SG
12/14/2025,WAS,Kyshawn George,SF
12/14/2025,WAS,Marvin Bagley III,PF
12/14/2025,IND,Andrew Nembhard,PG
12/14/2025,IND,Bennedict Mathurin,SG
12/14/2025,IND,Ethan Thompson,SG
12/14/2025,IND,Pascal Siakam,PF
12/14/2025,IND,Jay Huff,C
12/14/2025,CHO,Sion James,SG
12/14/2025,CHO,Kon Knueppel,SG
12/14/2025,CHO,Miles Bridges,SF
12/14/2025,CHO,Brandon Miller,SF
12/14/2025,CHO,Ryan Kalkbrenner,C
12/14/2025,CLE,Darius Garland,PG
12/14/2025,CLE,Donovan Mitchell,SG
12/14/2025,CLE,De'Andre Hunter,SF
12/14/2025,CLE,Dean Wade,PF
12/14/2025,CLE,Thomas Bryant,C
12/14/2025,PHI,VJ Edgecombe,SG
12/14/2025,PHI,Quentin Grimes,SG
12/14/2025,PHI,Paul George,SF
12/14/2025,PHI,Dominick Barlow,PF
12/14/2025,PHI,Joel Embiid,C
12/14/2025,ATL,Dyson Daniels,PG
12/14/2025,ATL,Nickeil Alexander-Walker,SG
12/14/2025,ATL,Zaccharie Risacher,SF
12/14/2025,ATL,Jalen Johnson,PF
12/14/2025,ATL,Onyeka Okongwu,C
12/14/2025,MIL,Kevin Porter Jr.,PG
12/14/2025,MIL,Ryan Rollins,SG
12/14/2025,MIL,Gary Trent Jr.,SG
12/14/2025,MIL,Kyle Kuzma,PF
12/14/2025,MIL,Myles Turner,C
12/14/2025,BRK,Egor Demin,PG
12/14/2025,BRK,Terance Mann,PG
12/14/2025,BRK,Michael Porter Jr.,SF
12/14/2025,BRK,Noah Clowney,PF
12/14/2025,BRK,Nicolas Claxton,C
12/14/2025,SAC,Russell Westbrook,PG
12/14/2025,SAC,Zach LaVine,SG
12/14/2025,SAC,DeMar DeRozan,SF
12/14/2025,SAC,Keegan Murray,PF
12/14/2025,SAC,Maxime Raynaud,C
12/14/2025,MIN,Bones Hyland,PG
12/14/2025,MIN,Donte DiVincenzo,SG
12/14/2025,MIN,Jaden McDaniels,PF
12/14/2025,MIN,Julius Randle,PF
12/14/2025,MIN,Rudy Gobert,C
12/14/2025,NOP,Jeremiah Fears,PG
12/14/2025,NOP,Trey Murphy III,SF
12/14/2025,NOP,Herbert Jones,SF
12/14/2025,NOP,Saddiq Bey,PF
12/14/2025,NOP,Derik Queen,C
12/14/2025,CHI,Josh Giddey,SG
12/14/2025,CHI,Coby White,SG
12/14/2025,CHI,Isaac Okoro,SF
12/14/2025,CHI,Matas Buzelis,SF
12/14/2025,CHI,Nikola Vucevic,C
12/14/2025,LAL,Luka Doncic,PG
12/14/2025,LAL,Marcus Smart,PG
12/14/2025,LAL,LeBron James,SF
12/14/2025,LAL,Rui Hachimura,PF
12/14/2025,LAL,Deandre Ayton,C
12/14/2025,PHO,Collin Gillespie,PG
12/14/2025,PHO,Devin Booker,SG
12/14/2025,PHO,Grayson Allen,SF
12/14/2025,PHO,Dillon Brooks,SF
12/14/2025,PHO,Mark Williams,C
12/14/2025,GSW,Stephen Curry,PG
12/14/2025,GSW,Moses Moody,SG
12/14/2025,GSW,Jimmy Butler,SF
12/14/2025,GSW,Draymond Green,PF
12/14/2025,GSW,Quinten Post,C
12/14/2025,POR,Shaedon Sharpe,SG
12/14/2025,POR,Deni Avdija,SF
12/14/2025,POR,Toumani Camara,SF
12/14/2025,POR,Jerami Grant,PF
12/14/2025,POR,Donovan Clingan,C
12/15/2025,DET,Cade Cunningham,PG
12/15/2025,DET,Ausar Thompson,SG
12/15/2025,DET,Duncan Robinson,SG
12/15/2025,DET,Tobias Harris,SF
12/15/2025,DET,Jalen Duren,C
12/15/2025,BOS,Payton Pritchard,PG
12/15/2025,BOS,Jaylen Brown,SG
12/15/2025,BOS,Derrick White,SG
12/15/2025,BOS,Jordan Walsh,SF
12/15/2025,BOS,Neemias Queta,C
12/15/2025,TOR,Immanuel Quickley,PG
12/15/2025,TOR,Ochai Agbaji,SG
12/15/2025,TOR,Brandon Ingram,SF
12/15/2025,TOR,Scottie Barnes,SF
12/15/2025,TOR,Jakob Poeltl,C
12/15/2025,MIA,Davion Mitchell,PG
12/15/2025,MIA,Norman Powell,SG
12/15/2025,MIA,Simone Fontecchio,SF
12/15/2025,MIA,Andrew Wiggins,SF
12/15/2025,MIA,Bam Adebayo,C
12/15/2025,DAL,Ryan Nembhard,PG
12/15/2025,DAL,Naji Marshall,SF
12/15/2025,DAL,P.J. Washington,PF
12/15/2025,DAL,Cooper Flagg,PF
12/15/2025,DAL,Daniel Gafford,C
12/15/2025,UTA,Keyonte George,SG
12/15/2025,UTA,Ace Bailey,SF
12/15/2025,UTA,Brice Sensabaugh,SF
12/15/2025,UTA,Lauri Markkanen,PF
12/15/2025,UTA,Kyle Filipowski,C
12/15/2025,HOU,Josh Okogie,SG
12/15/2025,HOU,Amen Thompson,SG
12/15/2025,HOU,Kevin Durant,PF
12/15/2025,HOU,Jabari Smith Jr.,PF
12/15/2025,HOU,Alperen Sengun,C
12/15/2025,DEN,Jamal Murray,PG
12/15/2025,DEN,Peyton Watson,SF
12/15/2025,DEN,Spencer Jones,PF
12/15/2025,DEN,Cameron Johnson,PF
12/15/2025,DEN,Nikola Jokic,C
12/15/2025,MEM,Ja Morant,PG
12/15/2025,MEM,Cedric Coward,SG
12/15/2025,MEM,Jaylen Wells,SF
12/15/2025,MEM,Santi Aldama,PF
12/15/2025,MEM,Jaren Jackson Jr.,PF
12/15/2025,LAC,Kris Dunn,PG
12/15/2025,LAC,James Harden,SG
12/15/2025,LAC,Kawhi Leonard,SF
12/15/2025,LAC,John Collins,PF
12/15/2025,LAC,Ivica Zubac,C
12/16/2025,SAS,De'Aaron Fox,PG
12/16/2025,SAS,Stephon Castle,SG
12/16/2025,SAS,Devin Vassell,SG
12/16/2025,SAS,Harrison Barnes,SF
12/16/2025,SAS,Luke Kornet,C
12/16/2025,NYK,Jalen Brunson,PG
12/16/2025,NYK,Mikal Bridges,SF
12/16/2025,NYK,OG Anunoby,SF
12/16/2025,NYK,Josh Hart,SF
12/16/2025,NYK,Karl-Anthony Towns,PF
12/17/2025,MEM,Cedric Coward,SG
12/17/2025,MEM,Jaylen Wells,SF
12/17/2025,MEM,Santi Aldama,PF
12/17/2025,MEM,Brandon Clarke,PF
12/17/2025,MEM,Jaren Jackson Jr.,PF
12/17/2025,MIN,Bones Hyland,PG
12/17/2025,MIN,Donte DiVincenzo,SG
12/17/2025,MIN,Jaden McDaniels,PF
12/17/2025,MIN,Julius Randle,PF
12/17/2025,MIN,Rudy Gobert,C
12/17/2025,CLE,Darius Garland,PG
12/17/2025,CLE,Donovan Mitchell,SG
12/17/2025,CLE,Jaylon Tyson,SF
12/17/2025,CLE,Dean Wade,PF
12/17/2025,CLE,Jarrett Allen,C
12/17/2025,CHI,Josh Giddey,SG
12/17/2025,CHI,Coby White,SG
12/17/2025,CHI,Matas Buzelis,SF
12/17/2025,CHI,Isaac Okoro,SF
12/17/2025,CHI,Nikola Vucevic,C
12/18/2025,NYK,Jalen Brunson,PG
12/18/2025,NYK,OG Anunoby,SF
12/18/2025,NYK,Mikal Bridges,SF
12/18/2025,NYK,Mohamed Diawara,PF
12/18/2025,NYK,Ariel Hukporti,C
12/18/2025,IND,Andrew Nembhard,PG
12/18/2025,IND,Quenton Jackson,SG
12/18/2025,IND,Bennedict Mathurin,SG
12/18/2025,IND,Pascal Siakam,PF
12/18/2025,IND,Jay Huff,C
12/18/2025,ATL,Trae Young,PG
12/18/2025,ATL,Dyson Daniels,PG
12/18/2025,ATL,Zaccharie Risacher,SF
12/18/2025,ATL,Jalen Johnson,PF
12/18/2025,ATL,Onyeka Okongwu,C
12/18/2025,CHO,LaMelo Ball,PG
12/18/2025,CHO,Kon Knueppel,SG
12/18/2025,CHO,Miles Bridges,SF
12/18/2025,CHO,Brandon Miller,SF
12/18/2025,CHO,Ryan Kalkbrenner,C
12/18/2025,MIA,Davion Mitchell,PG
12/18/2025,MIA,Norman Powell,SG
12/18/2025,MIA,Andrew Wiggins,SF
12/18/2025,MIA,Bam Adebayo,C
12/18/2025,MIA,Kel'el Ware,C
12/18/2025,BRK,Egor Demin,PG
12/18/2025,BRK,Terance Mann,PG
12/18/2025,BRK,Michael Porter Jr.,SF
12/18/2025,BRK,Noah Clowney,PF
12/18/2025,BRK,Nicolas Claxton,C
12/18/2025,TOR,Immanuel Quickley,PG
12/18/2025,TOR,Ochai Agbaji,SG
12/18/2025,TOR,Brandon Ingram,SF
12/18/2025,TOR,Scottie Barnes,SF
12/18/2025,TOR,Sandro Mamukelashvili,PF
12/18/2025,MIL,Kevin Porter Jr.,PG
12/18/2025,MIL,Gary Trent Jr.,SG
12/18/2025,MIL,AJ Green,SG
12/18/2025,MIL,Jericho Sims,C
12/18/2025,MIL,Myles Turner,C
12/18/2025,WAS,CJ McCollum,PG
12/18/2025,WAS,Bub Carrington,PG
12/18/2025,WAS,Bilal Coulibaly,SG
12/18/2025,WAS,Kyshawn George,SF
12/18/2025,WAS,Alexandre Sarr,PF
12/18/2025,SAS,De'Aaron Fox,PG
12/18/2025,SAS,Stephon Castle,SG
12/18/2025,SAS,Devin Vassell,SG
12/18/2025,SAS,Harrison Barnes,SF
12/18/2025,SAS,Luke Kornet,C
12/18/2025,HOU,Amen Thompson,SG
12/18/2025,HOU,Josh Okogie,SG
12/18/2025,HOU,Jabari Smith Jr.,PF
12/18/2025,HOU,Kevin Durant,PF
12/18/2025,HOU,Alperen Sengun,C
12/18/2025,NOP,Jeremiah Fears,PG
12/18/2025,NOP,Herbert Jones,SF
12/18/2025,NOP,Trey Murphy III,SF
12/18/2025,NOP,Saddiq Bey,PF
12/18/2025,NOP,Derik Queen,C
12/18/2025,LAC,Kris Dunn,PG
12/18/2025,LAC,Bogdan Bogdanovic,SG
12/18/2025,LAC,Kawhi Leonard,SF
12/18/2025,LAC,John Collins,PF
12/18/2025,LAC,Ivica Zubac,C
12/18/2025,OKC,Cason Wallace,PG
12/18/2025,OKC,Shai Gilgeous-Alexander,PG
12/18/2025,OKC,Luguentz Dort,SF
12/18/2025,OKC,Jalen Williams,SF
12/18/2025,OKC,Chet Holmgren,C
12/18/2025,DET,Cade Cunningham,PG
12/18/2025,DET,Duncan Robinson,SG
12/18/2025,DET,Ausar Thompson,SG
12/18/2025,DET,Tobias Harris,SF
12/18/2025,DET,Jalen Duren,C
12/18/2025,DAL,Ryan Nembhard,PG
12/18/2025,DAL,Naji Marshall,SF
12/18/2025,DAL,P.J. Washington,PF
12/18/2025,DAL,Cooper Flagg,PF
12/18/2025,DAL,Anthony Davis,C
12/18/2025,GSW,Stephen Curry,PG
12/18/2025,GSW,Moses Moody,SG
12/18/2025,GSW,Jimmy Butler,SF
12/18/2025,GSW,Draymond Green,PF
12/18/2025,GSW,Quinten Post,C
12/18/2025,PHO,Collin Gillespie,PG
12/18/2025,PHO,Devin Booker,SG
12/18/2025,PHO,Dillon Brooks,SF
12/18/2025,PHO,Royce O'Neale,PF
12/18/2025,PHO,Mark Williams,C
12/18/2025,LAL,Luka Doncic,PG
12/18/2025,LAL,Marcus Smart,PG
12/18/2025,LAL,LeBron James,SF
12/18/2025,LAL,Rui Hachimura,PF
12/18/2025,LAL,Jaxson Hayes,C
12/18/2025,UTA,Keyonte George,SG
12/18/2025,UTA,Svi Mykhailiuk,SF
12/18/2025,UTA,Ace Bailey,SF
12/18/2025,UTA,Kyle Filipowski,C
12/18/2025,UTA,Jusuf Nurkic,C
12/18/2025,ORL,Tyus Jones,PG
12/18/2025,ORL,Anthony Black,PG
12/18/2025,ORL,Desmond Bane,SG
12/18/2025,ORL,Paolo Banchero,PF
12/18/2025,ORL,Wendell Carter Jr.,C
12/18/2025,DEN,Jamal Murray,PG
12/18/2025,DEN,Bruce Brown,SG
12/18/2025,DEN,Cameron Johnson,PF
12/18/2025,DEN,Spencer Jones,PF
12/18/2025,DEN,Nikola Jokic,C
12/18/2025,SAC,Russell Westbrook,PG
12/18/2025,SAC,DeMar DeRozan,SF
12/18/2025,SAC,Keegan Murray,PF
12/18/2025,SAC,Precious Achiuwa,PF
12/18/2025,SAC,Maxime Raynaud,C
12/18/2025,POR,Shaedon Sharpe,SG
12/18/2025,POR,Toumani Camara,SF
12/18/2025,POR,Deni Avdija,SF
12/18/2025,POR,Jerami Grant,PF
12/18/2025,POR,Donovan Clingan,C
12/19/2025,PHI,Tyrese Maxey,PG
12/19/2025,PHI,VJ Edgecombe,SG
12/19/2025,PHI,Paul George,SF
12/19/2025,PHI,Dominick Barlow,PF
12/19/2025,PHI,Andre Drummond,C
12/19/2025,NYK,Jalen Brunson,PG
12/19/2025,NYK,OG Anunoby,SF
12/19/2025,NYK,Mikal Bridges,SF
12/19/2025,NYK,Josh Hart,SF
12/19/2025,NYK,Karl-Anthony Towns,PF
12/19/2025,MIA,Kasparas Jakucionis,PG
12/19/2025,MIA,Norman Powell,SG
12/19/2025,MIA,Jaime Jaquez Jr.,SF
12/19/2025,MIA,Bam Adebayo,C
12/19/2025,MIA,Kel'el Ware,C
12/19/2025,BOS,Payton Pritchard,PG
12/19/2025,BOS,Jaylen Brown,SG
12/19/2025,BOS,Derrick White,SG
12/19/2025,BOS,Jordan Walsh,SF
12/19/2025,BOS,Neemias Queta,C
12/19/2025,SAS,De'Aaron Fox,PG
12/19/2025,SAS,Stephon Castle,SG
12/19/2025,SAS,Devin Vassell,SG
12/19/2025,SAS,Harrison Barnes,SF
12/19/2025,SAS,Luke Kornet,C
12/19/2025,ATL,Dyson Daniels,PG
12/19/2025,ATL,Nickeil Alexander-Walker,SG
12/19/2025,ATL,Zaccharie Risacher,SF
12/19/2025,ATL,Jalen Johnson,PF
12/19/2025,ATL,Onyeka Okongwu,C
12/19/2025,CHI,Coby White,SG
12/19/2025,CHI,Josh Giddey,SG
12/19/2025,CHI,Isaac Okoro,SF
12/19/2025,CHI,Matas Buzelis,SF
12/19/2025,CHI,Nikola Vucevic,C
12/19/2025,CLE,Darius Garland,PG
12/19/2025,CLE,Tyrese Proctor,SG
12/19/2025,CLE,Jaylon Tyson,SF
12/19/2025,CLE,Dean Wade,PF
12/19/2025,CLE,Jarrett Allen,C
12/19/2025,OKC,Shai Gilgeous-Alexander,PG
12/19/2025,OKC,Luguentz Dort,SF
12/19/2025,OKC,Jalen Williams,SF
12/19/2025,OKC,Isaiah Hartenstein,C
12/19/2025,OKC,Chet Holmgren,C
12/19/2025,MIN,Donte DiVincenzo,SG
12/19/2025,MIN,Anthony Edwards,SG
12/19/2025,MIN,Jaden McDaniels,PF
12/19/2025,MIN,Julius Randle,PF
12/19/2025,MIN,Rudy Gobert,C
12/20/2025,HOU,Josh Okogie,SG
12/20/2025,HOU,Amen Thompson,SG
12/20/2025,HOU,Jabari Smith Jr.,PF
12/20/2025,HOU,Kevin Durant,PF
12/20/2025,HOU,Alperen Sengun,C
12/20/2025,DEN,Jamal Murray,PG
12/20/2025,DEN,Tim Hardaway Jr.,SF
12/20/2025,DEN,Spencer Jones,PF
12/20/2025,DEN,Cameron Johnson,PF
12/20/2025,DEN,Nikola Jokic,C
12/20/2025,DAL,Ryan Nembhard,PG
12/20/2025,DAL,Naji Marshall,SF
12/20/2025,DAL,P.J. Washington,PF
12/20/2025,DAL,Cooper Flagg,PF
12/20/2025,DAL,Anthony Davis,C
12/20/2025,PHI,Tyrese Maxey,PG
12/20/2025,PHI,Quentin Grimes,SG
12/20/2025,PHI,VJ Edgecombe,SG
12/20/2025,PHI,Dominick Barlow,PF
12/20/2025,PHI,Andre Drummond,C
12/20/2025,BOS,Payton Pritchard,PG
12/20/2025,BOS,Derrick White,SG
12/20/2025,BOS,Jordan Walsh,SF
12/20/2025,BOS,Sam Hauser,SF
12/20/2025,BOS,Neemias Queta,C
12/20/2025,TOR,Immanuel Quickley,PG
12/20/2025,TOR,Ochai Agbaji,SG
12/20/2025,TOR,Brandon Ingram,SF
12/20/2025,TOR,Scottie Barnes,SF
12/20/2025,TOR,Sandro Mamukelashvili,PF
12/20/2025,IND,Andrew Nembhard,PG
12/20/2025,IND,Quenton Jackson,SG
12/20/2025,IND,Bennedict Mathurin,SG
12/20/2025,IND,Pascal Siakam,PF
12/20/2025,IND,Jay Huff,C
12/20/2025,NOP,Jeremiah Fears,PG
12/20/2025,NOP,Herbert Jones,SF
12/20/2025,NOP,Trey Murphy III,SF
12/20/2025,NOP,Saddiq Bey,PF
12/20/2025,NOP,Derik Queen,C
12/20/2025,CHO,LaMelo Ball,PG
12/20/2025,CHO,Kon Knueppel,SG
12/20/2025,CHO,Miles Bridges,SF
12/20/2025,CHO,Brandon Miller,SF
12/20/2025,CHO,Ryan Kalkbrenner,C
12/20/2025,DET,Cade Cunningham,PG
12/20/2025,DET,Duncan Robinson,SG
12/20/2025,DET,Ausar Thompson,SG
12/20/2025,DET,Tobias Harris,SF
12/20/2025,DET,Jalen Duren,C
12/20/2025,WAS,Bub Carrington,PG
12/20/2025,WAS,CJ McCollum,PG
12/20/2025,WAS,Khris Middleton,SF
12/20/2025,WAS,Kyshawn George,SF
12/20/2025,WAS,Alexandre Sarr,PF
12/20/2025,MEM,Cedric Coward,SG
12/20/2025,MEM,Cam Spencer,SG
12/20/2025,MEM,Jaylen Wells,SF
12/20/2025,MEM,Brandon Clarke,PF
12/20/2025,MEM,Jaren Jackson Jr.,PF
12/20/2025,PHO,Collin Gillespie,PG
12/20/2025,PHO,Devin Booker,SG
12/20/2025,PHO,Dillon Brooks,SF
12/20/2025,PHO,Royce O'Neale,PF
12/20/2025,PHO,Mark Williams,C
12/20/2025,GSW,Stephen Curry,PG
12/20/2025,GSW,Moses Moody,SG
12/20/2025,GSW,Jimmy Butler,SF
12/20/2025,GSW,Draymond Green,PF
12/20/2025,GSW,Quinten Post,C
12/20/2025,ORL,Anthony Black,PG
12/20/2025,ORL,Tyus Jones,PG
12/20/2025,ORL,Desmond Bane,SG
12/20/2025,ORL,Paolo Banchero,PF
12/20/2025,ORL,Wendell Carter Jr.,C
12/20/2025,UTA,Keyonte George,SG
12/20/2025,UTA,Svi Mykhailiuk,SF
12/20/2025,UTA,Ace Bailey,SF
12/20/2025,UTA,Kyle Filipowski,C
12/20/2025,UTA,Jusuf Nurkic,C
12/20/2025,POR,Shaedon Sharpe,SG
12/20/2025,POR,Toumani Camara,SF
12/20/2025,POR,Deni Avdija,SF
12/20/2025,POR,Kris Murray,PF
12/20/2025,POR,Donovan Clingan,C
12/20/2025,SAC,Russell Westbrook,PG
12/20/2025,SAC,DeMar DeRozan,SF
12/20/2025,SAC,Keegan Murray,PF
12/20/2025,SAC,Precious Achiuwa,PF
12/20/2025,SAC,Maxime Raynaud,C
12/20/2025,LAL,Luka Doncic,PG
12/20/2025,LAL,Marcus Smart,PG
12/20/2025,LAL,LeBron James,SF
12/20/2025,LAL,Jake LaRavia,PF
12/20/2025,LAL,Jaxson Hayes,C
12/20/2025,LAC,Kris Dunn,PG
12/20/2025,LAC,James Harden,SG
12/20/2025,LAC,Kawhi Leonard,SF
12/20/2025,LAC,John Collins,PF
12/20/2025,LAC,Ivica Zubac,C
12/21/2025,CHI,Josh Giddey,SG
12/21/2025,CHI,Coby White,SG
12/21/2025,CHI,Isaac Okoro,SF
12/21/2025,CHI,Matas Buzelis,SF
12/21/2025,CHI,Nikola Vucevic,C
12/21/2025,ATL,Dyson Daniels,PG
12/21/2025,ATL,Trae Young,PG
12/21/2025,ATL,Zaccharie Risacher,SF
12/21/2025,ATL,Jalen Johnson,PF
12/21/2025,ATL,Onyeka Okongwu,C
12/21/2025,TOR,Immanuel Quickley,PG
12/21/2025,TOR,Ochai Agbaji,SG
12/21/2025,TOR,Scottie Barnes,SF
12/21/2025,TOR,Brandon Ingram,SF
12/21/2025,TOR,Jakob Poeltl,C
12/21/2025,BRK,Terance Mann,PG
12/21/2025,BRK,Egor Demin,PG
12/21/2025,BRK,Michael Porter Jr.,SF
12/21/2025,BRK,Noah Clowney,PF
12/21/2025,BRK,Nicolas Claxton,C
12/21/2025,MIA,Davion Mitchell,PG
12/21/2025,MIA,Norman Powell,SG
12/21/2025,MIA,Andrew Wiggins,SF
12/21/2025,MIA,Kel'el Ware,C
12/21/2025,MIA,Bam Adebayo,C
12/21/2025,NYK,Jalen Brunson,PG
12/21/2025,NYK,OG Anunoby,SF
12/21/2025,NYK,Mikal Bridges,SF
12/21/2025,NYK,Josh Hart,SF
12/21/2025,NYK,Karl-Anthony Towns,PF
12/21/2025,SAS,De'Aaron Fox,PG
12/21/2025,SAS,Devin Vassell,SG
12/21/2025,SAS,Stephon Castle,SG
12/21/2025,SAS,Harrison Barnes,SF
12/21/2025,SAS,Luke Kornet,C
12/21/2025,WAS,Bub Carrington,PG
12/21/2025,WAS,CJ McCollum,PG
12/21/2025,WAS,Justin Champagnie,SG
12/21/2025,WAS,Kyshawn George,SF
12/21/2025,WAS,Tristan Vukcevic,PF
12/21/2025,MIL,Kevin Porter Jr.,PG
12/21/2025,MIL,AJ Green,SG
12/21/2025,MIL,Kyle Kuzma,PF
12/21/2025,MIL,Bobby Portis,PF
12/21/2025,MIL,Myles Turner,C
12/21/2025,MIN,Donte DiVincenzo,SG
12/21/2025,MIN,Anthony Edwards,SG
12/21/2025,MIN,Julius Randle,PF
12/21/2025,MIN,Jaden McDaniels,PF
12/21/2025,MIN,Rudy Gobert,C
12/21/2025,HOU,Josh Okogie,SG
12/21/2025,HOU,Amen Thompson,SG
12/21/2025,HOU,Kevin Durant,PF
12/21/2025,HOU,Jabari Smith Jr.,PF
12/21/2025,HOU,Alperen Sengun,C
12/21/2025,SAC,Russell Westbrook,PG
12/21/2025,SAC,DeMar DeRozan,SF
12/21/2025,SAC,Precious Achiuwa,PF
12/21/2025,SAC,Keegan Murray,PF
12/21/2025,SAC,Maxime Raynaud,C
12/22/2025,CHO,LaMelo Ball,PG
12/22/2025,CHO,Kon Knueppel,SG
12/22/2025,CHO,Miles Bridges,SF
12/22/2025,CHO,Brandon Miller,SF
12/22/2025,CHO,Mason Plumlee,C
12/22/2025,CLE,Darius Garland,PG
12/22/2025,CLE,Donovan Mitchell,SG
12/22/2025,CLE,Jaylon Tyson,SF
12/22/2025,CLE,Dean Wade,PF
12/22/2025,CLE,Jarrett Allen,C
12/22/2025,IND,Andrew Nembhard,PG
12/22/2025,IND,Ethan Thompson,SG
12/22/2025,IND,Bennedict Mathurin,SG
12/22/2025,IND,Pascal Siakam,PF
12/22/2025,IND,Jay Huff,C
12/22/2025,BOS,Payton Pritchard,PG
12/22/2025,BOS,Derrick White,SG
12/22/2025,BOS,Jaylen Brown,SG
12/22/2025,BOS,Josh Minott,PF
12/22/2025,BOS,Neemias Queta,C
12/22/2025,DAL,Ryan Nembhard,PG
12/22/2025,DAL,Naji Marshall,SF
12/22/2025,DAL,P.J. Washington,PF
12/22/2025,DAL,Cooper Flagg,PF
12/22/2025,DAL,Anthony Davis,C
12/22/2025,NOP,Jeremiah Fears,PG
12/22/2025,NOP,Trey Murphy III,SF
12/22/2025,NOP,Herbert Jones,SF
12/22/2025,NOP,Saddiq Bey,PF
12/22/2025,NOP,Derik Queen,C
12/22/2025,UTA,Keyonte George,SG
12/22/2025,UTA,Ace Bailey,SF
12/22/2025,UTA,Svi Mykhailiuk,SF
12/22/2025,UTA,Lauri Markkanen,PF
12/22/2025,UTA,Jusuf Nurkic,C
12/22/2025,DEN,Jamal Murray,PG
12/22/2025,DEN,Peyton Watson,SF
12/22/2025,DEN,Cameron Johnson,PF
12/22/2025,DEN,Spencer Jones,PF
12/22/2025,DEN,Nikola Jokic,C
12/22/2025,MEM,Cedric Coward,SG
12/22/2025,MEM,Cam Spencer,SG
12/22/2025,MEM,Jaylen Wells,SF
12/22/2025,MEM,Jaren Jackson Jr.,PF
12/22/2025,MEM,Jock Landale,C
12/22/2025,OKC,Cason Wallace,PG
12/22/2025,OKC,Shai Gilgeous-Alexander,PG
12/22/2025,OKC,Jalen Williams,SF
12/22/2025,OKC,Luguentz Dort,SF
12/22/2025,OKC,Branden Carlson,C
12/22/2025,ORL,Tyus Jones,PG
12/22/2025,ORL,Anthony Black,PG
12/22/2025,ORL,Desmond Bane,SG
12/22/2025,ORL,Paolo Banchero,PF
12/22/2025,ORL,Wendell Carter Jr.,C
12/22/2025,GSW,Stephen Curry,PG
12/22/2025,GSW,Moses Moody,SG
12/22/2025,GSW,Jimmy Butler,SF
12/22/2025,GSW,Draymond Green,PF
12/22/2025,GSW,Quinten Post,C
12/22/2025,DET,Cade Cunningham,PG
12/22/2025,DET,Ausar Thompson,SG
12/22/2025,DET,Duncan Robinson,SG
12/22/2025,DET,Tobias Harris,SF
12/22/2025,DET,Jalen Duren,C
12/22/2025,POR,Shaedon Sharpe,SG
12/22/2025,POR,Deni Avdija,SF
12/22/2025,POR,Toumani Camara,SF
12/22/2025,POR,Kris Murray,PF
12/22/2025,POR,Donovan Clingan,C
12/23/2025,BRK,Egor Demin,PG
12/23/2025,BRK,Terance Mann,PG
12/23/2025,BRK,Michael Porter Jr.,SF
12/23/2025,BRK,Noah Clowney,PF
12/23/2025,BRK,Nicolas Claxton,C
12/23/2025,PHI,Jared McCain,PG
12/23/2025,PHI,Tyrese Maxey,PG
12/23/2025,PHI,Paul George,SF
12/23/2025,PHI,Jabari Walker,PF
12/23/2025,PHI,Joel Embiid,C
12/23/2025,WAS,CJ McCollum,PG
12/23/2025,WAS,Bilal Coulibaly,SG
12/23/2025,WAS,Khris Middleton,SF
12/23/2025,WAS,Kyshawn George,SF
12/23/2025,WAS,Alexandre Sarr,PF
12/23/2025,CHO,LaMelo Ball,PG
12/23/2025,CHO,Kon Knueppel,SG
12/23/2025,CHO,Miles Bridges,SF
12/23/2025,CHO,Brandon Miller,SF
12/23/2025,CHO,Moussa Diabate,PF
12/23/2025,CHI,Josh Giddey,SG
12/23/2025,CHI,Coby White,SG
12/23/2025,CHI,Matas Buzelis,SF
12/23/2025,CHI,Isaac Okoro,SF
12/23/2025,CHI,Nikola Vucevic,C
12/23/2025,ATL,Trae Young,PG
12/23/2025,ATL,Nickeil Alexander-Walker,SG
12/23/2025,ATL,Zaccharie Risacher,SF
12/23/2025,ATL,Jalen Johnson,PF
12/23/2025,ATL,Onyeka Okongwu,C
12/23/2025,MIL,Kevin Porter Jr.,PG
12/23/2025,MIL,AJ Green,SG
12/23/2025,MIL,Kyle Kuzma,PF
12/23/2025,MIL,Bobby Portis,PF
12/23/2025,MIL,Myles Turner,C
12/23/2025,IND,Andrew Nembhard,PG
12/23/2025,IND,Bennedict Mathurin,SG
12/23/2025,IND,Ethan Thompson,SG
12/23/2025,IND,Pascal Siakam,PF
12/23/2025,IND,Jay Huff,C
12/23/2025,NOP,Jeremiah Fears,PG
12/23/2025,NOP,Bryce McGowens,SG
12/23/2025,NOP,Trey Murphy III,SF
12/23/2025,NOP,Saddiq Bey,PF
12/23/2025,NOP,Derik Queen,C
12/23/2025,CLE,Darius Garland,PG
12/23/2025,CLE,Donovan Mitchell,SG
12/23/2025,CLE,Sam Merrill,SG
12/23/2025,CLE,Dean Wade,PF
12/23/2025,CLE,Jarrett Allen,C
12/23/2025,TOR,Immanuel Quickley,PG
12/23/2025,TOR,Ochai Agbaji,SG
12/23/2025,TOR,Scottie Barnes,SF
12/23/2025,TOR,Brandon Ingram,SF
12/23/2025,TOR,Sandro Mamukelashvili,PF
12/23/2025,MIA,Davion Mitchell,PG
12/23/2025,MIA,Norman Powell,SG
12/23/2025,MIA,Andrew Wiggins,SF
12/23/2025,MIA,Kel'el Ware,C
12/23/2025,MIA,Bam Adebayo,C
12/23/2025,NYK,Tyler Kolek,PG
12/23/2025,NYK,Josh Hart,SF
12/23/2025,NYK,Mikal Bridges,SF
12/23/2025,NYK,Karl-Anthony Towns,PF
12/23/2025,NYK,Mitchell Robinson,C
12/23/2025,MIN,Mike Conley,PG
12/23/2025,MIN,Donte DiVincenzo,SG
12/23/2025,MIN,Anthony Edwards,SG
12/23/2025,MIN,Julius Randle,PF
12/23/2025,MIN,Rudy Gobert,C
12/23/2025,DEN,Jamal Murray,PG
12/23/2025,DEN,Peyton Watson,SF
12/23/2025,DEN,Cameron Johnson,PF
12/23/2025,DEN,Spencer Jones,PF
12/23/2025,DEN,Nikola Jokic,C
12/23/2025,DAL,Ryan Nembhard,PG
12/23/2025,DAL,Jaden Hardy,SG
12/23/2025,DAL,Naji Marshall,SF
12/23/2025,DAL,Cooper Flagg,PF
12/23/2025,DAL,Anthony Davis,C
12/23/2025,OKC,Shai Gilgeous-Alexander,PG
12/23/2025,OKC,Luguentz Dort,SF
12/23/2025,OKC,Jalen Williams,SF
12/23/2025,OKC,Isaiah Hartenstein,C
12/23/2025,OKC,Chet Holmgren,C
12/23/2025,SAS,De'Aaron Fox,PG
12/23/2025,SAS,Stephon Castle,SG
12/23/2025,SAS,Devin Vassell,SG
12/23/2025,SAS,Harrison Barnes,SF
12/23/2025,SAS,Luke Kornet,C
12/23/2025,LAL,Nick Smith Jr.,PG
12/23/2025,LAL,Marcus Smart,PG
12/23/2025,LAL,LeBron James,SF
12/23/2025,LAL,Jake LaRavia,PF
12/23/2025,LAL,Deandre Ayton,C
12/23/2025,PHO,Collin Gillespie,PG
12/23/2025,PHO,Devin Booker,SG
12/23/2025,PHO,Dillon Brooks,SF
12/23/2025,PHO,Royce O'Neale,PF
12/23/2025,PHO,Mark Williams,C
12/23/2025,MEM,Cam Spencer,SG
12/23/2025,MEM,Jaylen Wells,SF
12/23/2025,MEM,Jaren Jackson Jr.,PF
12/23/2025,MEM,Santi Aldama,PF
12/23/2025,MEM,GG Jackson II,PF
12/23/2025,UTA,Keyonte George,SG
12/23/2025,UTA,Svi Mykhailiuk,SF
12/23/2025,UTA,Ace Bailey,SF
12/23/2025,UTA,Kevin Love,PF
12/23/2025,UTA,Kyle Filipowski,C
12/23/2025,ORL,Tyus Jones,PG
12/23/2025,ORL,Anthony Black,PG
12/23/2025,ORL,Desmond Bane,SG
12/23/2025,ORL,Paolo Banchero,PF
12/23/2025,ORL,Wendell Carter Jr.,C
12/23/2025,POR,Shaedon Sharpe,SG
12/23/2025,POR,Toumani Camara,SF
12/23/2025,POR,Deni Avdija,SF
12/23/2025,POR,Kris Murray,PF
12/23/2025,POR,Donovan Clingan,C
12/23/2025,DET,Cade Cunningham,PG
12/23/2025,DET,Duncan Robinson,SG
12/23/2025,DET,Ausar Thompson,SG
12/23/2025,DET,Tobias Harris,SF
12/23/2025,DET,Jalen Duren,C
12/23/2025,SAC,Russell Westbrook,PG
12/23/2025,SAC,DeMar DeRozan,SF
12/23/2025,SAC,Precious Achiuwa,PF
12/23/2025,SAC,Keegan Murray,PF
12/23/2025,SAC,Maxime Raynaud,C
12/23/2025,HOU,Josh Okogie,SG
12/23/2025,HOU,Amen Thompson,SG
12/23/2025,HOU,Jabari Smith Jr.,PF
12/23/2025,HOU,Kevin Durant,PF
12/23/2025,HOU,Alperen Sengun,C
12/23/2025,LAC,Kris Dunn,PG
12/23/2025,LAC,James Harden,SG
12/23/2025,LAC,Kawhi Leonard,SF
12/23/2025,LAC,John Collins,PF
12/23/2025,LAC,Brook Lopez,C
12/25/2025,CLE,Darius Garland,PG
12/25/2025,CLE,Donovan Mitchell,SG
12/25/2025,CLE,Sam Merrill,SG
12/25/2025,CLE,Dean Wade,PF
12/25/2025,CLE,Jarrett Allen,C
12/25/2025,NYK,Jalen Brunson,PG
12/25/2025,NYK,Mikal Bridges,SF
12/25/2025,NYK,Josh Hart,SF
12/25/2025,NYK,OG Anunoby,SF
12/25/2025,NYK,Karl-Anthony Towns,PF
12/25/2025,SAS,De'Aaron Fox,PG
12/25/2025,SAS,Stephon Castle,SG
12/25/2025,SAS,Devin Vassell,SG
12/25/2025,SAS,Harrison Barnes,SF
12/25/2025,SAS,Luke Kornet,C
12/25/2025,OKC,Shai Gilgeous-Alexander,PG
12/25/2025,OKC,Luguentz Dort,SF
12/25/2025,OKC,Jalen Williams,SF
12/25/2025,OKC,Chet Holmgren,C
12/25/2025,OKC,Isaiah Hartenstein,C
12/25/2025,DAL,Ryan Nembhard,PG
12/25/2025,DAL,Naji Marshall,SF
12/25/2025,DAL,P.J. Washington,PF
12/25/2025,DAL,Cooper Flagg,PF
12/25/2025,DAL,Anthony Davis,C
12/25/2025,GSW,Stephen Curry,PG
12/25/2025,GSW,Moses Moody,SG
12/25/2025,GSW,Jimmy Butler,SF
12/25/2025,GSW,Draymond Green,PF
12/25/2025,GSW,Quinten Post,C
12/25/2025,HOU,Amen Thompson,SG
12/25/2025,HOU,Tari Eason,SF
12/25/2025,HOU,Jabari Smith Jr.,PF
12/25/2025,HOU,Kevin Durant,PF
12/25/2025,HOU,Alperen Sengun,C
12/25/2025,LAL,Luka Doncic,PG
12/25/2025,LAL,Austin Reaves,SG
12/25/2025,LAL,LeBron James,SF
12/25/2025,LAL,Rui Hachimura,PF
12/25/2025,LAL,Deandre Ayton,C
12/25/2025,MIN,Anthony Edwards,SG
12/25/2025,MIN,Donte DiVincenzo,SG
12/25/2025,MIN,Julius Randle,PF
12/25/2025,MIN,Jaden McDaniels,PF
12/25/2025,MIN,Rudy Gobert,C
12/25/2025,DEN,Jamal Murray,PG
12/25/2025,DEN,Tim Hardaway Jr.,SF
12/25/2025,DEN,Peyton Watson,SF
12/25/2025,DEN,Spencer Jones,PF
12/25/2025,DEN,Nikola Jokic,C
12/26/2025,CHO,LaMelo Ball,PG
12/26/2025,CHO,Kon Knueppel,SG
12/26/2025,CHO,Miles Bridges,SF
12/26/2025,CHO,Brandon Miller,SF
12/26/2025,CHO,Moussa Diabate,PF
12/26/2025,ORL,Tyus Jones,PG
12/26/2025,ORL,Anthony Black,PG
12/26/2025,ORL,Desmond Bane,SG
12/26/2025,ORL,Paolo Banchero,PF
12/26/2025,ORL,Wendell Carter Jr.,C
12/26/2025,BOS,Payton Pritchard,PG
12/26/2025,BOS,Derrick White,SG
12/26/2025,BOS,Jaylen Brown,SG
12/26/2025,BOS,Jordan Walsh,SF
12/26/2025,BOS,Neemias Queta,C
12/26/2025,IND,Andrew Nembhard,PG
12/26/2025,IND,Bennedict Mathurin,SG
12/26/2025,IND,Quenton Jackson,SG
12/26/2025,IND,Pascal Siakam,PF
12/26/2025,IND,Jay Huff,C
12/26/2025,TOR,Immanuel Quickley,PG
12/26/2025,TOR,Ochai Agbaji,SG
12/26/2025,TOR,Scottie Barnes,SF
12/26/2025,TOR,Brandon Ingram,SF
12/26/2025,TOR,Sandro Mamukelashvili,PF
12/26/2025,WAS,CJ McCollum,PG
12/26/2025,WAS,Bilal Coulibaly,SG
12/26/2025,WAS,Khris Middleton,SF
12/26/2025,WAS,Kyshawn George,SF
12/26/2025,WAS,Alexandre Sarr,PF
12/26/2025,MIA,Davion Mitchell,PG
12/26/2025,MIA,Norman Powell,SG
12/26/2025,MIA,Pelle Larsson,SG
12/26/2025,MIA,Andrew Wiggins,SF
12/26/2025,MIA,Kel'el Ware,C
12/26/2025,ATL,Dyson Daniels,PG
12/26/2025,ATL,Trae Young,PG
12/26/2025,ATL,Zaccharie Risacher,SF
12/26/2025,ATL,Jalen Johnson,PF
12/26/2025,ATL,Onyeka Okongwu,C
12/26/2025,PHI,Tyrese Maxey,PG
12/26/2025,PHI,VJ Edgecombe,SG
12/26/2025,PHI,Paul George,SF
12/26/2025,PHI,Dominick Barlow,PF
12/26/2025,PHI,Joel Embiid,C
12/26/2025,CHI,Coby White,SG
12/26/2025,CHI,Josh Giddey,SG
12/26/2025,CHI,Isaac Okoro,SF
12/26/2025,CHI,Matas Buzelis,SF
12/26/2025,CHI,Nikola Vucevic,C
12/26/2025,MIL,Kevin Porter Jr.,PG
12/26/2025,MIL,AJ Green,SG
12/26/2025,MIL,Kyle Kuzma,PF
12/26/2025,MIL,Bobby Portis,PF
12/26/2025,MIL,Myles Turner,C
12/26/2025,MEM,Ja Morant,PG
12/26/2025,MEM,Cedric Coward,SG
12/26/2025,MEM,Jaylen Wells,SF
12/26/2025,MEM,Santi Aldama,PF
12/26/2025,MEM,Jaren Jackson Jr.,PF
12/26/2025,PHO,Collin Gillespie,PG
12/26/2025,PHO,Devin Booker,SG
12/26/2025,PHO,Dillon Brooks,SF
12/26/2025,PHO,Royce O'Neale,PF
12/26/2025,PHO,Mark Williams,C
12/26/2025,NOP,Jeremiah Fears,PG
12/26/2025,NOP,Bryce McGowens,SG
12/26/2025,NOP,Trey Murphy III,SF
12/26/2025,NOP,Saddiq Bey,PF
12/26/2025,NOP,Derik Queen,C
12/26/2025,DET,Cade Cunningham,PG
12/26/2025,DET,Duncan Robinson,SG
12/26/2025,DET,Ausar Thompson,SG
12/26/2025,DET,Tobias Harris,SF
12/26/2025,DET,Jalen Duren,C
12/26/2025,UTA,Keyonte George,SG
12/26/2025,UTA,Svi Mykhailiuk,SF
12/26/2025,UTA,Ace Bailey,SF
12/26/2025,UTA,Lauri Markkanen,PF
12/26/2025,UTA,Jusuf Nurkic,C
12/26/2025,LAC,Kris Dunn,PG
12/26/2025,LAC,James Harden,SG
12/26/2025,LAC,Kawhi Leonard,SF
12/26/2025,LAC,John Collins,PF
12/26/2025,LAC,Brook Lopez,C
12/26/2025,POR,Shaedon Sharpe,SG
12/26/2025,POR,Deni Avdija,SF
12/26/2025,POR,Toumani Camara,SF
12/26/2025,POR,Kris Murray,PF
12/26/2025,POR,Donovan Clingan,C
12/27/2025,DAL,Ryan Nembhard,PG
12/27/2025,DAL,Max Christie,SG
12/27/2025,DAL,P.J. Washington,PF
12/27/2025,DAL,Cooper Flagg,PF
12/27/2025,DAL,Daniel Gafford,C
12/27/2025,SAC,Russell Westbrook,PG
12/27/2025,SAC,Keon Ellis,SG
12/27/2025,SAC,DeMar DeRozan,SF
12/27/2025,SAC,Precious Achiuwa,PF
12/27/2025,SAC,Maxime Raynaud,C
12/27/2025,DEN,Jamal Murray,PG
12/27/2025,DEN,Tim Hardaway Jr.,SF
12/27/2025,DEN,Peyton Watson,SF
12/27/2025,DEN,Spencer Jones,PF
12/27/2025,DEN,Nikola Jokic,C
12/27/2025,ORL,Anthony Black,PG
12/27/2025,ORL,Tyus Jones,PG
12/27/2025,ORL,Desmond Bane,SG
12/27/2025,ORL,Paolo Banchero,PF
12/27/2025,ORL,Wendell Carter Jr.,C
12/27/2025,PHO,Collin Gillespie,PG
12/27/2025,PHO,Devin Booker,SG
12/27/2025,PHO,Dillon Brooks,SF
12/27/2025,PHO,Oso Ighodaro,PF
12/27/2025,PHO,Royce O'Neale,PF
12/27/2025,NOP,Jeremiah Fears,PG
12/27/2025,NOP,Bryce McGowens,SG
12/27/2025,NOP,Trey Murphy III,SF
12/27/2025,NOP,Saddiq Bey,PF
12/27/2025,NOP,Derik Queen,C
12/27/2025,IND,Andrew Nembhard,PG
12/27/2025,IND,Bennedict Mathurin,SG
12/27/2025,IND,Johnny Furphy,SF
12/27/2025,IND,Pascal Siakam,PF
12/27/2025,IND,Jay Huff,C
12/27/2025,MIA,Davion Mitchell,PG
12/27/2025,MIA,Pelle Larsson,SG
12/27/2025,MIA,Norman Powell,SG
12/27/2025,MIA,Andrew Wiggins,SF
12/27/2025,MIA,Kel'el Ware,C
12/27/2025,CLE,Darius Garland,PG
12/27/2025,CLE,Donovan Mitchell,SG
12/27/2025,CLE,Sam Merrill,SG
12/27/2025,CLE,Dean Wade,PF
12/27/2025,CLE,Jarrett Allen,C
12/27/2025,HOU,Amen Thompson,SG
12/27/2025,HOU,Tari Eason,SF
12/27/2025,HOU,Jabari Smith Jr.,PF
12/27/2025,HOU,Kevin Durant,PF
12/27/2025,HOU,Steven Adams,C
12/27/2025,UTA,Keyonte George,SG
12/27/2025,UTA,Brice Sensabaugh,SF
12/27/2025,UTA,Svi Mykhailiuk,SF
12/27/2025,UTA,Lauri Markkanen,PF
12/27/2025,UTA,Jusuf Nurkic,C
12/27/2025,SAS,Stephon Castle,SG
12/27/2025,SAS,Devin Vassell,SG
12/27/2025,SAS,Harrison Barnes,SF
12/27/2025,SAS,Julian Champagnie,SF
12/27/2025,SAS,Victor Wembanyama,PF
12/27/2025,BRK,Terance Mann,PG
12/27/2025,BRK,Egor Demin,PG
12/27/2025,BRK,Michael Porter Jr.,SF
12/27/2025,BRK,Noah Clowney,PF
12/27/2025,BRK,Nicolas Claxton,C
12/27/2025,MIN,Donte DiVincenzo,SG
12/27/2025,MIN,Anthony Edwards,SG
12/27/2025,MIN,Julius Randle,PF
12/27/2025,MIN,Jaden McDaniels,PF
12/27/2025,MIN,Rudy Gobert,C
12/27/2025,MIL,Kevin Porter Jr.,PG
12/27/2025,MIL,Ryan Rollins,SG
12/27/2025,MIL,AJ Green,SG
12/27/2025,MIL,Giannis Antetokounmpo,PF
12/27/2025,MIL,Myles Turner,C
12/27/2025,CHI,Coby White,SG
12/27/2025,CHI,Josh Giddey,SG
12/27/2025,CHI,Matas Buzelis,SF
12/27/2025,CHI,Isaac Okoro,SF
12/27/2025,CHI,Nikola Vucevic,C
12/27/2025,NYK,Jalen Brunson,PG
12/27/2025,NYK,OG Anunoby,SF
12/27/2025,NYK,Mikal Bridges,SF
12/27/2025,NYK,Karl-Anthony Towns,PF
12/27/2025,NYK,Mohamed Diawara,PF
12/27/2025,ATL,Trae Young,PG
12/27/2025,ATL,Dyson Daniels,PG
12/27/2025,ATL,Zaccharie Risacher,SF
12/27/2025,ATL,Jalen Johnson,PF
12/27/2025,ATL,Onyeka Okongwu,C
12/28/2025,PHI,Tyrese Maxey,PG
12/28/2025,PHI,VJ Edgecombe,SG
12/28/2025,PHI,Paul George,SF
12/28/2025,PHI,Dominick Barlow,PF
12/28/2025,PHI,Andre Drummond,C
12/28/2025,OKC,Shai Gilgeous-Alexander,PG
12/28/2025,OKC,Jalen Williams,SF
12/28/2025,OKC,Luguentz Dort,SF
12/28/2025,OKC,Isaiah Hartenstein,C
12/28/2025,OKC,Chet Holmgren,C
12/28/2025,GSW,Stephen Curry,PG
12/28/2025,GSW,Moses Moody,SG
12/28/2025,GSW,Jimmy Butler,SF
12/28/2025,GSW,Draymond Green,PF
12/28/2025,GSW,Quinten Post,C
12/28/2025,TOR,Immanuel Quickley,PG
12/28/2025,TOR,Ochai Agbaji,SG
12/28/2025,TOR,RJ Barrett,SG
12/28/2025,TOR,Brandon Ingram,SF
12/28/2025,TOR,Scottie Barnes,SF
12/28/2025,MEM,Ja Morant,PG
12/28/2025,MEM,Cedric Coward,SG
12/28/2025,MEM,Jaylen Wells,SF
12/28/2025,MEM,Santi Aldama,PF
12/28/2025,MEM,Jaren Jackson Jr.,PF
12/28/2025,WAS,CJ McCollum,PG
12/28/2025,WAS,Tre Johnson,SG
12/28/2025,WAS,Bilal Coulibaly,SG
12/28/2025,WAS,Khris Middleton,SF
12/28/2025,WAS,Alexandre Sarr,PF
12/28/2025,BOS,Payton Pritchard,PG
12/28/2025,BOS,Derrick White,SG
12/28/2025,BOS,Jaylen Brown,SG
12/28/2025,BOS,Jordan Walsh,SF
12/28/2025,BOS,Neemias Queta,C
12/28/2025,POR,Shaedon Sharpe,SG
12/28/2025,POR,Deni Avdija,SF
12/28/2025,POR,Toumani Camara,SF
12/28/2025,POR,Kris Murray,PF
12/28/2025,POR,Donovan Clingan,C
12/28/2025,DET,Cade Cunningham,PG
12/28/2025,DET,Duncan Robinson,SG
12/28/2025,DET,Ausar Thompson,SG
12/28/2025,DET,Tobias Harris,SF
12/28/2025,DET,Jalen Duren,C
12/28/2025,LAC,Kris Dunn,PG
12/28/2025,LAC,James Harden,SG
12/28/2025,LAC,Kawhi Leonard,SF
12/28/2025,LAC,Nicolas Batum,PF
12/28/2025,LAC,Brook Lopez,C
12/28/2025,SAC,Russell Westbrook,PG
12/28/2025,SAC,Keon Ellis,SG
12/28/2025,SAC,DeMar DeRozan,SF
12/28/2025,SAC,Precious Achiuwa,PF
12/28/2025,SAC,Maxime Raynaud,C
12/28/2025,LAL,Luka Doncic,PG
12/28/2025,LAL,Marcus Smart,PG
12/28/2025,LAL,LeBron James,SF
12/28/2025,LAL,Rui Hachimura,PF
12/28/2025,LAL,Deandre Ayton,C
12/29/2025,MIL,Kevin Porter Jr.,PG
12/29/2025,MIL,Ryan Rollins,SG
12/29/2025,MIL,AJ Green,SG
12/29/2025,MIL,Giannis Antetokounmpo,PF
12/29/2025,MIL,Myles Turner,C
12/29/2025,CHO,LaMelo Ball,PG
12/29/2025,CHO,Sion James,SG
12/29/2025,CHO,Miles Bridges,SF
12/29/2025,CHO,Brandon Miller,SF
12/29/2025,CHO,Moussa Diabate,PF
12/29/2025,PHO,Collin Gillespie,PG
12/29/2025,PHO,Devin Booker,SG
12/29/2025,PHO,Dillon Brooks,SF
12/29/2025,PHO,Oso Ighodaro,PF
12/29/2025,PHO,Royce O'Neale,PF
12/29/2025,WAS,CJ McCollum,PG
12/29/2025,WAS,Tre Johnson,SG
12/29/2025,WAS,Bilal Coulibaly,SG
12/29/2025,WAS,Jamir Watkins,SG
12/29/2025,WAS,Alexandre Sarr,PF
12/29/2025,ORL,Anthony Black,PG
12/29/2025,ORL,Tyus Jones,PG
12/29/2025,ORL,Desmond Bane,SG
12/29/2025,ORL,Paolo Banchero,PF
12/29/2025,ORL,Wendell Carter Jr.,C
12/29/2025,TOR,Immanuel Quickley,PG
12/29/2025,TOR,Ochai Agbaji,SG
12/29/2025,TOR,Scottie Barnes,SF
12/29/2025,TOR,Brandon Ingram,SF
12/29/2025,TOR,Sandro Mamukelashvili,PF
12/29/2025,GSW,Stephen Curry,PG
12/29/2025,GSW,Moses Moody,SG
12/29/2025,GSW,Jimmy Butler,SF
12/29/2025,GSW,Draymond Green,PF
12/29/2025,GSW,Quinten Post,C
12/29/2025,BRK,Terance Mann,PG
12/29/2025,BRK,Egor Demin,PG
12/29/2025,BRK,Michael Porter Jr.,SF
12/29/2025,BRK,Noah Clowney,PF
12/29/2025,BRK,Nicolas Claxton,C
12/29/2025,DEN,Jamal Murray,PG
12/29/2025,DEN,Peyton Watson,SF
12/29/2025,DEN,Tim Hardaway Jr.,SF
12/29/2025,DEN,Spencer Jones,PF
12/29/2025,DEN,Nikola Jokic,C
12/29/2025,MIA,Davion Mitchell,PG
12/29/2025,MIA,Norman Powell,SG
12/29/2025,MIA,Andrew Wiggins,SF
12/29/2025,MIA,Kel'el Ware,C
12/29/2025,MIA,Bam Adebayo,C
12/29/2025,NYK,Jalen Brunson,PG
12/29/2025,NYK,Mikal Bridges,SF
12/29/2025,NYK,OG Anunoby,SF
12/29/2025,NYK,Mohamed Diawara,PF
12/29/2025,NYK,Karl-Anthony Towns,PF
12/29/2025,NOP,Jeremiah Fears,PG
12/29/2025,NOP,Trey Murphy III,SF
12/29/2025,NOP,Saddiq Bey,PF
12/29/2025,NOP,Zion Williamson,PF
12/29/2025,NOP,Derik Queen,C
12/29/2025,ATL,Dyson Daniels,PG
12/29/2025,ATL,Vit Krejci,SG
12/29/2025,ATL,Nickeil Alexander-Walker,SG
12/29/2025,ATL,Zaccharie Risacher,SF
12/29/2025,ATL,Onyeka Okongwu,C
12/29/2025,OKC,Shai Gilgeous-Alexander,PG
12/29/2025,OKC,Cason Wallace,PG
12/29/2025,OKC,Luguentz Dort,SF
12/29/2025,OKC,Jalen Williams,SF
12/29/2025,OKC,Chet Holmgren,C
12/29/2025,CLE,Darius Garland,PG
12/29/2025,CLE,Donovan Mitchell,SG
12/29/2025,CLE,Dean Wade,PF
12/29/2025,CLE,Evan Mobley,PF
12/29/2025,CLE,Jarrett Allen,C
12/29/2025,SAS,De'Aaron Fox,PG
12/29/2025,SAS,Devin Vassell,SG
12/29/2025,SAS,Stephon Castle,SG
12/29/2025,SAS,Harrison Barnes,SF
12/29/2025,SAS,Victor Wembanyama,PF
12/29/2025,MIN,Donte DiVincenzo,SG
12/29/2025,MIN,Anthony Edwards,SG
12/29/2025,MIN,Jaden McDaniels,PF
12/29/2025,MIN,Julius Randle,PF
12/29/2025,MIN,Rudy Gobert,C
12/29/2025,CHI,Coby White,SG
12/29/2025,CHI,Josh Giddey,SG
12/29/2025,CHI,Isaac Okoro,SF
12/29/2025,CHI,Matas Buzelis,SF
12/29/2025,CHI,Nikola Vucevic,C
12/29/2025,IND,Andrew Nembhard,PG
12/29/2025,IND,Bennedict Mathurin,SG
12/29/2025,IND,Johnny Furphy,SF
12/29/2025,IND,Pascal Siakam,PF
12/29/2025,IND,Jay Huff,C
12/29/2025,HOU,Amen Thompson,SG
12/29/2025,HOU,Tari Eason,SF
12/29/2025,HOU,Jabari Smith Jr.,PF
12/29/2025,HOU,Kevin Durant,PF
12/29/2025,HOU,Steven Adams,C
12/29/2025,DAL,Ryan Nembhard,PG
12/29/2025,DAL,Max Christie,SG
12/29/2025,DAL,P.J. Washington,PF
12/29/2025,DAL,Cooper Flagg,PF
12/29/2025,DAL,Daniel Gafford,C
12/29/2025,POR,Shaedon Sharpe,SG
12/29/2025,POR,Sidy Cissoko,SF
12/29/2025,POR,Toumani Camara,SF
12/29/2025,POR,Deni Avdija,SF
12/29/2025,POR,Donovan Clingan,C
12/30/2025,PHI,Tyrese Maxey,PG
12/30/2025,PHI,VJ Edgecombe,SG
12/30/2025,PHI,Paul George,SF
12/30/2025,PHI,Dominick Barlow,PF
12/30/2025,PHI,Joel Embiid,C
12/30/2025,MEM,Ja Morant,PG
12/30/2025,MEM,Cedric Coward,SG
12/30/2025,MEM,Jaylen Wells,SF
12/30/2025,MEM,Jaren Jackson Jr.,PF
12/30/2025,MEM,Christian Koloko,C
12/30/2025,BOS,Payton Pritchard,PG
12/30/2025,BOS,Jaylen Brown,SG
12/30/2025,BOS,Derrick White,SG
12/30/2025,BOS,Jordan Walsh,SF
12/30/2025,BOS,Neemias Queta,C
12/30/2025,UTA,Keyonte George,SG
12/30/2025,UTA,Brice Sensabaugh,SF
12/30/2025,UTA,Lauri Markkanen,PF
12/30/2025,UTA,Taylor Hendricks,PF
12/30/2025,UTA,Jusuf Nurkic,C
12/30/2025,DET,Cade Cunningham,PG
12/30/2025,DET,Ausar Thompson,SG
12/30/2025,DET,Duncan Robinson,SG
12/30/2025,DET,Tobias Harris,SF
12/30/2025,DET,Jalen Duren,C
12/30/2025,LAL,Marcus Smart,PG
12/30/2025,LAL,Luka Doncic,PG
12/30/2025,LAL,LeBron James,SF
12/30/2025,LAL,Jake LaRavia,PF
12/30/2025,LAL,Deandre Ayton,C
12/30/2025,SAC,Russell Westbrook,PG
12/30/2025,SAC,DeMar DeRozan,SF
12/30/2025,SAC,Keegan Murray,PF
12/30/2025,SAC,Precious Achiuwa,PF
12/30/2025,SAC,Maxime Raynaud,C
12/30/2025,LAC,Kris Dunn,PG
12/30/2025,LAC,James Harden,SG
12/30/2025,LAC,Kawhi Leonard,SF
12/30/2025,LAC,John Collins,PF
12/30/2025,LAC,Brook Lopez,C
12/31/2025,GSW,Stephen Curry,PG
12/31/2025,GSW,Moses Moody,SG
12/31/2025,GSW,Jimmy Butler,SF
12/31/2025,GSW,Draymond Green,PF
12/31/2025,GSW,Quinten Post,C
12/31/2025,CHO,Collin Sexton,PG
12/31/2025,CHO,LaMelo Ball,PG
12/31/2025,CHO,Kon Knueppel,SG
12/31/2025,CHO,Brandon Miller,SF
12/31/2025,CHO,Moussa Diabate,PF
12/31/2025,MIN,Donte DiVincenzo,SG
12/31/2025,MIN,Anthony Edwards,SG
12/31/2025,MIN,Julius Randle,PF
12/31/2025,MIN,Jaden McDaniels,PF
12/31/2025,MIN,Rudy Gobert,C
12/31/2025,ATL,Dyson Daniels,PG
12/31/2025,ATL,Nickeil Alexander-Walker,SG
12/31/2025,ATL,Zaccharie Risacher,SF
12/31/2025,ATL,Jalen Johnson,PF
12/31/2025,ATL,Onyeka Okongwu,C
12/31/2025,ORL,Anthony Black,PG
12/31/2025,ORL,Desmond Bane,SG
12/31/2025,ORL,Jalen Suggs,SG
12/31/2025,ORL,Paolo Banchero,PF
12/31/2025,ORL,Wendell Carter Jr.,C
12/31/2025,IND,Andrew Nembhard,PG
12/31/2025,IND,Bennedict Mathurin,SG
12/31/2025,IND,Johnny Furphy,SF
12/31/2025,IND,Pascal Siakam,PF
12/31/2025,IND,Jay Huff,C
12/31/2025,PHO,Collin Gillespie,PG
12/31/2025,PHO,Devin Booker,SG
12/31/2025,PHO,Dillon Brooks,SF
12/31/2025,PHO,Royce O'Neale,PF
12/31/2025,PHO,Mark Williams,C
12/31/2025,CLE,Darius Garland,PG
12/31/2025,CLE,Donovan Mitchell,SG
12/31/2025,CLE,Dean Wade,PF
12/31/2025,CLE,Evan Mobley,PF
12/31/2025,CLE,Jarrett Allen,C
12/31/2025,NOP,Jeremiah Fears,PG
12/31/2025,NOP,Trey Murphy III,SF
12/31/2025,NOP,Saddiq Bey,PF
12/31/2025,NOP,Zion Williamson,PF
12/31/2025,NOP,Derik Queen,C
12/31/2025,CHI,Tre Jones,PG
12/31/2025,CHI,Isaac Okoro,SF
12/31/2025,CHI,Matas Buzelis,SF
12/31/2025,CHI,Jalen Smith,PF
12/31/2025,CHI,Nikola Vucevic,C
12/31/2025,NYK,Jalen Brunson,PG
12/31/2025,NYK,Mikal Bridges,SF
12/31/2025,NYK,OG Anunoby,SF
12/31/2025,NYK,Mohamed Diawara,PF
12/31/2025,NYK,Karl-Anthony Towns,PF
12/31/2025,SAS,De'Aaron Fox,PG
12/31/2025,SAS,Stephon Castle,SG
12/31/2025,SAS,Harrison Barnes,SF
12/31/2025,SAS,Julian Champagnie,SF
12/31/2025,SAS,Victor Wembanyama,PF
12/31/2025,DEN,Jamal Murray,PG
12/31/2025,DEN,Jalen Pickett,SG
12/31/2025,DEN,Peyton Watson,SF
12/31/2025,DEN,Spencer Jones,PF
12/31/2025,DEN,Jonas Valanciunas,C
12/31/2025,TOR,Immanuel Quickley,PG
12/31/2025,TOR,RJ Barrett,SG
12/31/2025,TOR,Ochai Agbaji,SG
12/31/2025,TOR,Scottie Barnes,SF
12/31/2025,TOR,Brandon Ingram,SF
12/31/2025,WAS,CJ McCollum,PG
12/31/2025,WAS,Tre Johnson,SG
12/31/2025,WAS,Bilal Coulibaly,SG
12/31/2025,WAS,Khris Middleton,SF
12/31/2025,WAS,Alexandre Sarr,PF
12/31/2025,MIL,Kevin Porter Jr.,PG
12/31/2025,MIL,Ryan Rollins,SG
12/31/2025,MIL,AJ Green,SG
12/31/2025,MIL,Giannis Antetokounmpo,PF
12/31/2025,MIL,Myles Turner,C
12/31/2025,POR,Shaedon Sharpe,SG
12/31/2025,POR,Toumani Camara,SF
12/31/2025,POR,Sidy Cissoko,SF
12/31/2025,POR,Deni Avdija,SF
12/31/2025,POR,Donovan Clingan,C
12/31/2025,OKC,Shai Gilgeous-Alexander,PG
12/31/2025,OKC,Cason Wallace,PG
12/31/2025,OKC,Luguentz Dort,SF
12/31/2025,OKC,Jalen Williams,SF
12/31/2025,OKC,Chet Holmgren,C
01/01/2026,HOU,Amen Thompson,SG
01/01/2026,HOU,Tari Eason,SF
01/01/2026,HOU,Jabari Smith Jr.,PF
01/01/2026,HOU,Kevin Durant,PF
01/01/2026,HOU,Alperen Sengun,C
01/01/2026,BRK,Drake Powell,SG
01/01/2026,BRK,Ziaire Williams,SF
01/01/2026,BRK,Noah Clowney,PF
01/01/2026,BRK,Danny Wolf,C
01/01/2026,BRK,Nicolas Claxton,C
01/01/2026,MIA,Davion Mitchell,PG
01/01/2026,MIA,Norman Powell,SG
01/01/2026,MIA,Andrew Wiggins,SF
01/01/2026,MIA,Kel'el Ware,C
01/01/2026,MIA,Bam Adebayo,C
01/01/2026,DET,Cade Cunningham,PG
01/01/2026,DET,Duncan Robinson,SG
01/01/2026,DET,Ausar Thompson,SG
01/01/2026,DET,Isaiah Stewart,PF
01/01/2026,DET,Jalen Duren,C
01/01/2026,PHI,Tyrese Maxey,PG
01/01/2026,PHI,VJ Edgecombe,SG
01/01/2026,PHI,Paul George,SF
01/01/2026,PHI,Dominick Barlow,PF
01/01/2026,PHI,Joel Embiid,C
01/01/2026,DAL,Ryan Nembhard,PG
01/01/2026,DAL,Max Christie,SG
01/01/2026,DAL,Cooper Flagg,PF
01/01/2026,DAL,P.J. Washington,PF
01/01/2026,DAL,Anthony Davis,C
01/01/2026,BOS,Payton Pritchard,PG
01/01/2026,BOS,Jaylen Brown,SG
01/01/2026,BOS,Derrick White,SG
01/01/2026,BOS,Jordan Walsh,SF
01/01/2026,BOS,Neemias Queta,C
01/01/2026,SAC,Russell Westbrook,PG
01/01/2026,SAC,DeMar DeRozan,SF
01/01/2026,SAC,Keegan Murray,PF
01/01/2026,SAC,Precious Achiuwa,PF
01/01/2026,SAC,Maxime Raynaud,C
01/01/2026,UTA,Isaiah Collier,PG
01/01/2026,UTA,Brice Sensabaugh,SF
01/01/2026,UTA,Svi Mykhailiuk,SF
01/01/2026,UTA,Taylor Hendricks,PF
01/01/2026,UTA,Kyle Filipowski,C
01/01/2026,LAC,Kris Dunn,PG
01/01/2026,LAC,James Harden,SG
01/01/2026,LAC,Kawhi Leonard,SF
01/01/2026,LAC,John Collins,PF
01/01/2026,LAC,Brook Lopez,C
01/02/2026,BRK,Terance Mann,PG
01/02/2026,BRK,Egor Demin,PG
01/02/2026,BRK,Noah Clowney,PF
01/02/2026,BRK,Day'Ron Sharpe,C
01/02/2026,BRK,Danny Wolf,C
01/02/2026,WAS,CJ McCollum,PG
01/02/2026,WAS,Bilal Coulibaly,SG
01/02/2026,WAS,Tre Johnson,SG
01/02/2026,WAS,Khris Middleton,SF
01/02/2026,WAS,Alexandre Sarr,PF
01/02/2026,SAS,De'Aaron Fox,PG
01/02/2026,SAS,Stephon Castle,SG
01/02/2026,SAS,Harrison Barnes,SF
01/02/2026,SAS,Julian Champagnie,SF
01/02/2026,SAS,Luke Kornet,C
01/02/2026,IND,Andrew Nembhard,PG
01/02/2026,IND,Bennedict Mathurin,SG
01/02/2026,IND,Micah Potter,PF
01/02/2026,IND,Pascal Siakam,PF
01/02/2026,IND,Aaron Nesmith,PF
01/02/2026,DEN,Jamal Murray,PG
01/02/2026,DEN,Jalen Pickett,SG
01/02/2026,DEN,Peyton Watson,SF
01/02/2026,DEN,DaRon Holmes II,PF
01/02/2026,DEN,Spencer Jones,PF
01/02/2026,CLE,Darius Garland,PG
01/02/2026,CLE,Donovan Mitchell,SG
01/02/2026,CLE,Jaylon Tyson,SF
01/02/2026,CLE,Evan Mobley,PF
01/02/2026,CLE,Jarrett Allen,C
01/02/2026,ATL,Dyson Daniels,PG
01/02/2026,ATL,Nickeil Alexander-Walker,SG
01/02/2026,ATL,Zaccharie Risacher,SF
01/02/2026,ATL,Jalen Johnson,PF
01/02/2026,ATL,Onyeka Okongwu,C
01/02/2026,NYK,Jalen Brunson,PG
01/02/2026,NYK,Miles McBride,PG
01/02/2026,NYK,Mikal Bridges,SF
01/02/2026,NYK,OG Anunoby,SF
01/02/2026,NYK,Ariel Hukporti,C
01/02/2026,ORL,Anthony Black,PG
01/02/2026,ORL,Jalen Suggs,SG
01/02/2026,ORL,Desmond Bane,SG
01/02/2026,ORL,Paolo Banchero,PF
01/02/2026,ORL,Wendell Carter Jr.,C
01/02/2026,CHI,Tre Jones,PG
01/02/2026,CHI,Matas Buzelis,SF
01/02/2026,CHI,Isaac Okoro,SF
01/02/2026,CHI,Jalen Smith,PF
01/02/2026,CHI,Nikola Vucevic,C
01/02/2026,CHO,LaMelo Ball,PG
01/02/2026,CHO,Kon Knueppel,SG
01/02/2026,CHO,Brandon Miller,SF
01/02/2026,CHO,Miles Bridges,SF
01/02/2026,CHO,PJ Hall,C
01/02/2026,MIL,Kevin Porter Jr.,PG
01/02/2026,MIL,Ryan Rollins,SG
01/02/2026,MIL,AJ Green,SG
01/02/2026,MIL,Giannis Antetokounmpo,PF
01/02/2026,MIL,Myles Turner,C
01/02/2026,POR,Shaedon Sharpe,SG
01/02/2026,POR,Deni Avdija,SF
01/02/2026,POR,Toumani Camara,SF
01/02/2026,POR,Kris Murray,PF
01/02/2026,POR,Donovan Clingan,C
01/02/2026,NOP,Jeremiah Fears,PG
01/02/2026,NOP,Jordan Poole,PG
01/02/2026,NOP,Bryce McGowens,SG
01/02/2026,NOP,Zion Williamson,PF
01/02/2026,NOP,Yves Missi,C
01/02/2026,SAC,Russell Westbrook,PG
01/02/2026,SAC,DeMar DeRozan,SF
01/02/2026,SAC,Keegan Murray,PF
01/02/2026,SAC,Precious Achiuwa,PF
01/02/2026,SAC,Maxime Raynaud,C
01/02/2026,PHO,Collin Gillespie,PG
01/02/2026,PHO,Devin Booker,SG
01/02/2026,PHO,Dillon Brooks,SF
01/02/2026,PHO,Royce O'Neale,PF
01/02/2026,PHO,Mark Williams,C
01/02/2026,OKC,Cason Wallace,PG
01/02/2026,OKC,Shai Gilgeous-Alexander,PG
01/02/2026,OKC,Luguentz Dort,SF
01/02/2026,OKC,Jalen Williams,SF
01/02/2026,OKC,Chet Holmgren,C
01/02/2026,GSW,Will Richard,SG
01/02/2026,GSW,Brandin Podziemski,SG
01/02/2026,GSW,Moses Moody,SG
01/02/2026,GSW,Gui Santos,SF
01/02/2026,GSW,Quinten Post,C
01/02/2026,MEM,Ja Morant,PG
01/02/2026,MEM,Cedric Coward,SG
01/02/2026,MEM,Jaylen Wells,SF
01/02/2026,MEM,Jaren Jackson Jr.,PF
01/02/2026,MEM,Christian Koloko,C
01/02/2026,LAL,Luka Doncic,PG
01/02/2026,LAL,Marcus Smart,PG
01/02/2026,LAL,LeBron James,SF
01/02/2026,LAL,Jake LaRavia,PF
01/02/2026,LAL,Deandre Ayton,C
01/03/2026,MIN,Donte DiVincenzo,SG
01/03/2026,MIN,Anthony Edwards,SG
01/03/2026,MIN,Jaden McDaniels,PF
01/03/2026,MIN,Julius Randle,PF
01/03/2026,MIN,Rudy Gobert,C
01/03/2026,MIA,Davion Mitchell,PG
01/03/2026,MIA,Norman Powell,SG
01/03/2026,MIA,Andrew Wiggins,SF
01/03/2026,MIA,Bam Adebayo,C
01/03/2026,MIA,Kel'el Ware,C
01/03/2026,PHI,Tyrese Maxey,PG
01/03/2026,PHI,VJ Edgecombe,SG
01/03/2026,PHI,Paul George,SF
01/03/2026,PHI,Dominick Barlow,PF
01/03/2026,PHI,Joel Embiid,C
01/03/2026,NYK,Jalen Brunson,PG
01/03/2026,NYK,OG Anunoby,SF
01/03/2026,NYK,Mikal Bridges,SF
01/03/2026,NYK,Karl-Anthony Towns,PF
01/03/2026,NYK,Mitchell Robinson,C
01/03/2026,ATL,Dyson Daniels,PG
01/03/2026,ATL,Nickeil Alexander-Walker,SG
01/03/2026,ATL,Zaccharie Risacher,SF
01/03/2026,ATL,Jalen Johnson,PF
01/03/2026,ATL,Onyeka Okongwu,C
01/03/2026,TOR,Immanuel Quickley,PG
01/03/2026,TOR,RJ Barrett,SG
01/03/2026,TOR,Brandon Ingram,SF
01/03/2026,TOR,Scottie Barnes,SF
01/03/2026,TOR,Collin Murray-Boyles,PF
01/03/2026,CHO,LaMelo Ball,PG
01/03/2026,CHO,Kon Knueppel,SG
01/03/2026,CHO,Miles Bridges,SF
01/03/2026,CHO,Brandon Miller,SF
01/03/2026,CHO,PJ Hall,C
01/03/2026,CHI,Tre Jones,PG
01/03/2026,CHI,Matas Buzelis,SF
01/03/2026,CHI,Isaac Okoro,SF
01/03/2026,CHI,Jalen Smith,PF
01/03/2026,CHI,Nikola Vucevic,C
01/03/2026,POR,Shaedon Sharpe,SG
01/03/2026,POR,Toumani Camara,SF
01/03/2026,POR,Deni Avdija,SF
01/03/2026,POR,Kris Murray,PF
01/03/2026,POR,Donovan Clingan,C
01/03/2026,SAS,De'Aaron Fox,PG
01/03/2026,SAS,Stephon Castle,SG
01/03/2026,SAS,Julian Champagnie,SF
01/03/2026,SAS,Harrison Barnes,SF
01/03/2026,SAS,Luke Kornet,C
01/03/2026,HOU,Amen Thompson,SG
01/03/2026,HOU,Tari Eason,SF
01/03/2026,HOU,Kevin Durant,PF
01/03/2026,HOU,Jabari Smith Jr.,PF
01/03/2026,HOU,Alperen Sengun,C
01/03/2026,DAL,Max Christie,SG
01/03/2026,DAL,Cooper Flagg,PF
01/03/2026,DAL,P.J. Washington,PF
01/03/2026,DAL,Daniel Gafford,C
01/03/2026,DAL,Anthony Davis,C
01/03/2026,UTA,Keyonte George,SG
01/03/2026,UTA,Brice Sensabaugh,SF
01/03/2026,UTA,Svi Mykhailiuk,SF
01/03/2026,UTA,Lauri Markkanen,PF
01/03/2026,UTA,Kevin Love,PF
01/03/2026,GSW,Stephen Curry,PG
01/03/2026,GSW,Moses Moody,SG
01/03/2026,GSW,Jimmy Butler,SF
01/03/2026,GSW,Draymond Green,PF
01/03/2026,GSW,Quinten Post,C
01/03/2026,BOS,Payton Pritchard,PG
01/03/2026,BOS,Jaylen Brown,SG
01/03/2026,BOS,Derrick White,SG
01/03/2026,BOS,Sam Hauser,SF
01/03/2026,BOS,Neemias Queta,C
01/03/2026,LAC,Kris Dunn,PG
01/03/2026,LAC,James Harden,SG
01/03/2026,LAC,Kawhi Leonard,SF
01/03/2026,LAC,John Collins,PF
01/03/2026,LAC,Brook Lopez,C
01/04/2026,DET,Cade Cunningham,PG
01/04/2026,DET,Duncan Robinson,SG
01/04/2026,DET,Ausar Thompson,SG
01/04/2026,DET,Isaiah Stewart,PF
01/04/2026,DET,Paul Reed,PF
01/04/2026,CLE,Darius Garland,PG
01/04/2026,CLE,Sam Merrill,SG
01/04/2026,CLE,Donovan Mitchell,SG
01/04/2026,CLE,Jaylon Tyson,SF
01/04/2026,CLE,Evan Mobley,PF
01/04/2026,IND,Andrew Nembhard,PG
01/04/2026,IND,Johnny Furphy,SF
01/04/2026,IND,Pascal Siakam,PF
01/04/2026,IND,Aaron Nesmith,PF
01/04/2026,IND,Micah Potter,PF
01/04/2026,ORL,Anthony Black,PG
01/04/2026,ORL,Desmond Bane,SG
01/04/2026,ORL,Paolo Banchero,PF
01/04/2026,ORL,Tristan da Silva,PF
01/04/2026,ORL,Wendell Carter Jr.,C
01/04/2026,DEN,Jamal Murray,PG
01/04/2026,DEN,Christian Braun,SG
01/04/2026,DEN,Peyton Watson,SF
01/04/2026,DEN,Spencer Jones,PF
01/04/2026,DEN,DaRon Holmes II,PF
01/04/2026,BRK,Terance Mann,PG
01/04/2026,BRK,Egor Demin,PG
01/04/2026,BRK,Michael Porter Jr.,SF
01/04/2026,BRK,Noah Clowney,PF
01/04/2026,BRK,Day'Ron Sharpe,C
01/04/2026,NOP,Jeremiah Fears,PG
01/04/2026,NOP,Trey Murphy III,SF
01/04/2026,NOP,Zion Williamson,PF
01/04/2026,NOP,Karlo Matkovic,PF
01/04/2026,NOP,Derik Queen,C
01/04/2026,MIA,Davion Mitchell,PG
01/04/2026,MIA,Norman Powell,SG
01/04/2026,MIA,Andrew Wiggins,SF
01/04/2026,MIA,Kel'el Ware,C
01/04/2026,MIA,Bam Adebayo,C
01/04/2026,MIN,Anthony Edwards,SG
01/04/2026,MIN,Donte DiVincenzo,SG
01/04/2026,MIN,Jaden McDaniels,PF
01/04/2026,MIN,Julius Randle,PF
01/04/2026,MIN,Rudy Gobert,C
01/04/2026,WAS,CJ McCollum,PG
01/04/2026,WAS,Bilal Coulibaly,SG
01/04/2026,WAS,Tre Johnson,SG
01/04/2026,WAS,Khris Middleton,SF
01/04/2026,WAS,Alexandre Sarr,PF
01/04/2026,OKC,Cason Wallace,PG
01/04/2026,OKC,Shai Gilgeous-Alexander,PG
01/04/2026,OKC,Luguentz Dort,SF
01/04/2026,OKC,Jalen Williams,SF
01/04/2026,OKC,Chet Holmgren,C
01/04/2026,PHO,Collin Gillespie,PG
01/04/2026,PHO,Devin Booker,SG
01/04/2026,PHO,Dillon Brooks,SF
01/04/2026,PHO,Royce O'Neale,PF
01/04/2026,PHO,Mark Williams,C
01/04/2026,MIL,Kevin Porter Jr.,PG
01/04/2026,MIL,AJ Green,SG
01/04/2026,MIL,Ryan Rollins,SG
01/04/2026,MIL,Giannis Antetokounmpo,PF
01/04/2026,MIL,Myles Turner,C
01/04/2026,SAC,Russell Westbrook,PG
01/04/2026,SAC,DeMar DeRozan,SF
01/04/2026,SAC,Keegan Murray,PF
01/04/2026,SAC,Precious Achiuwa,PF
01/04/2026,SAC,Maxime Raynaud,C
01/04/2026,MEM,Cedric Coward,SG
01/04/2026,MEM,Cam Spencer,SG
01/04/2026,MEM,Jaylen Wells,SF
01/04/2026,MEM,Jaren Jackson Jr.,PF
01/04/2026,MEM,Jock Landale,C
01/04/2026,LAL,Marcus Smart,PG
01/04/2026,LAL,Luka Doncic,PG
01/04/2026,LAL,LeBron James,SF
01/04/2026,LAL,Jake LaRavia,PF
01/04/2026,LAL,Deandre Ayton,C
01/05/2026,NYK,Jalen Brunson,PG
01/05/2026,NYK,OG Anunoby,SF
01/05/2026,NYK,Mikal Bridges,SF
01/05/2026,NYK,Karl-Anthony Towns,PF
01/05/2026,NYK,Mitchell Robinson,C
01/05/2026,DET,Cade Cunningham,PG
01/05/2026,DET,Duncan Robinson,SG
01/05/2026,DET,Ausar Thompson,SG
01/05/2026,DET,Paul Reed,PF
01/05/2026,DET,Isaiah Stewart,PF
01/05/2026,CHI,Tre Jones,PG
01/05/2026,CHI,Kevin Huerter,SG
01/05/2026,CHI,Isaac Okoro,SF
01/05/2026,CHI,Matas Buzelis,SF
01/05/2026,CHI,Nikola Vucevic,C
01/05/2026,BOS,Payton Pritchard,PG
01/05/2026,BOS,Derrick White,SG
01/05/2026,BOS,Jaylen Brown,SG
01/05/2026,BOS,Sam Hauser,SF
01/05/2026,BOS,Neemias Queta,C
01/05/2026,ATL,Dyson Daniels,PG
01/05/2026,ATL,Nickeil Alexander-Walker,SG
01/05/2026,ATL,Zaccharie Risacher,SF
01/05/2026,ATL,Jalen Johnson,PF
01/05/2026,ATL,Onyeka Okongwu,C
01/05/2026,TOR,Immanuel Quickley,PG
01/05/2026,TOR,RJ Barrett,SG
01/05/2026,TOR,Scottie Barnes,SF
01/05/2026,TOR,Brandon Ingram,SF
01/05/2026,TOR,Collin Murray-Boyles,PF
01/05/2026,PHO,Collin Gillespie,PG
01/05/2026,PHO,Devin Booker,SG
01/05/2026,PHO,Dillon Brooks,SF
01/05/2026,PHO,Royce O'Neale,PF
01/05/2026,PHO,Mark Williams,C
01/05/2026,HOU,Amen Thompson,SG
01/05/2026,HOU,Tari Eason,SF
01/05/2026,HOU,Jabari Smith Jr.,PF
01/05/2026,HOU,Kevin Durant,PF
01/05/2026,HOU,Steven Adams,C
01/05/2026,CHO,LaMelo Ball,PG
01/05/2026,CHO,Kon Knueppel,SG
01/05/2026,CHO,Miles Bridges,SF
01/05/2026,CHO,Brandon Miller,SF
01/05/2026,CHO,Moussa Diabate,PF
01/05/2026,OKC,Shai Gilgeous-Alexander,PG
01/05/2026,OKC,Aaron Wiggins,SG
01/05/2026,OKC,Luguentz Dort,SF
01/05/2026,OKC,Jalen Williams,SF
01/05/2026,OKC,Chet Holmgren,C
01/05/2026,DEN,Bruce Brown,SG
01/05/2026,DEN,Jalen Pickett,SG
01/05/2026,DEN,Peyton Watson,SF
01/05/2026,DEN,Spencer Jones,PF
01/05/2026,DEN,DaRon Holmes II,PF
01/05/2026,PHI,Tyrese Maxey,PG
01/05/2026,PHI,VJ Edgecombe,SG
01/05/2026,PHI,Paul George,SF
01/05/2026,PHI,Dominick Barlow,PF
01/05/2026,PHI,Joel Embiid,C
01/05/2026,GSW,Stephen Curry,PG
01/05/2026,GSW,Moses Moody,SG
01/05/2026,GSW,Jimmy Butler,SF
01/05/2026,GSW,Draymond Green,PF
01/05/2026,GSW,Quinten Post,C
01/05/2026,LAC,Kris Dunn,PG
01/05/2026,LAC,Kobe Sanders,SG
01/05/2026,LAC,Kawhi Leonard,SF
01/05/2026,LAC,John Collins,PF
01/05/2026,LAC,Ivica Zubac,C
01/05/2026,UTA,Keyonte George,SG
01/05/2026,UTA,Svi Mykhailiuk,SF
01/05/2026,UTA,Brice Sensabaugh,SF
01/05/2026,UTA,Lauri Markkanen,PF
01/05/2026,UTA,Jusuf Nurkic,C
01/05/2026,POR,Shaedon Sharpe,SG
01/05/2026,POR,Toumani Camara,SF
01/05/2026,POR,Deni Avdija,SF
01/05/2026,POR,Kris Murray,PF
01/05/2026,POR,Donovan Clingan,C
01/06/2026,ORL,Anthony Black,PG
01/06/2026,ORL,Desmond Bane,SG
01/06/2026,ORL,Tristan da Silva,PF
01/06/2026,ORL,Paolo Banchero,PF
01/06/2026,ORL,Wendell Carter Jr.,C
01/06/2026,WAS,CJ McCollum,PG
01/06/2026,WAS,Bilal Coulibaly,SG
01/06/2026,WAS,Tre Johnson,SG
01/06/2026,WAS,Khris Middleton,SF
01/06/2026,WAS,Alexandre Sarr,PF
01/06/2026,CLE,Darius Garland,PG
01/06/2026,CLE,Sam Merrill,SG
01/06/2026,CLE,Evan Mobley,PF
01/06/2026,CLE,Dean Wade,PF
01/06/2026,CLE,Jarrett Allen,C
01/06/2026,IND,Andrew Nembhard,PG
01/06/2026,IND,Johnny Furphy,SF
01/06/2026,IND,Pascal Siakam,PF
01/06/2026,IND,Aaron Nesmith,PF
01/06/2026,IND,Jay Huff,C
01/06/2026,SAS,De'Aaron Fox,PG
01/06/2026,SAS,Stephon Castle,SG
01/06/2026,SAS,Julian Champagnie,SF
01/06/2026,SAS,Harrison Barnes,SF
01/06/2026,SAS,Luke Kornet,C
01/06/2026,MEM,Cam Spencer,SG
01/06/2026,MEM,Jaylen Wells,SF
01/06/2026,MEM,GG Jackson II,PF
01/06/2026,MEM,Jaren Jackson Jr.,PF
01/06/2026,MEM,Jock Landale,C
01/06/2026,MIA,Davion Mitchell,PG
01/06/2026,MIA,Norman Powell,SG
01/06/2026,MIA,Andrew Wiggins,SF
01/06/2026,MIA,Kel'el Ware,C
01/06/2026,MIA,Bam Adebayo,C
01/06/2026,MIN,Donte DiVincenzo,SG
01/06/2026,MIN,Anthony Edwards,SG
01/06/2026,MIN,Jaden McDaniels,PF
01/06/2026,MIN,Julius Randle,PF
01/06/2026,MIN,Rudy Gobert,C
01/06/2026,LAL,Luka Doncic,PG
01/06/2026,LAL,Marcus Smart,PG
01/06/2026,LAL,LeBron James,SF
01/06/2026,LAL,Jake LaRavia,PF
01/06/2026,LAL,Deandre Ayton,C
01/06/2026,NOP,Jeremiah Fears,PG
01/06/2026,NOP,Trey Murphy III,SF
01/06/2026,NOP,Herbert Jones,SF
01/06/2026,NOP,Zion Williamson,PF
01/06/2026,NOP,Derik Queen,C
01/06/2026,DAL,Max Christie,SG
01/06/2026,DAL,Naji Marshall,SF
01/06/2026,DAL,Cooper Flagg,PF
01/06/2026,DAL,Daniel Gafford,C
01/06/2026,DAL,Anthony Davis,C
01/06/2026,SAC,Russell Westbrook,PG
01/06/2026,SAC,Zach LaVine,SG
01/06/2026,SAC,DeMar DeRozan,SF
01/06/2026,SAC,Precious Achiuwa,PF
01/06/2026,SAC,Maxime Raynaud,C
01/07/2026,TOR,Immanuel Quickley,PG
01/07/2026,TOR,RJ Barrett,SG
01/07/2026,TOR,Brandon Ingram,SF
01/07/2026,TOR,Scottie Barnes,SF
01/07/2026,TOR,Collin Murray-Boyles,PF
01/07/2026,CHO,LaMelo Ball,PG
01/07/2026,CHO,Kon Knueppel,SG
01/07/2026,CHO,Sion James,SG
01/07/2026,CHO,Miles Bridges,SF
01/07/2026,CHO,Moussa Diabate,PF
01/07/2026,CHI,Tre Jones,PG
01/07/2026,CHI,Kevin Huerter,SG
01/07/2026,CHI,Isaac Okoro,SF
01/07/2026,CHI,Matas Buzelis,SF
01/07/2026,CHI,Nikola Vucevic,C
01/07/2026,DET,Ausar Thompson,SG
01/07/2026,DET,Duncan Robinson,SG
01/07/2026,DET,Jaden Ivey,SG
01/07/2026,DET,Isaiah Stewart,PF
01/07/2026,DET,Paul Reed,PF
01/07/2026,WAS,Bub Carrington,PG
01/07/2026,WAS,Tre Johnson,SG
01/07/2026,WAS,Bilal Coulibaly,SG
01/07/2026,WAS,Justin Champagnie,SG
01/07/2026,WAS,Alexandre Sarr,PF
01/07/2026,PHI,Tyrese Maxey,PG
01/07/2026,PHI,VJ Edgecombe,SG
01/07/2026,PHI,Paul George,SF
01/07/2026,PHI,Dominick Barlow,PF
01/07/2026,PHI,Joel Embiid,C
01/07/2026,DEN,Jamal Murray,PG
01/07/2026,DEN,Christian Braun,SG
01/07/2026,DEN,Peyton Watson,SF
01/07/2026,DEN,Spencer Jones,PF
01/07/2026,DEN,DaRon Holmes II,PF
01/07/2026,BOS,Payton Pritchard,PG
01/07/2026,BOS,Jaylen Brown,SG
01/07/2026,BOS,Derrick White,SG
01/07/2026,BOS,Sam Hauser,SF
01/07/2026,BOS,Neemias Queta,C
01/07/2026,NOP,Jordan Poole,PG
01/07/2026,NOP,Jeremiah Fears,PG
01/07/2026,NOP,Karlo Matkovic,PF
01/07/2026,NOP,Zion Williamson,PF
01/07/2026,NOP,Derik Queen,C
01/07/2026,ATL,Dyson Daniels,PG
01/07/2026,ATL,Nickeil Alexander-Walker,SG
01/07/2026,ATL,Zaccharie Risacher,SF
01/07/2026,ATL,Mouhamed Gueye,PF
01/07/2026,ATL,Jalen Johnson,PF
01/07/2026,ORL,Anthony Black,PG
01/07/2026,ORL,Desmond Bane,SG
01/07/2026,ORL,Paolo Banchero,PF
01/07/2026,ORL,Tristan da Silva,PF
01/07/2026,ORL,Wendell Carter Jr.,C
01/07/2026,BRK,Egor Demin,PG
01/07/2026,BRK,Ziaire Williams,SF
01/07/2026,BRK,Michael Porter Jr.,SF
01/07/2026,BRK,Noah Clowney,PF
01/07/2026,BRK,Day'Ron Sharpe,C
01/07/2026,LAC,Kris Dunn,PG
01/07/2026,LAC,James Harden,SG
01/07/2026,LAC,Kawhi Leonard,SF
01/07/2026,LAC,John Collins,PF
01/07/2026,LAC,Ivica Zubac,C
01/07/2026,NYK,Miles McBride,PG
01/07/2026,NYK,Jalen Brunson,PG
01/07/2026,NYK,OG Anunoby,SF
01/07/2026,NYK,Mikal Bridges,SF
01/07/2026,NYK,Karl-Anthony Towns,PF
01/07/2026,PHO,Collin Gillespie,PG
01/07/2026,PHO,Devin Booker,SG
01/07/2026,PHO,Dillon Brooks,SF
01/07/2026,PHO,Royce O'Neale,PF
01/07/2026,PHO,Mark Williams,C
01/07/2026,MEM,Cam Spencer,SG
01/07/2026,MEM,Jaylen Wells,SF
01/07/2026,MEM,GG Jackson II,PF
01/07/2026,MEM,Jaren Jackson Jr.,PF
01/07/2026,MEM,Jock Landale,C
01/07/2026,UTA,Keyonte George,SG
01/07/2026,UTA,Brice Sensabaugh,SF
01/07/2026,UTA,Svi Mykhailiuk,SF
01/07/2026,UTA,Lauri Markkanen,PF
01/07/2026,UTA,Jusuf Nurkic,C
01/07/2026,OKC,Shai Gilgeous-Alexander,PG
01/07/2026,OKC,Aaron Wiggins,SG
01/07/2026,OKC,Luguentz Dort,SF
01/07/2026,OKC,Jalen Williams,SF
01/07/2026,OKC,Chet Holmgren,C
01/07/2026,LAL,Marcus Smart,PG
01/07/2026,LAL,Luka Doncic,PG
01/07/2026,LAL,Jarred Vanderbilt,SF
01/07/2026,LAL,Jake LaRavia,PF
01/07/2026,LAL,Deandre Ayton,C
01/07/2026,SAS,De'Aaron Fox,PG
01/07/2026,SAS,Stephon Castle,SG
01/07/2026,SAS,Harrison Barnes,SF
01/07/2026,SAS,Julian Champagnie,SF
01/07/2026,SAS,Luke Kornet,C
01/07/2026,MIL,Kevin Porter Jr.,PG
01/07/2026,MIL,AJ Green,SG
01/07/2026,MIL,Ryan Rollins,SG
01/07/2026,MIL,Giannis Antetokounmpo,PF
01/07/2026,MIL,Myles Turner,C
01/07/2026,GSW,Stephen Curry,PG
01/07/2026,GSW,Moses Moody,SG
01/07/2026,GSW,Jimmy Butler,SF
01/07/2026,GSW,Draymond Green,PF
01/07/2026,GSW,Quinten Post,C
01/07/2026,HOU,Amen Thompson,SG
01/07/2026,HOU,Tari Eason,SF
01/07/2026,HOU,Kevin Durant,PF
01/07/2026,HOU,Jabari Smith Jr.,PF
01/07/2026,HOU,Steven Adams,C
01/07/2026,POR,Shaedon Sharpe,SG
01/07/2026,POR,Toumani Camara,SF
01/07/2026,POR,Deni Avdija,SF
01/07/2026,POR,Sidy Cissoko,SF
01/07/2026,POR,Donovan Clingan,C
01/08/2026,IND,Quenton Jackson,SG
01/08/2026,IND,Johnny Furphy,SF
01/08/2026,IND,Pascal Siakam,PF
01/08/2026,IND,Aaron Nesmith,PF
01/08/2026,IND,Jay Huff,C
01/08/2026,CHO,Collin Sexton,PG
01/08/2026,CHO,Kon Knueppel,SG
01/08/2026,CHO,Brandon Miller,SF
01/08/2026,CHO,Miles Bridges,SF
01/08/2026,CHO,Moussa Diabate,PF
01/08/2026,CLE,Darius Garland,PG
01/08/2026,CLE,Craig Porter Jr.,PG
01/08/2026,CLE,Donovan Mitchell,SG
01/08/2026,CLE,Evan Mobley,PF
01/08/2026,CLE,Jarrett Allen,C
01/08/2026,MIN,Donte DiVincenzo,SG
01/08/2026,MIN,Anthony Edwards,SG
01/08/2026,MIN,Julius Randle,PF
01/08/2026,MIN,Jaden McDaniels,PF
01/08/2026,MIN,Rudy Gobert,C
01/08/2026,DAL,Max Christie,SG
01/08/2026,DAL,Naji Marshall,SF
01/08/2026,DAL,Cooper Flagg,PF
01/08/2026,DAL,Daniel Gafford,C
01/08/2026,DAL,Anthony Davis,C
01/08/2026,UTA,Keyonte George,SG
01/08/2026,UTA,Brice Sensabaugh,SF
01/08/2026,UTA,Cody Williams,SF
01/08/2026,UTA,Kevin Love,PF
01/08/2026,UTA,Lauri Markkanen,PF
01/09/2026,PHI,Tyrese Maxey,PG
01/09/2026,PHI,VJ Edgecombe,SG
01/09/2026,PHI,Paul George,SF
01/09/2026,PHI,Dominick Barlow,PF
01/09/2026,PHI,Joel Embiid,C
01/09/2026,ORL,Anthony Black,PG
01/09/2026,ORL,Desmond Bane,SG
01/09/2026,ORL,Noah Penda,SF
01/09/2026,ORL,Paolo Banchero,PF
01/09/2026,ORL,Wendell Carter Jr.,C
01/09/2026,NOP,Jeremiah Fears,PG
01/09/2026,NOP,Bryce McGowens,SG
01/09/2026,NOP,Trey Murphy III,SF
01/09/2026,NOP,Zion Williamson,PF
01/09/2026,NOP,Derik Queen,C
01/09/2026,WAS,Tre Johnson,SG
01/09/2026,WAS,Bilal Coulibaly,SG
01/09/2026,WAS,Khris Middleton,SF
01/09/2026,WAS,Kyshawn George,SF
01/09/2026,WAS,Alexandre Sarr,PF
01/09/2026,TOR,Immanuel Quickley,PG
01/09/2026,TOR,RJ Barrett,SG
01/09/2026,TOR,Ja'Kobe Walter,SG
01/09/2026,TOR,Sandro Mamukelashvili,PF
01/09/2026,TOR,Collin Murray-Boyles,PF
01/09/2026,BOS,Payton Pritchard,PG
01/09/2026,BOS,Jaylen Brown,SG
01/09/2026,BOS,Derrick White,SG
01/09/2026,BOS,Sam Hauser,SF
01/09/2026,BOS,Neemias Queta,C
01/09/2026,LAC,Kris Dunn,PG
01/09/2026,LAC,James Harden,SG
01/09/2026,LAC,Kawhi Leonard,SF
01/09/2026,LAC,John Collins,PF
01/09/2026,LAC,Ivica Zubac,C
01/09/2026,BRK,Egor Demin,PG
01/09/2026,BRK,Terance Mann,PG
01/09/2026,BRK,Michael Porter Jr.,SF
01/09/2026,BRK,Noah Clowney,PF
01/09/2026,BRK,Nicolas Claxton,C
01/09/2026,OKC,Ajay Mitchell,PG
01/09/2026,OKC,Aaron Wiggins,SG
01/09/2026,OKC,Jalen Williams,SF
01/09/2026,OKC,Luguentz Dort,SF
01/09/2026,OKC,Branden Carlson,C
01/09/2026,MEM,Cedric Coward,SG
01/09/2026,MEM,Cam Spencer,SG
01/09/2026,MEM,Jaylen Wells,SF
01/09/2026,MEM,Jaren Jackson Jr.,PF
01/09/2026,MEM,Jock Landale,C
01/09/2026,NYK,Jalen Brunson,PG
01/09/2026,NYK,Miles McBride,PG
01/09/2026,NYK,OG Anunoby,SF
01/09/2026,NYK,Mikal Bridges,SF
01/09/2026,NYK,Karl-Anthony Towns,PF
01/09/2026,PHO,Collin Gillespie,PG
01/09/2026,PHO,Devin Booker,SG
01/09/2026,PHO,Dillon Brooks,SF
01/09/2026,PHO,Royce O'Neale,PF
01/09/2026,PHO,Mark Williams,C
01/09/2026,ATL,Dyson Daniels,PG
01/09/2026,ATL,Vit Krejci,SG
01/09/2026,ATL,Nickeil Alexander-Walker,SG
01/09/2026,ATL,Jalen Johnson,PF
01/09/2026,ATL,Onyeka Okongwu,C
01/09/2026,DEN,Christian Braun,SG
01/09/2026,DEN,Jalen Pickett,SG
01/09/2026,DEN,Peyton Watson,SF
01/09/2026,DEN,Hunter Tyson,SF
01/09/2026,DEN,DaRon Holmes II,PF
01/09/2026,SAC,Russell Westbrook,PG
01/09/2026,SAC,Keon Ellis,SG
01/09/2026,SAC,Zach LaVine,SG
01/09/2026,SAC,DeMar DeRozan,SF
01/09/2026,SAC,Maxime Raynaud,C
01/09/2026,GSW,Stephen Curry,PG
01/09/2026,GSW,Moses Moody,SG
01/09/2026,GSW,Jimmy Butler,SF
01/09/2026,GSW,Draymond Green,PF
01/09/2026,GSW,Quinten Post,C
01/09/2026,HOU,Amen Thompson,SG
01/09/2026,HOU,Tari Eason,SF
01/09/2026,HOU,Kevin Durant,PF
01/09/2026,HOU,Jabari Smith Jr.,PF
01/09/2026,HOU,Steven Adams,C
01/09/2026,POR,Shaedon Sharpe,SG
01/09/2026,POR,Deni Avdija,SF
01/09/2026,POR,Sidy Cissoko,SF
01/09/2026,POR,Toumani Camara,SF
01/09/2026,POR,Donovan Clingan,C
01/09/2026,MIL,Kevin Porter Jr.,PG
01/09/2026,MIL,Ryan Rollins,SG
01/09/2026,MIL,AJ Green,SG
01/09/2026,MIL,Giannis Antetokounmpo,PF
01/09/2026,MIL,Myles Turner,C
01/09/2026,LAL,Marcus Smart,PG
01/09/2026,LAL,Luka Doncic,PG
01/09/2026,LAL,LeBron James,SF
01/09/2026,LAL,Jake LaRavia,PF
01/09/2026,LAL,Deandre Ayton,C
01/10/2026,MIN,Donte DiVincenzo,SG
01/10/2026,MIN,Anthony Edwards,SG
01/10/2026,MIN,Jaden McDaniels,PF
01/10/2026,MIN,Julius Randle,PF
01/10/2026,MIN,Rudy Gobert,C
01/10/2026,CLE,Darius Garland,PG
01/10/2026,CLE,Donovan Mitchell,SG
01/10/2026,CLE,Sam Merrill,SG
01/10/2026,CLE,Evan Mobley,PF
01/10/2026,CLE,Jarrett Allen,C
01/10/2026,MIA,Davion Mitchell,PG
01/10/2026,MIA,Tyler Herro,SG
01/10/2026,MIA,Norman Powell,SG
01/10/2026,MIA,Andrew Wiggins,SF
01/10/2026,MIA,Bam Adebayo,C
01/10/2026,IND,Andrew Nembhard,PG
01/10/2026,IND,Quenton Jackson,SG
01/10/2026,IND,Johnny Furphy,SF
01/10/2026,IND,Pascal Siakam,PF
01/10/2026,IND,Aaron Nesmith,PF
01/10/2026,LAC,Kris Dunn,PG
01/10/2026,LAC,James Harden,SG
01/10/2026,LAC,Kawhi Leonard,SF
01/10/2026,LAC,John Collins,PF
01/10/2026,LAC,Ivica Zubac,C
01/10/2026,DET,Ausar Thompson,SG
01/10/2026,DET,Duncan Robinson,SG
01/10/2026,DET,Javonte Green,SG
01/10/2026,DET,Jaden Ivey,SG
01/10/2026,DET,Paul Reed,PF
01/10/2026,SAS,De'Aaron Fox,PG
01/10/2026,SAS,Stephon Castle,SG
01/10/2026,SAS,Julian Champagnie,SF
01/10/2026,SAS,Harrison Barnes,SF
01/10/2026,SAS,Luke Kornet,C
01/10/2026,BOS,Payton Pritchard,PG
01/10/2026,BOS,Jaylen Brown,SG
01/10/2026,BOS,Derrick White,SG
01/10/2026,BOS,Hugo Gonzalez,SF
01/10/2026,BOS,Neemias Queta,C
01/10/2026,DAL,Ryan Nembhard,PG
01/10/2026,DAL,Max Christie,SG
01/10/2026,DAL,Naji Marshall,SF
01/10/2026,DAL,Cooper Flagg,PF
01/10/2026,DAL,Daniel Gafford,C
01/10/2026,CHI,Tre Jones,PG
01/10/2026,CHI,Coby White,SG
01/10/2026,CHI,Matas Buzelis,SF
01/10/2026,CHI,Isaac Okoro,SF
01/10/2026,CHI,Nikola Vucevic,C
01/10/2026,CHO,LaMelo Ball,PG
01/10/2026,CHO,Kon Knueppel,SG
01/10/2026,CHO,Miles Bridges,SF
01/10/2026,CHO,Brandon Miller,SF
01/10/2026,CHO,Moussa Diabate,PF
01/10/2026,UTA,Keyonte George,SG
01/10/2026,UTA,Cody Williams,SF
01/10/2026,UTA,Brice Sensabaugh,SF
01/10/2026,UTA,Kevin Love,PF
01/10/2026,UTA,Taylor Hendricks,PF
01/11/2026,NOP,Jeremiah Fears,PG
01/11/2026,NOP,Bryce McGowens,SG
01/11/2026,NOP,Trey Murphy III,SF
01/11/2026,NOP,Zion Williamson,PF
01/11/2026,NOP,Derik Queen,C
01/11/2026,ORL,Anthony Black,PG
01/11/2026,ORL,Desmond Bane,SG
01/11/2026,ORL,Noah Penda,SF
01/11/2026,ORL,Paolo Banchero,PF
01/11/2026,ORL,Goga Bitadze,C
01/11/2026,BRK,Egor Demin,PG
01/11/2026,BRK,Terance Mann,PG
01/11/2026,BRK,Noah Clowney,PF
01/11/2026,BRK,Danny Wolf,C
01/11/2026,BRK,Nicolas Claxton,C
01/11/2026,MEM,Cedric Coward,SG
01/11/2026,MEM,Cam Spencer,SG
01/11/2026,MEM,Jaylen Wells,SF
01/11/2026,MEM,Jaren Jackson Jr.,PF
01/11/2026,MEM,Jock Landale,C
01/11/2026,PHI,Tyrese Maxey,PG
01/11/2026,PHI,VJ Edgecombe,SG
01/11/2026,PHI,Kelly Oubre Jr.,SF
01/11/2026,PHI,Dominick Barlow,PF
01/11/2026,PHI,Andre Drummond,C
01/11/2026,TOR,Immanuel Quickley,PG
01/11/2026,TOR,Jamal Shead,PG
01/11/2026,TOR,Ja'Kobe Walter,SG
01/11/2026,TOR,Scottie Barnes,SF
01/11/2026,TOR,Collin Murray-Boyles,PF
01/11/2026,NYK,Jalen Brunson,PG
01/11/2026,NYK,OG Anunoby,SF
01/11/2026,NYK,Josh Hart,SF
01/11/2026,NYK,Mikal Bridges,SF
01/11/2026,NYK,Karl-Anthony Towns,PF
01/11/2026,POR,Shaedon Sharpe,SG
01/11/2026,POR,Deni Avdija,SF
01/11/2026,POR,Sidy Cissoko,SF
01/11/2026,POR,Toumani Camara,SF
01/11/2026,POR,Donovan Clingan,C
01/11/2026,SAS,De'Aaron Fox,PG
01/11/2026,SAS,Stephon Castle,SG
01/11/2026,SAS,Harrison Barnes,SF
01/11/2026,SAS,Julian Champagnie,SF
01/11/2026,SAS,Victor Wembanyama,PF
01/11/2026,MIN,Anthony Edwards,SG
01/11/2026,MIN,Donte DiVincenzo,SG
01/11/2026,MIN,Jaden McDaniels,PF
01/11/2026,MIN,Julius Randle,PF
01/11/2026,MIN,Rudy Gobert,C
01/11/2026,MIA,Davion Mitchell,PG
01/11/2026,MIA,Pelle Larsson,SG
01/11/2026,MIA,Tyler Herro,SG
01/11/2026,MIA,Andrew Wiggins,SF
01/11/2026,MIA,Bam Adebayo,C
01/11/2026,OKC,Cason Wallace,PG
01/11/2026,OKC,Shai Gilgeous-Alexander,PG
01/11/2026,OKC,Jalen Williams,SF
01/11/2026,OKC,Luguentz Dort,SF
01/11/2026,OKC,Chet Holmgren,C
01/11/2026,MIL,Kevin Porter Jr.,PG
01/11/2026,MIL,Ryan Rollins,SG
01/11/2026,MIL,AJ Green,SG
01/11/2026,MIL,Giannis Antetokounmpo,PF
01/11/2026,MIL,Myles Turner,C
01/11/2026,DEN,Jalen Pickett,SG
01/11/2026,DEN,Hunter Tyson,SF
01/11/2026,DEN,Peyton Watson,SF
01/11/2026,DEN,Aaron Gordon,PF
01/11/2026,DEN,Spencer Jones,PF
01/11/2026,WAS,Bilal Coulibaly,SG
01/11/2026,WAS,Tre Johnson,SG
01/11/2026,WAS,Kyshawn George,SF
01/11/2026,WAS,Khris Middleton,SF
01/11/2026,WAS,Alexandre Sarr,PF
01/11/2026,PHO,Collin Gillespie,PG
01/11/2026,PHO,Devin Booker,SG
01/11/2026,PHO,Dillon Brooks,SF
01/11/2026,PHO,Royce O'Neale,PF
01/11/2026,PHO,Mark Williams,C
01/11/2026,ATL,Dyson Daniels,PG
01/11/2026,ATL,Vit Krejci,SG
01/11/2026,ATL,Nickeil Alexander-Walker,SG
01/11/2026,ATL,Jalen Johnson,PF
01/11/2026,ATL,Onyeka Okongwu,C
01/11/2026,GSW,Stephen Curry,PG
01/11/2026,GSW,Moses Moody,SG
01/11/2026,GSW,Jimmy Butler,SF
01/11/2026,GSW,Draymond Green,PF
01/11/2026,GSW,Quinten Post,C
01/11/2026,HOU,Aaron Holiday,PG
01/11/2026,HOU,Amen Thompson,SG
01/11/2026,HOU,Kevin Durant,PF
01/11/2026,HOU,Jabari Smith Jr.,PF
01/11/2026,HOU,Alperen Sengun,C
01/11/2026,SAC,Russell Westbrook,PG
01/11/2026,SAC,Zach LaVine,SG
01/11/2026,SAC,DeMar DeRozan,SF
01/11/2026,SAC,Precious Achiuwa,PF
01/11/2026,SAC,Maxime Raynaud,C
01/12/2026,UTA,Keyonte George,SG
01/12/2026,UTA,Svi Mykhailiuk,SF
01/12/2026,UTA,Cody Williams,SF
01/12/2026,UTA,Lauri Markkanen,PF
01/12/2026,UTA,Jusuf Nurkic,C
01/12/2026,CLE,Darius Garland,PG
01/12/2026,CLE,Donovan Mitchell,SG
01/12/2026,CLE,Sam Merrill,SG
01/12/2026,CLE,Evan Mobley,PF
01/12/2026,CLE,Jarrett Allen,C
01/12/2026,PHI,Tyrese Maxey,PG
01/12/2026,PHI,VJ Edgecombe,SG
01/12/2026,PHI,Paul George,SF
01/12/2026,PHI,Dominick Barlow,PF
01/12/2026,PHI,Joel Embiid,C
01/12/2026,TOR,Immanuel Quickley,PG
01/12/2026,TOR,Jamal Shead,PG
01/12/2026,TOR,Brandon Ingram,SF
01/12/2026,TOR,Scottie Barnes,SF
01/12/2026,TOR,Collin Murray-Boyles,PF
01/12/2026,BOS,Payton Pritchard,PG
01/12/2026,BOS,Derrick White,SG
01/12/2026,BOS,Baylor Scheierman,SG
01/12/2026,BOS,Sam Hauser,SF
01/12/2026,BOS,Neemias Queta,C
01/12/2026,IND,Andrew Nembhard,PG
01/12/2026,IND,Johnny Furphy,SF
01/12/2026,IND,Pascal Siakam,PF
01/12/2026,IND,Aaron Nesmith,PF
01/12/2026,IND,Jay Huff,C
01/12/2026,BRK,Terance Mann,PG
01/12/2026,BRK,Drake Powell,SG
01/12/2026,BRK,Michael Porter Jr.,SF
01/12/2026,BRK,Noah Clowney,PF
01/12/2026,BRK,Nicolas Claxton,C
01/12/2026,DAL,Max Christie,SG
01/12/2026,DAL,Jaden Hardy,SG
01/12/2026,DAL,Naji Marshall,SF
01/12/2026,DAL,Cooper Flagg,PF
01/12/2026,DAL,Dwight Powell,C
01/12/2026,LAL,Marcus Smart,PG
01/12/2026,LAL,Luka Doncic,PG
01/12/2026,LAL,LeBron James,SF
01/12/2026,LAL,Jake LaRavia,PF
01/12/2026,LAL,Deandre Ayton,C
01/12/2026,SAC,Russell Westbrook,PG
01/12/2026,SAC,Zach LaVine,SG
01/12/2026,SAC,DeMar DeRozan,SF
01/12/2026,SAC,Precious Achiuwa,PF
01/12/2026,SAC,Maxime Raynaud,C
01/12/2026,CHO,LaMelo Ball,PG
01/12/2026,CHO,Kon Knueppel,SG
01/12/2026,CHO,Brandon Miller,SF
01/12/2026,CHO,Miles Bridges,SF
01/12/2026,CHO,Moussa Diabate,PF
01/12/2026,LAC,Kris Dunn,PG
01/12/2026,LAC,James Harden,SG
01/12/2026,LAC,Kawhi Leonard,SF
01/12/2026,LAC,John Collins,PF
01/12/2026,LAC,Ivica Zubac,C
01/13/2026,PHO,Collin Gillespie,PG
01/13/2026,PHO,Devin Booker,SG
01/13/2026,PHO,Dillon Brooks,SF
01/13/2026,PHO,Royce O'Neale,PF
01/13/2026,PHO,Mark Williams,C
01/13/2026,MIA,Davion Mitchell,PG
01/13/2026,MIA,Norman Powell,SG
01/13/2026,MIA,Tyler Herro,SG
01/13/2026,MIA,Andrew Wiggins,SF
01/13/2026,MIA,Bam Adebayo,C
01/13/2026,DEN,Jamal Murray,PG
01/13/2026,DEN,Jalen Pickett,SG
01/13/2026,DEN,Peyton Watson,SF
01/13/2026,DEN,Spencer Jones,PF
01/13/2026,DEN,Aaron Gordon,PF
01/13/2026,NOP,Jeremiah Fears,PG
01/13/2026,NOP,Trey Murphy III,SF
01/13/2026,NOP,Zion Williamson,PF
01/13/2026,NOP,Saddiq Bey,PF
01/13/2026,NOP,Derik Queen,C
01/13/2026,CHI,Tre Jones,PG
01/13/2026,CHI,Isaac Okoro,SF
01/13/2026,CHI,Matas Buzelis,SF
01/13/2026,CHI,Jalen Smith,PF
01/13/2026,CHI,Nikola Vucevic,C
01/13/2026,HOU,Amen Thompson,SG
01/13/2026,HOU,Josh Okogie,SG
01/13/2026,HOU,Jabari Smith Jr.,PF
01/13/2026,HOU,Kevin Durant,PF
01/13/2026,HOU,Alperen Sengun,C
01/13/2026,SAS,De'Aaron Fox,PG
01/13/2026,SAS,Stephon Castle,SG
01/13/2026,SAS,Harrison Barnes,SF
01/13/2026,SAS,Julian Champagnie,SF
01/13/2026,SAS,Victor Wembanyama,PF
01/13/2026,OKC,Cason Wallace,PG
01/13/2026,OKC,Shai Gilgeous-Alexander,PG
01/13/2026,OKC,Aaron Wiggins,SG
01/13/2026,OKC,Jalen Williams,SF
01/13/2026,OKC,Chet Holmgren,C
01/13/2026,MIN,Mike Conley,PG
01/13/2026,MIN,Donte DiVincenzo,SG
01/13/2026,MIN,Julius Randle,PF
01/13/2026,MIN,Jaden McDaniels,PF
01/13/2026,MIN,Naz Reid,C
01/13/2026,MIL,Kevin Porter Jr.,PG
01/13/2026,MIL,Ryan Rollins,SG
01/13/2026,MIL,AJ Green,SG
01/13/2026,MIL,Bobby Portis,PF
01/13/2026,MIL,Giannis Antetokounmpo,PF
01/13/2026,ATL,Dyson Daniels,PG
01/13/2026,ATL,Nickeil Alexander-Walker,SG
01/13/2026,ATL,Vit Krejci,SG
01/13/2026,ATL,Jalen Johnson,PF
01/13/2026,ATL,Onyeka Okongwu,C
01/13/2026,LAL,Marcus Smart,PG
01/13/2026,LAL,Luka Doncic,PG
01/13/2026,LAL,LeBron James,SF
01/13/2026,LAL,Jake LaRavia,PF
01/13/2026,LAL,Deandre Ayton,C
01/13/2026,POR,Shaedon Sharpe,SG
01/13/2026,POR,Caleb Love,SG
01/13/2026,POR,Sidy Cissoko,SF
01/13/2026,POR,Toumani Camara,SF
01/13/2026,POR,Donovan Clingan,C
01/13/2026,GSW,Stephen Curry,PG
01/13/2026,GSW,Moses Moody,SG
01/13/2026,GSW,Jimmy Butler,SF
01/13/2026,GSW,Draymond Green,PF
01/13/2026,GSW,Quinten Post,C
01/14/2026,CLE,Darius Garland,PG
01/14/2026,CLE,Donovan Mitchell,SG
01/14/2026,CLE,Jaylon Tyson,SF
01/14/2026,CLE,Evan Mobley,PF
01/14/2026,CLE,Jarrett Allen,C
01/14/2026,PHI,Tyrese Maxey,PG
01/14/2026,PHI,VJ Edgecombe,SG
01/14/2026,PHI,Paul George,SF
01/14/2026,PHI,Dominick Barlow,PF
01/14/2026,PHI,Joel Embiid,C
01/14/2026,TOR,Jamal Shead,PG
01/14/2026,TOR,Brandon Ingram,SF
01/14/2026,TOR,Scottie Barnes,SF
01/14/2026,TOR,Collin Murray-Boyles,PF
01/14/2026,TOR,Jamison Battle,PF
01/14/2026,IND,Andrew Nembhard,PG
01/14/2026,IND,Johnny Furphy,SF
01/14/2026,IND,Aaron Nesmith,PF
01/14/2026,IND,Pascal Siakam,PF
01/14/2026,IND,Jay Huff,C
01/14/2026,UTA,Isaiah Collier,PG
01/14/2026,UTA,Keyonte George,SG
01/14/2026,UTA,Cody Williams,SF
01/14/2026,UTA,Ace Bailey,SF
01/14/2026,UTA,Kyle Filipowski,C
01/14/2026,CHI,Tre Jones,PG
01/14/2026,CHI,Coby White,SG
01/14/2026,CHI,Isaac Okoro,SF
01/14/2026,CHI,Matas Buzelis,SF
01/14/2026,CHI,Nikola Vucevic,C
01/14/2026,BRK,Egor Demin,PG
01/14/2026,BRK,Drake Powell,SG
01/14/2026,BRK,Michael Porter Jr.,SF
01/14/2026,BRK,Noah Clowney,PF
01/14/2026,BRK,Nicolas Claxton,C
01/14/2026,NOP,Jeremiah Fears,PG
01/14/2026,NOP,Trey Murphy III,SF
01/14/2026,NOP,Zion Williamson,PF
01/14/2026,NOP,Saddiq Bey,PF
01/14/2026,NOP,Derik Queen,C
01/14/2026,DEN,Jamal Murray,PG
01/14/2026,DEN,Jalen Pickett,SG
01/14/2026,DEN,Peyton Watson,SF
01/14/2026,DEN,Aaron Gordon,PF
01/14/2026,DEN,Spencer Jones,PF
01/14/2026,DAL,Jaden Hardy,SG
01/14/2026,DAL,Naji Marshall,SF
01/14/2026,DAL,P.J. Washington,PF
01/14/2026,DAL,Cooper Flagg,PF
01/14/2026,DAL,Daniel Gafford,C
01/14/2026,NYK,Jalen Brunson,PG
01/14/2026,NYK,Josh Hart,SF
01/14/2026,NYK,OG Anunoby,SF
01/14/2026,NYK,Mikal Bridges,SF
01/14/2026,NYK,Karl-Anthony Towns,PF
01/14/2026,SAC,Russell Westbrook,PG
01/14/2026,SAC,Zach LaVine,SG
01/14/2026,SAC,DeMar DeRozan,SF
01/14/2026,SAC,Precious Achiuwa,PF
01/14/2026,SAC,Maxime Raynaud,C
01/14/2026,WAS,Bilal Coulibaly,SG
01/14/2026,WAS,Tre Johnson,SG
01/14/2026,WAS,Khris Middleton,SF
01/14/2026,WAS,Kyshawn George,SF
01/14/2026,WAS,Alexandre Sarr,PF
01/14/2026,LAC,Kris Dunn,PG
01/14/2026,LAC,James Harden,SG
01/14/2026,LAC,Kobe Sanders,SG
01/14/2026,LAC,Kawhi Leonard,SF
01/14/2026,LAC,Brook Lopez,C
01/15/2026,MEM,Cam Spencer,SG
01/15/2026,MEM,Cedric Coward,SG
01/15/2026,MEM,Jaylen Wells,SF
01/15/2026,MEM,Jaren Jackson Jr.,PF
01/15/2026,MEM,Jock Landale,C
01/15/2026,ORL,Anthony Black,PG
01/15/2026,ORL,Desmond Bane,SG
01/15/2026,ORL,Franz Wagner,SF
01/15/2026,ORL,Paolo Banchero,PF
01/15/2026,ORL,Wendell Carter Jr.,C
01/15/2026,PHO,Collin Gillespie,PG
01/15/2026,PHO,Dillon Brooks,SF
01/15/2026,PHO,Grayson Allen,SF
01/15/2026,PHO,Royce O'Neale,PF
01/15/2026,PHO,Mark Williams,C
01/15/2026,DET,Cade Cunningham,PG
01/15/2026,DET,Duncan Robinson,SG
01/15/2026,DET,Ausar Thompson,SG
01/15/2026,DET,Tobias Harris,SF
01/15/2026,DET,Jalen Duren,C
01/15/2026,BOS,Payton Pritchard,PG
01/15/2026,BOS,Jaylen Brown,SG
01/15/2026,BOS,Derrick White,SG
01/15/2026,BOS,Sam Hauser,SF
01/15/2026,BOS,Neemias Queta,C
01/15/2026,MIA,Norman Powell,SG
01/15/2026,MIA,Tyler Herro,SG
01/15/2026,MIA,Pelle Larsson,SG
01/15/2026,MIA,Andrew Wiggins,SF
01/15/2026,MIA,Bam Adebayo,C
01/15/2026,OKC,Shai Gilgeous-Alexander,PG
01/15/2026,OKC,Aaron Wiggins,SG
01/15/2026,OKC,Luguentz Dort,SF
01/15/2026,OKC,Jalen Williams,SF
01/15/2026,OKC,Chet Holmgren,C
01/15/2026,HOU,Amen Thompson,SG
01/15/2026,HOU,Josh Okogie,SG
01/15/2026,HOU,Kevin Durant,PF
01/15/2026,HOU,Jabari Smith Jr.,PF
01/15/2026,HOU,Alperen Sengun,C
01/15/2026,MIL,Kevin Porter Jr.,PG
01/15/2026,MIL,Ryan Rollins,SG
01/15/2026,MIL,AJ Green,SG
01/15/2026,MIL,Giannis Antetokounmpo,PF
01/15/2026,MIL,Myles Turner,C
01/15/2026,SAS,De'Aaron Fox,PG
01/15/2026,SAS,Stephon Castle,SG
01/15/2026,SAS,Harrison Barnes,SF
01/15/2026,SAS,Julian Champagnie,SF
01/15/2026,SAS,Victor Wembanyama,PF
01/15/2026,UTA,Isaiah Collier,PG
01/15/2026,UTA,Keyonte George,SG
01/15/2026,UTA,Ace Bailey,SF
01/15/2026,UTA,Cody Williams,SF
01/15/2026,UTA,Kyle Filipowski,C
01/15/2026,DAL,Brandon Williams,PG
01/15/2026,DAL,Jaden Hardy,SG
01/15/2026,DAL,Naji Marshall,SF
01/15/2026,DAL,Caleb Martin,PF
01/15/2026,DAL,Dwight Powell,C
01/15/2026,NYK,Miles McBride,PG
01/15/2026,NYK,Josh Hart,SF
01/15/2026,NYK,Mikal Bridges,SF
01/15/2026,NYK,OG Anunoby,SF
01/15/2026,NYK,Karl-Anthony Towns,PF
01/15/2026,GSW,Stephen Curry,PG
01/15/2026,GSW,Moses Moody,SG
01/15/2026,GSW,Jimmy Butler,SF
01/15/2026,GSW,Draymond Green,PF
01/15/2026,GSW,Quinten Post,C
01/15/2026,ATL,Dyson Daniels,PG
01/15/2026,ATL,Nickeil Alexander-Walker,SG
01/15/2026,ATL,Vit Krejci,SG
01/15/2026,ATL,Jalen Johnson,PF
01/15/2026,ATL,Onyeka Okongwu,C
01/15/2026,POR,Jrue Holiday,PG
01/15/2026,POR,Shaedon Sharpe,SG
01/15/2026,POR,Toumani Camara,SF
01/15/2026,POR,Sidy Cissoko,SF
01/15/2026,POR,Donovan Clingan,C
01/15/2026,CHO,LaMelo Ball,PG
01/15/2026,CHO,Kon Knueppel,SG
01/15/2026,CHO,Miles Bridges,SF
01/15/2026,CHO,Brandon Miller,SF
01/15/2026,CHO,Moussa Diabate,PF
01/15/2026,LAL,Marcus Smart,PG
01/15/2026,LAL,Luka Doncic,PG
01/15/2026,LAL,LeBron James,SF
01/15/2026,LAL,Jake LaRavia,PF
01/15/2026,LAL,Deandre Ayton,C
01/16/2026,NOP,Jeremiah Fears,PG
01/16/2026,NOP,Trey Murphy III,SF
01/16/2026,NOP,Saddiq Bey,PF
01/16/2026,NOP,Zion Williamson,PF
01/16/2026,NOP,Derik Queen,C
01/16/2026,IND,Andrew Nembhard,PG
01/16/2026,IND,Johnny Furphy,SF
01/16/2026,IND,Pascal Siakam,PF
01/16/2026,IND,Aaron Nesmith,PF
01/16/2026,IND,Jay Huff,C
01/16/2026,CLE,Craig Porter Jr.,PG
01/16/2026,CLE,Donovan Mitchell,SG
01/16/2026,CLE,Jaylon Tyson,SF
01/16/2026,CLE,Evan Mobley,PF
01/16/2026,CLE,Jarrett Allen,C
01/16/2026,PHI,Tyrese Maxey,PG
01/16/2026,PHI,VJ Edgecombe,SG
01/16/2026,PHI,Paul George,SF
01/16/2026,PHI,Dominick Barlow,PF
01/16/2026,PHI,Joel Embiid,C
01/16/2026,CHI,Tre Jones,PG
01/16/2026,CHI,Coby White,SG
01/16/2026,CHI,Isaac Okoro,SF
01/16/2026,CHI,Matas Buzelis,SF
01/16/2026,CHI,Nikola Vucevic,C
01/16/2026,BRK,Egor Demin,PG
01/16/2026,BRK,Drake Powell,SG
01/16/2026,BRK,Michael Porter Jr.,SF
01/16/2026,BRK,Noah Clowney,PF
01/16/2026,BRK,Nicolas Claxton,C
01/16/2026,LAC,Kris Dunn,PG
01/16/2026,LAC,James Harden,SG
01/16/2026,LAC,Kobe Sanders,SG
01/16/2026,LAC,Nicolas Batum,PF
01/16/2026,LAC,Ivica Zubac,C
01/16/2026,TOR,Jamal Shead,PG
01/16/2026,TOR,Ochai Agbaji,SG
01/16/2026,TOR,Brandon Ingram,SF
01/16/2026,TOR,Scottie Barnes,SF
01/16/2026,TOR,Collin Murray-Boyles,PF
01/16/2026,MIN,Mike Conley,PG
01/16/2026,MIN,Donte DiVincenzo,SG
01/16/2026,MIN,Jaden McDaniels,PF
01/16/2026,MIN,Julius Randle,PF
01/16/2026,MIN,Rudy Gobert,C
01/16/2026,HOU,Amen Thompson,SG
01/16/2026,HOU,Josh Okogie,SG
01/16/2026,HOU,Jabari Smith Jr.,PF
01/16/2026,HOU,Kevin Durant,PF
01/16/2026,HOU,Alperen Sengun,C
01/16/2026,WAS,Bub Carrington,PG
01/16/2026,WAS,Tre Johnson,SG
01/16/2026,WAS,Justin Champagnie,SG
01/16/2026,WAS,Kyshawn George,SF
01/16/2026,WAS,Alexandre Sarr,PF
01/16/2026,SAC,Russell Westbrook,PG
01/16/2026,SAC,Zach LaVine,SG
01/16/2026,SAC,DeMar DeRozan,SF
01/16/2026,SAC,Precious Achiuwa,PF
01/16/2026,SAC,Maxime Raynaud,C
01/17/2026,UTA,Isaiah Collier,PG
01/17/2026,UTA,Keyonte George,SG
01/17/2026,UTA,Cody Williams,SF
01/17/2026,UTA,Ace Bailey,SF
01/17/2026,UTA,Kyle Filipowski,C
01/17/2026,DAL,Brandon Williams,PG
01/17/2026,DAL,Max Christie,SG
01/17/2026,DAL,Naji Marshall,SF
01/17/2026,DAL,Caleb Martin,PF
01/17/2026,DAL,Dwight Powell,C
01/17/2026,BOS,Derrick White,SG
01/17/2026,BOS,Baylor Scheierman,SG
01/17/2026,BOS,Jaylen Brown,SG
01/17/2026,BOS,Sam Hauser,SF
01/17/2026,BOS,Neemias Queta,C
01/17/2026,ATL,CJ McCollum,PG
01/17/2026,ATL,Vit Krejci,SG
01/17/2026,ATL,Nickeil Alexander-Walker,SG
01/17/2026,ATL,Jalen Johnson,PF
01/17/2026,ATL,Onyeka Okongwu,C
01/17/2026,PHO,Collin Gillespie,PG
01/17/2026,PHO,Devin Booker,SG
01/17/2026,PHO,Dillon Brooks,SF
01/17/2026,PHO,Royce O'Neale,PF
01/17/2026,PHO,Mark Williams,C
01/17/2026,NYK,Miles McBride,PG
01/17/2026,NYK,OG Anunoby,SF
01/17/2026,NYK,Mikal Bridges,SF
01/17/2026,NYK,Mohamed Diawara,PF
01/17/2026,NYK,Karl-Anthony Towns,PF
01/17/2026,IND,Quenton Jackson,SG
01/17/2026,IND,Ben Sheppard,SF
01/17/2026,IND,Johnny Furphy,SF
01/17/2026,IND,Jarace Walker,PF
01/17/2026,IND,Jay Huff,C
01/17/2026,DET,Cade Cunningham,PG
01/17/2026,DET,Duncan Robinson,SG
01/17/2026,DET,Ausar Thompson,SG
01/17/2026,DET,Tobias Harris,SF
01/17/2026,DET,Jalen Duren,C
01/17/2026,MIN,Anthony Edwards,SG
01/17/2026,MIN,Donte DiVincenzo,SG
01/17/2026,MIN,Julius Randle,PF
01/17/2026,MIN,Jaden McDaniels,PF
01/17/2026,MIN,Naz Reid,C
01/17/2026,SAS,De'Aaron Fox,PG
01/17/2026,SAS,Stephon Castle,SG
01/17/2026,SAS,Julian Champagnie,SF
01/17/2026,SAS,Harrison Barnes,SF
01/17/2026,SAS,Victor Wembanyama,PF
01/17/2026,OKC,Shai Gilgeous-Alexander,PG
01/17/2026,OKC,Cason Wallace,PG
01/17/2026,OKC,Jalen Williams,SF
01/17/2026,OKC,Luguentz Dort,SF
01/17/2026,OKC,Chet Holmgren,C
01/17/2026,MIA,Kasparas Jakucionis,PG
01/17/2026,MIA,Norman Powell,SG
01/17/2026,MIA,Pelle Larsson,SG
01/17/2026,MIA,Andrew Wiggins,SF
01/17/2026,MIA,Bam Adebayo,C
01/17/2026,CHO,Kon Knueppel,SG
01/17/2026,CHO,Sion James,SG
01/17/2026,CHO,Brandon Miller,SF
01/17/2026,CHO,Miles Bridges,SF
01/17/2026,CHO,Ryan Kalkbrenner,C
01/17/2026,GSW,Stephen Curry,PG
01/17/2026,GSW,Moses Moody,SG
01/17/2026,GSW,Will Richard,SG
01/17/2026,GSW,Draymond Green,PF
01/17/2026,GSW,Quinten Post,C
01/17/2026,WAS,Bub Carrington,PG
01/17/2026,WAS,Tre Johnson,SG
01/17/2026,WAS,Kyshawn George,SF
01/17/2026,WAS,Khris Middleton,SF
01/17/2026,WAS,Alexandre Sarr,PF
01/17/2026,DEN,Jamal Murray,PG
01/17/2026,DEN,Jalen Pickett,SG
01/17/2026,DEN,Peyton Watson,SF
01/17/2026,DEN,Spencer Jones,PF
01/17/2026,DEN,Aaron Gordon,PF
01/17/2026,LAL,Gabe Vincent,PG
01/17/2026,LAL,Marcus Smart,PG
01/17/2026,LAL,LeBron James,SF
01/17/2026,LAL,Jake LaRavia,PF
01/17/2026,LAL,Maxi Kleber,C
01/17/2026,POR,Jrue Holiday,PG
01/17/2026,POR,Shaedon Sharpe,SG
01/17/2026,POR,Sidy Cissoko,SF
01/17/2026,POR,Toumani Camara,SF
01/17/2026,POR,Donovan Clingan,C
01/18/2026,ORL,Anthony Black,PG
01/18/2026,ORL,Desmond Bane,SG
01/18/2026,ORL,Franz Wagner,SF
01/18/2026,ORL,Paolo Banchero,PF
01/18/2026,ORL,Wendell Carter Jr.,C
01/18/2026,MEM,Ja Morant,PG
01/18/2026,MEM,Cedric Coward,SG
01/18/2026,MEM,Jaylen Wells,SF
01/18/2026,MEM,Santi Aldama,PF
01/18/2026,MEM,Jaren Jackson Jr.,PF
01/18/2026,NOP,Jeremiah Fears,PG
01/18/2026,NOP,Trey Murphy III,SF
01/18/2026,NOP,Zion Williamson,PF
01/18/2026,NOP,Saddiq Bey,PF
01/18/2026,NOP,Derik Queen,C
01/18/2026,HOU,Amen Thompson,SG
01/18/2026,HOU,Kevin Durant,PF
01/18/2026,HOU,Jabari Smith Jr.,PF
01/18/2026,HOU,Steven Adams,C
01/18/2026,HOU,Alperen Sengun,C
01/18/2026,BRK,Egor Demin,PG
01/18/2026,BRK,Terance Mann,PG
01/18/2026,BRK,Noah Clowney,PF
01/18/2026,BRK,Danny Wolf,C
01/18/2026,BRK,Nicolas Claxton,C
01/18/2026,CHI,Coby White,SG
01/18/2026,CHI,Matas Buzelis,SF
01/18/2026,CHI,Isaac Okoro,SF
01/18/2026,CHI,Jalen Smith,PF
01/18/2026,CHI,Nikola Vucevic,C
01/18/2026,CHO,LaMelo Ball,PG
01/18/2026,CHO,Kon Knueppel,SG
01/18/2026,CHO,Miles Bridges,SF
01/18/2026,CHO,Brandon Miller,SF
01/18/2026,CHO,Moussa Diabate,PF
01/18/2026,DEN,Jamal Murray,PG
01/18/2026,DEN,Jalen Pickett,SG
01/18/2026,DEN,Peyton Watson,SF
01/18/2026,DEN,DaRon Holmes II,PF
01/18/2026,DEN,Spencer Jones,PF
01/18/2026,POR,Shaedon Sharpe,SG
01/18/2026,POR,Deni Avdija,SF
01/18/2026,POR,Sidy Cissoko,SF
01/18/2026,POR,Toumani Camara,SF
01/18/2026,POR,Donovan Clingan,C
01/18/2026,SAC,Russell Westbrook,PG
01/18/2026,SAC,Zach LaVine,SG
01/18/2026,SAC,DeMar DeRozan,SF
01/18/2026,SAC,Precious Achiuwa,PF
01/18/2026,SAC,Maxime Raynaud,C
01/18/2026,TOR,Immanuel Quickley,PG
01/18/2026,TOR,Ochai Agbaji,SG
01/18/2026,TOR,Scottie Barnes,SF
01/18/2026,TOR,Brandon Ingram,SF
01/18/2026,TOR,Collin Murray-Boyles,PF
01/18/2026,LAL,Luka Doncic,PG
01/18/2026,LAL,Marcus Smart,PG
01/18/2026,LAL,LeBron James,SF
01/18/2026,LAL,Jake LaRavia,PF
01/18/2026,LAL,Deandre Ayton,C
01/19/2026,MIL,Ryan Rollins,SG
01/19/2026,MIL,AJ Green,SG
01/19/2026,MIL,Kyle Kuzma,PF
01/19/2026,MIL,Giannis Antetokounmpo,PF
01/19/2026,MIL,Myles Turner,C
01/19/2026,ATL,Dyson Daniels,PG
01/19/2026,ATL,Nickeil Alexander-Walker,SG
01/19/2026,ATL,Corey Kispert,SF
01/19/2026,ATL,Jalen Johnson,PF
01/19/2026,ATL,Onyeka Okongwu,C
01/19/2026,OKC,Shai Gilgeous-Alexander,PG
01/19/2026,OKC,Aaron Wiggins,SG
01/19/2026,OKC,Luguentz Dort,SF
01/19/2026,OKC,Jaylin Williams,PF
01/19/2026,OKC,Chet Holmgren,C
01/19/2026,CLE,Donovan Mitchell,SG
01/19/2026,CLE,Jaylon Tyson,SF
01/19/2026,CLE,Dean Wade,PF
01/19/2026,CLE,Evan Mobley,PF
01/19/2026,CLE,Jarrett Allen,C
01/19/2026,LAC,Kris Dunn,PG
01/19/2026,LAC,Kobe Sanders,SG
01/19/2026,LAC,James Harden,SG
01/19/2026,LAC,John Collins,PF
01/19/2026,LAC,Ivica Zubac,C
01/19/2026,WAS,Bub Carrington,PG
01/19/2026,WAS,Tre Johnson,SG
01/19/2026,WAS,Khris Middleton,SF
01/19/2026,WAS,Kyshawn George,SF
01/19/2026,WAS,Alexandre Sarr,PF
01/19/2026,UTA,Keyonte George,SG
01/19/2026,UTA,Svi Mykhailiuk,SF
01/19/2026,UTA,Cody Williams,SF
01/19/2026,UTA,Ace Bailey,SF
01/19/2026,UTA,Jusuf Nurkic,C
01/19/2026,SAS,De'Aaron Fox,PG
01/19/2026,SAS,Stephon Castle,SG
01/19/2026,SAS,Harrison Barnes,SF
01/19/2026,SAS,Julian Champagnie,SF
01/19/2026,SAS,Victor Wembanyama,PF
01/19/2026,DAL,Max Christie,SG
01/19/2026,DAL,Naji Marshall,SF
01/19/2026,DAL,Caleb Martin,PF
01/19/2026,DAL,Cooper Flagg,PF
01/19/2026,DAL,Dwight Powell,C
01/19/2026,NYK,Jalen Brunson,PG
01/19/2026,NYK,Mikal Bridges,SF
01/19/2026,NYK,Josh Hart,SF
01/19/2026,NYK,OG Anunoby,SF
01/19/2026,NYK,Karl-Anthony Towns,PF
01/19/2026,IND,Andrew Nembhard,PG
01/19/2026,IND,Johnny Furphy,SF
01/19/2026,IND,Aaron Nesmith,PF
01/19/2026,IND,Pascal Siakam,PF
01/19/2026,IND,Jay Huff,C
01/19/2026,PHI,Tyrese Maxey,PG
01/19/2026,PHI,VJ Edgecombe,SG
01/19/2026,PHI,Kelly Oubre Jr.,SF
01/19/2026,PHI,Dominick Barlow,PF
01/19/2026,PHI,Joel Embiid,C
01/19/2026,PHO,Collin Gillespie,PG
01/19/2026,PHO,Devin Booker,SG
01/19/2026,PHO,Dillon Brooks,SF
01/19/2026,PHO,Royce O'Neale,PF
01/19/2026,PHO,Mark Williams,C
01/19/2026,BRK,Terance Mann,PG
01/19/2026,BRK,Drake Powell,SG
01/19/2026,BRK,Michael Porter Jr.,SF
01/19/2026,BRK,Noah Clowney,PF
01/19/2026,BRK,Nicolas Claxton,C
01/19/2026,BOS,Payton Pritchard,PG
01/19/2026,BOS,Derrick White,SG
01/19/2026,BOS,Jaylen Brown,SG
01/19/2026,BOS,Sam Hauser,SF
01/19/2026,BOS,Neemias Queta,C
01/19/2026,DET,Cade Cunningham,PG
01/19/2026,DET,Ausar Thompson,SG
01/19/2026,DET,Duncan Robinson,SG
01/19/2026,DET,Tobias Harris,SF
01/19/2026,DET,Jalen Duren,C
01/19/2026,MIA,Davion Mitchell,PG
01/19/2026,MIA,Norman Powell,SG
01/19/2026,MIA,Pelle Larsson,SG
01/19/2026,MIA,Andrew Wiggins,SF
01/19/2026,MIA,Bam Adebayo,C
01/19/2026,GSW,Stephen Curry,PG
01/19/2026,GSW,Moses Moody,SG
01/19/2026,GSW,Will Richard,SG
01/19/2026,GSW,Jimmy Butler,SF
01/19/2026,GSW,Quinten Post,C
01/20/2026,PHO,Collin Gillespie,PG
01/20/2026,PHO,Devin Booker,SG
01/20/2026,PHO,Dillon Brooks,SF
01/20/2026,PHO,Royce O'Neale,PF
01/20/2026,PHO,Mark Williams,C
01/20/2026,PHI,Tyrese Maxey,PG
01/20/2026,PHI,VJ Edgecombe,SG
01/20/2026,PHI,Kelly Oubre Jr.,SF
01/20/2026,PHI,Dominick Barlow,PF
01/20/2026,PHI,Andre Drummond,C
01/20/2026,LAC,Kris Dunn,PG
01/20/2026,LAC,Kobe Sanders,SG
01/20/2026,LAC,James Harden,SG
01/20/2026,LAC,John Collins,PF
01/20/2026,LAC,Ivica Zubac,C
01/20/2026,CHI,Coby White,SG
01/20/2026,CHI,Isaac Okoro,SF
01/20/2026,CHI,Matas Buzelis,SF
01/20/2026,CHI,Jalen Smith,PF
01/20/2026,CHI,Nikola Vucevic,C
01/20/2026,SAS,De'Aaron Fox,PG
01/20/2026,SAS,Stephon Castle,SG
01/20/2026,SAS,Harrison Barnes,SF
01/20/2026,SAS,Julian Champagnie,SF
01/20/2026,SAS,Victor Wembanyama,PF
01/20/2026,HOU,Josh Okogie,SG
01/20/2026,HOU,Amen Thompson,SG
01/20/2026,HOU,Kevin Durant,PF
01/20/2026,HOU,Jabari Smith Jr.,PF
01/20/2026,HOU,Alperen Sengun,C
01/20/2026,MIN,Donte DiVincenzo,SG
01/20/2026,MIN,Anthony Edwards,SG
01/20/2026,MIN,Jaden McDaniels,PF
01/20/2026,MIN,Julius Randle,PF
01/20/2026,MIN,Rudy Gobert,C
01/20/2026,UTA,Keyonte George,SG
01/20/2026,UTA,Cody Williams,SF
01/20/2026,UTA,Ace Bailey,SF
01/20/2026,UTA,Svi Mykhailiuk,SF
01/20/2026,UTA,Jusuf Nurkic,C
01/20/2026,LAL,Marcus Smart,PG
01/20/2026,LAL,Luka Doncic,PG
01/20/2026,LAL,LeBron James,SF
01/20/2026,LAL,Jake LaRavia,PF
01/20/2026,LAL,Deandre Ayton,C
01/20/2026,DEN,Jamal Murray,PG
01/20/2026,DEN,Jalen Pickett,SG
01/20/2026,DEN,Peyton Watson,SF
01/20/2026,DEN,Aaron Gordon,PF
01/20/2026,DEN,Spencer Jones,PF
01/20/2026,TOR,Immanuel Quickley,PG
01/20/2026,TOR,Jamal Shead,PG
01/20/2026,TOR,Gradey Dick,SG
01/20/2026,TOR,Brandon Ingram,SF
01/20/2026,TOR,Scottie Barnes,SF
01/20/2026,GSW,Stephen Curry,PG
01/20/2026,GSW,Brandin Podziemski,SG
01/20/2026,GSW,Moses Moody,SG
01/20/2026,GSW,Draymond Green,PF
01/20/2026,GSW,Quinten Post,C
01/20/2026,MIA,Davion Mitchell,PG
01/20/2026,MIA,Norman Powell,SG
01/20/2026,MIA,Pelle Larsson,SG
01/20/2026,MIA,Andrew Wiggins,SF
01/20/2026,MIA,Bam Adebayo,C
01/20/2026,SAC,Russell Westbrook,PG
01/20/2026,SAC,Zach LaVine,SG
01/20/2026,SAC,DeMar DeRozan,SF
01/20/2026,SAC,Precious Achiuwa,PF
01/20/2026,SAC,Domantas Sabonis,C
01/21/2026,CLE,Donovan Mitchell,SG
01/21/2026,CLE,Jaylon Tyson,SF
01/21/2026,CLE,Dean Wade,PF
01/21/2026,CLE,Evan Mobley,PF
01/21/2026,CLE,Jarrett Allen,C
01/21/2026,CHO,Kon Knueppel,SG
01/21/2026,CHO,Sion James,SG
01/21/2026,CHO,Miles Bridges,SF
01/21/2026,CHO,Brandon Miller,SF
01/21/2026,CHO,Moussa Diabate,PF
01/21/2026,BRK,Egor Demin,PG
01/21/2026,BRK,Drake Powell,SG
01/21/2026,BRK,Michael Porter Jr.,SF
01/21/2026,BRK,Noah Clowney,PF
01/21/2026,BRK,Nicolas Claxton,C
01/21/2026,NYK,Jalen Brunson,PG
01/21/2026,NYK,OG Anunoby,SF
01/21/2026,NYK,Josh Hart,SF
01/21/2026,NYK,Mikal Bridges,SF
01/21/2026,NYK,Karl-Anthony Towns,PF
01/21/2026,IND,Andrew Nembhard,PG
01/21/2026,IND,Johnny Furphy,SF
01/21/2026,IND,Aaron Nesmith,PF
01/21/2026,IND,Pascal Siakam,PF
01/21/2026,IND,Jay Huff,C
01/21/2026,BOS,Payton Pritchard,PG
01/21/2026,BOS,Jaylen Brown,SG
01/21/2026,BOS,Derrick White,SG
01/21/2026,BOS,Sam Hauser,SF
01/21/2026,BOS,Neemias Queta,C
01/21/2026,ATL,Dyson Daniels,PG
01/21/2026,ATL,Nickeil Alexander-Walker,SG
01/21/2026,ATL,Corey Kispert,SF
01/21/2026,ATL,Jalen Johnson,PF
01/21/2026,ATL,Onyeka Okongwu,C
01/21/2026,MEM,Ja Morant,PG
01/21/2026,MEM,John Konchar,SG
01/21/2026,MEM,Cedric Coward,SG
01/21/2026,MEM,Jaylen Wells,SF
01/21/2026,MEM,Jaren Jackson Jr.,PF
01/21/2026,DET,Daniss Jenkins,PG
01/21/2026,DET,Duncan Robinson,SG
01/21/2026,DET,Ausar Thompson,SG
01/21/2026,DET,Tobias Harris,SF
01/21/2026,DET,Jalen Duren,C
01/21/2026,NOP,Jeremiah Fears,PG
01/21/2026,NOP,Trey Murphy III,SF
01/21/2026,NOP,Zion Williamson,PF
01/21/2026,NOP,Saddiq Bey,PF
01/21/2026,NOP,Derik Queen,C
01/21/2026,OKC,Shai Gilgeous-Alexander,PG
01/21/2026,OKC,Ajay Mitchell,PG
01/21/2026,OKC,Cason Wallace,PG
01/21/2026,OKC,Luguentz Dort,SF
01/21/2026,OKC,Chet Holmgren,C
01/21/2026,MIL,Gary Harris,SG
01/21/2026,MIL,Ryan Rollins,SG
01/21/2026,MIL,AJ Green,SG
01/21/2026,MIL,Giannis Antetokounmpo,PF
01/21/2026,MIL,Kyle Kuzma,PF
01/21/2026,TOR,Immanuel Quickley,PG
01/21/2026,TOR,Jamal Shead,PG
01/21/2026,TOR,Scottie Barnes,SF
01/21/2026,TOR,Brandon Ingram,SF
01/21/2026,TOR,Sandro Mamukelashvili,PF
01/21/2026,SAC,Russell Westbrook,PG
01/21/2026,SAC,Zach LaVine,SG
01/21/2026,SAC,DeMar DeRozan,SF
01/21/2026,SAC,Precious Achiuwa,PF
01/21/2026,SAC,Maxime Raynaud,C
01/22/2026,DEN,Jamal Murray,PG
01/22/2026,DEN,Jalen Pickett,SG
01/22/2026,DEN,Peyton Watson,SF
01/22/2026,DEN,Aaron Gordon,PF
01/22/2026,DEN,Jonas Valanciunas,C
01/22/2026,WAS,Bub Carrington,PG
01/22/2026,WAS,Tre Johnson,SG
01/22/2026,WAS,Khris Middleton,SF
01/22/2026,WAS,Kyshawn George,SF
01/22/2026,WAS,Alexandre Sarr,PF
01/22/2026,HOU,Amen Thompson,SG
01/22/2026,HOU,Josh Okogie,SG
01/22/2026,HOU,Jabari Smith Jr.,PF
01/22/2026,HOU,Kevin Durant,PF
01/22/2026,HOU,Alperen Sengun,C
01/22/2026,PHI,Tyrese Maxey,PG
01/22/2026,PHI,VJ Edgecombe,SG
01/22/2026,PHI,Paul George,SF
01/22/2026,PHI,Kelly Oubre Jr.,SF
01/22/2026,PHI,Joel Embiid,C
01/22/2026,CHO,LaMelo Ball,PG
01/22/2026,CHO,Kon Knueppel,SG
01/22/2026,CHO,Brandon Miller,SF
01/22/2026,CHO,Miles Bridges,SF
01/22/2026,CHO,Moussa Diabate,PF
01/22/2026,ORL,Anthony Black,PG
01/22/2026,ORL,Desmond Bane,SG
01/22/2026,ORL,Paolo Banchero,PF
01/22/2026,ORL,Tristan da Silva,PF
01/22/2026,ORL,Wendell Carter Jr.,C
01/22/2026,GSW,Stephen Curry,PG
01/22/2026,GSW,Brandin Podziemski,SG
01/22/2026,GSW,Moses Moody,SG
01/22/2026,GSW,Gui Santos,SF
01/22/2026,GSW,Draymond Green,PF
01/22/2026,DAL,Max Christie,SG
01/22/2026,DAL,Naji Marshall,SF
01/22/2026,DAL,Cooper Flagg,PF
01/22/2026,DAL,Caleb Martin,PF
01/22/2026,DAL,Dwight Powell,C
01/22/2026,CHI,Coby White,SG
01/22/2026,CHI,Isaac Okoro,SF
01/22/2026,CHI,Matas Buzelis,SF
01/22/2026,CHI,Jalen Smith,PF
01/22/2026,CHI,Nikola Vucevic,C
01/22/2026,MIN,Anthony Edwards,SG
01/22/2026,MIN,Donte DiVincenzo,SG
01/22/2026,MIN,Jaden McDaniels,PF
01/22/2026,MIN,Julius Randle,PF
01/22/2026,MIN,Rudy Gobert,C
01/22/2026,SAS,De'Aaron Fox,PG
01/22/2026,SAS,Stephon Castle,SG
01/22/2026,SAS,Julian Champagnie,SF
01/22/2026,SAS,Harrison Barnes,SF
01/22/2026,SAS,Victor Wembanyama,PF
01/22/2026,UTA,Keyonte George,SG
01/22/2026,UTA,Svi Mykhailiuk,SF
01/22/2026,UTA,Cody Williams,SF
01/22/2026,UTA,Ace Bailey,SF
01/22/2026,UTA,Jusuf Nurkic,C
01/22/2026,LAL,Luka Doncic,PG
01/22/2026,LAL,Marcus Smart,PG
01/22/2026,LAL,LeBron James,SF
01/22/2026,LAL,Jake LaRavia,PF
01/22/2026,LAL,Deandre Ayton,C
01/22/2026,LAC,Kris Dunn,PG
01/22/2026,LAC,James Harden,SG
01/22/2026,LAC,Kawhi Leonard,SF
01/22/2026,LAC,John Collins,PF
01/22/2026,LAC,Ivica Zubac,C
01/22/2026,MIA,Kasparas Jakucionis,PG
01/22/2026,MIA,Norman Powell,SG
01/22/2026,MIA,Pelle Larsson,SG
01/22/2026,MIA,Andrew Wiggins,SF
01/22/2026,MIA,Bam Adebayo,C
01/22/2026,POR,Jrue Holiday,PG
01/22/2026,POR,Shaedon Sharpe,SG
01/22/2026,POR,Deni Avdija,SF
01/22/2026,POR,Toumani Camara,SF
01/22/2026,POR,Donovan Clingan,C
01/23/2026,HOU,Josh Okogie,SG
01/23/2026,HOU,Amen Thompson,SG
01/23/2026,HOU,Kevin Durant,PF
01/23/2026,HOU,Jabari Smith Jr.,PF
01/23/2026,HOU,Alperen Sengun,C
01/23/2026,DET,Cade Cunningham,PG
01/23/2026,DET,Ausar Thompson,SG
01/23/2026,DET,Duncan Robinson,SG
01/23/2026,DET,Tobias Harris,SF
01/23/2026,DET,Jalen Duren,C
01/23/2026,SAC,Russell Westbrook,PG
01/23/2026,SAC,Zach LaVine,SG
01/23/2026,SAC,DeMar DeRozan,SF
01/23/2026,SAC,Precious Achiuwa,PF
01/23/2026,SAC,Maxime Raynaud,C
01/23/2026,CLE,Donovan Mitchell,SG
01/23/2026,CLE,Jaylon Tyson,SF
01/23/2026,CLE,Evan Mobley,PF
01/23/2026,CLE,Dean Wade,PF
01/23/2026,CLE,Jarrett Allen,C
01/23/2026,PHO,Collin Gillespie,PG
01/23/2026,PHO,Devin Booker,SG
01/23/2026,PHO,Dillon Brooks,SF
01/23/2026,PHO,Royce O'Neale,PF
01/23/2026,PHO,Mark Williams,C
01/23/2026,ATL,Dyson Daniels,PG
01/23/2026,ATL,Nickeil Alexander-Walker,SG
01/23/2026,ATL,Corey Kispert,SF
01/23/2026,ATL,Jalen Johnson,PF
01/23/2026,ATL,Onyeka Okongwu,C
01/23/2026,BOS,Payton Pritchard,PG
01/23/2026,BOS,Baylor Scheierman,SG
01/23/2026,BOS,Jaylen Brown,SG
01/23/2026,BOS,Sam Hauser,SF
01/23/2026,BOS,Neemias Queta,C
01/23/2026,BRK,Egor Demin,PG
01/23/2026,BRK,Drake Powell,SG
01/23/2026,BRK,Michael Porter Jr.,SF
01/23/2026,BRK,Noah Clowney,PF
01/23/2026,BRK,Nicolas Claxton,C
01/23/2026,NOP,Trey Murphy III,SF
01/23/2026,NOP,Herbert Jones,SF
01/23/2026,NOP,Saddiq Bey,PF
01/23/2026,NOP,Zion Williamson,PF
01/23/2026,NOP,Derik Queen,C
01/23/2026,MEM,Cam Spencer,SG
01/23/2026,MEM,Cedric Coward,SG
01/23/2026,MEM,Jaylen Wells,SF
01/23/2026,MEM,Jaren Jackson Jr.,PF
01/23/2026,MEM,Jock Landale,C
01/23/2026,IND,Andrew Nembhard,PG
01/23/2026,IND,Johnny Furphy,SF
01/23/2026,IND,Aaron Nesmith,PF
01/23/2026,IND,Pascal Siakam,PF
01/23/2026,IND,Jarace Walker,PF
01/23/2026,OKC,Shai Gilgeous-Alexander,PG
01/23/2026,OKC,Cason Wallace,PG
01/23/2026,OKC,Isaiah Joe,SG
01/23/2026,OKC,Luguentz Dort,SF
01/23/2026,OKC,Chet Holmgren,C
01/23/2026,DEN,Jalen Pickett,SG
01/23/2026,DEN,Julian Strawther,SF
01/23/2026,DEN,Spencer Jones,PF
01/23/2026,DEN,Aaron Gordon,PF
01/23/2026,DEN,Zeke Nnaji,C
01/23/2026,MIL,Gary Harris,SG
01/23/2026,MIL,Ryan Rollins,SG
01/23/2026,MIL,Kyle Kuzma,PF
01/23/2026,MIL,Giannis Antetokounmpo,PF
01/23/2026,MIL,Myles Turner,C
01/23/2026,TOR,Immanuel Quickley,PG
01/23/2026,TOR,RJ Barrett,SG
01/23/2026,TOR,Brandon Ingram,SF
01/23/2026,TOR,Scottie Barnes,SF
01/23/2026,TOR,Sandro Mamukelashvili,PF
01/23/2026,POR,Jrue Holiday,PG
01/23/2026,POR,Shaedon Sharpe,SG
01/23/2026,POR,Sidy Cissoko,SF
01/23/2026,POR,Toumani Camara,SF
01/23/2026,POR,Donovan Clingan,C
01/24/2026,WAS,Bub Carrington,PG
01/24/2026,WAS,Tre Johnson,SG
01/24/2026,WAS,Will Riley,SF
01/24/2026,WAS,Kyshawn George,SF
01/24/2026,WAS,Alexandre Sarr,PF
01/24/2026,CHO,LaMelo Ball,PG
01/24/2026,CHO,Kon Knueppel,SG
01/24/2026,CHO,Miles Bridges,SF
01/24/2026,CHO,Brandon Miller,SF
01/24/2026,CHO,Moussa Diabate,PF
01/24/2026,NYK,Jalen Brunson,PG
01/24/2026,NYK,OG Anunoby,SF
01/24/2026,NYK,Mikal Bridges,SF
01/24/2026,NYK,Josh Hart,SF
01/24/2026,NYK,Karl-Anthony Towns,PF
01/24/2026,PHI,Tyrese Maxey,PG
01/24/2026,PHI,VJ Edgecombe,SG
01/24/2026,PHI,Kelly Oubre Jr.,SF
01/24/2026,PHI,Paul George,SF
01/24/2026,PHI,Joel Embiid,C
01/24/2026,CLE,Donovan Mitchell,SG
01/24/2026,CLE,Jaylon Tyson,SF
01/24/2026,CLE,Evan Mobley,PF
01/24/2026,CLE,Dean Wade,PF
01/24/2026,CLE,Jarrett Allen,C
01/24/2026,ORL,Anthony Black,PG
01/24/2026,ORL,Jalen Suggs,SG
01/24/2026,ORL,Desmond Bane,SG
01/24/2026,ORL,Paolo Banchero,PF
01/24/2026,ORL,Wendell Carter Jr.,C
01/24/2026,BOS,Payton Pritchard,PG
01/24/2026,BOS,Jaylen Brown,SG
01/24/2026,BOS,Derrick White,SG
01/24/2026,BOS,Sam Hauser,SF
01/24/2026,BOS,Amari Williams,C
01/24/2026,CHI,Coby White,SG
01/24/2026,CHI,Isaac Okoro,SF
01/24/2026,CHI,Matas Buzelis,SF
01/24/2026,CHI,Jalen Smith,PF
01/24/2026,CHI,Nikola Vucevic,C
01/24/2026,LAL,Luka Doncic,PG
01/24/2026,LAL,Marcus Smart,PG
01/24/2026,LAL,LeBron James,SF
01/24/2026,LAL,Jake LaRavia,PF
01/24/2026,LAL,Deandre Ayton,C
01/24/2026,DAL,Max Christie,SG
01/24/2026,DAL,Naji Marshall,SF
01/24/2026,DAL,Caleb Martin,PF
01/24/2026,DAL,Cooper Flagg,PF
01/24/2026,DAL,Dwight Powell,C
01/24/2026,MIA,Kasparas Jakucionis,PG
01/24/2026,MIA,Norman Powell,SG
01/24/2026,MIA,Pelle Larsson,SG
01/24/2026,MIA,Andrew Wiggins,SF
01/24/2026,MIA,Bam Adebayo,C
01/24/2026,UTA,Keyonte George,SG
01/24/2026,UTA,Cody Williams,SF
01/24/2026,UTA,Svi Mykhailiuk,SF
01/24/2026,UTA,Ace Bailey,SF
01/24/2026,UTA,Jusuf Nurkic,C
01/25/2026,SAC,Russell Westbrook,PG
01/25/2026,SAC,Nique Clifford,SF
01/25/2026,SAC,DeMar DeRozan,SF
01/25/2026,SAC,Precious Achiuwa,PF
01/25/2026,SAC,Domantas Sabonis,C
01/25/2026,DET,Cade Cunningham,PG
01/25/2026,DET,Ausar Thompson,SG
01/25/2026,DET,Duncan Robinson,SG
01/25/2026,DET,Tobias Harris,SF
01/25/2026,DET,Jalen Duren,C
01/25/2026,GSW,Stephen Curry,PG
01/25/2026,GSW,Brandin Podziemski,SG
01/25/2026,GSW,Moses Moody,SG
01/25/2026,GSW,Draymond Green,PF
01/25/2026,GSW,Al Horford,C
01/25/2026,MIN,Donte DiVincenzo,SG
01/25/2026,MIN,Anthony Edwards,SG
01/25/2026,MIN,Julius Randle,PF
01/25/2026,MIN,Jaden McDaniels,PF
01/25/2026,MIN,Rudy Gobert,C
01/25/2026,TOR,Immanuel Quickley,PG
01/25/2026,TOR,RJ Barrett,SG
01/25/2026,TOR,Brandon Ingram,SF
01/25/2026,TOR,Scottie Barnes,SF
01/25/2026,TOR,Sandro Mamukelashvili,PF
01/25/2026,OKC,Shai Gilgeous-Alexander,PG
01/25/2026,OKC,Cason Wallace,PG
01/25/2026,OKC,Luguentz Dort,SF
01/25/2026,OKC,Jaylin Williams,PF
01/25/2026,OKC,Chet Holmgren,C
01/25/2026,NOP,Herbert Jones,SF
01/25/2026,NOP,Trey Murphy III,SF
01/25/2026,NOP,Zion Williamson,PF
01/25/2026,NOP,Saddiq Bey,PF
01/25/2026,NOP,Derik Queen,C
01/25/2026,SAS,De'Aaron Fox,PG
01/25/2026,SAS,Stephon Castle,SG
01/25/2026,SAS,Harrison Barnes,SF
01/25/2026,SAS,Julian Champagnie,SF
01/25/2026,SAS,Victor Wembanyama,PF
01/25/2026,MIA,Kasparas Jakucionis,PG
01/25/2026,MIA,Norman Powell,SG
01/25/2026,MIA,Pelle Larsson,SG
01/25/2026,MIA,Andrew Wiggins,SF
01/25/2026,MIA,Bam Adebayo,C
01/25/2026,PHO,Collin Gillespie,PG
01/25/2026,PHO,Dillon Brooks,SF
01/25/2026,PHO,Grayson Allen,SF
01/25/2026,PHO,Royce O'Neale,PF
01/25/2026,PHO,Mark Williams,C
01/25/2026,BRK,Terance Mann,PG
01/25/2026,BRK,Egor Demin,PG
01/25/2026,BRK,Drake Powell,SG
01/25/2026,BRK,Michael Porter Jr.,SF
01/25/2026,BRK,Nicolas Claxton,C
01/25/2026,LAC,Kris Dunn,PG
01/25/2026,LAC,James Harden,SG
01/25/2026,LAC,Kawhi Leonard,SF
01/25/2026,LAC,John Collins,PF
01/25/2026,LAC,Ivica Zubac,C
01/26/2026,IND,Andrew Nembhard,PG
01/26/2026,IND,Johnny Furphy,SF
01/26/2026,IND,Aaron Nesmith,PF
01/26/2026,IND,Jarace Walker,PF
01/26/2026,IND,Pascal Siakam,PF
01/26/2026,ATL,Dyson Daniels,PG
01/26/2026,ATL,Nickeil Alexander-Walker,SG
01/26/2026,ATL,Corey Kispert,SF
01/26/2026,ATL,Jalen Johnson,PF
01/26/2026,ATL,Onyeka Okongwu,C
01/26/2026,PHI,Tyrese Maxey,PG
01/26/2026,PHI,VJ Edgecombe,SG
01/26/2026,PHI,Kelly Oubre Jr.,SF
01/26/2026,PHI,Dominick Barlow,PF
01/26/2026,PHI,Andre Drummond,C
01/26/2026,CHO,LaMelo Ball,PG
01/26/2026,CHO,Kon Knueppel,SG
01/26/2026,CHO,Miles Bridges,SF
01/26/2026,CHO,Brandon Miller,SF
01/26/2026,CHO,Moussa Diabate,PF
01/26/2026,ORL,Anthony Black,PG
01/26/2026,ORL,Desmond Bane,SG
01/26/2026,ORL,Jalen Suggs,SG
01/26/2026,ORL,Paolo Banchero,PF
01/26/2026,ORL,Wendell Carter Jr.,C
01/26/2026,CLE,Donovan Mitchell,SG
01/26/2026,CLE,Jaylon Tyson,SF
01/26/2026,CLE,Evan Mobley,PF
01/26/2026,CLE,Dean Wade,PF
01/26/2026,CLE,Jarrett Allen,C
01/26/2026,POR,Jrue Holiday,PG
01/26/2026,POR,Shaedon Sharpe,SG
01/26/2026,POR,Toumani Camara,SF
01/26/2026,POR,Sidy Cissoko,SF
01/26/2026,POR,Donovan Clingan,C
01/26/2026,BOS,Payton Pritchard,PG
01/26/2026,BOS,Derrick White,SG
01/26/2026,BOS,Jaylen Brown,SG
01/26/2026,BOS,Sam Hauser,SF
01/26/2026,BOS,Neemias Queta,C
01/26/2026,MEM,Cedric Coward,SG
01/26/2026,MEM,Cam Spencer,SG
01/26/2026,MEM,Jaylen Wells,SF
01/26/2026,MEM,Jaren Jackson Jr.,PF
01/26/2026,MEM,Santi Aldama,PF
01/26/2026,HOU,Amen Thompson,SG
01/26/2026,HOU,Tari Eason,SF
01/26/2026,HOU,Jabari Smith Jr.,PF
01/26/2026,HOU,Kevin Durant,PF
01/26/2026,HOU,Alperen Sengun,C
01/26/2026,LAL,Marcus Smart,PG
01/26/2026,LAL,Luka Doncic,PG
01/26/2026,LAL,LeBron James,SF
01/26/2026,LAL,Jake LaRavia,PF
01/26/2026,LAL,Deandre Ayton,C
01/26/2026,CHI,Coby White,SG
01/26/2026,CHI,Matas Buzelis,SF
01/26/2026,CHI,Isaac Okoro,SF
01/26/2026,CHI,Jalen Smith,PF
01/26/2026,CHI,Nikola Vucevic,C
01/26/2026,GSW,Moses Moody,SG
01/26/2026,GSW,Pat Spencer,SG
01/26/2026,GSW,Brandin Podziemski,SG
01/26/2026,GSW,Gui Santos,SF
01/26/2026,GSW,Quinten Post,C
01/26/2026,MIN,Mike Conley,PG
01/26/2026,MIN,Donte DiVincenzo,SG
01/26/2026,MIN,Jaden McDaniels,PF
01/26/2026,MIN,Julius Randle,PF
01/26/2026,MIN,Rudy Gobert,C
01/27/2026,POR,Jrue Holiday,PG
01/27/2026,POR,Shaedon Sharpe,SG
01/27/2026,POR,Deni Avdija,SF
01/27/2026,POR,Toumani Camara,SF
01/27/2026,POR,Donovan Clingan,C
01/27/2026,WAS,Tre Johnson,SG
01/27/2026,WAS,Bilal Coulibaly,SG
01/27/2026,WAS,Khris Middleton,SF
01/27/2026,WAS,Kyshawn George,SF
01/27/2026,WAS,Alexandre Sarr,PF
01/27/2026,SAC,Russell Westbrook,PG
01/27/2026,SAC,DeMar DeRozan,SF
01/27/2026,SAC,Nique Clifford,SF
01/27/2026,SAC,Precious Achiuwa,PF
01/27/2026,SAC,Domantas Sabonis,C
01/27/2026,NYK,Jalen Brunson,PG
01/27/2026,NYK,Mikal Bridges,SF
01/27/2026,NYK,OG Anunoby,SF
01/27/2026,NYK,Josh Hart,SF
01/27/2026,NYK,Karl-Anthony Towns,PF
01/27/2026,NOP,Herbert Jones,SF
01/27/2026,NOP,Trey Murphy III,SF
01/27/2026,NOP,Saddiq Bey,PF
01/27/2026,NOP,Zion Williamson,PF
01/27/2026,NOP,Derik Queen,C
01/27/2026,OKC,Shai Gilgeous-Alexander,PG
01/27/2026,OKC,Aaron Wiggins,SG
01/27/2026,OKC,Luguentz Dort,SF
01/27/2026,OKC,Jaylin Williams,PF
01/27/2026,OKC,Chet Holmgren,C
01/27/2026,MIL,Ryan Rollins,SG
01/27/2026,MIL,AJ Green,SG
01/27/2026,MIL,Bobby Portis,PF
01/27/2026,MIL,Kyle Kuzma,PF
01/27/2026,MIL,Myles Turner,C
01/27/2026,PHI,Tyrese Maxey,PG
01/27/2026,PHI,VJ Edgecombe,SG
01/27/2026,PHI,Paul George,SF
01/27/2026,PHI,Kelly Oubre Jr.,SF
01/27/2026,PHI,Joel Embiid,C
01/27/2026,BRK,Terance Mann,PG
01/27/2026,BRK,Egor Demin,PG
01/27/2026,BRK,Drake Powell,SG
01/27/2026,BRK,Michael Porter Jr.,SF
01/27/2026,BRK,Nicolas Claxton,C
01/27/2026,PHO,Jordan Goodwin,PG
01/27/2026,PHO,Grayson Allen,SF
01/27/2026,PHO,Dillon Brooks,SF
01/27/2026,PHO,Royce O'Neale,PF
01/27/2026,PHO,Mark Williams,C
01/27/2026,DET,Cade Cunningham,PG
01/27/2026,DET,Duncan Robinson,SG
01/27/2026,DET,Ausar Thompson,SG
01/27/2026,DET,Tobias Harris,SF
01/27/2026,DET,Jalen Duren,C
01/27/2026,DEN,Jamal Murray,PG
01/27/2026,DEN,Jalen Pickett,SG
01/27/2026,DEN,Peyton Watson,SF
01/27/2026,DEN,Spencer Jones,PF
01/27/2026,DEN,Jonas Valanciunas,C
01/27/2026,LAC,Kris Dunn,PG
01/27/2026,LAC,James Harden,SG
01/27/2026,LAC,Kawhi Leonard,SF
01/27/2026,LAC,John Collins,PF
01/27/2026,LAC,Ivica Zubac,C
01/27/2026,UTA,Isaiah Collier,PG
01/27/2026,UTA,Cody Williams,SF
01/27/2026,UTA,Ace Bailey,SF
01/27/2026,UTA,Kevin Love,PF
01/27/2026,UTA,Lauri Markkanen,PF
01/28/2026,CHI,Josh Giddey,SG
01/28/2026,CHI,Coby White,SG
01/28/2026,CHI,Matas Buzelis,SF
01/28/2026,CHI,Isaac Okoro,SF
01/28/2026,CHI,Nikola Vucevic,C
01/28/2026,IND,Andrew Nembhard,PG
01/28/2026,IND,Johnny Furphy,SF
01/28/2026,IND,Aaron Nesmith,PF
01/28/2026,IND,Jarace Walker,PF
01/28/2026,IND,Pascal Siakam,PF
01/28/2026,LAL,Marcus Smart,PG
01/28/2026,LAL,Luka Doncic,PG
01/28/2026,LAL,LeBron James,SF
01/28/2026,LAL,Jake LaRavia,PF
01/28/2026,LAL,Deandre Ayton,C
01/28/2026,CLE,Sam Merrill,SG
01/28/2026,CLE,Donovan Mitchell,SG
01/28/2026,CLE,Jaylon Tyson,SF
01/28/2026,CLE,Dean Wade,PF
01/28/2026,CLE,Jarrett Allen,C
01/28/2026,ATL,Dyson Daniels,PG
01/28/2026,ATL,Nickeil Alexander-Walker,SG
01/28/2026,ATL,Corey Kispert,SF
01/28/2026,ATL,Jalen Johnson,PF
01/28/2026,ATL,Onyeka Okongwu,C
01/28/2026,BOS,Payton Pritchard,PG
01/28/2026,BOS,Jaylen Brown,SG
01/28/2026,BOS,Derrick White,SG
01/28/2026,BOS,Sam Hauser,SF
01/28/2026,BOS,Amari Williams,C
01/28/2026,ORL,Anthony Black,PG
01/28/2026,ORL,Desmond Bane,SG
01/28/2026,ORL,Jalen Suggs,SG
01/28/2026,ORL,Paolo Banchero,PF
01/28/2026,ORL,Wendell Carter Jr.,C
01/28/2026,MIA,Kasparas Jakucionis,PG
01/28/2026,MIA,Pelle Larsson,SG
01/28/2026,MIA,Norman Powell,SG
01/28/2026,MIA,Andrew Wiggins,SF
01/28/2026,MIA,Bam Adebayo,C
01/28/2026,NYK,Jalen Brunson,PG
01/28/2026,NYK,OG Anunoby,SF
01/28/2026,NYK,Josh Hart,SF
01/28/2026,NYK,Mikal Bridges,SF
01/28/2026,NYK,Karl-Anthony Towns,PF
01/28/2026,TOR,Immanuel Quickley,PG
01/28/2026,TOR,RJ Barrett,SG
01/28/2026,TOR,Brandon Ingram,SF
01/28/2026,TOR,Scottie Barnes,SF
01/28/2026,TOR,Collin Murray-Boyles,PF
01/28/2026,CHO,LaMelo Ball,PG
01/28/2026,CHO,Kon Knueppel,SG
01/28/2026,CHO,Miles Bridges,SF
01/28/2026,CHO,Brandon Miller,SF
01/28/2026,CHO,Moussa Diabate,PF
01/28/2026,MEM,Cam Spencer,SG
01/28/2026,MEM,Cedric Coward,SG
01/28/2026,MEM,Jaylen Wells,SF
01/28/2026,MEM,Jaren Jackson Jr.,PF
01/28/2026,MEM,Jock Landale,C
01/28/2026,MIN,Donte DiVincenzo,SG
01/28/2026,MIN,Anthony Edwards,SG
01/28/2026,MIN,Jaden McDaniels,PF
01/28/2026,MIN,Julius Randle,PF
01/28/2026,MIN,Rudy Gobert,C
01/28/2026,DAL,Max Christie,SG
01/28/2026,DAL,Naji Marshall,SF
01/28/2026,DAL,Caleb Martin,PF
01/28/2026,DAL,P.J. Washington,PF
01/28/2026,DAL,Daniel Gafford,C
01/28/2026,GSW,Stephen Curry,PG
01/28/2026,GSW,Brandin Podziemski,SG
01/28/2026,GSW,Moses Moody,SG
01/28/2026,GSW,Draymond Green,PF
01/28/2026,GSW,Al Horford,C
01/28/2026,UTA,Keyonte George,SG
01/28/2026,UTA,Ace Bailey,SF
01/28/2026,UTA,Svi Mykhailiuk,SF
01/28/2026,UTA,Lauri Markkanen,PF
01/28/2026,UTA,Jusuf Nurkic,C
01/28/2026,SAS,De'Aaron Fox,PG
01/28/2026,SAS,Stephon Castle,SG
01/28/2026,SAS,Harrison Barnes,SF
01/28/2026,SAS,Julian Champagnie,SF
01/28/2026,SAS,Victor Wembanyama,PF
01/28/2026,HOU,Amen Thompson,SG
01/28/2026,HOU,Tari Eason,SF
01/28/2026,HOU,Kevin Durant,PF
01/28/2026,HOU,Jabari Smith Jr.,PF
01/28/2026,HOU,Alperen Sengun,C
01/29/2026,SAC,Dennis Schroder,PG
01/29/2026,SAC,DeMar DeRozan,SF
01/29/2026,SAC,Nique Clifford,SF
01/29/2026,SAC,Precious Achiuwa,PF
01/29/2026,SAC,Domantas Sabonis,C
01/29/2026,PHI,Tyrese Maxey,PG
01/29/2026,PHI,VJ Edgecombe,SG
01/29/2026,PHI,Kelly Oubre Jr.,SF
01/29/2026,PHI,Paul George,SF
01/29/2026,PHI,Joel Embiid,C
01/29/2026,MIL,AJ Green,SG
01/29/2026,MIL,Ryan Rollins,SG
01/29/2026,MIL,Bobby Portis,PF
01/29/2026,MIL,Kyle Kuzma,PF
01/29/2026,MIL,Myles Turner,C
01/29/2026,WAS,Tre Johnson,SG
01/29/2026,WAS,Bilal Coulibaly,SG
01/29/2026,WAS,Kyshawn George,SF
01/29/2026,WAS,Khris Middleton,SF
01/29/2026,WAS,Alexandre Sarr,PF
01/29/2026,MIA,Kasparas Jakucionis,PG
01/29/2026,MIA,Norman Powell,SG
01/29/2026,MIA,Pelle Larsson,SG
01/29/2026,MIA,Andrew Wiggins,SF
01/29/2026,MIA,Bam Adebayo,C
01/29/2026,CHI,Coby White,SG
01/29/2026,CHI,Matas Buzelis,SF
01/29/2026,CHI,Isaac Okoro,SF
01/29/2026,CHI,Jalen Smith,PF
01/29/2026,CHI,Nikola Vucevic,C
01/29/2026,HOU,Josh Okogie,SG
01/29/2026,HOU,Amen Thompson,SG
01/29/2026,HOU,Jabari Smith Jr.,PF
01/29/2026,HOU,Kevin Durant,PF
01/29/2026,HOU,Alperen Sengun,C
01/29/2026,ATL,Dyson Daniels,PG
01/29/2026,ATL,Nickeil Alexander-Walker,SG
01/29/2026,ATL,Vit Krejci,SG
01/29/2026,ATL,Corey Kispert,SF
01/29/2026,ATL,Christian Koloko,C
01/29/2026,CHO,LaMelo Ball,PG
01/29/2026,CHO,Kon Knueppel,SG
01/29/2026,CHO,Brandon Miller,SF
01/29/2026,CHO,Miles Bridges,SF
01/29/2026,CHO,Moussa Diabate,PF
01/29/2026,DAL,Max Christie,SG
01/29/2026,DAL,P.J. Washington,PF
01/29/2026,DAL,Cooper Flagg,PF
01/29/2026,DAL,Caleb Martin,PF
01/29/2026,DAL,Daniel Gafford,C
01/29/2026,DET,Cade Cunningham,PG
01/29/2026,DET,Duncan Robinson,SG
01/29/2026,DET,Ausar Thompson,SG
01/29/2026,DET,Tobias Harris,SF
01/29/2026,DET,Jalen Duren,C
01/29/2026,PHO,Collin Gillespie,PG
01/29/2026,PHO,Grayson Allen,SF
01/29/2026,PHO,Dillon Brooks,SF
01/29/2026,PHO,Royce O'Neale,PF
01/29/2026,PHO,Mark Williams,C
01/29/2026,BRK,Nolan Traore,PG
01/29/2026,BRK,Terance Mann,PG
01/29/2026,BRK,Michael Porter Jr.,SF
01/29/2026,BRK,Nicolas Claxton,C
01/29/2026,BRK,Danny Wolf,C
01/29/2026,DEN,Jamal Murray,PG
01/29/2026,DEN,Jalen Pickett,SG
01/29/2026,DEN,Peyton Watson,SF
01/29/2026,DEN,Spencer Jones,PF
01/29/2026,DEN,Jonas Valanciunas,C
01/29/2026,OKC,Shai Gilgeous-Alexander,PG
01/29/2026,OKC,Aaron Wiggins,SG
01/29/2026,OKC,Luguentz Dort,SF
01/29/2026,OKC,Jaylin Williams,PF
01/29/2026,OKC,Chet Holmgren,C
01/29/2026,MIN,Anthony Edwards,SG
01/29/2026,MIN,Donte DiVincenzo,SG
01/29/2026,MIN,Julius Randle,PF
01/29/2026,MIN,Jaden McDaniels,PF
01/29/2026,MIN,Rudy Gobert,C
01/30/2026,LAL,Marcus Smart,PG
01/30/2026,LAL,Luka Doncic,PG
01/30/2026,LAL,LeBron James,SF
01/30/2026,LAL,Jake LaRavia,PF
01/30/2026,LAL,Deandre Ayton,C
01/30/2026,WAS,Bub Carrington,PG
01/30/2026,WAS,Justin Champagnie,SG
01/30/2026,WAS,Bilal Coulibaly,SG
01/30/2026,WAS,Kyshawn George,SF
01/30/2026,WAS,Alexandre Sarr,PF
01/30/2026,TOR,Immanuel Quickley,PG
01/30/2026,TOR,RJ Barrett,SG
01/30/2026,TOR,Scottie Barnes,SF
01/30/2026,TOR,Brandon Ingram,SF
01/30/2026,TOR,Collin Murray-Boyles,PF
01/30/2026,ORL,Anthony Black,PG
01/30/2026,ORL,Desmond Bane,SG
01/30/2026,ORL,Jalen Suggs,SG
01/30/2026,ORL,Paolo Banchero,PF
01/30/2026,ORL,Wendell Carter Jr.,C
01/30/2026,SAC,Dennis Schroder,PG
01/30/2026,SAC,Zach LaVine,SG
01/30/2026,SAC,DeMar DeRozan,SF
01/30/2026,SAC,Precious Achiuwa,PF
01/30/2026,SAC,Maxime Raynaud,C
01/30/2026,BOS,Payton Pritchard,PG
01/30/2026,BOS,Derrick White,SG
01/30/2026,BOS,Baylor Scheierman,SG
01/30/2026,BOS,Sam Hauser,SF
01/30/2026,BOS,Neemias Queta,C
01/30/2026,MEM,Cam Spencer,SG
01/30/2026,MEM,Cedric Coward,SG
01/30/2026,MEM,Jaylen Wells,SF
01/30/2026,MEM,Jaren Jackson Jr.,PF
01/30/2026,MEM,Jock Landale,C
01/30/2026,NOP,Trey Murphy III,SF
01/30/2026,NOP,Herbert Jones,SF
01/30/2026,NOP,Saddiq Bey,PF
01/30/2026,NOP,Zion Williamson,PF
01/30/2026,NOP,Derik Queen,C
01/30/2026,POR,Jrue Holiday,PG
01/30/2026,POR,Shaedon Sharpe,SG
01/30/2026,POR,Toumani Camara,SF
01/30/2026,POR,Deni Avdija,SF
01/30/2026,POR,Donovan Clingan,C
01/30/2026,NYK,Jalen Brunson,PG
01/30/2026,NYK,OG Anunoby,SF
01/30/2026,NYK,Mikal Bridges,SF
01/30/2026,NYK,Josh Hart,SF
01/30/2026,NYK,Karl-Anthony Towns,PF
01/30/2026,LAC,Kris Dunn,PG
01/30/2026,LAC,James Harden,SG
01/30/2026,LAC,Kawhi Leonard,SF
01/30/2026,LAC,John Collins,PF
01/30/2026,LAC,Ivica Zubac,C
01/30/2026,DEN,Jamal Murray,PG
01/30/2026,DEN,Jalen Pickett,SG
01/30/2026,DEN,Peyton Watson,SF
01/30/2026,DEN,Spencer Jones,PF
01/30/2026,DEN,Nikola Jokic,C
01/30/2026,CLE,Donovan Mitchell,SG
01/30/2026,CLE,Sam Merrill,SG
01/30/2026,CLE,Jaylon Tyson,SF
01/30/2026,CLE,Dean Wade,PF
01/30/2026,CLE,Jarrett Allen,C
01/30/2026,PHO,Collin Gillespie,PG
01/30/2026,PHO,Dillon Brooks,SF
01/30/2026,PHO,Grayson Allen,SF
01/30/2026,PHO,Royce O'Neale,PF
01/30/2026,PHO,Mark Williams,C
01/30/2026,BRK,Terance Mann,PG
01/30/2026,BRK,Egor Demin,PG
01/30/2026,BRK,Nolan Traore,PG
01/30/2026,BRK,Danny Wolf,C
01/30/2026,BRK,Nicolas Claxton,C
01/30/2026,UTA,Keyonte George,SG
01/30/2026,UTA,Ace Bailey,SF
01/30/2026,UTA,Cody Williams,SF
01/30/2026,UTA,Svi Mykhailiuk,SF
01/30/2026,UTA,Kyle Filipowski,C
01/30/2026,DET,Cade Cunningham,PG
01/30/2026,DET,Ausar Thompson,SG
01/30/2026,DET,Duncan Robinson,SG
01/30/2026,DET,Tobias Harris,SF
01/30/2026,DET,Jalen Duren,C
01/30/2026,GSW,Stephen Curry,PG
01/30/2026,GSW,Moses Moody,SG
01/30/2026,GSW,Brandin Podziemski,SG
01/30/2026,GSW,Draymond Green,PF
01/30/2026,GSW,Al Horford,C
01/31/2026,SAS,De'Aaron Fox,PG
01/31/2026,SAS,Devin Vassell,SG
01/31/2026,SAS,Stephon Castle,SG
01/31/2026,SAS,Julian Champagnie,SF
01/31/2026,SAS,Victor Wembanyama,PF
01/31/2026,CHO,LaMelo Ball,PG
01/31/2026,CHO,Kon Knueppel,SG
01/31/2026,CHO,Miles Bridges,SF
01/31/2026,CHO,Brandon Miller,SF
01/31/2026,CHO,Moussa Diabate,PF
01/31/2026,ATL,Dyson Daniels,PG
01/31/2026,ATL,Nickeil Alexander-Walker,SG
01/31/2026,ATL,Zaccharie Risacher,SF
01/31/2026,ATL,Jalen Johnson,PF
01/31/2026,ATL,Mouhamed Gueye,PF
01/31/2026,IND,Andrew Nembhard,PG
01/31/2026,IND,Johnny Furphy,SF
01/31/2026,IND,Aaron Nesmith,PF
01/31/2026,IND,Jarace Walker,PF
01/31/2026,IND,Pascal Siakam,PF
01/31/2026,NOP,Herbert Jones,SF
01/31/2026,NOP,Trey Murphy III,SF
01/31/2026,NOP,Saddiq Bey,PF
01/31/2026,NOP,Zion Williamson,PF
01/31/2026,NOP,Derik Queen,C
01/31/2026,PHI,Tyrese Maxey,PG
01/31/2026,PHI,VJ Edgecombe,SG
01/31/2026,PHI,Kelly Oubre Jr.,SF
01/31/2026,PHI,Dominick Barlow,PF
01/31/2026,PHI,Joel Embiid,C
01/31/2026,MIN,Anthony Edwards,SG
01/31/2026,MIN,Donte DiVincenzo,SG
01/31/2026,MIN,Julius Randle,PF
01/31/2026,MIN,Jaden McDaniels,PF
01/31/2026,MIN,Rudy Gobert,C
01/31/2026,MEM,Ty Jerome,PG
01/31/2026,MEM,Vince Williams Jr.,SG
01/31/2026,MEM,Cedric Coward,SG
01/31/2026,MEM,Jaylen Wells,SF
01/31/2026,MEM,Jock Landale,C
01/31/2026,CHI,Ayo Dosunmu,PG
01/31/2026,CHI,Kevin Huerter,SG
01/31/2026,CHI,Matas Buzelis,SF
01/31/2026,CHI,Isaac Okoro,SF
01/31/2026,CHI,Patrick Williams,PF
01/31/2026,MIA,Kasparas Jakucionis,PG
01/31/2026,MIA,Pelle Larsson,SG
01/31/2026,MIA,Myron Gardner,SF
01/31/2026,MIA,Andrew Wiggins,SF
01/31/2026,MIA,Bam Adebayo,C
01/31/2026,DAL,Max Christie,SG
01/31/2026,DAL,Naji Marshall,SF
01/31/2026,DAL,P.J. Washington,PF
01/31/2026,DAL,Cooper Flagg,PF
01/31/2026,DAL,Daniel Gafford,C
01/31/2026,HOU,Amen Thompson,SG
01/31/2026,HOU,Tari Eason,SF
01/31/2026,HOU,Jabari Smith Jr.,PF
01/31/2026,HOU,Kevin Durant,PF
01/31/2026,HOU,Alperen Sengun,C
02/01/2026,MIL,Ryan Rollins,SG
02/01/2026,MIL,AJ Green,SG
02/01/2026,MIL,Kyle Kuzma,PF
02/01/2026,MIL,Bobby Portis,PF
02/01/2026,MIL,Myles Turner,C
02/01/2026,BOS,Payton Pritchard,PG
02/01/2026,BOS,Jaylen Brown,SG
02/01/2026,BOS,Derrick White,SG
02/01/2026,BOS,Sam Hauser,SF
02/01/2026,BOS,Neemias Queta,C
02/01/2026,SAC,Zach LaVine,SG
02/01/2026,SAC,Nique Clifford,SF
02/01/2026,SAC,DeMar DeRozan,SF
02/01/2026,SAC,Precious Achiuwa,PF
02/01/2026,SAC,Maxime Raynaud,C
02/01/2026,WAS,Bub Carrington,PG
02/01/2026,WAS,Bilal Coulibaly,SG
02/01/2026,WAS,Khris Middleton,SF
02/01/2026,WAS,Kyshawn George,SF
02/01/2026,WAS,Marvin Bagley III,PF
02/01/2026,CHI,Ayo Dosunmu,PG
02/01/2026,CHI,Coby White,SG
02/01/2026,CHI,Isaac Okoro,SF
02/01/2026,CHI,Matas Buzelis,SF
02/01/2026,CHI,Nikola Vucevic,C
02/01/2026,MIA,Davion Mitchell,PG
02/01/2026,MIA,Pelle Larsson,SG
02/01/2026,MIA,Simone Fontecchio,SF
02/01/2026,MIA,Andrew Wiggins,SF
02/01/2026,MIA,Bam Adebayo,C
02/01/2026,BRK,Egor Demin,PG
02/01/2026,BRK,Terance Mann,PG
02/01/2026,BRK,Nolan Traore,PG
02/01/2026,BRK,Danny Wolf,C
02/01/2026,BRK,Nicolas Claxton,C
02/01/2026,DET,Cade Cunningham,PG
02/01/2026,DET,Duncan Robinson,SG
02/01/2026,DET,Ausar Thompson,SG
02/01/2026,DET,Tobias Harris,SF
02/01/2026,DET,Jalen Duren,C
02/01/2026,UTA,Isaiah Collier,PG
02/01/2026,UTA,Ace Bailey,SF
02/01/2026,UTA,Cody Williams,SF
02/01/2026,UTA,Lauri Markkanen,PF
02/01/2026,UTA,Jusuf Nurkic,C
02/01/2026,TOR,Immanuel Quickley,PG
02/01/2026,TOR,RJ Barrett,SG
02/01/2026,TOR,Brandon Ingram,SF
02/01/2026,TOR,Scottie Barnes,SF
02/01/2026,TOR,Collin Murray-Boyles,PF
02/01/2026,LAL,Marcus Smart,PG
02/01/2026,LAL,Luka Doncic,PG
02/01/2026,LAL,LeBron James,SF
02/01/2026,LAL,Jake LaRavia,PF
02/01/2026,LAL,Deandre Ayton,C
02/01/2026,NYK,Jalen Brunson,PG
02/01/2026,NYK,Mikal Bridges,SF
02/01/2026,NYK,OG Anunoby,SF
02/01/2026,NYK,Josh Hart,SF
02/01/2026,NYK,Karl-Anthony Towns,PF
02/01/2026,LAC,Kris Dunn,PG
02/01/2026,LAC,Kobe Sanders,SG
02/01/2026,LAC,Kawhi Leonard,SF
02/01/2026,LAC,John Collins,PF
02/01/2026,LAC,Ivica Zubac,C
02/01/2026,PHO,Collin Gillespie,PG
02/01/2026,PHO,Dillon Brooks,SF
02/01/2026,PHO,Grayson Allen,SF
02/01/2026,PHO,Royce O'Neale,PF
02/01/2026,PHO,Mark Williams,C
02/01/2026,ORL,Anthony Black,PG
02/01/2026,ORL,Desmond Bane,SG
02/01/2026,ORL,Jalen Suggs,SG
02/01/2026,ORL,Paolo Banchero,PF
02/01/2026,ORL,Wendell Carter Jr.,C
02/01/2026,SAS,De'Aaron Fox,PG
02/01/2026,SAS,Devin Vassell,SG
02/01/2026,SAS,Julian Champagnie,SF
02/01/2026,SAS,Harrison Barnes,SF
02/01/2026,SAS,Victor Wembanyama,PF
02/01/2026,CLE,Sam Merrill,SG
02/01/2026,CLE,Donovan Mitchell,SG
02/01/2026,CLE,Jaylon Tyson,SF
02/01/2026,CLE,Dean Wade,PF
02/01/2026,CLE,Jarrett Allen,C
02/01/2026,POR,Shaedon Sharpe,SG
02/01/2026,POR,Sidy Cissoko,SF
02/01/2026,POR,Toumani Camara,SF
02/01/2026,POR,Jerami Grant,PF
02/01/2026,POR,Donovan Clingan,C
02/01/2026,OKC,Cason Wallace,PG
02/01/2026,OKC,Shai Gilgeous-Alexander,PG
02/01/2026,OKC,Luguentz Dort,SF
02/01/2026,OKC,Chet Holmgren,C
02/01/2026,OKC,Isaiah Hartenstein,C
02/01/2026,DEN,Jamal Murray,PG
02/01/2026,DEN,Jalen Pickett,SG
02/01/2026,DEN,Peyton Watson,SF
02/01/2026,DEN,Spencer Jones,PF
02/01/2026,DEN,Nikola Jokic,C
02/02/2026,NOP,Herbert Jones,SF
02/02/2026,NOP,Trey Murphy III,SF
02/02/2026,NOP,Saddiq Bey,PF
02/02/2026,NOP,Zion Williamson,PF
02/02/2026,NOP,Derik Queen,C
02/02/2026,CHO,LaMelo Ball,PG
02/02/2026,CHO,Kon Knueppel,SG
02/02/2026,CHO,Brandon Miller,SF
02/02/2026,CHO,Miles Bridges,SF
02/02/2026,CHO,Moussa Diabate,PF
02/02/2026,HOU,Reed Sheppard,PG
02/02/2026,HOU,Amen Thompson,SG
02/02/2026,HOU,Tari Eason,SF
02/02/2026,HOU,Jabari Smith Jr.,PF
02/02/2026,HOU,Alperen Sengun,C
02/02/2026,IND,Andrew Nembhard,PG
02/02/2026,IND,Johnny Furphy,SF
02/02/2026,IND,Aaron Nesmith,PF
02/02/2026,IND,Pascal Siakam,PF
02/02/2026,IND,Jay Huff,C
02/02/2026,MIN,Anthony Edwards,SG
02/02/2026,MIN,Donte DiVincenzo,SG
02/02/2026,MIN,Jaden McDaniels,PF
02/02/2026,MIN,Julius Randle,PF
02/02/2026,MIN,Rudy Gobert,C
02/02/2026,MEM,Ty Jerome,PG
02/02/2026,MEM,Cedric Coward,SG
02/02/2026,MEM,Jaylen Wells,SF
02/02/2026,MEM,Jaren Jackson Jr.,PF
02/02/2026,MEM,Jock Landale,C
02/02/2026,PHI,Tyrese Maxey,PG
02/02/2026,PHI,VJ Edgecombe,SG
02/02/2026,PHI,Kelly Oubre Jr.,SF
02/02/2026,PHI,Dominick Barlow,PF
02/02/2026,PHI,Joel Embiid,C
02/02/2026,LAC,Kris Dunn,PG
02/02/2026,LAC,Kobe Sanders,SG
02/02/2026,LAC,Kawhi Leonard,SF
02/02/2026,LAC,John Collins,PF
02/02/2026,LAC,Ivica Zubac,C
02/03/2026,DEN,Jamal Murray,PG
02/03/2026,DEN,Jalen Pickett,SG
02/03/2026,DEN,Christian Braun,SG
02/03/2026,DEN,Peyton Watson,SF
02/03/2026,DEN,Nikola Jokic,C
02/03/2026,DET,Cade Cunningham,PG
02/03/2026,DET,Ausar Thompson,SG
02/03/2026,DET,Duncan Robinson,SG
02/03/2026,DET,Tobias Harris,SF
02/03/2026,DET,Jalen Duren,C
02/03/2026,UTA,Isaiah Collier,PG
02/03/2026,UTA,Ace Bailey,SF
02/03/2026,UTA,Cody Williams,SF
02/03/2026,UTA,Lauri Markkanen,PF
02/03/2026,UTA,Kyle Filipowski,C
02/03/2026,IND,Kam Jones,PG
02/03/2026,IND,Ben Sheppard,SF
02/03/2026,IND,Johnny Furphy,SF
02/03/2026,IND,Jarace Walker,PF
02/03/2026,IND,Jay Huff,C
02/03/2026,NYK,Jalen Brunson,PG
02/03/2026,NYK,Mikal Bridges,SF
02/03/2026,NYK,OG Anunoby,SF
02/03/2026,NYK,Josh Hart,SF
02/03/2026,NYK,Karl-Anthony Towns,PF
02/03/2026,WAS,Bub Carrington,PG
02/03/2026,WAS,Bilal Coulibaly,SG
02/03/2026,WAS,Kyshawn George,SF
02/03/2026,WAS,Khris Middleton,SF
02/03/2026,WAS,Alexandre Sarr,PF
02/03/2026,LAL,Luka Doncic,PG
02/03/2026,LAL,Marcus Smart,PG
02/03/2026,LAL,LeBron James,SF
02/03/2026,LAL,Jake LaRavia,PF
02/03/2026,LAL,Deandre Ayton,C
02/03/2026,BRK,Nolan Traore,PG
02/03/2026,BRK,Egor Demin,PG
02/03/2026,BRK,Michael Porter Jr.,SF
02/03/2026,BRK,Noah Clowney,PF
02/03/2026,BRK,Nicolas Claxton,C
02/03/2026,ATL,Dyson Daniels,PG
02/03/2026,ATL,Nickeil Alexander-Walker,SG
02/03/2026,ATL,Zaccharie Risacher,SF
02/03/2026,ATL,Jalen Johnson,PF
02/03/2026,ATL,Christian Koloko,C
02/03/2026,MIA,Davion Mitchell,PG
02/03/2026,MIA,Pelle Larsson,SG
02/03/2026,MIA,Simone Fontecchio,SF
02/03/2026,MIA,Myron Gardner,SF
02/03/2026,MIA,Bam Adebayo,C
02/03/2026,CHI,Ayo Dosunmu,PG
02/03/2026,CHI,Coby White,SG
02/03/2026,CHI,Isaac Okoro,SF
02/03/2026,CHI,Matas Buzelis,SF
02/03/2026,CHI,Jalen Smith,PF
02/03/2026,MIL,AJ Green,SG
02/03/2026,MIL,Ryan Rollins,SG
02/03/2026,MIL,Amir Coffey,PF
02/03/2026,MIL,Kyle Kuzma,PF
02/03/2026,MIL,Myles Turner,C
02/03/2026,ORL,Anthony Black,PG
02/03/2026,ORL,Desmond Bane,SG
02/03/2026,ORL,Jalen Suggs,SG
02/03/2026,ORL,Paolo Banchero,PF
02/03/2026,ORL,Wendell Carter Jr.,C
02/03/2026,OKC,Cason Wallace,PG
02/03/2026,OKC,Shai Gilgeous-Alexander,PG
02/03/2026,OKC,Luguentz Dort,SF
02/03/2026,OKC,Isaiah Hartenstein,C
02/03/2026,OKC,Chet Holmgren,C
02/03/2026,BOS,Derrick White,SG
02/03/2026,BOS,Baylor Scheierman,SG
02/03/2026,BOS,Jaylen Brown,SG
02/03/2026,BOS,Sam Hauser,SF
02/03/2026,BOS,Neemias Queta,C
02/03/2026,DAL,Max Christie,SG
02/03/2026,DAL,Naji Marshall,SF
02/03/2026,DAL,Caleb Martin,PF
02/03/2026,DAL,Cooper Flagg,PF
02/03/2026,DAL,Daniel Gafford,C
02/03/2026,PHI,Tyrese Maxey,PG
02/03/2026,PHI,VJ Edgecombe,SG
02/03/2026,PHI,Kelly Oubre Jr.,SF
02/03/2026,PHI,Dominick Barlow,PF
02/03/2026,PHI,Andre Drummond,C
02/03/2026,GSW,Moses Moody,SG
02/03/2026,GSW,Brandin Podziemski,SG
02/03/2026,GSW,Gui Santos,SF
02/03/2026,GSW,Draymond Green,PF
02/03/2026,GSW,Al Horford,C
02/03/2026,PHO,Collin Gillespie,PG
02/03/2026,PHO,Dillon Brooks,SF
02/03/2026,PHO,Grayson Allen,SF
02/03/2026,PHO,Royce O'Neale,PF
02/03/2026,PHO,Mark Williams,C
02/03/2026,POR,Jrue Holiday,PG
02/03/2026,POR,Shaedon Sharpe,SG
02/03/2026,POR,Toumani Camara,SF
02/03/2026,POR,Jerami Grant,PF
02/03/2026,POR,Donovan Clingan,C
02/04/2026,DEN,Jamal Murray,PG
02/04/2026,DEN,Christian Braun,SG
02/04/2026,DEN,Peyton Watson,SF
02/04/2026,DEN,Spencer Jones,PF
02/04/2026,DEN,Nikola Jokic,C
02/04/2026,NYK,Jalen Brunson,PG
02/04/2026,NYK,Jordan Clarkson,SG
02/04/2026,NYK,OG Anunoby,SF
02/04/2026,NYK,Mikal Bridges,SF
02/04/2026,NYK,Karl-Anthony Towns,PF
02/04/2026,MIN,Donte DiVincenzo,SG
02/04/2026,MIN,Anthony Edwards,SG
02/04/2026,MIN,Jaden McDaniels,PF
02/04/2026,MIN,Julius Randle,PF
02/04/2026,MIN,Rudy Gobert,C
02/04/2026,TOR,Immanuel Quickley,PG
02/04/2026,TOR,RJ Barrett,SG
02/04/2026,TOR,Scottie Barnes,SF
02/04/2026,TOR,Brandon Ingram,SF
02/04/2026,TOR,Collin Murray-Boyles,PF
02/04/2026,BOS,Derrick White,SG
02/04/2026,BOS,Baylor Scheierman,SG
02/04/2026,BOS,Ron Harper Jr.,SF
02/04/2026,BOS,Neemias Queta,C
02/04/2026,BOS,Luka Garza,C
02/04/2026,HOU,Amen Thompson,SG
02/04/2026,HOU,Tari Eason,SF
02/04/2026,HOU,Kevin Durant,PF
02/04/2026,HOU,Jabari Smith Jr.,PF
02/04/2026,HOU,Alperen Sengun,C
02/04/2026,NOP,Trey Murphy III,SF
02/04/2026,NOP,Herbert Jones,SF
02/04/2026,NOP,Zion Williamson,PF
02/04/2026,NOP,Saddiq Bey,PF
02/04/2026,NOP,Derik Queen,C
02/04/2026,MIL,AJ Green,SG
02/04/2026,MIL,Ryan Rollins,SG
02/04/2026,MIL,Amir Coffey,PF
02/04/2026,MIL,Kyle Kuzma,PF
02/04/2026,MIL,Myles Turner,C
02/04/2026,OKC,Cason Wallace,PG
02/04/2026,OKC,Isaiah Joe,SG
02/04/2026,OKC,Aaron Wiggins,SG
02/04/2026,OKC,Jaylin Williams,PF
02/04/2026,OKC,Kenrich Williams,PF
02/04/2026,SAS,De'Aaron Fox,PG
02/04/2026,SAS,Stephon Castle,SG
02/04/2026,SAS,Devin Vassell,SG
02/04/2026,SAS,Julian Champagnie,SF
02/04/2026,SAS,Victor Wembanyama,PF
02/04/2026,MEM,Ty Jerome,PG
02/04/2026,MEM,Cedric Coward,SG
02/04/2026,MEM,Jaylen Wells,SF
02/04/2026,MEM,GG Jackson II,PF
02/04/2026,MEM,Jaren Jackson Jr.,PF
02/04/2026,SAC,Russell Westbrook,PG
02/04/2026,SAC,Zach LaVine,SG
02/04/2026,SAC,DeMar DeRozan,SF
02/04/2026,SAC,De'Andre Hunter,SF
02/04/2026,SAC,Domantas Sabonis,C
02/04/2026,CLE,Sam Merrill,SG
02/04/2026,CLE,Donovan Mitchell,SG
02/04/2026,CLE,Jaylon Tyson,SF
02/04/2026,CLE,Dean Wade,PF
02/04/2026,CLE,Jarrett Allen,C
02/04/2026,LAC,Kris Dunn,PG
02/04/2026,LAC,Kobe Sanders,SG
02/04/2026,LAC,Kawhi Leonard,SF
02/04/2026,LAC,John Collins,PF
02/04/2026,LAC,Brook Lopez,C
02/05/2026,WAS,Bub Carrington,PG
02/05/2026,WAS,Justin Champagnie,SG
02/05/2026,WAS,Bilal Coulibaly,SG
02/05/2026,WAS,Khris Middleton,SF
02/05/2026,WAS,Kyshawn George,SF
02/05/2026,DET,Cade Cunningham,PG
02/05/2026,DET,Duncan Robinson,SG
02/05/2026,DET,Ausar Thompson,SG
02/05/2026,DET,Isaiah Stewart,PF
02/05/2026,DET,Jalen Duren,C
02/05/2026,BRK,Nolan Traore,PG
02/05/2026,BRK,Egor Demin,PG
02/05/2026,BRK,Michael Porter Jr.,SF
02/05/2026,BRK,Noah Clowney,PF
02/05/2026,BRK,Nicolas Claxton,C
02/05/2026,ORL,Anthony Black,PG
02/05/2026,ORL,Jalen Suggs,SG
02/05/2026,ORL,Desmond Bane,SG
02/05/2026,ORL,Paolo Banchero,PF
02/05/2026,ORL,Wendell Carter Jr.,C
02/05/2026,CHI,Ayo Dosunmu,PG
02/05/2026,CHI,Jaden Ivey,SG
02/05/2026,CHI,Anfernee Simons,SG
02/05/2026,CHI,Coby White,SG
02/05/2026,CHI,Matas Buzelis,SF
02/05/2026,TOR,Immanuel Quickley,PG
02/05/2026,TOR,Ja'Kobe Walter,SG
02/05/2026,TOR,Scottie Barnes,SF
02/05/2026,TOR,Brandon Ingram,SF
02/05/2026,TOR,Collin Murray-Boyles,PF
02/05/2026,UTA,Isaiah Collier,PG
02/05/2026,UTA,Cody Williams,SF
02/05/2026,UTA,Ace Bailey,SF
02/05/2026,UTA,Lauri Markkanen,PF
02/05/2026,UTA,Kyle Filipowski,C
02/05/2026,ATL,Dyson Daniels,PG
02/05/2026,ATL,Nickeil Alexander-Walker,SG
02/05/2026,ATL,Zaccharie Risacher,SF
02/05/2026,ATL,Jalen Johnson,PF
02/05/2026,ATL,Jock Landale,C
02/05/2026,CHO,LaMelo Ball,PG
02/05/2026,CHO,Kon Knueppel,SG
02/05/2026,CHO,Brandon Miller,SF
02/05/2026,CHO,Miles Bridges,SF
02/05/2026,CHO,Moussa Diabate,PF
02/05/2026,HOU,Josh Okogie,SG
02/05/2026,HOU,Amen Thompson,SG
02/05/2026,HOU,Kevin Durant,PF
02/05/2026,HOU,Jabari Smith Jr.,PF
02/05/2026,HOU,Alperen Sengun,C
02/05/2026,SAS,De'Aaron Fox,PG
02/05/2026,SAS,Devin Vassell,SG
02/05/2026,SAS,Harrison Barnes,SF
02/05/2026,SAS,Julian Champagnie,SF
02/05/2026,SAS,Victor Wembanyama,PF
02/05/2026,DAL,Max Christie,SG
02/05/2026,DAL,Naji Marshall,SF
02/05/2026,DAL,Caleb Martin,PF
02/05/2026,DAL,Cooper Flagg,PF
02/05/2026,DAL,Daniel Gafford,C
02/05/2026,PHI,Tyrese Maxey,PG
02/05/2026,PHI,VJ Edgecombe,SG
02/05/2026,PHI,Kelly Oubre Jr.,SF
02/05/2026,PHI,Dominick Barlow,PF
02/05/2026,PHI,Joel Embiid,C
02/05/2026,LAL,Luka Doncic,PG
02/05/2026,LAL,Marcus Smart,PG
02/05/2026,LAL,LeBron James,SF
02/05/2026,LAL,Jake LaRavia,PF
02/05/2026,LAL,Deandre Ayton,C
02/05/2026,GSW,De'Anthony Melton,SG
02/05/2026,GSW,Moses Moody,SG
02/05/2026,GSW,Pat Spencer,SG
02/05/2026,GSW,Buddy Hield,SF
02/05/2026,GSW,Gui Santos,SF
02/05/2026,PHO,Collin Gillespie,PG
02/05/2026,PHO,Grayson Allen,SF
02/05/2026,PHO,Dillon Brooks,SF
02/05/2026,PHO,Royce O'Neale,PF
02/05/2026,PHO,Mark Williams,C
02/06/2026,MIA,Davion Mitchell,PG
02/06/2026,MIA,Pelle Larsson,SG
02/06/2026,MIA,Norman Powell,SG
02/06/2026,MIA,Andrew Wiggins,SF
02/06/2026,MIA,Bam Adebayo,C
02/06/2026,BOS,Derrick White,SG
02/06/2026,BOS,Jaylen Brown,SG
02/06/2026,BOS,Sam Hauser,SF
02/06/2026,BOS,Neemias Queta,C
02/06/2026,BOS,Luka Garza,C
02/06/2026,NYK,Jalen Brunson,PG
02/06/2026,NYK,Mikal Bridges,SF
02/06/2026,NYK,Josh Hart,SF
02/06/2026,NYK,Mohamed Diawara,PF
02/06/2026,NYK,Mitchell Robinson,C
02/06/2026,DET,Cade Cunningham,PG
02/06/2026,DET,Duncan Robinson,SG
02/06/2026,DET,Ausar Thompson,SG
02/06/2026,DET,Tobias Harris,SF
02/06/2026,DET,Isaiah Stewart,PF
02/06/2026,IND,Andrew Nembhard,PG
02/06/2026,IND,Johnny Furphy,SF
02/06/2026,IND,Aaron Nesmith,PF
02/06/2026,IND,Pascal Siakam,PF
02/06/2026,IND,Jay Huff,C
02/06/2026,MIL,Kevin Porter Jr.,PG
02/06/2026,MIL,AJ Green,SG
02/06/2026,MIL,Ryan Rollins,SG
02/06/2026,MIL,Myles Turner,C
02/06/2026,MIL,Jericho Sims,C
02/06/2026,NOP,Herbert Jones,SF
02/06/2026,NOP,Trey Murphy III,SF
02/06/2026,NOP,Zion Williamson,PF
02/06/2026,NOP,Saddiq Bey,PF
02/06/2026,NOP,Derik Queen,C
02/06/2026,MIN,Donte DiVincenzo,SG
02/06/2026,MIN,Anthony Edwards,SG
02/06/2026,MIN,Jaden McDaniels,PF
02/06/2026,MIN,Julius Randle,PF
02/06/2026,MIN,Rudy Gobert,C
02/06/2026,MEM,Scotty Pippen Jr.,PG
02/06/2026,MEM,Cedric Coward,SG
02/06/2026,MEM,Jaylen Wells,SF
02/06/2026,MEM,Olivier-Maxence Prosper,PF
02/06/2026,MEM,Jaren Jackson Jr.,PF
02/06/2026,POR,Jrue Holiday,PG
02/06/2026,POR,Shaedon Sharpe,SG
02/06/2026,POR,Toumani Camara,SF
02/06/2026,POR,Jerami Grant,PF
02/06/2026,POR,Donovan Clingan,C
02/06/2026,LAC,Kris Dunn,PG
02/06/2026,LAC,James Harden,SG
02/06/2026,LAC,Derrick Jones Jr.,SF
02/06/2026,LAC,Kawhi Leonard,SF
02/06/2026,LAC,John Collins,PF
02/06/2026,SAC,Russell Westbrook,PG
02/06/2026,SAC,Zach LaVine,SG
02/06/2026,SAC,De'Andre Hunter,SF
02/06/2026,SAC,DeMar DeRozan,SF
02/06/2026,SAC,Maxime Raynaud,C
02/07/2026,WAS,Bub Carrington,PG
02/07/2026,WAS,Justin Champagnie,SG
02/07/2026,WAS,Jamir Watkins,SG
02/07/2026,WAS,Khris Middleton,SF
02/07/2026,WAS,Will Riley,SF
02/07/2026,BRK,Egor Demin,PG
02/07/2026,BRK,Nolan Traore,PG
02/07/2026,BRK,Michael Porter Jr.,SF
02/07/2026,BRK,Noah Clowney,PF
02/07/2026,BRK,Nicolas Claxton,C
02/07/2026,HOU,Reed Sheppard,PG
02/07/2026,HOU,Tari Eason,SF
02/07/2026,HOU,Jabari Smith Jr.,PF
02/07/2026,HOU,Kevin Durant,PF
02/07/2026,HOU,Alperen Sengun,C
02/07/2026,OKC,Cason Wallace,PG
02/07/2026,OKC,Aaron Wiggins,SG
02/07/2026,OKC,Luguentz Dort,SF
02/07/2026,OKC,Isaiah Hartenstein,C
02/07/2026,OKC,Chet Holmgren,C
02/07/2026,DAL,Max Christie,SG
02/07/2026,DAL,Naji Marshall,SF
02/07/2026,DAL,Cooper Flagg,PF
02/07/2026,DAL,Caleb Martin,PF
02/07/2026,DAL,Daniel Gafford,C
02/07/2026,SAS,De'Aaron Fox,PG
02/07/2026,SAS,Stephon Castle,SG
02/07/2026,SAS,Devin Vassell,SG
02/07/2026,SAS,Julian Champagnie,SF
02/07/2026,SAS,Victor Wembanyama,PF
02/07/2026,UTA,Keyonte George,SG
02/07/2026,UTA,Ace Bailey,SF
02/07/2026,UTA,Jaren Jackson Jr.,PF
02/07/2026,UTA,Lauri Markkanen,PF
02/07/2026,UTA,Jusuf Nurkic,C
02/07/2026,ORL,Anthony Black,PG
02/07/2026,ORL,Jalen Suggs,SG
02/07/2026,ORL,Desmond Bane,SG
02/07/2026,ORL,Paolo Banchero,PF
02/07/2026,ORL,Wendell Carter Jr.,C
02/07/2026,CHO,LaMelo Ball,PG
02/07/2026,CHO,Kon Knueppel,SG
02/07/2026,CHO,Miles Bridges,SF
02/07/2026,CHO,Brandon Miller,SF
02/07/2026,CHO,Moussa Diabate,PF
02/07/2026,ATL,Dyson Daniels,PG
02/07/2026,ATL,Nickeil Alexander-Walker,SG
02/07/2026,ATL,Zaccharie Risacher,SF
02/07/2026,ATL,Jalen Johnson,PF
02/07/2026,ATL,Kristaps Porzingis,C
02/07/2026,DEN,Jamal Murray,PG
02/07/2026,DEN,Christian Braun,SG
02/07/2026,DEN,Julian Strawther,SF
02/07/2026,DEN,Cameron Johnson,PF
02/07/2026,DEN,Nikola Jokic,C
02/07/2026,CHI,Anfernee Simons,SG
02/07/2026,CHI,Jaden Ivey,SG
02/07/2026,CHI,Coby White,SG
02/07/2026,CHI,Isaac Okoro,SF
02/07/2026,CHI,Matas Buzelis,SF
02/07/2026,GSW,Pat Spencer,SG
02/07/2026,GSW,Moses Moody,SG
02/07/2026,GSW,De'Anthony Melton,SG
02/07/2026,GSW,Gui Santos,SF
02/07/2026,GSW,Draymond Green,PF
02/07/2026,LAL,Marcus Smart,PG
02/07/2026,LAL,LeBron James,SF
02/07/2026,LAL,Rui Hachimura,PF
02/07/2026,LAL,Jake LaRavia,PF
02/07/2026,LAL,Jaxson Hayes,C
02/07/2026,PHI,Tyrese Maxey,PG
02/07/2026,PHI,VJ Edgecombe,SG
02/07/2026,PHI,Kelly Oubre Jr.,SF
02/07/2026,PHI,Dominick Barlow,PF
02/07/2026,PHI,Joel Embiid,C
02/07/2026,PHO,Collin Gillespie,PG
02/07/2026,PHO,Devin Booker,SG
02/07/2026,PHO,Dillon Brooks,SF
02/07/2026,PHO,Royce O'Neale,PF
02/07/2026,PHO,Mark Williams,C
02/07/2026,CLE,James Harden,SG
02/07/2026,CLE,Donovan Mitchell,SG
02/07/2026,CLE,Sam Merrill,SG
02/07/2026,CLE,Jaylon Tyson,SF
02/07/2026,CLE,Jarrett Allen,C
02/07/2026,SAC,Russell Westbrook,PG
02/07/2026,SAC,Nique Clifford,SF
02/07/2026,SAC,DeMar DeRozan,SF
02/07/2026,SAC,Daeqwon Plowden,SF
02/07/2026,SAC,Maxime Raynaud,C
02/07/2026,MEM,Ty Jerome,PG
02/07/2026,MEM,Kentavious Caldwell-Pope,SG
02/07/2026,MEM,Jahmai Mashack,SF
02/07/2026,MEM,Kyle Anderson,SF
02/07/2026,MEM,Jaren Jackson Jr.,PF
02/07/2026,POR,Jrue Holiday,PG
02/07/2026,POR,Toumani Camara,SF
02/07/2026,POR,Sidy Cissoko,SF
02/07/2026,POR,Jerami Grant,PF
02/07/2026,POR,Donovan Clingan,C
02/08/2026,NYK,Jalen Brunson,PG
02/08/2026,NYK,Landry Shamet,SG
02/08/2026,NYK,Josh Hart,SF
02/08/2026,NYK,Mikal Bridges,SF
02/08/2026,NYK,Karl-Anthony Towns,PF
02/08/2026,BOS,Baylor Scheierman,SG
02/08/2026,BOS,Derrick White,SG
02/08/2026,BOS,Jaylen Brown,SG
02/08/2026,BOS,Neemias Queta,C
02/08/2026,BOS,Luka Garza,C
02/08/2026,MIA,Davion Mitchell,PG
02/08/2026,MIA,Norman Powell,SG
02/08/2026,MIA,Myron Gardner,SF
02/08/2026,MIA,Andrew Wiggins,SF
02/08/2026,MIA,Bam Adebayo,C
02/08/2026,WAS,Bub Carrington,PG
02/08/2026,WAS,Bilal Coulibaly,SG
02/08/2026,WAS,Justin Champagnie,SG
02/08/2026,WAS,Khris Middleton,SF
02/08/2026,WAS,Kyshawn George,SF
02/08/2026,LAC,Kris Dunn,PG
02/08/2026,LAC,James Harden,SG
02/08/2026,LAC,Derrick Jones Jr.,SF
02/08/2026,LAC,Kawhi Leonard,SF
02/08/2026,LAC,John Collins,PF
02/08/2026,MIN,Donte DiVincenzo,SG
02/08/2026,MIN,Anthony Edwards,SG
02/08/2026,MIN,Julius Randle,PF
02/08/2026,MIN,Jaden McDaniels,PF
02/08/2026,MIN,Rudy Gobert,C
02/08/2026,IND,Andrew Nembhard,PG
02/08/2026,IND,Johnny Furphy,SF
02/08/2026,IND,Pascal Siakam,PF
02/08/2026,IND,Aaron Nesmith,PF
02/08/2026,IND,Jay Huff,C
02/08/2026,TOR,Immanuel Quickley,PG
02/08/2026,TOR,RJ Barrett,SG
02/08/2026,TOR,Brandon Ingram,SF
02/08/2026,TOR,Scottie Barnes,SF
02/08/2026,TOR,Collin Murray-Boyles,PF
02/09/2026,DET,Cade Cunningham,PG
02/09/2026,DET,Duncan Robinson,SG
02/09/2026,DET,Ausar Thompson,SG
02/09/2026,DET,Tobias Harris,SF
02/09/2026,DET,Jalen Duren,C
02/09/2026,CHO,LaMelo Ball,PG
02/09/2026,CHO,Kon Knueppel,SG
02/09/2026,CHO,Miles Bridges,SF
02/09/2026,CHO,Brandon Miller,SF
02/09/2026,CHO,Moussa Diabate,PF
02/09/2026,CHI,Anfernee Simons,SG
02/09/2026,CHI,Jaden Ivey,SG
02/09/2026,CHI,Coby White,SG
02/09/2026,CHI,Matas Buzelis,SF
02/09/2026,CHI,Isaac Okoro,SF
02/09/2026,BRK,Terance Mann,PG
02/09/2026,BRK,Nolan Traore,PG
02/09/2026,BRK,Noah Clowney,PF
02/09/2026,BRK,Nicolas Claxton,C
02/09/2026,BRK,Danny Wolf,C
02/09/2026,UTA,Isaiah Collier,PG
02/09/2026,UTA,Ace Bailey,SF
02/09/2026,UTA,Lauri Markkanen,PF
02/09/2026,UTA,Jaren Jackson Jr.,PF
02/09/2026,UTA,Jusuf Nurkic,C
02/09/2026,MIA,Davion Mitchell,PG
02/09/2026,MIA,Simone Fontecchio,SF
02/09/2026,MIA,Andrew Wiggins,SF
02/09/2026,MIA,Kel'el Ware,C
02/09/2026,MIA,Bam Adebayo,C
02/09/2026,MIL,Kevin Porter Jr.,PG
02/09/2026,MIL,Ryan Rollins,SG
02/09/2026,MIL,AJ Green,SG
02/09/2026,MIL,Kyle Kuzma,PF
02/09/2026,MIL,Myles Turner,C
02/09/2026,ORL,Anthony Black,PG
02/09/2026,ORL,Desmond Bane,SG
02/09/2026,ORL,Jalen Suggs,SG
02/09/2026,ORL,Paolo Banchero,PF
02/09/2026,ORL,Wendell Carter Jr.,C
02/09/2026,ATL,CJ McCollum,PG
02/09/2026,ATL,Nickeil Alexander-Walker,SG
02/09/2026,ATL,Zaccharie Risacher,SF
02/09/2026,ATL,Asa Newell,PF
02/09/2026,ATL,Onyeka Okongwu,C
02/09/2026,MIN,Donte DiVincenzo,SG
02/09/2026,MIN,Anthony Edwards,SG
02/09/2026,MIN,Julius Randle,PF
02/09/2026,MIN,Jaden McDaniels,PF
02/09/2026,MIN,Rudy Gobert,C
02/09/2026,SAC,Russell Westbrook,PG
02/09/2026,SAC,Nique Clifford,SF
02/09/2026,SAC,DeMar DeRozan,SF
02/09/2026,SAC,Precious Achiuwa,PF
02/09/2026,SAC,Maxime Raynaud,C
02/09/2026,NOP,Trey Murphy III,SF
02/09/2026,NOP,Herbert Jones,SF
02/09/2026,NOP,Zion Williamson,PF
02/09/2026,NOP,Saddiq Bey,PF
02/09/2026,NOP,Derik Queen,C
02/09/2026,CLE,Sam Merrill,SG
02/09/2026,CLE,James Harden,SG
02/09/2026,CLE,Donovan Mitchell,SG
02/09/2026,CLE,Jaylon Tyson,SF
02/09/2026,CLE,Jarrett Allen,C
02/09/2026,DEN,Jamal Murray,PG
02/09/2026,DEN,Christian Braun,SG
02/09/2026,DEN,Julian Strawther,SF
02/09/2026,DEN,Cameron Johnson,PF
02/09/2026,DEN,Nikola Jokic,C
02/09/2026,PHI,Tyrese Maxey,PG
02/09/2026,PHI,VJ Edgecombe,SG
02/09/2026,PHI,Kelly Oubre Jr.,SF
02/09/2026,PHI,Trendon Watford,PF
02/09/2026,PHI,Andre Drummond,C
02/09/2026,POR,Jrue Holiday,PG
02/09/2026,POR,Toumani Camara,SF
02/09/2026,POR,Deni Avdija,SF
02/09/2026,POR,Jerami Grant,PF
02/09/2026,POR,Donovan Clingan,C
02/09/2026,MEM,Ty Jerome,PG
02/09/2026,MEM,Cedric Coward,SG
02/09/2026,MEM,Kyle Anderson,SF
02/09/2026,MEM,Jaylen Wells,SF
02/09/2026,MEM,Jaren Jackson Jr.,PF
02/09/2026,GSW,De'Anthony Melton,SG
02/09/2026,GSW,Pat Spencer,SG
02/09/2026,GSW,Moses Moody,SG
02/09/2026,GSW,Gui Santos,SF
02/09/2026,GSW,Draymond Green,PF
02/09/2026,OKC,Cason Wallace,PG
02/09/2026,OKC,Jalen Williams,SF
02/09/2026,OKC,Luguentz Dort,SF
02/09/2026,OKC,Chet Holmgren,C
02/09/2026,OKC,Isaiah Hartenstein,C
02/09/2026,LAL,Marcus Smart,PG
02/09/2026,LAL,LeBron James,SF
02/09/2026,LAL,Rui Hachimura,PF
02/09/2026,LAL,Jake LaRavia,PF
02/09/2026,LAL,Deandre Ayton,C
02/10/2026,IND,Andrew Nembhard,PG
02/10/2026,IND,Quenton Jackson,SG
02/10/2026,IND,Aaron Nesmith,PF
02/10/2026,IND,Pascal Siakam,PF
02/10/2026,IND,Micah Potter,PF
02/10/2026,NYK,Jalen Brunson,PG
02/10/2026,NYK,Landry Shamet,SG
02/10/2026,NYK,Mikal Bridges,SF
02/10/2026,NYK,Josh Hart,SF
02/10/2026,NYK,Karl-Anthony Towns,PF
02/10/2026,LAC,Kris Dunn,PG
02/10/2026,LAC,Derrick Jones Jr.,SF
02/10/2026,LAC,Kawhi Leonard,SF
02/10/2026,LAC,John Collins,PF
02/10/2026,LAC,Brook Lopez,C
02/10/2026,HOU,Amen Thompson,SG
02/10/2026,HOU,Tari Eason,SF
02/10/2026,HOU,Jabari Smith Jr.,PF
02/10/2026,HOU,Kevin Durant,PF
02/10/2026,HOU,Alperen Sengun,C
02/10/2026,DAL,Tyus Jones,PG
02/10/2026,DAL,Max Christie,SG
02/10/2026,DAL,Cooper Flagg,PF
02/10/2026,DAL,P.J. Washington,PF
02/10/2026,DAL,Daniel Gafford,C
02/10/2026,PHO,Collin Gillespie,PG
02/10/2026,PHO,Devin Booker,SG
02/10/2026,PHO,Dillon Brooks,SF
02/10/2026,PHO,Royce O'Neale,PF
02/10/2026,PHO,Mark Williams,C
02/10/2026,SAS,De'Aaron Fox,PG
02/10/2026,SAS,Devin Vassell,SG
02/10/2026,SAS,Stephon Castle,SG
02/10/2026,SAS,Julian Champagnie,SF
02/10/2026,SAS,Victor Wembanyama,PF
02/10/2026,LAL,Kobe Bufkin,PG
02/10/2026,LAL,Luke Kennard,SG
02/10/2026,LAL,Jake LaRavia,PF
02/10/2026,LAL,Rui Hachimura,PF
02/10/2026,LAL,Jaxson Hayes,C
02/11/2026,WAS,Bub Carrington,PG
02/11/2026,WAS,Tre Johnson,SG
02/11/2026,WAS,Jamir Watkins,SG
02/11/2026,WAS,Bilal Coulibaly,SG
02/11/2026,WAS,Khris Middleton,SF
02/11/2026,CLE,Donovan Mitchell,SG
02/11/2026,CLE,James Harden,SG
02/11/2026,CLE,Sam Merrill,SG
02/11/2026,CLE,Jaylon Tyson,SF
02/11/2026,CLE,Jarrett Allen,C
02/11/2026,MIL,Kevin Porter Jr.,PG
02/11/2026,MIL,AJ Green,SG
02/11/2026,MIL,Kyle Kuzma,PF
02/11/2026,MIL,Myles Turner,C
02/11/2026,MIL,Jericho Sims,C
02/11/2026,ORL,Anthony Black,PG
02/11/2026,ORL,Jalen Suggs,SG
02/11/2026,ORL,Desmond Bane,SG
02/11/2026,ORL,Paolo Banchero,PF
02/11/2026,ORL,Wendell Carter Jr.,C
02/11/2026,ATL,Dyson Daniels,PG
02/11/2026,ATL,Nickeil Alexander-Walker,SG
02/11/2026,ATL,Zaccharie Risacher,SF
02/11/2026,ATL,Jalen Johnson,PF
02/11/2026,ATL,Onyeka Okongwu,C
02/11/2026,CHO,LaMelo Ball,PG
02/11/2026,CHO,Kon Knueppel,SG
02/11/2026,CHO,Brandon Miller,SF
02/11/2026,CHO,Grant Williams,PF
02/11/2026,CHO,Ryan Kalkbrenner,C
02/11/2026,DET,Cade Cunningham,PG
02/11/2026,DET,Duncan Robinson,SG
02/11/2026,DET,Ausar Thompson,SG
02/11/2026,DET,Tobias Harris,SF
02/11/2026,DET,Paul Reed,PF
02/11/2026,TOR,Immanuel Quickley,PG
02/11/2026,TOR,RJ Barrett,SG
02/11/2026,TOR,Brandon Ingram,SF
02/11/2026,TOR,Scottie Barnes,SF
02/11/2026,TOR,Jakob Poeltl,C
02/11/2026,IND,Kam Jones,PG
02/11/2026,IND,Ben Sheppard,SF
02/11/2026,IND,Jarace Walker,PF
02/11/2026,IND,Kobe Brown,PF
02/11/2026,IND,Jay Huff,C
02/11/2026,BRK,Terance Mann,PG
02/11/2026,BRK,Nolan Traore,PG
02/11/2026,BRK,Egor Demin,PG
02/11/2026,BRK,Ziaire Williams,SF
02/11/2026,BRK,Day'Ron Sharpe,C
02/11/2026,NYK,Jalen Brunson,PG
02/11/2026,NYK,Landry Shamet,SG
02/11/2026,NYK,Mikal Bridges,SF
02/11/2026,NYK,Josh Hart,SF
02/11/2026,NYK,Karl-Anthony Towns,PF
02/11/2026,PHI,Tyrese Maxey,PG
02/11/2026,PHI,VJ Edgecombe,SG
02/11/2026,PHI,Kelly Oubre Jr.,SF
02/11/2026,PHI,Dominick Barlow,PF
02/11/2026,PHI,Adem Bona,C
02/11/2026,CHI,Collin Sexton,PG
02/11/2026,CHI,Anfernee Simons,SG
02/11/2026,CHI,Coby White,SG
02/11/2026,CHI,Matas Buzelis,SF
02/11/2026,CHI,Guerschon Yabusele,PF
02/11/2026,BOS,Derrick White,SG
02/11/2026,BOS,Jaylen Brown,SG
02/11/2026,BOS,Baylor Scheierman,SG
02/11/2026,BOS,Sam Hauser,SF
02/11/2026,BOS,Neemias Queta,C
02/11/2026,MIA,Davion Mitchell,PG
02/11/2026,MIA,Myron Gardner,SF
02/11/2026,MIA,Simone Fontecchio,SF
02/11/2026,MIA,Kel'el Ware,C
02/11/2026,MIA,Bam Adebayo,C
02/11/2026,NOP,Trey Murphy III,SF
02/11/2026,NOP,Herbert Jones,SF
02/11/2026,NOP,Zion Williamson,PF
02/11/2026,NOP,Saddiq Bey,PF
02/11/2026,NOP,Derik Queen,C
02/11/2026,POR,Jrue Holiday,PG
02/11/2026,POR,Toumani Camara,SF
02/11/2026,POR,Deni Avdija,SF
02/11/2026,POR,Jerami Grant,PF
02/11/2026,POR,Donovan Clingan,C
02/11/2026,MIN,Donte DiVincenzo,SG
02/11/2026,MIN,Anthony Edwards,SG
02/11/2026,MIN,Julius Randle,PF
02/11/2026,MIN,Jaden McDaniels,PF
02/11/2026,MIN,Rudy Gobert,C
02/11/2026,LAC,Kris Dunn,PG
02/11/2026,LAC,James Harden,SG
02/11/2026,LAC,Kawhi Leonard,SF
02/11/2026,LAC,Derrick Jones Jr.,SF
02/11/2026,LAC,John Collins,PF
02/11/2026,HOU,Amen Thompson,SG
02/11/2026,HOU,Tari Eason,SF
02/11/2026,HOU,Jabari Smith Jr.,PF
02/11/2026,HOU,Kevin Durant,PF
02/11/2026,HOU,Alperen Sengun,C
02/11/2026,SAC,Devin Carter,PG
02/11/2026,SAC,DeMar DeRozan,SF
02/11/2026,SAC,Nique Clifford,SF
02/11/2026,SAC,Precious Achiuwa,PF
02/11/2026,SAC,Maxime Raynaud,C
02/11/2026,UTA,Isaiah Collier,PG
02/11/2026,UTA,Ace Bailey,SF
02/11/2026,UTA,Lauri Markkanen,PF
02/11/2026,UTA,Jaren Jackson Jr.,PF
02/11/2026,UTA,Jusuf Nurkic,C
02/11/2026,OKC,Cason Wallace,PG
02/11/2026,OKC,Jalen Williams,SF
02/11/2026,OKC,Luguentz Dort,SF
02/11/2026,OKC,Chet Holmgren,C
02/11/2026,OKC,Isaiah Hartenstein,C
02/11/2026,PHO,Collin Gillespie,PG
02/11/2026,PHO,Jordan Goodwin,PG
02/11/2026,PHO,Dillon Brooks,SF
02/11/2026,PHO,Royce O'Neale,PF
02/11/2026,PHO,Mark Williams,C
02/11/2026,MEM,Ty Jerome,PG
02/11/2026,MEM,Jahmai Mashack,SF
02/11/2026,MEM,Kyle Anderson,SF
02/11/2026,MEM,Jaylen Wells,SF
02/11/2026,MEM,Jaren Jackson Jr.,PF
02/11/2026,DEN,Jamal Murray,PG
02/11/2026,DEN,Christian Braun,SG
02/11/2026,DEN,Julian Strawther,SF
02/11/2026,DEN,Cameron Johnson,PF
02/11/2026,DEN,Nikola Jokic,C
02/11/2026,SAS,De'Aaron Fox,PG
02/11/2026,SAS,Stephon Castle,SG
02/11/2026,SAS,Devin Vassell,SG
02/11/2026,SAS,Julian Champagnie,SF
02/11/2026,SAS,Victor Wembanyama,PF
02/11/2026,GSW,Moses Moody,SG
02/11/2026,GSW,Pat Spencer,SG
02/11/2026,GSW,De'Anthony Melton,SG
02/11/2026,GSW,Gui Santos,SF
02/11/2026,GSW,Draymond Green,PF
02/12/2026,MIL,Kevin Porter Jr.,PG
02/12/2026,MIL,AJ Green,SG
02/12/2026,MIL,Ousmane Dieng,SF
02/12/2026,MIL,Kyle Kuzma,PF
02/12/2026,MIL,Jericho Sims,C
02/12/2026,OKC,Cason Wallace,PG
02/12/2026,OKC,Isaiah Joe,SG
02/12/2026,OKC,Luguentz Dort,SF
02/12/2026,OKC,Kenrich Williams,PF
02/12/2026,OKC,Chet Holmgren,C
02/12/2026,POR,Jrue Holiday,PG
02/12/2026,POR,Sidy Cissoko,SF
02/12/2026,POR,Toumani Camara,SF
02/12/2026,POR,Jerami Grant,PF
02/12/2026,POR,Donovan Clingan,C
02/12/2026,UTA,Isaiah Collier,PG
02/12/2026,UTA,Brice Sensabaugh,SF
02/12/2026,UTA,Ace Bailey,SF
02/12/2026,UTA,Cody Williams,SF
02/12/2026,UTA,Kyle Filipowski,C
02/12/2026,DAL,Brandon Williams,PG
02/12/2026,DAL,Max Christie,SG
02/12/2026,DAL,Naji Marshall,SF
02/12/2026,DAL,P.J. Washington,PF
02/12/2026,DAL,Daniel Gafford,C
02/12/2026,LAL,Marcus Smart,PG
02/12/2026,LAL,LeBron James,SF
02/12/2026,LAL,Rui Hachimura,PF
02/12/2026,LAL,Jake LaRavia,PF
02/12/2026,LAL,Jaxson Hayes,C
02/13/2026,MIL,Kevin Porter Jr.,PG
02/13/2026,MIL,AJ Green,SG
02/13/2026,MIL,Ousmane Dieng,SF
02/13/2026,MIL,Kyle Kuzma,PF
02/13/2026,MIL,Jericho Sims,C
02/13/2026,OKC,Cason Wallace,PG
02/13/2026,OKC,Isaiah Joe,SG
02/13/2026,OKC,Luguentz Dort,SF
02/13/2026,OKC,Kenrich Williams,PF
02/13/2026,OKC,Chet Holmgren,C
02/13/2026,POR,Jrue Holiday,PG
02/13/2026,POR,Sidy Cissoko,SF
02/13/2026,POR,Toumani Camara,SF
02/13/2026,POR,Jerami Grant,PF
02/13/2026,POR,Donovan Clingan,C
02/13/2026,UTA,Isaiah Collier,PG
02/13/2026,UTA,Brice Sensabaugh,SF
02/13/2026,UTA,Ace Bailey,SF
02/13/2026,UTA,Cody Williams,SF
02/13/2026,UTA,Kyle Filipowski,C
02/13/2026,DAL,Brandon Williams,PG
02/13/2026,DAL,Max Christie,SG
02/13/2026,DAL,Naji Marshall,SF
02/13/2026,DAL,P.J. Washington,PF
02/13/2026,DAL,Daniel Gafford,C
02/13/2026,LAL,Marcus Smart,PG
02/13/2026,LAL,LeBron James,SF
02/13/2026,LAL,Rui Hachimura,PF
02/13/2026,LAL,Jake LaRavia,PF
02/13/2026,LAL,Jaxson Hayes,C
02/19/2026,BRK,Nolan Traore,PG
02/19/2026,BRK,Egor Demin,PG
02/19/2026,BRK,Michael Porter Jr.,SF
02/19/2026,BRK,Noah Clowney,PF
02/19/2026,BRK,Day'Ron Sharpe,C
02/19/2026,CLE,Donovan Mitchell,SG
02/19/2026,CLE,James Harden,SG
02/19/2026,CLE,Dean Wade,PF
02/19/2026,CLE,Evan Mobley,PF
02/19/2026,CLE,Jarrett Allen,C
02/19/2026,ATL,Dyson Daniels,PG
02/19/2026,ATL,Nickeil Alexander-Walker,SG
02/19/2026,ATL,Zaccharie Risacher,SF
02/19/2026,ATL,Jalen Johnson,PF
02/19/2026,ATL,Onyeka Okongwu,C
02/19/2026,PHI,Tyrese Maxey,PG
02/19/2026,PHI,VJ Edgecombe,SG
02/19/2026,PHI,Kelly Oubre Jr.,SF
02/19/2026,PHI,Dominick Barlow,PF
02/19/2026,PHI,Andre Drummond,C
02/19/2026,IND,Andrew Nembhard,PG
02/19/2026,IND,Ben Sheppard,SF
02/19/2026,IND,Jarace Walker,PF
02/19/2026,IND,Aaron Nesmith,PF
02/19/2026,IND,Jay Huff,C
02/19/2026,WAS,Bub Carrington,PG
02/19/2026,WAS,Tre Johnson,SG
02/19/2026,WAS,Bilal Coulibaly,SG
02/19/2026,WAS,Khris Middleton,SF
02/19/2026,WAS,Kyshawn George,SF
02/19/2026,HOU,Amen Thompson,SG
02/19/2026,HOU,Tari Eason,SF
02/19/2026,HOU,Jabari Smith Jr.,PF
02/19/2026,HOU,Kevin Durant,PF
02/19/2026,HOU,Alperen Sengun,C
02/19/2026,CHO,LaMelo Ball,PG
02/19/2026,CHO,Kon Knueppel,SG
02/19/2026,CHO,Brandon Miller,SF
02/19/2026,CHO,Grant Williams,PF
02/19/2026,CHO,Ryan Kalkbrenner,C
02/19/2026,DET,Cade Cunningham,PG
02/19/2026,DET,Duncan Robinson,SG
02/19/2026,DET,Ausar Thompson,SG
02/19/2026,DET,Tobias Harris,SF
02/19/2026,DET,Paul Reed,PF
02/19/2026,NYK,Jalen Brunson,PG
02/19/2026,NYK,Mikal Bridges,SF
02/19/2026,NYK,OG Anunoby,SF
02/19/2026,NYK,Josh Hart,SF
02/19/2026,NYK,Karl-Anthony Towns,PF
02/19/2026,TOR,Immanuel Quickley,PG
02/19/2026,TOR,RJ Barrett,SG
02/19/2026,TOR,Scottie Barnes,SF
02/19/2026,TOR,Brandon Ingram,SF
02/19/2026,TOR,Collin Murray-Boyles,PF
02/19/2026,CHI,Coby White,SG
02/19/2026,CHI,Josh Giddey,SG
02/19/2026,CHI,Anfernee Simons,SG
02/19/2026,CHI,Matas Buzelis,SF
02/19/2026,CHI,Isaac Okoro,SF
02/19/2026,PHO,Collin Gillespie,PG
02/19/2026,PHO,Devin Booker,SG
02/19/2026,PHO,Jalen Green,SG
02/19/2026,PHO,Royce O'Neale,PF
02/19/2026,PHO,Mark Williams,C
02/19/2026,SAS,De'Aaron Fox,PG
02/19/2026,SAS,Devin Vassell,SG
02/19/2026,SAS,Stephon Castle,SG
02/19/2026,SAS,Julian Champagnie,SF
02/19/2026,SAS,Victor Wembanyama,PF
02/19/2026,BOS,Derrick White,SG
02/19/2026,BOS,Jaylen Brown,SG
02/19/2026,BOS,Baylor Scheierman,SG
02/19/2026,BOS,Sam Hauser,SF
02/19/2026,BOS,Neemias Queta,C
02/19/2026,GSW,Moses Moody,SG
02/19/2026,GSW,Pat Spencer,SG
02/19/2026,GSW,De'Anthony Melton,SG
02/19/2026,GSW,Gui Santos,SF
02/19/2026,GSW,Draymond Green,PF
02/19/2026,ORL,Anthony Black,PG
02/19/2026,ORL,Desmond Bane,SG
02/19/2026,ORL,Jalen Suggs,SG
02/19/2026,ORL,Paolo Banchero,PF
02/19/2026,ORL,Wendell Carter Jr.,C
02/19/2026,SAC,Russell Westbrook,PG
02/19/2026,SAC,DeMar DeRozan,SF
02/19/2026,SAC,Keegan Murray,PF
02/19/2026,SAC,Precious Achiuwa,PF
02/19/2026,SAC,Maxime Raynaud,C
02/19/2026,DEN,Jamal Murray,PG
02/19/2026,DEN,Christian Braun,SG
02/19/2026,DEN,Julian Strawther,SF
02/19/2026,DEN,Cameron Johnson,PF
02/19/2026,DEN,Nikola Jokic,C
02/19/2026,LAC,Kris Dunn,PG
02/19/2026,LAC,Kawhi Leonard,SF
02/19/2026,LAC,Derrick Jones Jr.,SF
02/19/2026,LAC,John Collins,PF
02/19/2026,LAC,Brook Lopez,C
02/20/2026,IND,Kam Jones,PG
02/20/2026,IND,T.J. McConnell,PG
02/20/2026,IND,Ben Sheppard,SF
02/20/2026,IND,Jarace Walker,PF
02/20/2026,IND,Jay Huff,C
02/20/2026,WAS,Bub Carrington,PG
02/20/2026,WAS,Tre Johnson,SG
02/20/2026,WAS,Justin Champagnie,SG
02/20/2026,WAS,Bilal Coulibaly,SG
02/20/2026,WAS,Tristan Vukcevic,PF
02/20/2026,CLE,James Harden,SG
02/20/2026,CLE,Donovan Mitchell,SG
02/20/2026,CLE,Sam Merrill,SG
02/20/2026,CLE,Dean Wade,PF
02/20/2026,CLE,Jarrett Allen,C
02/20/2026,CHO,LaMelo Ball,PG
02/20/2026,CHO,Kon Knueppel,SG
02/20/2026,CHO,Sion James,SG
02/20/2026,CHO,Brandon Miller,SF
02/20/2026,CHO,Ryan Kalkbrenner,C
02/20/2026,UTA,Isaiah Collier,PG
02/20/2026,UTA,John Konchar,SG
02/20/2026,UTA,Cody Williams,SF
02/20/2026,UTA,Ace Bailey,SF
02/20/2026,UTA,Kyle Filipowski,C
02/20/2026,MEM,Jaylen Wells,SF
02/20/2026,MEM,Jahmai Mashack,SF
02/20/2026,MEM,Taylor Hendricks,PF
02/20/2026,MEM,GG Jackson II,PF
02/20/2026,MEM,Lawson Lovering,C
02/20/2026,MIA,Davion Mitchell,PG
02/20/2026,MIA,Pelle Larsson,SG
02/20/2026,MIA,Norman Powell,SG
02/20/2026,MIA,Andrew Wiggins,SF
02/20/2026,MIA,Bam Adebayo,C
02/20/2026,ATL,Dyson Daniels,PG
02/20/2026,ATL,Nickeil Alexander-Walker,SG
02/20/2026,ATL,Zaccharie Risacher,SF
02/20/2026,ATL,Jalen Johnson,PF
02/20/2026,ATL,Onyeka Okongwu,C
02/20/2026,DAL,Tyus Jones,PG
02/20/2026,DAL,Khris Middleton,SF
02/20/2026,DAL,Naji Marshall,SF
02/20/2026,DAL,P.J. Washington,PF
02/20/2026,DAL,Daniel Gafford,C
02/20/2026,MIN,Anthony Edwards,SG
02/20/2026,MIN,Donte DiVincenzo,SG
02/20/2026,MIN,Jaden McDaniels,PF
02/20/2026,MIN,Julius Randle,PF
02/20/2026,MIN,Rudy Gobert,C
02/20/2026,BRK,Egor Demin,PG
02/20/2026,BRK,Nolan Traore,PG
02/20/2026,BRK,Michael Porter Jr.,SF
02/20/2026,BRK,Noah Clowney,PF
02/20/2026,BRK,Day'Ron Sharpe,C
02/20/2026,OKC,Cason Wallace,PG
02/20/2026,OKC,Aaron Wiggins,SG
02/20/2026,OKC,Luguentz Dort,SF
02/20/2026,OKC,Chet Holmgren,C
02/20/2026,OKC,Isaiah Hartenstein,C
02/20/2026,MIL,Kevin Porter Jr.,PG
02/20/2026,MIL,Ryan Rollins,SG
02/20/2026,MIL,AJ Green,SG
02/20/2026,MIL,Kyle Kuzma,PF
02/20/2026,MIL,Jericho Sims,C
02/20/2026,NOP,Bryce McGowens,SG
02/20/2026,NOP,Herbert Jones,SF
02/20/2026,NOP,Zion Williamson,PF
02/20/2026,NOP,Saddiq Bey,PF
02/20/2026,NOP,Derik Queen,C
02/20/2026,DEN,Jamal Murray,PG
02/20/2026,DEN,Christian Braun,SG
02/20/2026,DEN,Julian Strawther,SF
02/20/2026,DEN,Cameron Johnson,PF
02/20/2026,DEN,Nikola Jokic,C
02/20/2026,POR,Jrue Holiday,PG
02/20/2026,POR,Deni Avdija,SF
02/20/2026,POR,Toumani Camara,SF
02/20/2026,POR,Jerami Grant,PF
02/20/2026,POR,Donovan Clingan,C
02/20/2026,LAC,Kris Dunn,PG
02/20/2026,LAC,Derrick Jones Jr.,SF
02/20/2026,LAC,Kawhi Leonard,SF
02/20/2026,LAC,John Collins,PF
02/20/2026,LAC,Ivica Zubac,C
02/20/2026,LAL,Luka Doncic,PG
02/20/2026,LAL,Marcus Smart,PG
02/20/2026,LAL,Austin Reaves,SG
02/20/2026,LAL,LeBron James,SF
02/20/2026,LAL,Deandre Ayton,C
02/21/2026,ORL,Anthony Black,PG
02/21/2026,ORL,Desmond Bane,SG
02/21/2026,ORL,Paolo Banchero,PF
02/21/2026,ORL,Tristan da Silva,PF
02/21/2026,ORL,Wendell Carter Jr.,C
02/21/2026,PHO,Collin Gillespie,PG
02/21/2026,PHO,Jalen Green,SG
02/21/2026,PHO,Dillon Brooks,SF
02/21/2026,PHO,Royce O'Neale,PF
02/21/2026,PHO,Mark Williams,C
02/21/2026,PHI,Tyrese Maxey,PG
02/21/2026,PHI,VJ Edgecombe,SG
02/21/2026,PHI,Kelly Oubre Jr.,SF
02/21/2026,PHI,Dominick Barlow,PF
02/21/2026,PHI,Andre Drummond,C
02/21/2026,NOP,Herbert Jones,SF
02/21/2026,NOP,Zion Williamson,PF
02/21/2026,NOP,Saddiq Bey,PF
02/21/2026,NOP,DeAndre Jordan,C
02/21/2026,NOP,Derik Queen,C
02/21/2026,MEM,Ty Jerome,PG
02/21/2026,MEM,Walter Clayton Jr.,PG
02/21/2026,MEM,Jaylen Wells,SF
02/21/2026,MEM,Taylor Hendricks,PF
02/21/2026,MEM,Olivier-Maxence Prosper,PF
02/21/2026,MIA,Kasparas Jakucionis,PG
02/21/2026,MIA,Norman Powell,SG
02/21/2026,MIA,Pelle Larsson,SG
02/21/2026,MIA,Andrew Wiggins,SF
02/21/2026,MIA,Bam Adebayo,C
02/21/2026,DET,Cade Cunningham,PG
02/21/2026,DET,Ausar Thompson,SG
02/21/2026,DET,Duncan Robinson,SG
02/21/2026,DET,Tobias Harris,SF
02/21/2026,DET,Jalen Duren,C
02/21/2026,CHI,Josh Giddey,SG
02/21/2026,CHI,Matas Buzelis,SF
02/21/2026,CHI,Isaac Okoro,SF
02/21/2026,CHI,Jalen Smith,PF
02/21/2026,CHI,Guerschon Yabusele,PF
02/21/2026,SAC,Russell Westbrook,PG
02/21/2026,SAC,DeMar DeRozan,SF
02/21/2026,SAC,Precious Achiuwa,PF
02/21/2026,SAC,Keegan Murray,PF
02/21/2026,SAC,Maxime Raynaud,C
02/21/2026,SAS,De'Aaron Fox,PG
02/21/2026,SAS,Stephon Castle,SG
02/21/2026,SAS,Devin Vassell,SG
02/21/2026,SAS,Julian Champagnie,SF
02/21/2026,SAS,Victor Wembanyama,PF
02/21/2026,HOU,Amen Thompson,SG
02/21/2026,HOU,Tari Eason,SF
02/21/2026,HOU,Jabari Smith Jr.,PF
02/21/2026,HOU,Kevin Durant,PF
02/21/2026,HOU,Alperen Sengun,C
02/21/2026,NYK,Jalen Brunson,PG
02/21/2026,NYK,OG Anunoby,SF
02/21/2026,NYK,Mikal Bridges,SF
02/21/2026,NYK,Josh Hart,SF
02/21/2026,NYK,Karl-Anthony Towns,PF
02/22/2026,CLE,James Harden,SG
02/22/2026,CLE,Donovan Mitchell,SG
02/22/2026,CLE,Dean Wade,PF
02/22/2026,CLE,Evan Mobley,PF
02/22/2026,CLE,Jarrett Allen,C
02/22/2026,OKC,Cason Wallace,PG
02/22/2026,OKC,Isaiah Joe,SG
02/22/2026,OKC,Luguentz Dort,SF
02/22/2026,OKC,Chet Holmgren,C
02/22/2026,OKC,Isaiah Hartenstein,C
02/22/2026,DEN,Jamal Murray,PG
02/22/2026,DEN,Christian Braun,SG
02/22/2026,DEN,Julian Strawther,SF
02/22/2026,DEN,Cameron Johnson,PF
02/22/2026,DEN,Nikola Jokic,C
02/22/2026,GSW,Moses Moody,SG
02/22/2026,GSW,De'Anthony Melton,SG
02/22/2026,GSW,Pat Spencer,SG
02/22/2026,GSW,Gui Santos,SF
02/22/2026,GSW,Al Horford,C
02/22/2026,TOR,Immanuel Quickley,PG
02/22/2026,TOR,RJ Barrett,SG
02/22/2026,TOR,Ja'Kobe Walter,SG
02/22/2026,TOR,Brandon Ingram,SF
02/22/2026,TOR,Jakob Poeltl,C
02/22/2026,MIL,Kevin Porter Jr.,PG
02/22/2026,MIL,AJ Green,SG
02/22/2026,MIL,Ryan Rollins,SG
02/22/2026,MIL,Kyle Kuzma,PF
02/22/2026,MIL,Myles Turner,C
02/22/2026,BRK,Egor Demin,PG
02/22/2026,BRK,Nolan Traore,PG
02/22/2026,BRK,Michael Porter Jr.,SF
02/22/2026,BRK,Noah Clowney,PF
02/22/2026,BRK,Nicolas Claxton,C
02/22/2026,ATL,CJ McCollum,PG
02/22/2026,ATL,Dyson Daniels,PG
02/22/2026,ATL,Nickeil Alexander-Walker,SG
02/22/2026,ATL,Jalen Johnson,PF
02/22/2026,ATL,Onyeka Okongwu,C
02/22/2026,DAL,Max Christie,SG
02/22/2026,DAL,Khris Middleton,SF
02/22/2026,DAL,Naji Marshall,SF
02/22/2026,DAL,P.J. Washington,PF
02/22/2026,DAL,Daniel Gafford,C
02/22/2026,IND,Andrew Nembhard,PG
02/22/2026,IND,Kam Jones,PG
02/22/2026,IND,Pascal Siakam,PF
02/22/2026,IND,Jarace Walker,PF
02/22/2026,IND,Jay Huff,C
02/22/2026,CHO,LaMelo Ball,PG
02/22/2026,CHO,Kon Knueppel,SG
02/22/2026,CHO,Brandon Miller,SF
02/22/2026,CHO,Grant Williams,PF
02/22/2026,CHO,Ryan Kalkbrenner,C
02/22/2026,WAS,Bub Carrington,PG
02/22/2026,WAS,Bilal Coulibaly,SG
02/22/2026,WAS,Tre Johnson,SG
02/22/2026,WAS,Kyshawn George,SF
02/22/2026,WAS,Anthony Gill,PF
02/22/2026,BOS,Baylor Scheierman,SG
02/22/2026,BOS,Jaylen Brown,SG
02/22/2026,BOS,Derrick White,SG
02/22/2026,BOS,Sam Hauser,SF
02/22/2026,BOS,Neemias Queta,C
02/22/2026,LAL,Marcus Smart,PG
02/22/2026,LAL,Luka Doncic,PG
02/22/2026,LAL,Austin Reaves,SG
02/22/2026,LAL,LeBron James,SF
02/22/2026,LAL,Deandre Ayton,C
02/22/2026,PHI,Tyrese Maxey,PG
02/22/2026,PHI,VJ Edgecombe,SG
02/22/2026,PHI,Kelly Oubre Jr.,SF
02/22/2026,PHI,Dominick Barlow,PF
02/22/2026,PHI,Andre Drummond,C
02/22/2026,MIN,Anthony Edwards,SG
02/22/2026,MIN,Donte DiVincenzo,SG
02/22/2026,MIN,Jaden McDaniels,PF
02/22/2026,MIN,Julius Randle,PF
02/22/2026,MIN,Joan Beringer,C
02/22/2026,POR,Jrue Holiday,PG
02/22/2026,POR,Toumani Camara,SF
02/22/2026,POR,Deni Avdija,SF
02/22/2026,POR,Jerami Grant,PF
02/22/2026,POR,Donovan Clingan,C
02/22/2026,PHO,Collin Gillespie,PG
02/22/2026,PHO,Jalen Green,SG
02/22/2026,PHO,Ryan Dunn,SF
02/22/2026,PHO,Royce O'Neale,PF
02/22/2026,PHO,Mark Williams,C
02/22/2026,NYK,Jalen Brunson,PG
02/22/2026,NYK,OG Anunoby,SF
02/22/2026,NYK,Josh Hart,SF
02/22/2026,NYK,Mikal Bridges,SF
02/22/2026,NYK,Karl-Anthony Towns,PF
02/22/2026,CHI,Josh Giddey,SG
02/22/2026,CHI,Isaac Okoro,SF
02/22/2026,CHI,Matas Buzelis,SF
02/22/2026,CHI,Jalen Smith,PF
02/22/2026,CHI,Guerschon Yabusele,PF
02/22/2026,ORL,Anthony Black,PG
02/22/2026,ORL,Desmond Bane,SG
02/22/2026,ORL,Tristan da Silva,PF
02/22/2026,ORL,Paolo Banchero,PF
02/22/2026,ORL,Wendell Carter Jr.,C
02/22/2026,LAC,Kris Dunn,PG
02/22/2026,LAC,Kobe Sanders,SG
02/22/2026,LAC,Derrick Jones Jr.,SF
02/22/2026,LAC,Kawhi Leonard,SF
02/22/2026,LAC,Brook Lopez,C
02/23/2026,SAS,De'Aaron Fox,PG
02/23/2026,SAS,Devin Vassell,SG
02/23/2026,SAS,Stephon Castle,SG
02/23/2026,SAS,Julian Champagnie,SF
02/23/2026,SAS,Victor Wembanyama,PF
02/23/2026,DET,Cade Cunningham,PG
02/23/2026,DET,Ausar Thompson,SG
02/23/2026,DET,Duncan Robinson,SG
02/23/2026,DET,Tobias Harris,SF
02/23/2026,DET,Jalen Duren,C
02/23/2026,SAC,Russell Westbrook,PG
02/23/2026,SAC,DeMar DeRozan,SF
02/23/2026,SAC,Keegan Murray,PF
02/23/2026,SAC,Precious Achiuwa,PF
02/23/2026,SAC,Maxime Raynaud,C
02/23/2026,MEM,Scotty Pippen Jr.,PG
02/23/2026,MEM,Cam Spencer,SG
02/23/2026,MEM,Jaylen Wells,SF
02/23/2026,MEM,GG Jackson II,PF
02/23/2026,MEM,Olivier-Maxence Prosper,PF
02/23/2026,UTA,Isaiah Collier,PG
02/23/2026,UTA,Ace Bailey,SF
02/23/2026,UTA,Cody Williams,SF
02/23/2026,UTA,Lauri Markkanen,PF
02/23/2026,UTA,Kyle Filipowski,C
02/23/2026,HOU,Amen Thompson,SG
02/23/2026,HOU,Tari Eason,SF
02/23/2026,HOU,Jabari Smith Jr.,PF
02/23/2026,HOU,Kevin Durant,PF
02/23/2026,HOU,Alperen Sengun,C
02/24/2026,PHI,Tyrese Maxey,PG
02/24/2026,PHI,VJ Edgecombe,SG
02/24/2026,PHI,Kelly Oubre Jr.,SF
02/24/2026,PHI,Dominick Barlow,PF
02/24/2026,PHI,Joel Embiid,C
02/24/2026,IND,Kam Jones,PG
02/24/2026,IND,Andrew Nembhard,PG
02/24/2026,IND,Ben Sheppard,SF
02/24/2026,IND,Jarace Walker,PF
02/24/2026,IND,Jay Huff,C
02/24/2026,DAL,Max Christie,SG
02/24/2026,DAL,Khris Middleton,SF
02/24/2026,DAL,Naji Marshall,SF
02/24/2026,DAL,P.J. Washington,PF
02/24/2026,DAL,Daniel Gafford,C
02/24/2026,BRK,Nolan Traore,PG
02/24/2026,BRK,Egor Demin,PG
02/24/2026,BRK,Michael Porter Jr.,SF
02/24/2026,BRK,Noah Clowney,PF
02/24/2026,BRK,Nicolas Claxton,C
02/24/2026,OKC,Cason Wallace,PG
02/24/2026,OKC,Isaiah Joe,SG
02/24/2026,OKC,Luguentz Dort,SF
02/24/2026,OKC,Chet Holmgren,C
02/24/2026,OKC,Isaiah Hartenstein,C
02/24/2026,TOR,Immanuel Quickley,PG
02/24/2026,TOR,RJ Barrett,SG
02/24/2026,TOR,Scottie Barnes,SF
02/24/2026,TOR,Brandon Ingram,SF
02/24/2026,TOR,Collin Murray-Boyles,PF
02/24/2026,WAS,Bub Carrington,PG
02/24/2026,WAS,Tre Johnson,SG
02/24/2026,WAS,Bilal Coulibaly,SG
02/24/2026,WAS,Kyshawn George,SF
02/24/2026,WAS,Tristan Vukcevic,PF
02/24/2026,ATL,CJ McCollum,PG
02/24/2026,ATL,Dyson Daniels,PG
02/24/2026,ATL,Nickeil Alexander-Walker,SG
02/24/2026,ATL,Jalen Johnson,PF
02/24/2026,ATL,Onyeka Okongwu,C
02/24/2026,NYK,Jalen Brunson,PG
02/24/2026,NYK,OG Anunoby,SF
02/24/2026,NYK,Mikal Bridges,SF
02/24/2026,NYK,Josh Hart,SF
02/24/2026,NYK,Karl-Anthony Towns,PF
02/24/2026,CLE,Donovan Mitchell,SG
02/24/2026,CLE,James Harden,SG
02/24/2026,CLE,Evan Mobley,PF
02/24/2026,CLE,Dean Wade,PF
02/24/2026,CLE,Jarrett Allen,C
02/24/2026,MIA,Davion Mitchell,PG
02/24/2026,MIA,Norman Powell,SG
02/24/2026,MIA,Pelle Larsson,SG
02/24/2026,MIA,Andrew Wiggins,SF
02/24/2026,MIA,Bam Adebayo,C
02/24/2026,MIL,Kevin Porter Jr.,PG
02/24/2026,MIL,AJ Green,SG
02/24/2026,MIL,Ryan Rollins,SG
02/24/2026,MIL,Kyle Kuzma,PF
02/24/2026,MIL,Myles Turner,C
02/24/2026,GSW,Moses Moody,SG
02/24/2026,GSW,Pat Spencer,SG
02/24/2026,GSW,De'Anthony Melton,SG
02/24/2026,GSW,Gui Santos,SF
02/24/2026,GSW,Draymond Green,PF
02/24/2026,NOP,Dejounte Murray,SG
02/24/2026,NOP,Herbert Jones,SF
02/24/2026,NOP,Zion Williamson,PF
02/24/2026,NOP,Saddiq Bey,PF
02/24/2026,NOP,DeAndre Jordan,C
02/24/2026,CHO,LaMelo Ball,PG
02/24/2026,CHO,Kon Knueppel,SG
02/24/2026,CHO,Miles Bridges,SF
02/24/2026,CHO,Brandon Miller,SF
02/24/2026,CHO,Moussa Diabate,PF
02/24/2026,CHI,Josh Giddey,SG
02/24/2026,CHI,Isaac Okoro,SF
02/24/2026,CHI,Matas Buzelis,SF
02/24/2026,CHI,Guerschon Yabusele,PF
02/24/2026,CHI,Patrick Williams,PF
02/24/2026,BOS,Baylor Scheierman,SG
02/24/2026,BOS,Derrick White,SG
02/24/2026,BOS,Sam Hauser,SF
02/24/2026,BOS,Ron Harper Jr.,SF
02/24/2026,BOS,Neemias Queta,C
02/24/2026,PHO,Collin Gillespie,PG
02/24/2026,PHO,Jalen Green,SG
02/24/2026,PHO,Ryan Dunn,SF
02/24/2026,PHO,Royce O'Neale,PF
02/24/2026,PHO,Mark Williams,C
02/24/2026,MIN,Anthony Edwards,SG
02/24/2026,MIN,Donte DiVincenzo,SG
02/24/2026,MIN,Jaden McDaniels,PF
02/24/2026,MIN,Julius Randle,PF
02/24/2026,MIN,Rudy Gobert,C
02/24/2026,POR,Jrue Holiday,PG
02/24/2026,POR,Toumani Camara,SF
02/24/2026,POR,Kris Murray,PF
02/24/2026,POR,Jerami Grant,PF
02/24/2026,POR,Donovan Clingan,C
02/24/2026,ORL,Anthony Black,PG
02/24/2026,ORL,Desmond Bane,SG
02/24/2026,ORL,Paolo Banchero,PF
02/24/2026,ORL,Tristan da Silva,PF
02/24/2026,ORL,Wendell Carter Jr.,C
02/24/2026,LAL,Luka Doncic,PG
02/24/2026,LAL,Marcus Smart,PG
02/24/2026,LAL,Austin Reaves,SG
02/24/2026,LAL,LeBron James,SF
02/24/2026,LAL,Deandre Ayton,C
02/25/2026,SAS,De'Aaron Fox,PG
02/25/2026,SAS,Stephon Castle,SG
02/25/2026,SAS,Devin Vassell,SG
02/25/2026,SAS,Julian Champagnie,SF
02/25/2026,SAS,Victor Wembanyama,PF
02/25/2026,TOR,Immanuel Quickley,PG
02/25/2026,TOR,RJ Barrett,SG
02/25/2026,TOR,Scottie Barnes,SF
02/25/2026,TOR,Brandon Ingram,SF
02/25/2026,TOR,Collin Murray-Boyles,PF
02/25/2026,OKC,Cason Wallace,PG
02/25/2026,OKC,Isaiah Joe,SG
02/25/2026,OKC,Aaron Wiggins,SG
02/25/2026,OKC,Luguentz Dort,SF
02/25/2026,OKC,Jaylin Williams,PF
02/25/2026,DET,Cade Cunningham,PG
02/25/2026,DET,Duncan Robinson,SG
02/25/2026,DET,Ausar Thompson,SG
02/25/2026,DET,Tobias Harris,SF
02/25/2026,DET,Jalen Duren,C
02/25/2026,GSW,Will Richard,SG
02/25/2026,GSW,Moses Moody,SG
02/25/2026,GSW,Brandin Podziemski,SG
02/25/2026,GSW,Gui Santos,SF
02/25/2026,GSW,Al Horford,C
02/25/2026,MEM,Ty Jerome,PG
02/25/2026,MEM,Javon Small,SG
02/25/2026,MEM,Jaylen Wells,SF
02/25/2026,MEM,GG Jackson II,PF
02/25/2026,MEM,Olivier-Maxence Prosper,PF
02/25/2026,SAC,Russell Westbrook,PG
02/25/2026,SAC,DeMar DeRozan,SF
02/25/2026,SAC,Keegan Murray,PF
02/25/2026,SAC,Precious Achiuwa,PF
02/25/2026,SAC,Maxime Raynaud,C
02/25/2026,HOU,Reed Sheppard,PG
02/25/2026,HOU,Tari Eason,SF
02/25/2026,HOU,Jabari Smith Jr.,PF
02/25/2026,HOU,Kevin Durant,PF
02/25/2026,HOU,Alperen Sengun,C
02/25/2026,CLE,Dennis Schroder,PG
02/25/2026,CLE,Sam Merrill,SG
02/25/2026,CLE,Jaylon Tyson,SF
02/25/2026,CLE,Dean Wade,PF
02/25/2026,CLE,Jarrett Allen,C
02/25/2026,MIL,Kevin Porter Jr.,PG
02/25/2026,MIL,AJ Green,SG
02/25/2026,MIL,Ryan Rollins,SG
02/25/2026,MIL,Kyle Kuzma,PF
02/25/2026,MIL,Myles Turner,C
02/25/2026,BOS,Baylor Scheierman,SG
02/25/2026,BOS,Jaylen Brown,SG
02/25/2026,BOS,Derrick White,SG
02/25/2026,BOS,Sam Hauser,SF
02/25/2026,BOS,Neemias Queta,C
02/25/2026,DEN,Jamal Murray,PG
02/25/2026,DEN,Christian Braun,SG
02/25/2026,DEN,Julian Strawther,SF
02/25/2026,DEN,Cameron Johnson,PF
02/25/2026,DEN,Nikola Jokic,C
02/26/2026,CHO,LaMelo Ball,PG
02/26/2026,CHO,Kon Knueppel,SG
02/26/2026,CHO,Miles Bridges,SF
02/26/2026,CHO,Brandon Miller,SF
02/26/2026,CHO,Moussa Diabate,PF
02/26/2026,IND,Andrew Nembhard,PG
02/26/2026,IND,Ben Sheppard,SF
02/26/2026,IND,Jarace Walker,PF
02/26/2026,IND,Obi Toppin,PF
02/26/2026,IND,Jay Huff,C
02/26/2026,MIA,Davion Mitchell,PG
02/26/2026,MIA,Pelle Larsson,SG
02/26/2026,MIA,Norman Powell,SG
02/26/2026,MIA,Andrew Wiggins,SF
02/26/2026,MIA,Bam Adebayo,C
02/26/2026,PHI,Tyrese Maxey,PG
02/26/2026,PHI,VJ Edgecombe,SG
02/26/2026,PHI,Kelly Oubre Jr.,SF
02/26/2026,PHI,Dominick Barlow,PF
02/26/2026,PHI,Joel Embiid,C
02/26/2026,SAS,De'Aaron Fox,PG
02/26/2026,SAS,Stephon Castle,SG
02/26/2026,SAS,Devin Vassell,SG
02/26/2026,SAS,Julian Champagnie,SF
02/26/2026,SAS,Victor Wembanyama,PF
02/26/2026,BRK,Nolan Traore,PG
02/26/2026,BRK,Egor Demin,PG
02/26/2026,BRK,Michael Porter Jr.,SF
02/26/2026,BRK,Noah Clowney,PF
02/26/2026,BRK,Nicolas Claxton,C
02/26/2026,HOU,Amen Thompson,SG
02/26/2026,HOU,Tari Eason,SF
02/26/2026,HOU,Jabari Smith Jr.,PF
02/26/2026,HOU,Kevin Durant,PF
02/26/2026,HOU,Alperen Sengun,C
02/26/2026,ORL,Anthony Black,PG
02/26/2026,ORL,Desmond Bane,SG
02/26/2026,ORL,Tristan da Silva,PF
02/26/2026,ORL,Paolo Banchero,PF
02/26/2026,ORL,Wendell Carter Jr.,C
02/26/2026,WAS,Bub Carrington,PG
02/26/2026,WAS,Bilal Coulibaly,SG
02/26/2026,WAS,Tre Johnson,SG
02/26/2026,WAS,Will Riley,SF
02/26/2026,WAS,Tristan Vukcevic,PF
02/26/2026,ATL,CJ McCollum,PG
02/26/2026,ATL,Dyson Daniels,PG
02/26/2026,ATL,Zaccharie Risacher,SF
02/26/2026,ATL,Jonathan Kuminga,PF
02/26/2026,ATL,Onyeka Okongwu,C
02/26/2026,POR,Jrue Holiday,PG
02/26/2026,POR,Scoot Henderson,PG
02/26/2026,POR,Toumani Camara,SF
02/26/2026,POR,Jerami Grant,PF
02/26/2026,POR,Kris Murray,PF
02/26/2026,CHI,Collin Sexton,PG
02/26/2026,CHI,Josh Giddey,SG
02/26/2026,CHI,Matas Buzelis,SF
02/26/2026,CHI,Isaac Okoro,SF
02/26/2026,CHI,Guerschon Yabusele,PF
02/26/2026,SAC,Devin Carter,PG
02/26/2026,SAC,Nique Clifford,SF
02/26/2026,SAC,DeMar DeRozan,SF
02/26/2026,SAC,Precious Achiuwa,PF
02/26/2026,SAC,Maxime Raynaud,C
02/26/2026,DAL,Max Christie,SG
02/26/2026,DAL,Khris Middleton,SF
02/26/2026,DAL,Naji Marshall,SF
02/26/2026,DAL,Caleb Martin,PF
02/26/2026,DAL,Marvin Bagley III,PF
02/26/2026,LAL,Luka Doncic,PG
02/26/2026,LAL,Marcus Smart,PG
02/26/2026,LAL,Austin Reaves,SG
02/26/2026,LAL,LeBron James,SF
02/26/2026,LAL,Deandre Ayton,C
02/26/2026,PHO,Collin Gillespie,PG
02/26/2026,PHO,Jalen Green,SG
02/26/2026,PHO,Ryan Dunn,SF
02/26/2026,PHO,Royce O'Neale,PF
02/26/2026,PHO,Mark Williams,C
02/26/2026,NOP,Dejounte Murray,SG
02/26/2026,NOP,Herbert Jones,SF
02/26/2026,NOP,Zion Williamson,PF
02/26/2026,NOP,Saddiq Bey,PF
02/26/2026,NOP,DeAndre Jordan,C
02/26/2026,UTA,Isaiah Collier,PG
02/26/2026,UTA,John Konchar,SG
02/26/2026,UTA,Ace Bailey,SF
02/26/2026,UTA,Cody Williams,SF
02/26/2026,UTA,Kyle Filipowski,C
02/26/2026,MIN,Donte DiVincenzo,SG
02/26/2026,MIN,Anthony Edwards,SG
02/26/2026,MIN,Julius Randle,PF
02/26/2026,MIN,Jaden McDaniels,PF
02/26/2026,MIN,Rudy Gobert,C
02/26/2026,LAC,Kris Dunn,PG
02/26/2026,LAC,Bennedict Mathurin,SG
02/26/2026,LAC,Derrick Jones Jr.,SF
02/26/2026,LAC,Nicolas Batum,PF
02/26/2026,LAC,Brook Lopez,C
02/27/2026,CLE,Dennis Schroder,PG
02/27/2026,CLE,Sam Merrill,SG
02/27/2026,CLE,Jaylon Tyson,SF
02/27/2026,CLE,Evan Mobley,PF
02/27/2026,CLE,Jarrett Allen,C
02/27/2026,DET,Cade Cunningham,PG
02/27/2026,DET,Duncan Robinson,SG
02/27/2026,DET,Ausar Thompson,SG
02/27/2026,DET,Tobias Harris,SF
02/27/2026,DET,Jalen Duren,C
02/27/2026,BRK,Egor Demin,PG
02/27/2026,BRK,Nolan Traore,PG
02/27/2026,BRK,Michael Porter Jr.,SF
02/27/2026,BRK,Noah Clowney,PF
02/27/2026,BRK,Nicolas Claxton,C
02/27/2026,BOS,Baylor Scheierman,SG
02/27/2026,BOS,Jaylen Brown,SG
02/27/2026,BOS,Derrick White,SG
02/27/2026,BOS,Sam Hauser,SF
02/27/2026,BOS,Neemias Queta,C
02/27/2026,NYK,Jalen Brunson,PG
02/27/2026,NYK,Mikal Bridges,SF
02/27/2026,NYK,OG Anunoby,SF
02/27/2026,NYK,Josh Hart,SF
02/27/2026,NYK,Karl-Anthony Towns,PF
02/27/2026,MIL,Kevin Porter Jr.,PG
02/27/2026,MIL,Ryan Rollins,SG
02/27/2026,MIL,AJ Green,SG
02/27/2026,MIL,Kyle Kuzma,PF
02/27/2026,MIL,Myles Turner,C
02/27/2026,MEM,Scotty Pippen Jr.,PG
02/27/2026,MEM,Javon Small,SG
02/27/2026,MEM,Jaylen Wells,SF
02/27/2026,MEM,Olivier-Maxence Prosper,PF
02/27/2026,MEM,GG Jackson II,PF
02/27/2026,DAL,Brandon Williams,PG
02/27/2026,DAL,Max Christie,SG
02/27/2026,DAL,Naji Marshall,SF
02/27/2026,DAL,Khris Middleton,SF
02/27/2026,DAL,Daniel Gafford,C
02/27/2026,DEN,Jamal Murray,PG
02/27/2026,DEN,Christian Braun,SG
02/27/2026,DEN,Julian Strawther,SF
02/27/2026,DEN,Cameron Johnson,PF
02/27/2026,DEN,Nikola Jokic,C
02/27/2026,OKC,Cason Wallace,PG
02/27/2026,OKC,Shai Gilgeous-Alexander,PG
02/27/2026,OKC,Luguentz Dort,SF
02/27/2026,OKC,Chet Holmgren,C
02/27/2026,OKC,Isaiah Hartenstein,C
02/28/2026,POR,Jrue Holiday,PG
02/28/2026,POR,Toumani Camara,SF
02/28/2026,POR,Kris Murray,PF
02/28/2026,POR,Jerami Grant,PF
02/28/2026,POR,Donovan Clingan,C
02/28/2026,CHO,LaMelo Ball,PG
02/28/2026,CHO,Kon Knueppel,SG
02/28/2026,CHO,Miles Bridges,SF
02/28/2026,CHO,Brandon Miller,SF
02/28/2026,CHO,Moussa Diabate,PF
02/28/2026,HOU,Reed Sheppard,PG
02/28/2026,HOU,Amen Thompson,SG
02/28/2026,HOU,Tari Eason,SF
02/28/2026,HOU,Kevin Durant,PF
02/28/2026,HOU,Alperen Sengun,C
02/28/2026,MIA,Davion Mitchell,PG
02/28/2026,MIA,Pelle Larsson,SG
02/28/2026,MIA,Tyler Herro,SG
02/28/2026,MIA,Andrew Wiggins,SF
02/28/2026,MIA,Bam Adebayo,C
02/28/2026,TOR,Immanuel Quickley,PG
02/28/2026,TOR,RJ Barrett,SG
02/28/2026,TOR,Brandon Ingram,SF
02/28/2026,TOR,Scottie Barnes,SF
02/28/2026,TOR,Jakob Poeltl,C
02/28/2026,WAS,Bub Carrington,PG
02/28/2026,WAS,Bilal Coulibaly,SG
02/28/2026,WAS,Tre Johnson,SG
02/28/2026,WAS,Kyshawn George,SF
02/28/2026,WAS,Tristan Vukcevic,PF
02/28/2026,LAL,Luka Doncic,PG
02/28/2026,LAL,Marcus Smart,PG
02/28/2026,LAL,Austin Reaves,SG
02/28/2026,LAL,LeBron James,SF
02/28/2026,LAL,Deandre Ayton,C
02/28/2026,GSW,Moses Moody,SG
02/28/2026,GSW,Brandin Podziemski,SG
02/28/2026,GSW,De'Anthony Melton,SG
02/28/2026,GSW,Gui Santos,SF
02/28/2026,GSW,Draymond Green,PF
02/28/2026,NOP,Bryce McGowens,SG
02/28/2026,NOP,Herbert Jones,SF
02/28/2026,NOP,Saddiq Bey,PF
02/28/2026,NOP,Zion Williamson,PF
02/28/2026,NOP,DeAndre Jordan,C
02/28/2026,UTA,Keyonte George,SG
02/28/2026,UTA,Blake Hinson,SF
02/28/2026,UTA,Cody Williams,SF
02/28/2026,UTA,Ace Bailey,SF
02/28/2026,UTA,Kyle Filipowski,C
03/01/2026,SAS,De'Aaron Fox,PG
03/01/2026,SAS,Devin Vassell,SG
03/01/2026,SAS,Stephon Castle,SG
03/01/2026,SAS,Julian Champagnie,SF
03/01/2026,SAS,Victor Wembanyama,PF
03/01/2026,NYK,Jalen Brunson,PG
03/01/2026,NYK,OG Anunoby,SF
03/01/2026,NYK,Mikal Bridges,SF
03/01/2026,NYK,Josh Hart,SF
03/01/2026,NYK,Karl-Anthony Towns,PF
03/01/2026,CLE,James Harden,SG
03/01/2026,CLE,Sam Merrill,SG
03/01/2026,CLE,Jaylon Tyson,SF
03/01/2026,CLE,Evan Mobley,PF
03/01/2026,CLE,Jarrett Allen,C
03/01/2026,BRK,Nolan Traore,PG
03/01/2026,BRK,Terance Mann,PG
03/01/2026,BRK,Michael Porter Jr.,SF
03/01/2026,BRK,Noah Clowney,PF
03/01/2026,BRK,Day'Ron Sharpe,C
03/01/2026,MIN,Anthony Edwards,SG
03/01/2026,MIN,Donte DiVincenzo,SG
03/01/2026,MIN,Jaden McDaniels,PF
03/01/2026,MIN,Julius Randle,PF
03/01/2026,MIN,Rudy Gobert,C
03/01/2026,DEN,Jamal Murray,PG
03/01/2026,DEN,Christian Braun,SG
03/01/2026,DEN,Julian Strawther,SF
03/01/2026,DEN,Cameron Johnson,PF
03/01/2026,DEN,Nikola Jokic,C
03/01/2026,MIL,Kevin Porter Jr.,PG
03/01/2026,MIL,Ryan Rollins,SG
03/01/2026,MIL,AJ Green,SG
03/01/2026,MIL,Kyle Kuzma,PF
03/01/2026,MIL,Myles Turner,C
03/01/2026,CHI,Tre Jones,PG
03/01/2026,CHI,Josh Giddey,SG
03/01/2026,CHI,Matas Buzelis,SF
03/01/2026,CHI,Isaac Okoro,SF
03/01/2026,CHI,Guerschon Yabusele,PF
03/01/2026,MEM,Walter Clayton Jr.,PG
03/01/2026,MEM,Scotty Pippen Jr.,PG
03/01/2026,MEM,Jaylen Wells,SF
03/01/2026,MEM,GG Jackson II,PF
03/01/2026,MEM,Olivier-Maxence Prosper,PF
03/01/2026,IND,Kam Jones,PG
03/01/2026,IND,Ben Sheppard,SF
03/01/2026,IND,Jarace Walker,PF
03/01/2026,IND,Obi Toppin,PF
03/01/2026,IND,Jay Huff,C
03/01/2026,POR,Jrue Holiday,PG
03/01/2026,POR,Toumani Camara,SF
03/01/2026,POR,Kris Murray,PF
03/01/2026,POR,Jerami Grant,PF
03/01/2026,POR,Donovan Clingan,C
03/01/2026,ATL,CJ McCollum,PG
03/01/2026,ATL,Dyson Daniels,PG
03/01/2026,ATL,Nickeil Alexander-Walker,SG
03/01/2026,ATL,Jalen Johnson,PF
03/01/2026,ATL,Onyeka Okongwu,C
03/01/2026,DET,Cade Cunningham,PG
03/01/2026,DET,Ausar Thompson,SG
03/01/2026,DET,Duncan Robinson,SG
03/01/2026,DET,Tobias Harris,SF
03/01/2026,DET,Jalen Duren,C
03/01/2026,ORL,Desmond Bane,SG
03/01/2026,ORL,Jalen Suggs,SG
03/01/2026,ORL,Paolo Banchero,PF
03/01/2026,ORL,Tristan da Silva,PF
03/01/2026,ORL,Wendell Carter Jr.,C
03/01/2026,OKC,Cason Wallace,PG
03/01/2026,OKC,Shai Gilgeous-Alexander,PG
03/01/2026,OKC,Luguentz Dort,SF
03/01/2026,OKC,Chet Holmgren,C
03/01/2026,OKC,Isaiah Hartenstein,C
03/01/2026,DAL,Brandon Williams,PG
03/01/2026,DAL,Tyus Jones,PG
03/01/2026,DAL,Max Christie,SG
03/01/2026,DAL,Khris Middleton,SF
03/01/2026,DAL,Caleb Martin,PF
03/01/2026,PHI,Tyrese Maxey,PG
03/01/2026,PHI,VJ Edgecombe,SG
03/01/2026,PHI,Kelly Oubre Jr.,SF
03/01/2026,PHI,Dominick Barlow,PF
03/01/2026,PHI,Andre Drummond,C
03/01/2026,BOS,Derrick White,SG
03/01/2026,BOS,Baylor Scheierman,SG
03/01/2026,BOS,Jaylen Brown,SG
03/01/2026,BOS,Sam Hauser,SF
03/01/2026,BOS,Neemias Queta,C
03/01/2026,NOP,Dejounte Murray,SG
03/01/2026,NOP,Herbert Jones,SF
03/01/2026,NOP,Trey Murphy III,SF
03/01/2026,NOP,Saddiq Bey,PF
03/01/2026,NOP,DeAndre Jordan,C
03/01/2026,LAC,Kris Dunn,PG
03/01/2026,LAC,Derrick Jones Jr.,SF
03/01/2026,LAC,Kawhi Leonard,SF
03/01/2026,LAC,John Collins,PF
03/01/2026,LAC,Brook Lopez,C
03/01/2026,SAC,Russell Westbrook,PG
03/01/2026,SAC,DeMar DeRozan,SF
03/01/2026,SAC,Nique Clifford,SF
03/01/2026,SAC,Precious Achiuwa,PF
03/01/2026,SAC,Maxime Raynaud,C
03/01/2026,LAL,Marcus Smart,PG
03/01/2026,LAL,Luka Doncic,PG
03/01/2026,LAL,Austin Reaves,SG
03/01/2026,LAL,LeBron James,SF
03/01/2026,LAL,Deandre Ayton,C
03/02/2026,HOU,Reed Sheppard,PG
03/02/2026,HOU,Amen Thompson,SG
03/02/2026,HOU,Tari Eason,SF
03/02/2026,HOU,Kevin Durant,PF
03/02/2026,HOU,Alperen Sengun,C
03/02/2026,WAS,Bub Carrington,PG
03/02/2026,WAS,Tre Johnson,SG
03/02/2026,WAS,Bilal Coulibaly,SG
03/02/2026,WAS,Kyshawn George,SF
03/02/2026,WAS,Julian Reese,PF
03/02/2026,BOS,Baylor Scheierman,SG
03/02/2026,BOS,Derrick White,SG
03/02/2026,BOS,Hugo Gonzalez,SF
03/02/2026,BOS,Sam Hauser,SF
03/02/2026,BOS,Nikola Vucevic,C
03/02/2026,MIL,Kevin Porter Jr.,PG
03/02/2026,MIL,AJ Green,SG
03/02/2026,MIL,Ousmane Dieng,SF
03/02/2026,MIL,Giannis Antetokounmpo,PF
03/02/2026,MIL,Myles Turner,C
03/02/2026,DEN,Jamal Murray,PG
03/02/2026,DEN,Christian Braun,SG
03/02/2026,DEN,Julian Strawther,SF
03/02/2026,DEN,Nikola Jokic,C
03/02/2026,DEN,Jonas Valanciunas,C
03/02/2026,UTA,Elijah Harkless,PG
03/02/2026,UTA,Keyonte George,SG
03/02/2026,UTA,Cody Williams,SF
03/02/2026,UTA,Ace Bailey,SF
03/02/2026,UTA,Kyle Filipowski,C
03/02/2026,LAC,Kris Dunn,PG
03/02/2026,LAC,Kobe Sanders,SG
03/02/2026,LAC,Derrick Jones Jr.,SF
03/02/2026,LAC,Kawhi Leonard,SF
03/02/2026,LAC,Brook Lopez,C
03/02/2026,GSW,De'Anthony Melton,SG
03/02/2026,GSW,Brandin Podziemski,SG
03/02/2026,GSW,Moses Moody,SG
03/02/2026,GSW,Draymond Green,PF
03/02/2026,GSW,Al Horford,C
03/03/2026,DAL,Brandon Williams,PG
03/03/2026,DAL,Tyus Jones,PG
03/03/2026,DAL,Max Christie,SG
03/03/2026,DAL,Khris Middleton,SF
03/03/2026,DAL,P.J. Washington,PF
03/03/2026,CHO,LaMelo Ball,PG
03/03/2026,CHO,Kon Knueppel,SG
03/03/2026,CHO,Brandon Miller,SF
03/03/2026,CHO,Miles Bridges,SF
03/03/2026,CHO,Moussa Diabate,PF
03/03/2026,DET,Cade Cunningham,PG
03/03/2026,DET,Ausar Thompson,SG
03/03/2026,DET,Duncan Robinson,SG
03/03/2026,DET,Tobias Harris,SF
03/03/2026,DET,Jalen Duren,C
03/03/2026,CLE,James Harden,SG
03/03/2026,CLE,Sam Merrill,SG
03/03/2026,CLE,Jaylon Tyson,SF
03/03/2026,CLE,Evan Mobley,PF
03/03/2026,CLE,Jarrett Allen,C
03/03/2026,WAS,Bub Carrington,PG
03/03/2026,WAS,Bilal Coulibaly,SG
03/03/2026,WAS,Tre Johnson,SG
03/03/2026,WAS,Will Riley,SF
03/03/2026,WAS,Julian Reese,PF
03/03/2026,ORL,Desmond Bane,SG
03/03/2026,ORL,Jalen Suggs,SG
03/03/2026,ORL,Paolo Banchero,PF
03/03/2026,ORL,Tristan da Silva,PF
03/03/2026,ORL,Goga Bitadze,C
03/03/2026,NYK,Jalen Brunson,PG
03/03/2026,NYK,Josh Hart,SF
03/03/2026,NYK,OG Anunoby,SF
03/03/2026,NYK,Mikal Bridges,SF
03/03/2026,NYK,Karl-Anthony Towns,PF
03/03/2026,TOR,Immanuel Quickley,PG
03/03/2026,TOR,RJ Barrett,SG
03/03/2026,TOR,Brandon Ingram,SF
03/03/2026,TOR,Scottie Barnes,SF
03/03/2026,TOR,Jakob Poeltl,C
03/03/2026,BRK,Nolan Traore,PG
03/03/2026,BRK,Terance Mann,PG
03/03/2026,BRK,Michael Porter Jr.,SF
03/03/2026,BRK,Noah Clowney,PF
03/03/2026,BRK,Nicolas Claxton,C
03/03/2026,MIA,Davion Mitchell,PG
03/03/2026,MIA,Pelle Larsson,SG
03/03/2026,MIA,Tyler Herro,SG
03/03/2026,MIA,Andrew Wiggins,SF
03/03/2026,MIA,Bam Adebayo,C
03/03/2026,OKC,Cason Wallace,PG
03/03/2026,OKC,Isaiah Joe,SG
03/03/2026,OKC,Aaron Wiggins,SG
03/03/2026,OKC,Luguentz Dort,SF
03/03/2026,OKC,Chet Holmgren,C
03/03/2026,CHI,Tre Jones,PG
03/03/2026,CHI,Josh Giddey,SG
03/03/2026,CHI,Matas Buzelis,SF
03/03/2026,CHI,Isaac Okoro,SF
03/03/2026,CHI,Guerschon Yabusele,PF
03/03/2026,SAS,De'Aaron Fox,PG
03/03/2026,SAS,Stephon Castle,SG
03/03/2026,SAS,Devin Vassell,SG
03/03/2026,SAS,Julian Champagnie,SF
03/03/2026,SAS,Victor Wembanyama,PF
03/03/2026,PHI,Tyrese Maxey,PG
03/03/2026,PHI,Quentin Grimes,SG
03/03/2026,PHI,VJ Edgecombe,SG
03/03/2026,PHI,Dominick Barlow,PF
03/03/2026,PHI,Andre Drummond,C
03/03/2026,MEM,Scotty Pippen Jr.,PG
03/03/2026,MEM,Ty Jerome,PG
03/03/2026,MEM,Jaylen Wells,SF
03/03/2026,MEM,GG Jackson II,PF
03/03/2026,MEM,Olivier-Maxence Prosper,PF
03/03/2026,MIN,Donte DiVincenzo,SG
03/03/2026,MIN,Anthony Edwards,SG
03/03/2026,MIN,Julius Randle,PF
03/03/2026,MIN,Jaden McDaniels,PF
03/03/2026,MIN,Rudy Gobert,C
03/03/2026,NOP,Dejounte Murray,SG
03/03/2026,NOP,Herbert Jones,SF
03/03/2026,NOP,Trey Murphy III,SF
03/03/2026,NOP,Zion Williamson,PF
03/03/2026,NOP,Saddiq Bey,PF
03/03/2026,LAL,Luka Doncic,PG
03/03/2026,LAL,Marcus Smart,PG
03/03/2026,LAL,Austin Reaves,SG
03/03/2026,LAL,LeBron James,SF
03/03/2026,LAL,Deandre Ayton,C
03/03/2026,PHO,Collin Gillespie,PG
03/03/2026,PHO,Devin Booker,SG
03/03/2026,PHO,Jalen Green,SG
03/03/2026,PHO,Royce O'Neale,PF
03/03/2026,PHO,Mark Williams,C
03/03/2026,SAC,Russell Westbrook,PG
03/03/2026,SAC,Nique Clifford,SF
03/03/2026,SAC,DeMar DeRozan,SF
03/03/2026,SAC,Precious Achiuwa,PF
03/03/2026,SAC,Maxime Raynaud,C
03/04/2026,OKC,Shai Gilgeous-Alexander,PG
03/04/2026,OKC,Cason Wallace,PG
03/04/2026,OKC,Luguentz Dort,SF
03/04/2026,OKC,Chet Holmgren,C
03/04/2026,OKC,Isaiah Hartenstein,C
03/04/2026,NYK,Jalen Brunson,PG
03/04/2026,NYK,Mikal Bridges,SF
03/04/2026,NYK,Josh Hart,SF
03/04/2026,NYK,OG Anunoby,SF
03/04/2026,NYK,Karl-Anthony Towns,PF
03/04/2026,UTA,Elijah Harkless,PG
03/04/2026,UTA,Keyonte George,SG
03/04/2026,UTA,Cody Williams,SF
03/04/2026,UTA,Ace Bailey,SF
03/04/2026,UTA,Kyle Filipowski,C
03/04/2026,PHI,Tyrese Maxey,PG
03/04/2026,PHI,Quentin Grimes,SG
03/04/2026,PHI,Trendon Watford,PF
03/04/2026,PHI,Dominick Barlow,PF
03/04/2026,PHI,Andre Drummond,C
03/04/2026,CHO,LaMelo Ball,PG
03/04/2026,CHO,Kon Knueppel,SG
03/04/2026,CHO,Miles Bridges,SF
03/04/2026,CHO,Brandon Miller,SF
03/04/2026,CHO,Moussa Diabate,PF
03/04/2026,BOS,Jaylen Brown,SG
03/04/2026,BOS,Derrick White,SG
03/04/2026,BOS,Baylor Scheierman,SG
03/04/2026,BOS,Sam Hauser,SF
03/04/2026,BOS,Neemias Queta,C
03/04/2026,POR,Jrue Holiday,PG
03/04/2026,POR,Scoot Henderson,PG
03/04/2026,POR,Toumani Camara,SF
03/04/2026,POR,Jerami Grant,PF
03/04/2026,POR,Donovan Clingan,C
03/04/2026,MEM,Rayan Rupert,SG
03/04/2026,MEM,Javon Small,SG
03/04/2026,MEM,Jaylen Wells,SF
03/04/2026,MEM,GG Jackson II,PF
03/04/2026,MEM,Olivier-Maxence Prosper,PF
03/04/2026,ATL,Dyson Daniels,PG
03/04/2026,ATL,CJ McCollum,PG
03/04/2026,ATL,Nickeil Alexander-Walker,SG
03/04/2026,ATL,Jalen Johnson,PF
03/04/2026,ATL,Onyeka Okongwu,C
03/04/2026,MIL,Ryan Rollins,SG
03/04/2026,MIL,AJ Green,SG
03/04/2026,MIL,Ousmane Dieng,SF
03/04/2026,MIL,Giannis Antetokounmpo,PF
03/04/2026,MIL,Myles Turner,C
03/04/2026,IND,Andrew Nembhard,PG
03/04/2026,IND,Pascal Siakam,PF
03/04/2026,IND,Jarace Walker,PF
03/04/2026,IND,Aaron Nesmith,PF
03/04/2026,IND,Jay Huff,C
03/04/2026,LAC,Kris Dunn,PG
03/04/2026,LAC,Kobe Sanders,SG
03/04/2026,LAC,Derrick Jones Jr.,SF
03/04/2026,LAC,Kawhi Leonard,SF
03/04/2026,LAC,Brook Lopez,C
03/05/2026,DAL,Tyus Jones,PG
03/05/2026,DAL,Max Christie,SG
03/05/2026,DAL,Khris Middleton,SF
03/05/2026,DAL,P.J. Washington,PF
03/05/2026,DAL,Cooper Flagg,PF
03/05/2026,ORL,Anthony Black,PG
03/05/2026,ORL,Desmond Bane,SG
03/05/2026,ORL,Jalen Suggs,SG
03/05/2026,ORL,Paolo Banchero,PF
03/05/2026,ORL,Wendell Carter Jr.,C
03/05/2026,UTA,Isaiah Collier,PG
03/05/2026,UTA,John Konchar,SG
03/05/2026,UTA,Cody Williams,SF
03/05/2026,UTA,Ace Bailey,SF
03/05/2026,UTA,Kyle Filipowski,C
03/05/2026,WAS,Trae Young,PG
03/05/2026,WAS,Tre Johnson,SG
03/05/2026,WAS,Bilal Coulibaly,SG
03/05/2026,WAS,Leaky Black,SF
03/05/2026,WAS,Julian Reese,PF
03/05/2026,BRK,Terance Mann,PG
03/05/2026,BRK,Nolan Traore,PG
03/05/2026,BRK,Michael Porter Jr.,SF
03/05/2026,BRK,Noah Clowney,PF
03/05/2026,BRK,Nicolas Claxton,C
03/05/2026,MIA,Davion Mitchell,PG
03/05/2026,MIA,Pelle Larsson,SG
03/05/2026,MIA,Tyler Herro,SG
03/05/2026,MIA,Andrew Wiggins,SF
03/05/2026,MIA,Bam Adebayo,C
03/05/2026,GSW,De'Anthony Melton,SG
03/05/2026,GSW,Brandin Podziemski,SG
03/05/2026,GSW,Gui Santos,SF
03/05/2026,GSW,Draymond Green,PF
03/05/2026,GSW,Al Horford,C
03/05/2026,HOU,Amen Thompson,SG
03/05/2026,HOU,Tari Eason,SF
03/05/2026,HOU,Kevin Durant,PF
03/05/2026,HOU,Jabari Smith Jr.,PF
03/05/2026,HOU,Alperen Sengun,C
03/05/2026,TOR,Immanuel Quickley,PG
03/05/2026,TOR,RJ Barrett,SG
03/05/2026,TOR,Brandon Ingram,SF
03/05/2026,TOR,Scottie Barnes,SF
03/05/2026,TOR,Jakob Poeltl,C
03/05/2026,MIN,Donte DiVincenzo,SG
03/05/2026,MIN,Anthony Edwards,SG
03/05/2026,MIN,Julius Randle,PF
03/05/2026,MIN,Jaden McDaniels,PF
03/05/2026,MIN,Rudy Gobert,C
03/05/2026,DET,Cade Cunningham,PG
03/05/2026,DET,Duncan Robinson,SG
03/05/2026,DET,Ausar Thompson,SG
03/05/2026,DET,Tobias Harris,SF
03/05/2026,DET,Jalen Duren,C
03/05/2026,SAS,De'Aaron Fox,PG
03/05/2026,SAS,Stephon Castle,SG
03/05/2026,SAS,Devin Vassell,SG
03/05/2026,SAS,Julian Champagnie,SF
03/05/2026,SAS,Victor Wembanyama,PF
03/05/2026,CHI,Collin Sexton,PG
03/05/2026,CHI,Tre Jones,PG
03/05/2026,CHI,Isaac Okoro,SF
03/05/2026,CHI,Guerschon Yabusele,PF
03/05/2026,CHI,Leonard Miller,PF
03/05/2026,PHO,Collin Gillespie,PG
03/05/2026,PHO,Devin Booker,SG
03/05/2026,PHO,Jalen Green,SG
03/05/2026,PHO,Royce O'Neale,PF
03/05/2026,PHO,Oso Ighodaro,PF
03/05/2026,NOP,Trey Murphy III,SF
03/05/2026,NOP,Herbert Jones,SF
03/05/2026,NOP,Saddiq Bey,PF
03/05/2026,NOP,Zion Williamson,PF
03/05/2026,NOP,Yves Missi,C
03/05/2026,SAC,Russell Westbrook,PG
03/05/2026,SAC,DeMar DeRozan,SF
03/05/2026,SAC,Nique Clifford,SF
03/05/2026,SAC,Precious Achiuwa,PF
03/05/2026,SAC,Maxime Raynaud,C
03/05/2026,LAL,Marcus Smart,PG
03/05/2026,LAL,Luka Doncic,PG
03/05/2026,LAL,Austin Reaves,SG
03/05/2026,LAL,LeBron James,SF
03/05/2026,LAL,Deandre Ayton,C
03/05/2026,DEN,Jamal Murray,PG
03/05/2026,DEN,Christian Braun,SG
03/05/2026,DEN,Julian Strawther,SF
03/05/2026,DEN,Zeke Nnaji,C
03/05/2026,DEN,Nikola Jokic,C
03/06/2026,DAL,Tyus Jones,PG
03/06/2026,DAL,Max Christie,SG
03/06/2026,DAL,Khris Middleton,SF
03/06/2026,DAL,Cooper Flagg,PF
03/06/2026,DAL,P.J. Washington,PF
03/06/2026,BOS,Derrick White,SG
03/06/2026,BOS,Jaylen Brown,SG
03/06/2026,BOS,Jayson Tatum,SF
03/06/2026,BOS,Sam Hauser,SF
03/06/2026,BOS,Neemias Queta,C
03/06/2026,MIA,Davion Mitchell,PG
03/06/2026,MIA,Tyler Herro,SG
03/06/2026,MIA,Pelle Larsson,SG
03/06/2026,MIA,Myron Gardner,SF
03/06/2026,MIA,Bam Adebayo,C
03/06/2026,CHO,LaMelo Ball,PG
03/06/2026,CHO,Kon Knueppel,SG
03/06/2026,CHO,Miles Bridges,SF
03/06/2026,CHO,Brandon Miller,SF
03/06/2026,CHO,Moussa Diabate,PF
03/06/2026,POR,Scoot Henderson,PG
03/06/2026,POR,Jrue Holiday,PG
03/06/2026,POR,Toumani Camara,SF
03/06/2026,POR,Jerami Grant,PF
03/06/2026,POR,Donovan Clingan,C
03/06/2026,HOU,Reed Sheppard,PG
03/06/2026,HOU,Amen Thompson,SG
03/06/2026,HOU,Tari Eason,SF
03/06/2026,HOU,Kevin Durant,PF
03/06/2026,HOU,Alperen Sengun,C
03/06/2026,NYK,Jalen Brunson,PG
03/06/2026,NYK,Josh Hart,SF
03/06/2026,NYK,OG Anunoby,SF
03/06/2026,NYK,Mikal Bridges,SF
03/06/2026,NYK,Karl-Anthony Towns,PF
03/06/2026,DEN,Jamal Murray,PG
03/06/2026,DEN,Christian Braun,SG
03/06/2026,DEN,Aaron Gordon,PF
03/06/2026,DEN,Cameron Johnson,PF
03/06/2026,DEN,Nikola Jokic,C
03/06/2026,NOP,Dejounte Murray,SG
03/06/2026,NOP,Trey Murphy III,SF
03/06/2026,NOP,Herbert Jones,SF
03/06/2026,NOP,Zion Williamson,PF
03/06/2026,NOP,Saddiq Bey,PF
03/06/2026,PHO,Collin Gillespie,PG
03/06/2026,PHO,Jalen Green,SG
03/06/2026,PHO,Devin Booker,SG
03/06/2026,PHO,Oso Ighodaro,PF
03/06/2026,PHO,Royce O'Neale,PF
03/06/2026,LAC,Kris Dunn,PG
03/06/2026,LAC,Kobe Sanders,SG
03/06/2026,LAC,Kawhi Leonard,SF
03/06/2026,LAC,Derrick Jones Jr.,SF
03/06/2026,LAC,Brook Lopez,C
03/06/2026,SAS,De'Aaron Fox,PG
03/06/2026,SAS,Stephon Castle,SG
03/06/2026,SAS,Devin Vassell,SG
03/06/2026,SAS,Julian Champagnie,SF
03/06/2026,SAS,Victor Wembanyama,PF
03/06/2026,IND,Andrew Nembhard,PG
03/06/2026,IND,Pascal Siakam,PF
03/06/2026,IND,Aaron Nesmith,PF
03/06/2026,IND,Jarace Walker,PF
03/06/2026,IND,Jay Huff,C
03/06/2026,LAL,Luka Doncic,PG
03/06/2026,LAL,Marcus Smart,PG
03/06/2026,LAL,Austin Reaves,SG
03/06/2026,LAL,Rui Hachimura,PF
03/06/2026,LAL,Jaxson Hayes,C
03/07/2026,ORL,Anthony Black,PG
03/07/2026,ORL,Jalen Suggs,SG
03/07/2026,ORL,Desmond Bane,SG
03/07/2026,ORL,Paolo Banchero,PF
03/07/2026,ORL,Wendell Carter Jr.,C
03/07/2026,MIN,Anthony Edwards,SG
03/07/2026,MIN,Donte DiVincenzo,SG
03/07/2026,MIN,Jaden McDaniels,PF
03/07/2026,MIN,Julius Randle,PF
03/07/2026,MIN,Rudy Gobert,C
03/07/2026,PHI,Tyrese Maxey,PG
03/07/2026,PHI,Quentin Grimes,SG
03/07/2026,PHI,Kelly Oubre Jr.,SF
03/07/2026,PHI,Dominick Barlow,PF
03/07/2026,PHI,Adem Bona,C
03/07/2026,ATL,Dyson Daniels,PG
03/07/2026,ATL,CJ McCollum,PG
03/07/2026,ATL,Nickeil Alexander-Walker,SG
03/07/2026,ATL,Jalen Johnson,PF
03/07/2026,ATL,Onyeka Okongwu,C
03/07/2026,BRK,Terance Mann,PG
03/07/2026,BRK,Nolan Traore,PG
03/07/2026,BRK,Michael Porter Jr.,SF
03/07/2026,BRK,Noah Clowney,PF
03/07/2026,BRK,Nicolas Claxton,C
03/07/2026,DET,Marcus Sasser,PG
03/07/2026,DET,Daniss Jenkins,PG
03/07/2026,DET,Duncan Robinson,SG
03/07/2026,DET,Tobias Harris,SF
03/07/2026,DET,Jalen Duren,C
03/07/2026,UTA,Keyonte George,SG
03/07/2026,UTA,Cody Williams,SF
03/07/2026,UTA,Ace Bailey,SF
03/07/2026,UTA,Oscar Tshiebwe,PF
03/07/2026,UTA,Kyle Filipowski,C
03/07/2026,MIL,Ryan Rollins,SG
03/07/2026,MIL,Ousmane Dieng,SF
03/07/2026,MIL,Giannis Antetokounmpo,PF
03/07/2026,MIL,Kyle Kuzma,PF
03/07/2026,MIL,Myles Turner,C
03/07/2026,LAC,Kris Dunn,PG
03/07/2026,LAC,Darius Garland,PG
03/07/2026,LAC,Kawhi Leonard,SF
03/07/2026,LAC,Derrick Jones Jr.,SF
03/07/2026,LAC,Brook Lopez,C
03/07/2026,MEM,Ty Jerome,PG
03/07/2026,MEM,Scotty Pippen Jr.,PG
03/07/2026,MEM,Jaylen Wells,SF
03/07/2026,MEM,Olivier-Maxence Prosper,PF
03/07/2026,MEM,GG Jackson II,PF
03/07/2026,GSW,Brandin Podziemski,SG
03/07/2026,GSW,Pat Spencer,SG
03/07/2026,GSW,Gui Santos,SF
03/07/2026,GSW,Draymond Green,PF
03/07/2026,GSW,Al Horford,C
03/07/2026,OKC,Cason Wallace,PG
03/07/2026,OKC,Shai Gilgeous-Alexander,PG
03/07/2026,OKC,Isaiah Joe,SG
03/07/2026,OKC,Luguentz Dort,SF
03/07/2026,OKC,Jaylin Williams,PF
03/08/2026,BOS,Derrick White,SG
03/08/2026,BOS,Jaylen Brown,SG
03/08/2026,BOS,Jayson Tatum,SF
03/08/2026,BOS,Sam Hauser,SF
03/08/2026,BOS,Neemias Queta,C
03/08/2026,CLE,Donovan Mitchell,SG
03/08/2026,CLE,Sam Merrill,SG
03/08/2026,CLE,James Harden,SG
03/08/2026,CLE,Evan Mobley,PF
03/08/2026,CLE,Dean Wade,PF
03/08/2026,NYK,Jalen Brunson,PG
03/08/2026,NYK,OG Anunoby,SF
03/08/2026,NYK,Josh Hart,SF
03/08/2026,NYK,Mikal Bridges,SF
03/08/2026,NYK,Karl-Anthony Towns,PF
03/08/2026,LAL,Marcus Smart,PG
03/08/2026,LAL,Luka Doncic,PG
03/08/2026,LAL,Austin Reaves,SG
03/08/2026,LAL,Rui Hachimura,PF
03/08/2026,LAL,Deandre Ayton,C
03/08/2026,DET,Marcus Sasser,PG
03/08/2026,DET,Cade Cunningham,PG
03/08/2026,DET,Duncan Robinson,SG
03/08/2026,DET,Tobias Harris,SF
03/08/2026,DET,Jalen Duren,C
03/08/2026,MIA,Davion Mitchell,PG
03/08/2026,MIA,Pelle Larsson,SG
03/08/2026,MIA,Tyler Herro,SG
03/08/2026,MIA,Myron Gardner,SF
03/08/2026,MIA,Bam Adebayo,C
03/08/2026,DAL,Tyus Jones,PG
03/08/2026,DAL,Max Christie,SG
03/08/2026,DAL,Khris Middleton,SF
03/08/2026,DAL,P.J. Washington,PF
03/08/2026,DAL,Cooper Flagg,PF
03/08/2026,TOR,Immanuel Quickley,PG
03/08/2026,TOR,RJ Barrett,SG
03/08/2026,TOR,Brandon Ingram,SF
03/08/2026,TOR,Scottie Barnes,SF
03/08/2026,TOR,Jakob Poeltl,C
03/08/2026,WAS,Trae Young,PG
03/08/2026,WAS,Bilal Coulibaly,SG
03/08/2026,WAS,Tre Johnson,SG
03/08/2026,WAS,Leaky Black,SF
03/08/2026,WAS,Alexandre Sarr,PF
03/08/2026,NOP,Dejounte Murray,SG
03/08/2026,NOP,Trey Murphy III,SF
03/08/2026,NOP,Herbert Jones,SF
03/08/2026,NOP,Zion Williamson,PF
03/08/2026,NOP,Saddiq Bey,PF
03/08/2026,ORL,Jalen Suggs,SG
03/08/2026,ORL,Desmond Bane,SG
03/08/2026,ORL,Paolo Banchero,PF
03/08/2026,ORL,Tristan da Silva,PF
03/08/2026,ORL,Wendell Carter Jr.,C
03/08/2026,MIL,Ryan Rollins,SG
03/08/2026,MIL,AJ Green,SG
03/08/2026,MIL,Ousmane Dieng,SF
03/08/2026,MIL,Myles Turner,C
03/08/2026,MIL,Jericho Sims,C
03/08/2026,HOU,Amen Thompson,SG
03/08/2026,HOU,Tari Eason,SF
03/08/2026,HOU,Jabari Smith Jr.,PF
03/08/2026,HOU,Kevin Durant,PF
03/08/2026,HOU,Alperen Sengun,C
03/08/2026,SAS,De'Aaron Fox,PG
03/08/2026,SAS,Devin Vassell,SG
03/08/2026,SAS,Stephon Castle,SG
03/08/2026,SAS,Julian Champagnie,SF
03/08/2026,SAS,Victor Wembanyama,PF
03/08/2026,IND,Andrew Nembhard,PG
03/08/2026,IND,Jarace Walker,PF
03/08/2026,IND,Aaron Nesmith,PF
03/08/2026,IND,Pascal Siakam,PF
03/08/2026,IND,Jay Huff,C
03/08/2026,POR,Jrue Holiday,PG
03/08/2026,POR,Toumani Camara,SF
03/08/2026,POR,Deni Avdija,SF
03/08/2026,POR,Jerami Grant,PF
03/08/2026,POR,Donovan Clingan,C
03/08/2026,CHI,Tre Jones,PG
03/08/2026,CHI,Josh Giddey,SG
03/08/2026,CHI,Isaac Okoro,SF
03/08/2026,CHI,Matas Buzelis,SF
03/08/2026,CHI,Guerschon Yabusele,PF
03/08/2026,SAC,Russell Westbrook,PG
03/08/2026,SAC,Nique Clifford,SF
03/08/2026,SAC,Daeqwon Plowden,SF
03/08/2026,SAC,Precious Achiuwa,PF
03/08/2026,SAC,Maxime Raynaud,C
03/08/2026,CHO,LaMelo Ball,PG
03/08/2026,CHO,Kon Knueppel,SG
03/08/2026,CHO,Brandon Miller,SF
03/08/2026,CHO,Miles Bridges,SF
03/08/2026,CHO,Moussa Diabate,PF
03/08/2026,PHO,Collin Gillespie,PG
03/08/2026,PHO,Jalen Green,SG
03/08/2026,PHO,Devin Booker,SG
03/08/2026,PHO,Oso Ighodaro,PF
03/08/2026,PHO,Royce O'Neale,PF
03/09/2026,PHI,Cameron Payne,PG
03/09/2026,PHI,Quentin Grimes,SG
03/09/2026,PHI,Kelly Oubre Jr.,SF
03/09/2026,PHI,Dominick Barlow,PF
03/09/2026,PHI,Adem Bona,C
03/09/2026,CLE,Sam Merrill,SG
03/09/2026,CLE,James Harden,SG
03/09/2026,CLE,Donovan Mitchell,SG
03/09/2026,CLE,Evan Mobley,PF
03/09/2026,CLE,Dean Wade,PF
03/09/2026,MEM,Javon Small,SG
03/09/2026,MEM,Cam Spencer,SG
03/09/2026,MEM,Jaylen Wells,SF
03/09/2026,MEM,Olivier-Maxence Prosper,PF
03/09/2026,MEM,GG Jackson II,PF
03/09/2026,BRK,Nolan Traore,PG
03/09/2026,BRK,Drake Powell,SG
03/09/2026,BRK,Noah Clowney,PF
03/09/2026,BRK,Nicolas Claxton,C
03/09/2026,BRK,Danny Wolf,C
03/09/2026,DEN,Jamal Murray,PG
03/09/2026,DEN,Christian Braun,SG
03/09/2026,DEN,Cameron Johnson,PF
03/09/2026,DEN,Aaron Gordon,PF
03/09/2026,DEN,Nikola Jokic,C
03/09/2026,OKC,Cason Wallace,PG
03/09/2026,OKC,Shai Gilgeous-Alexander,PG
03/09/2026,OKC,Isaiah Joe,SG
03/09/2026,OKC,Luguentz Dort,SF
03/09/2026,OKC,Jaylin Williams,PF
03/09/2026,GSW,Brandin Podziemski,SG
03/09/2026,GSW,De'Anthony Melton,SG
03/09/2026,GSW,Gui Santos,SF
03/09/2026,GSW,Draymond Green,PF
03/09/2026,GSW,Quinten Post,C
03/09/2026,UTA,John Konchar,SG
03/09/2026,UTA,Keyonte George,SG
03/09/2026,UTA,Brice Sensabaugh,SF
03/09/2026,UTA,Cody Williams,SF
03/09/2026,UTA,Kyle Filipowski,C
03/09/2026,NYK,Jalen Brunson,PG
03/09/2026,NYK,Josh Hart,SF
03/09/2026,NYK,Mikal Bridges,SF
03/09/2026,NYK,OG Anunoby,SF
03/09/2026,NYK,Karl-Anthony Towns,PF
03/09/2026,LAC,Kris Dunn,PG
03/09/2026,LAC,Darius Garland,PG
03/09/2026,LAC,Kawhi Leonard,SF
03/09/2026,LAC,Derrick Jones Jr.,SF
03/09/2026,LAC,Brook Lopez,C
03/10/2026,MEM,Ty Jerome,PG
03/10/2026,MEM,Cedric Coward,SG
03/10/2026,MEM,Jaylen Wells,SF
03/10/2026,MEM,Taylor Hendricks,PF
03/10/2026,MEM,Olivier-Maxence Prosper,PF
03/10/2026,PHI,Quentin Grimes,SG
03/10/2026,PHI,VJ Edgecombe,SG
03/10/2026,PHI,Kelly Oubre Jr.,SF
03/10/2026,PHI,Dominick Barlow,PF
03/10/2026,PHI,Adem Bona,C
03/10/2026,DET,Cade Cunningham,PG
03/10/2026,DET,Marcus Sasser,PG
03/10/2026,DET,Duncan Robinson,SG
03/10/2026,DET,Tobias Harris,SF
03/10/2026,DET,Jalen Duren,C
03/10/2026,BRK,Nolan Traore,PG
03/10/2026,BRK,Drake Powell,SG
03/10/2026,BRK,Michael Porter Jr.,SF
03/10/2026,BRK,Noah Clowney,PF
03/10/2026,BRK,Nicolas Claxton,C
03/10/2026,WAS,Bub Carrington,PG
03/10/2026,WAS,Bilal Coulibaly,SG
03/10/2026,WAS,Tre Johnson,SG
03/10/2026,WAS,Will Riley,SF
03/10/2026,WAS,Alexandre Sarr,PF
03/10/2026,MIA,Kasparas Jakucionis,PG
03/10/2026,MIA,Davion Mitchell,PG
03/10/2026,MIA,Pelle Larsson,SG
03/10/2026,MIA,Myron Gardner,SF
03/10/2026,MIA,Bam Adebayo,C
03/10/2026,DAL,Tyus Jones,PG
03/10/2026,DAL,Max Christie,SG
03/10/2026,DAL,Naji Marshall,SF
03/10/2026,DAL,Cooper Flagg,PF
03/10/2026,DAL,P.J. Washington,PF
03/10/2026,ATL,Dyson Daniels,PG
03/10/2026,ATL,CJ McCollum,PG
03/10/2026,ATL,Nickeil Alexander-Walker,SG
03/10/2026,ATL,Jalen Johnson,PF
03/10/2026,ATL,Onyeka Okongwu,C
03/10/2026,BOS,Jaylen Brown,SG
03/10/2026,BOS,Derrick White,SG
03/10/2026,BOS,Jayson Tatum,SF
03/10/2026,BOS,Sam Hauser,SF
03/10/2026,BOS,Neemias Queta,C
03/10/2026,SAS,De'Aaron Fox,PG
03/10/2026,SAS,Stephon Castle,SG
03/10/2026,SAS,Devin Vassell,SG
03/10/2026,SAS,Julian Champagnie,SF
03/10/2026,SAS,Victor Wembanyama,PF
03/10/2026,TOR,Immanuel Quickley,PG
03/10/2026,TOR,RJ Barrett,SG
03/10/2026,TOR,Brandon Ingram,SF
03/10/2026,TOR,Scottie Barnes,SF
03/10/2026,TOR,Sandro Mamukelashvili,PF
03/10/2026,HOU,Amen Thompson,SG
03/10/2026,HOU,Tari Eason,SF
03/10/2026,HOU,Jabari Smith Jr.,PF
03/10/2026,HOU,Kevin Durant,PF
03/10/2026,HOU,Alperen Sengun,C
03/10/2026,PHO,Collin Gillespie,PG
03/10/2026,PHO,Jalen Green,SG
03/10/2026,PHO,Devin Booker,SG
03/10/2026,PHO,Royce O'Neale,PF
03/10/2026,PHO,Oso Ighodaro,PF
03/10/2026,MIL,Ryan Rollins,SG
03/10/2026,MIL,Ousmane Dieng,SF
03/10/2026,MIL,Giannis Antetokounmpo,PF
03/10/2026,MIL,Kyle Kuzma,PF
03/10/2026,MIL,Myles Turner,C
03/10/2026,CHO,LaMelo Ball,PG
03/10/2026,CHO,Kon Knueppel,SG
03/10/2026,CHO,Miles Bridges,SF
03/10/2026,CHO,Brandon Miller,SF
03/10/2026,CHO,Moussa Diabate,PF
03/10/2026,POR,Jrue Holiday,PG
03/10/2026,POR,Deni Avdija,SF
03/10/2026,POR,Toumani Camara,SF
03/10/2026,POR,Jerami Grant,PF
03/10/2026,POR,Donovan Clingan,C
03/10/2026,IND,Kam Jones,PG
03/10/2026,IND,Aaron Nesmith,PF
03/10/2026,IND,Jarace Walker,PF
03/10/2026,IND,Obi Toppin,PF
03/10/2026,IND,Jay Huff,C
03/10/2026,SAC,Russell Westbrook,PG
03/10/2026,SAC,Nique Clifford,SF
03/10/2026,SAC,DeMar DeRozan,SF
03/10/2026,SAC,Precious Achiuwa,PF
03/10/2026,SAC,Maxime Raynaud,C
03/10/2026,CHI,Josh Giddey,SG
03/10/2026,CHI,Matas Buzelis,SF
03/10/2026,CHI,Leonard Miller,PF
03/10/2026,CHI,Guerschon Yabusele,PF
03/10/2026,CHI,Jalen Smith,PF
03/10/2026,GSW,Brandin Podziemski,SG
03/10/2026,GSW,Will Richard,SG
03/10/2026,GSW,Gui Santos,SF
03/10/2026,GSW,Draymond Green,PF
03/10/2026,GSW,Al Horford,C
03/10/2026,MIN,Anthony Edwards,SG
03/10/2026,MIN,Donte DiVincenzo,SG
03/10/2026,MIN,Julius Randle,PF
03/10/2026,MIN,Jaden McDaniels,PF
03/10/2026,MIN,Rudy Gobert,C
03/10/2026,LAL,Marcus Smart,PG
03/10/2026,LAL,Luka Doncic,PG
03/10/2026,LAL,Austin Reaves,SG
03/10/2026,LAL,Rui Hachimura,PF
03/10/2026,LAL,Deandre Ayton,C
03/11/2026,CLE,Donovan Mitchell,SG
03/11/2026,CLE,James Harden,SG
03/11/2026,CLE,Sam Merrill,SG
03/11/2026,CLE,Evan Mobley,PF
03/11/2026,CLE,Dean Wade,PF
03/11/2026,ORL,Jalen Suggs,SG
03/11/2026,ORL,Desmond Bane,SG
03/11/2026,ORL,Paolo Banchero,PF
03/11/2026,ORL,Tristan da Silva,PF
03/11/2026,ORL,Wendell Carter Jr.,C
03/11/2026,TOR,Immanuel Quickley,PG
03/11/2026,TOR,RJ Barrett,SG
03/11/2026,TOR,Brandon Ingram,SF
03/11/2026,TOR,Scottie Barnes,SF
03/11/2026,TOR,Jakob Poeltl,C
03/11/2026,NOP,Dejounte Murray,SG
03/11/2026,NOP,Trey Murphy III,SF
03/11/2026,NOP,Herbert Jones,SF
03/11/2026,NOP,Saddiq Bey,PF
03/11/2026,NOP,Zion Williamson,PF
03/11/2026,NYK,Jalen Brunson,PG
03/11/2026,NYK,Landry Shamet,SG
03/11/2026,NYK,Mikal Bridges,SF
03/11/2026,NYK,OG Anunoby,SF
03/11/2026,NYK,Karl-Anthony Towns,PF
03/11/2026,UTA,Keyonte George,SG
03/11/2026,UTA,Cody Williams,SF
03/11/2026,UTA,Brice Sensabaugh,SF
03/11/2026,UTA,Ace Bailey,SF
03/11/2026,UTA,Kyle Filipowski,C
03/11/2026,HOU,Amen Thompson,SG
03/11/2026,HOU,Tari Eason,SF
03/11/2026,HOU,Kevin Durant,PF
03/11/2026,HOU,Jabari Smith Jr.,PF
03/11/2026,HOU,Alperen Sengun,C
03/11/2026,DEN,Jamal Murray,PG
03/11/2026,DEN,Christian Braun,SG
03/11/2026,DEN,Cameron Johnson,PF
03/11/2026,DEN,Aaron Gordon,PF
03/11/2026,DEN,Nikola Jokic,C
03/11/2026,CHO,LaMelo Ball,PG
03/11/2026,CHO,Kon Knueppel,SG
03/11/2026,CHO,Miles Bridges,SF
03/11/2026,CHO,Brandon Miller,SF
03/11/2026,CHO,Moussa Diabate,PF
03/11/2026,SAC,Killian Hayes,PG
03/11/2026,SAC,DeMar DeRozan,SF
03/11/2026,SAC,Nique Clifford,SF
03/11/2026,SAC,Precious Achiuwa,PF
03/11/2026,SAC,Maxime Raynaud,C
03/11/2026,MIN,Donte DiVincenzo,SG
03/11/2026,MIN,Anthony Edwards,SG
03/11/2026,MIN,Julius Randle,PF
03/11/2026,MIN,Jaden McDaniels,PF
03/11/2026,MIN,Rudy Gobert,C
03/11/2026,LAC,Darius Garland,PG
03/11/2026,LAC,Kris Dunn,PG
03/11/2026,LAC,Kawhi Leonard,SF
03/11/2026,LAC,Derrick Jones Jr.,SF
03/11/2026,LAC,Brook Lopez,C
03/12/2026,PHI,VJ Edgecombe,SG
03/12/2026,PHI,Quentin Grimes,SG
03/12/2026,PHI,Justin Edwards,SF
03/12/2026,PHI,Dominick Barlow,PF
03/12/2026,PHI,Trendon Watford,PF
03/12/2026,DET,Cade Cunningham,PG
03/12/2026,DET,Marcus Sasser,PG
03/12/2026,DET,Duncan Robinson,SG
03/12/2026,DET,Tobias Harris,SF
03/12/2026,DET,Jalen Duren,C
03/12/2026,WAS,Trae Young,PG
03/12/2026,WAS,Tre Johnson,SG
03/12/2026,WAS,Bilal Coulibaly,SG
03/12/2026,WAS,Will Riley,SF
03/12/2026,WAS,Alexandre Sarr,PF
03/12/2026,ORL,Desmond Bane,SG
03/12/2026,ORL,Jalen Suggs,SG
03/12/2026,ORL,Tristan da Silva,PF
03/12/2026,ORL,Paolo Banchero,PF
03/12/2026,ORL,Wendell Carter Jr.,C
03/12/2026,PHO,Collin Gillespie,PG
03/12/2026,PHO,Devin Booker,SG
03/12/2026,PHO,Jalen Green,SG
03/12/2026,PHO,Oso Ighodaro,PF
03/12/2026,PHO,Royce O'Neale,PF
03/12/2026,IND,Andrew Nembhard,PG
03/12/2026,IND,Ethan Thompson,SG
03/12/2026,IND,Kobe Brown,PF
03/12/2026,IND,Jarace Walker,PF
03/12/2026,IND,Ivica Zubac,C
03/12/2026,BRK,Ben Saraf,PG
03/12/2026,BRK,Drake Powell,SG
03/12/2026,BRK,Noah Clowney,PF
03/12/2026,BRK,Danny Wolf,C
03/12/2026,BRK,Nicolas Claxton,C
03/12/2026,ATL,CJ McCollum,PG
03/12/2026,ATL,Nickeil Alexander-Walker,SG
03/12/2026,ATL,Corey Kispert,SF
03/12/2026,ATL,Jalen Johnson,PF
03/12/2026,ATL,Onyeka Okongwu,C
03/12/2026,MIL,Kevin Porter Jr.,PG
03/12/2026,MIL,Ousmane Dieng,SF
03/12/2026,MIL,Kyle Kuzma,PF
03/12/2026,MIL,Giannis Antetokounmpo,PF
03/12/2026,MIL,Myles Turner,C
03/12/2026,MIA,Davion Mitchell,PG
03/12/2026,MIA,Kasparas Jakucionis,PG
03/12/2026,MIA,Pelle Larsson,SG
03/12/2026,MIA,Kel'el Ware,C
03/12/2026,MIA,Bam Adebayo,C
03/12/2026,DAL,Tyus Jones,PG
03/12/2026,DAL,Max Christie,SG
03/12/2026,DAL,Naji Marshall,SF
03/12/2026,DAL,P.J. Washington,PF
03/12/2026,DAL,Cooper Flagg,PF
03/12/2026,MEM,Rayan Rupert,SG
03/12/2026,MEM,Javon Small,SG
03/12/2026,MEM,Jaylen Wells,SF
03/12/2026,MEM,Olivier-Maxence Prosper,PF
03/12/2026,MEM,GG Jackson II,PF
03/12/2026,DEN,Jamal Murray,PG
03/12/2026,DEN,Christian Braun,SG
03/12/2026,DEN,Cameron Johnson,PF
03/12/2026,DEN,Spencer Jones,PF
03/12/2026,DEN,Nikola Jokic,C
03/12/2026,SAS,De'Aaron Fox,PG
03/12/2026,SAS,Stephon Castle,SG
03/12/2026,SAS,Devin Vassell,SG
03/12/2026,SAS,Julian Champagnie,SF
03/12/2026,SAS,Luke Kornet,C
03/12/2026,BOS,Payton Pritchard,PG
03/12/2026,BOS,Jaylen Brown,SG
03/12/2026,BOS,Baylor Scheierman,SG
03/12/2026,BOS,Sam Hauser,SF
03/12/2026,BOS,Neemias Queta,C
03/12/2026,OKC,Shai Gilgeous-Alexander,PG
03/12/2026,OKC,Ajay Mitchell,PG
03/12/2026,OKC,Cason Wallace,PG
03/12/2026,OKC,Luguentz Dort,SF
03/12/2026,OKC,Chet Holmgren,C
03/12/2026,CHI,Tre Jones,PG
03/12/2026,CHI,Josh Giddey,SG
03/12/2026,CHI,Matas Buzelis,SF
03/12/2026,CHI,Leonard Miller,PF
03/12/2026,CHI,Jalen Smith,PF
03/12/2026,LAL,Luka Doncic,PG
03/12/2026,LAL,Austin Reaves,SG
03/12/2026,LAL,LeBron James,SF
03/12/2026,LAL,Rui Hachimura,PF
03/12/2026,LAL,Deandre Ayton,C
03/13/2026,NYK,Jalen Brunson,PG
03/13/2026,NYK,Landry Shamet,SG
03/13/2026,NYK,OG Anunoby,SF
03/13/2026,NYK,Mikal Bridges,SF
03/13/2026,NYK,Mitchell Robinson,C
03/13/2026,IND,Andrew Nembhard,PG
03/13/2026,IND,Kobe Brown,PF
03/13/2026,IND,Aaron Nesmith,PF
03/13/2026,IND,Jarace Walker,PF
03/13/2026,IND,Ivica Zubac,C
03/13/2026,MEM,Ty Jerome,PG
03/13/2026,MEM,Cedric Coward,SG
03/13/2026,MEM,Cam Spencer,SG
03/13/2026,MEM,Taylor Hendricks,PF
03/13/2026,MEM,Olivier-Maxence Prosper,PF
03/13/2026,DET,Marcus Sasser,PG
03/13/2026,DET,Cade Cunningham,PG
03/13/2026,DET,Duncan Robinson,SG
03/13/2026,DET,Javonte Green,SG
03/13/2026,DET,Jalen Duren,C
03/13/2026,PHO,Collin Gillespie,PG
03/13/2026,PHO,Devin Booker,SG
03/13/2026,PHO,Jalen Green,SG
03/13/2026,PHO,Royce O'Neale,PF
03/13/2026,PHO,Oso Ighodaro,PF
03/13/2026,TOR,Immanuel Quickley,PG
03/13/2026,TOR,RJ Barrett,SG
03/13/2026,TOR,Scottie Barnes,SF
03/13/2026,TOR,Brandon Ingram,SF
03/13/2026,TOR,Jakob Poeltl,C
03/13/2026,CLE,Donovan Mitchell,SG
03/13/2026,CLE,James Harden,SG
03/13/2026,CLE,Keon Ellis,SG
03/13/2026,CLE,Evan Mobley,PF
03/13/2026,CLE,Dean Wade,PF
03/13/2026,DAL,Tyus Jones,PG
03/13/2026,DAL,Ryan Nembhard,PG
03/13/2026,DAL,Max Christie,SG
03/13/2026,DAL,Naji Marshall,SF
03/13/2026,DAL,Cooper Flagg,PF
03/13/2026,NOP,Dejounte Murray,SG
03/13/2026,NOP,Trey Murphy III,SF
03/13/2026,NOP,Herbert Jones,SF
03/13/2026,NOP,Zion Williamson,PF
03/13/2026,NOP,Saddiq Bey,PF
03/13/2026,HOU,Amen Thompson,SG
03/13/2026,HOU,Tari Eason,SF
03/13/2026,HOU,Jabari Smith Jr.,PF
03/13/2026,HOU,Kevin Durant,PF
03/13/2026,HOU,Dorian Finney-Smith,PF
03/13/2026,UTA,Isaiah Collier,PG
03/13/2026,UTA,Ace Bailey,SF
03/13/2026,UTA,Cody Williams,SF
03/13/2026,UTA,Brice Sensabaugh,SF
03/13/2026,UTA,Kyle Filipowski,C
03/13/2026,POR,Jrue Holiday,PG
03/13/2026,POR,Deni Avdija,SF
03/13/2026,POR,Toumani Camara,SF
03/13/2026,POR,Jerami Grant,PF
03/13/2026,POR,Donovan Clingan,C
03/13/2026,MIN,Anthony Edwards,SG
03/13/2026,MIN,Donte DiVincenzo,SG
03/13/2026,MIN,Jaden McDaniels,PF
03/13/2026,MIN,Julius Randle,PF
03/13/2026,MIN,Rudy Gobert,C
03/13/2026,GSW,Brandin Podziemski,SG
03/13/2026,GSW,De'Anthony Melton,SG
03/13/2026,GSW,Gui Santos,SF
03/13/2026,GSW,Al Horford,C
03/13/2026,GSW,Kristaps Porzingis,C
03/13/2026,CHI,Tre Jones,PG
03/13/2026,CHI,Josh Giddey,SG
03/13/2026,CHI,Matas Buzelis,SF
03/13/2026,CHI,Leonard Miller,PF
03/13/2026,CHI,Nick Richards,C
03/13/2026,LAC,Kris Dunn,PG
03/13/2026,LAC,Kobe Sanders,SG
03/13/2026,LAC,Kawhi Leonard,SF
03/13/2026,LAC,Derrick Jones Jr.,SF
03/13/2026,LAC,Brook Lopez,C
03/14/2026,BRK,Nolan Traore,PG
03/14/2026,BRK,Terance Mann,PG
03/14/2026,BRK,Ziaire Williams,SF
03/14/2026,BRK,Noah Clowney,PF
03/14/2026,BRK,Danny Wolf,C
03/14/2026,PHI,Quentin Grimes,SG
03/14/2026,PHI,VJ Edgecombe,SG
03/14/2026,PHI,Justin Edwards,SF
03/14/2026,PHI,Dominick Barlow,PF
03/14/2026,PHI,Adem Bona,C
03/14/2026,MIL,Kevin Porter Jr.,PG
03/14/2026,MIL,Ryan Rollins,SG
03/14/2026,MIL,Kyle Kuzma,PF
03/14/2026,MIL,Myles Turner,C
03/14/2026,MIL,Jericho Sims,C
03/14/2026,ATL,CJ McCollum,PG
03/14/2026,ATL,Dyson Daniels,PG
03/14/2026,ATL,Nickeil Alexander-Walker,SG
03/14/2026,ATL,Jalen Johnson,PF
03/14/2026,ATL,Onyeka Okongwu,C
03/14/2026,CHO,LaMelo Ball,PG
03/14/2026,CHO,Kon Knueppel,SG
03/14/2026,CHO,Miles Bridges,SF
03/14/2026,CHO,Brandon Miller,SF
03/14/2026,CHO,Moussa Diabate,PF
03/14/2026,SAS,De'Aaron Fox,PG
03/14/2026,SAS,Devin Vassell,SG
03/14/2026,SAS,Stephon Castle,SG
03/14/2026,SAS,Julian Champagnie,SF
03/14/2026,SAS,Victor Wembanyama,PF
03/14/2026,WAS,Trae Young,PG
03/14/2026,WAS,Tre Johnson,SG
03/14/2026,WAS,Bilal Coulibaly,SG
03/14/2026,WAS,Will Riley,SF
03/14/2026,WAS,Alexandre Sarr,PF
03/14/2026,BOS,Jaylen Brown,SG
03/14/2026,BOS,Derrick White,SG
03/14/2026,BOS,Sam Hauser,SF
03/14/2026,BOS,Jayson Tatum,SF
03/14/2026,BOS,Neemias Queta,C
03/14/2026,ORL,Desmond Bane,SG
03/14/2026,ORL,Jalen Suggs,SG
03/14/2026,ORL,Paolo Banchero,PF
03/14/2026,ORL,Tristan da Silva,PF
03/14/2026,ORL,Wendell Carter Jr.,C
03/14/2026,MIA,Davion Mitchell,PG
03/14/2026,MIA,Pelle Larsson,SG
03/14/2026,MIA,Tyler Herro,SG
03/14/2026,MIA,Kel'el Ware,C
03/14/2026,MIA,Bam Adebayo,C
03/14/2026,DEN,Jamal Murray,PG
03/14/2026,DEN,Christian Braun,SG
03/14/2026,DEN,Cameron Johnson,PF
03/14/2026,DEN,Aaron Gordon,PF
03/14/2026,DEN,Nikola Jokic,C
03/14/2026,LAL,Marcus Smart,PG
03/14/2026,LAL,Luka Doncic,PG
03/14/2026,LAL,Austin Reaves,SG
03/14/2026,LAL,LeBron James,SF
03/14/2026,LAL,Deandre Ayton,C
03/14/2026,SAC,Russell Westbrook,PG
03/14/2026,SAC,DeMar DeRozan,SF
03/14/2026,SAC,Nique Clifford,SF
03/14/2026,SAC,Precious Achiuwa,PF
03/14/2026,SAC,Maxime Raynaud,C
03/14/2026,LAC,Kris Dunn,PG
03/14/2026,LAC,Darius Garland,PG
03/14/2026,LAC,Derrick Jones Jr.,SF
03/14/2026,LAC,Kawhi Leonard,SF
03/14/2026,LAC,Brook Lopez,C
03/15/2026,MIN,Donte DiVincenzo,SG
03/15/2026,MIN,Anthony Edwards,SG
03/15/2026,MIN,Julius Randle,PF
03/15/2026,MIN,Jaden McDaniels,PF
03/15/2026,MIN,Rudy Gobert,C
03/15/2026,OKC,Shai Gilgeous-Alexander,PG
03/15/2026,OKC,Ajay Mitchell,PG
03/15/2026,OKC,Luguentz Dort,SF
03/15/2026,OKC,Chet Holmgren,C
03/15/2026,OKC,Isaiah Hartenstein,C
03/15/2026,DET,Cade Cunningham,PG
03/15/2026,DET,Ausar Thompson,SG
03/15/2026,DET,Duncan Robinson,SG
03/15/2026,DET,Tobias Harris,SF
03/15/2026,DET,Jalen Duren,C
03/15/2026,TOR,Immanuel Quickley,PG
03/15/2026,TOR,RJ Barrett,SG
03/15/2026,TOR,Brandon Ingram,SF
03/15/2026,TOR,Scottie Barnes,SF
03/15/2026,TOR,Jakob Poeltl,C
03/15/2026,IND,T.J. McConnell,PG
03/15/2026,IND,Jarace Walker,PF
03/15/2026,IND,Jalen Slawson,PF
03/15/2026,IND,Aaron Nesmith,PF
03/15/2026,IND,Ivica Zubac,C
03/15/2026,MIL,AJ Green,SG
03/15/2026,MIL,Ryan Rollins,SG
03/15/2026,MIL,Giannis Antetokounmpo,PF
03/15/2026,MIL,Kyle Kuzma,PF
03/15/2026,MIL,Myles Turner,C
03/15/2026,DAL,Tyus Jones,PG
03/15/2026,DAL,Ryan Nembhard,PG
03/15/2026,DAL,Max Christie,SG
03/15/2026,DAL,Naji Marshall,SF
03/15/2026,DAL,Cooper Flagg,PF
03/15/2026,CLE,Keon Ellis,SG
03/15/2026,CLE,James Harden,SG
03/15/2026,CLE,Donovan Mitchell,SG
03/15/2026,CLE,Dean Wade,PF
03/15/2026,CLE,Evan Mobley,PF
03/15/2026,POR,Jrue Holiday,PG
03/15/2026,POR,Toumani Camara,SF
03/15/2026,POR,Deni Avdija,SF
03/15/2026,POR,Jerami Grant,PF
03/15/2026,POR,Donovan Clingan,C
03/15/2026,PHI,Quentin Grimes,SG
03/15/2026,PHI,VJ Edgecombe,SG
03/15/2026,PHI,Justin Edwards,SF
03/15/2026,PHI,Dominick Barlow,PF
03/15/2026,PHI,Adem Bona,C
03/15/2026,GSW,Brandin Podziemski,SG
03/15/2026,GSW,Will Richard,SG
03/15/2026,GSW,Gui Santos,SF
03/15/2026,GSW,Malevy Leons,PF
03/15/2026,GSW,Quinten Post,C
03/15/2026,NYK,Jalen Brunson,PG
03/15/2026,NYK,Mikal Bridges,SF
03/15/2026,NYK,OG Anunoby,SF
03/15/2026,NYK,Josh Hart,SF
03/15/2026,NYK,Karl-Anthony Towns,PF
03/15/2026,UTA,Elijah Harkless,PG
03/15/2026,UTA,Isaiah Collier,PG
03/15/2026,UTA,Cody Williams,SF
03/15/2026,UTA,Brice Sensabaugh,SF
03/15/2026,UTA,Andersson Garcia,PF
03/15/2026,SAC,Killian Hayes,PG
03/15/2026,SAC,DeMar DeRozan,SF
03/15/2026,SAC,Nique Clifford,SF
03/15/2026,SAC,Precious Achiuwa,PF
03/15/2026,SAC,Maxime Raynaud,C
03/16/2026,ORL,Desmond Bane,SG
03/16/2026,ORL,Jalen Suggs,SG
03/16/2026,ORL,Tristan da Silva,PF
03/16/2026,ORL,Paolo Banchero,PF
03/16/2026,ORL,Wendell Carter Jr.,C
03/16/2026,ATL,Dyson Daniels,PG
03/16/2026,ATL,CJ McCollum,PG
03/16/2026,ATL,Nickeil Alexander-Walker,SG
03/16/2026,ATL,Jalen Johnson,PF
03/16/2026,ATL,Onyeka Okongwu,C
03/16/2026,GSW,Brandin Podziemski,SG
03/16/2026,GSW,Will Richard,SG
03/16/2026,GSW,De'Anthony Melton,SG
03/16/2026,GSW,Gui Santos,SF
03/16/2026,GSW,Draymond Green,PF
03/16/2026,WAS,Trae Young,PG
03/16/2026,WAS,Tre Johnson,SG
03/16/2026,WAS,Bilal Coulibaly,SG
03/16/2026,WAS,Will Riley,SF
03/16/2026,WAS,Julian Reese,PF
03/16/2026,POR,Jrue Holiday,PG
03/16/2026,POR,Deni Avdija,SF
03/16/2026,POR,Toumani Camara,SF
03/16/2026,POR,Jerami Grant,PF
03/16/2026,POR,Donovan Clingan,C
03/16/2026,BRK,Nolan Traore,PG
03/16/2026,BRK,Drake Powell,SG
03/16/2026,BRK,Ziaire Williams,SF
03/16/2026,BRK,Nicolas Claxton,C
03/16/2026,BRK,Danny Wolf,C
03/16/2026,PHO,Collin Gillespie,PG
03/16/2026,PHO,Jalen Green,SG
03/16/2026,PHO,Devin Booker,SG
03/16/2026,PHO,Royce O'Neale,PF
03/16/2026,PHO,Oso Ighodaro,PF
03/16/2026,BOS,Derrick White,SG
03/16/2026,BOS,Jaylen Brown,SG
03/16/2026,BOS,Jayson Tatum,SF
03/16/2026,BOS,Sam Hauser,SF
03/16/2026,BOS,Neemias Queta,C
03/16/2026,MEM,Walter Clayton Jr.,PG
03/16/2026,MEM,Cedric Coward,SG
03/16/2026,MEM,Rayan Rupert,SG
03/16/2026,MEM,Jaylen Wells,SF
03/16/2026,MEM,Olivier-Maxence Prosper,PF
03/16/2026,CHI,Tre Jones,PG
03/16/2026,CHI,Josh Giddey,SG
03/16/2026,CHI,Matas Buzelis,SF
03/16/2026,CHI,Leonard Miller,PF
03/16/2026,CHI,Jalen Smith,PF
03/16/2026,DAL,Ryan Nembhard,PG
03/16/2026,DAL,Max Christie,SG
03/16/2026,DAL,Naji Marshall,SF
03/16/2026,DAL,Cooper Flagg,PF
03/16/2026,DAL,P.J. Washington,PF
03/16/2026,NOP,Herbert Jones,SF
03/16/2026,NOP,Trey Murphy III,SF
03/16/2026,NOP,Saddiq Bey,PF
03/16/2026,NOP,Zion Williamson,PF
03/16/2026,NOP,Yves Missi,C
03/16/2026,LAL,Marcus Smart,PG
03/16/2026,LAL,Luka Doncic,PG
03/16/2026,LAL,Austin Reaves,SG
03/16/2026,LAL,LeBron James,SF
03/16/2026,LAL,Deandre Ayton,C
03/16/2026,HOU,Amen Thompson,SG
03/16/2026,HOU,Tari Eason,SF
03/16/2026,HOU,Kevin Durant,PF
03/16/2026,HOU,Jabari Smith Jr.,PF
03/16/2026,HOU,Clint Capela,C
03/16/2026,SAS,De'Aaron Fox,PG
03/16/2026,SAS,Devin Vassell,SG
03/16/2026,SAS,Stephon Castle,SG
03/16/2026,SAS,Julian Champagnie,SF
03/16/2026,SAS,Victor Wembanyama,PF
03/16/2026,LAC,Darius Garland,PG
03/16/2026,LAC,Kris Dunn,PG
03/16/2026,LAC,Derrick Jones Jr.,SF
03/16/2026,LAC,John Collins,PF
03/16/2026,LAC,Brook Lopez,C
03/17/2026,MIA,Davion Mitchell,PG
03/17/2026,MIA,Tyler Herro,SG
03/17/2026,MIA,Norman Powell,SG
03/17/2026,MIA,Pelle Larsson,SG
03/17/2026,MIA,Kel'el Ware,C
03/17/2026,CHO,LaMelo Ball,PG
03/17/2026,CHO,Kon Knueppel,SG
03/17/2026,CHO,Brandon Miller,SF
03/17/2026,CHO,Miles Bridges,SF
03/17/2026,CHO,Moussa Diabate,PF
03/17/2026,DET,Cade Cunningham,PG
03/17/2026,DET,Ausar Thompson,SG
03/17/2026,DET,Duncan Robinson,SG
03/17/2026,DET,Tobias Harris,SF
03/17/2026,DET,Jalen Duren,C
03/17/2026,WAS,Bub Carrington,PG
03/17/2026,WAS,Tre Johnson,SG
03/17/2026,WAS,Justin Champagnie,SG
03/17/2026,WAS,Will Riley,SF
03/17/2026,WAS,Anthony Gill,PF
03/17/2026,OKC,Shai Gilgeous-Alexander,PG
03/17/2026,OKC,Ajay Mitchell,PG
03/17/2026,OKC,Luguentz Dort,SF
03/17/2026,OKC,Isaiah Hartenstein,C
03/17/2026,OKC,Chet Holmgren,C
03/17/2026,ORL,Jalen Suggs,SG
03/17/2026,ORL,Desmond Bane,SG
03/17/2026,ORL,Paolo Banchero,PF
03/17/2026,ORL,Tristan da Silva,PF
03/17/2026,ORL,Wendell Carter Jr.,C
03/17/2026,IND,T.J. McConnell,PG
03/17/2026,IND,Jarace Walker,PF
03/17/2026,IND,Kobe Brown,PF
03/17/2026,IND,Aaron Nesmith,PF
03/17/2026,IND,Ivica Zubac,C
03/17/2026,NYK,Jose Alvarado,PG
03/17/2026,NYK,OG Anunoby,SF
03/17/2026,NYK,Josh Hart,SF
03/17/2026,NYK,Mikal Bridges,SF
03/17/2026,NYK,Karl-Anthony Towns,PF
03/17/2026,PHO,Collin Gillespie,PG
03/17/2026,PHO,Devin Booker,SG
03/17/2026,PHO,Jalen Green,SG
03/17/2026,PHO,Royce O'Neale,PF
03/17/2026,PHO,Oso Ighodaro,PF
03/17/2026,MIN,Ayo Dosunmu,PG
03/17/2026,MIN,Donte DiVincenzo,SG
03/17/2026,MIN,Jaden McDaniels,PF
03/17/2026,MIN,Julius Randle,PF
03/17/2026,MIN,Rudy Gobert,C
03/17/2026,CLE,James Harden,SG
03/17/2026,CLE,Donovan Mitchell,SG
03/17/2026,CLE,Sam Merrill,SG
03/17/2026,CLE,Evan Mobley,PF
03/17/2026,CLE,Dean Wade,PF
03/17/2026,MIL,Kevin Porter Jr.,PG
03/17/2026,MIL,Ryan Rollins,SG
03/17/2026,MIL,Taurean Prince,SF
03/17/2026,MIL,Kyle Kuzma,PF
03/17/2026,MIL,Jericho Sims,C
03/17/2026,PHI,Quentin Grimes,SG
03/17/2026,PHI,VJ Edgecombe,SG
03/17/2026,PHI,Justin Edwards,SF
03/17/2026,PHI,Dominick Barlow,PF
03/17/2026,PHI,Adem Bona,C
03/17/2026,DEN,Jamal Murray,PG
03/17/2026,DEN,Christian Braun,SG
03/17/2026,DEN,Aaron Gordon,PF
03/17/2026,DEN,Cameron Johnson,PF
03/17/2026,DEN,Nikola Jokic,C
03/17/2026,SAS,De'Aaron Fox,PG
03/17/2026,SAS,Stephon Castle,SG
03/17/2026,SAS,Julian Champagnie,SF
03/17/2026,SAS,Harrison Barnes,SF
03/17/2026,SAS,Victor Wembanyama,PF
03/17/2026,SAC,Russell Westbrook,PG
03/17/2026,SAC,DeMar DeRozan,SF
03/17/2026,SAC,Nique Clifford,SF
03/17/2026,SAC,Precious Achiuwa,PF
03/17/2026,SAC,Maxime Raynaud,C
03/18/2026,GSW,Brandin Podziemski,SG
03/18/2026,GSW,De'Anthony Melton,SG
03/18/2026,GSW,Gui Santos,SF
03/18/2026,GSW,Draymond Green,PF
03/18/2026,GSW,Kristaps Porzingis,C
03/18/2026,BOS,Jaylen Brown,SG
03/18/2026,BOS,Derrick White,SG
03/18/2026,BOS,Jayson Tatum,SF
03/18/2026,BOS,Sam Hauser,SF
03/18/2026,BOS,Neemias Queta,C
03/18/2026,OKC,Ajay Mitchell,PG
03/18/2026,OKC,Cason Wallace,PG
03/18/2026,OKC,Shai Gilgeous-Alexander,PG
03/18/2026,OKC,Aaron Wiggins,SG
03/18/2026,OKC,Chet Holmgren,C
03/18/2026,BRK,Nolan Traore,PG
03/18/2026,BRK,Drake Powell,SG
03/18/2026,BRK,Noah Clowney,PF
03/18/2026,BRK,Nicolas Claxton,C
03/18/2026,BRK,Danny Wolf,C
03/18/2026,POR,Jrue Holiday,PG
03/18/2026,POR,Toumani Camara,SF
03/18/2026,POR,Deni Avdija,SF
03/18/2026,POR,Jerami Grant,PF
03/18/2026,POR,Donovan Clingan,C
03/18/2026,IND,T.J. McConnell,PG
03/18/2026,IND,Aaron Nesmith,PF
03/18/2026,IND,Jalen Slawson,PF
03/18/2026,IND,Jarace Walker,PF
03/18/2026,IND,Ivica Zubac,C
03/18/2026,TOR,Immanuel Quickley,PG
03/18/2026,TOR,RJ Barrett,SG
03/18/2026,TOR,Brandon Ingram,SF
03/18/2026,TOR,Scottie Barnes,SF
03/18/2026,TOR,Jakob Poeltl,C
03/18/2026,CHI,Tre Jones,PG
03/18/2026,CHI,Josh Giddey,SG
03/18/2026,CHI,Matas Buzelis,SF
03/18/2026,CHI,Jalen Smith,PF
03/18/2026,CHI,Leonard Miller,PF
03/18/2026,UTA,Isaiah Collier,PG
03/18/2026,UTA,Ace Bailey,SF
03/18/2026,UTA,Cody Williams,SF
03/18/2026,UTA,Brice Sensabaugh,SF
03/18/2026,UTA,Kyle Filipowski,C
03/18/2026,MIN,Ayo Dosunmu,PG
03/18/2026,MIN,Donte DiVincenzo,SG
03/18/2026,MIN,Julius Randle,PF
03/18/2026,MIN,Jaden McDaniels,PF
03/18/2026,MIN,Rudy Gobert,C
03/18/2026,LAC,Darius Garland,PG
03/18/2026,LAC,Derrick Jones Jr.,SF
03/18/2026,LAC,Kawhi Leonard,SF
03/18/2026,LAC,John Collins,PF
03/18/2026,LAC,Brook Lopez,C
03/18/2026,NOP,Dejounte Murray,SG
03/18/2026,NOP,Trey Murphy III,SF
03/18/2026,NOP,Herbert Jones,SF
03/18/2026,NOP,Zion Williamson,PF
03/18/2026,NOP,Saddiq Bey,PF
03/18/2026,ATL,CJ McCollum,PG
03/18/2026,ATL,Dyson Daniels,PG
03/18/2026,ATL,Nickeil Alexander-Walker,SG
03/18/2026,ATL,Jalen Johnson,PF
03/18/2026,ATL,Onyeka Okongwu,C
03/18/2026,DAL,Ryan Nembhard,PG
03/18/2026,DAL,Max Christie,SG
03/18/2026,DAL,Naji Marshall,SF
03/18/2026,DAL,Cooper Flagg,PF
03/18/2026,DAL,P.J. Washington,PF
03/18/2026,DEN,Jamal Murray,PG
03/18/2026,DEN,Christian Braun,SG
03/18/2026,DEN,Spencer Jones,PF
03/18/2026,DEN,Cameron Johnson,PF
03/18/2026,DEN,Nikola Jokic,C
03/18/2026,MEM,Ty Jerome,PG
03/18/2026,MEM,Cedric Coward,SG
03/18/2026,MEM,Jaylen Wells,SF
03/18/2026,MEM,Olivier-Maxence Prosper,PF
03/18/2026,MEM,GG Jackson II,PF
03/18/2026,LAL,Marcus Smart,PG
03/18/2026,LAL,Luka Doncic,PG
03/18/2026,LAL,Austin Reaves,SG
03/18/2026,LAL,LeBron James,SF
03/18/2026,LAL,Deandre Ayton,C
03/18/2026,HOU,Amen Thompson,SG
03/18/2026,HOU,Tari Eason,SF
03/18/2026,HOU,Kevin Durant,PF
03/18/2026,HOU,Jabari Smith Jr.,PF
03/18/2026,HOU,Alperen Sengun,C
03/19/2026,DET,Daniss Jenkins,PG
03/19/2026,DET,Ausar Thompson,SG
03/19/2026,DET,Duncan Robinson,SG
03/19/2026,DET,Tobias Harris,SF
03/19/2026,DET,Jalen Duren,C
03/19/2026,WAS,Sharife Cooper,PG
03/19/2026,WAS,Bub Carrington,PG
03/19/2026,WAS,Tre Johnson,SG
03/19/2026,WAS,Will Riley,SF
03/19/2026,WAS,Alexandre Sarr,PF
03/19/2026,ORL,Jalen Suggs,SG
03/19/2026,ORL,Desmond Bane,SG
03/19/2026,ORL,Paolo Banchero,PF
03/19/2026,ORL,Tristan da Silva,PF
03/19/2026,ORL,Goga Bitadze,C
03/19/2026,CHO,LaMelo Ball,PG
03/19/2026,CHO,Kon Knueppel,SG
03/19/2026,CHO,Miles Bridges,SF
03/19/2026,CHO,Brandon Miller,SF
03/19/2026,CHO,Moussa Diabate,PF
03/19/2026,LAL,Luka Doncic,PG
03/19/2026,LAL,Marcus Smart,PG
03/19/2026,LAL,Austin Reaves,SG
03/19/2026,LAL,LeBron James,SF
03/19/2026,LAL,Deandre Ayton,C
03/19/2026,MIA,Davion Mitchell,PG
03/19/2026,MIA,Pelle Larsson,SG
03/19/2026,MIA,Tyler Herro,SG
03/19/2026,MIA,Simone Fontecchio,SF
03/19/2026,MIA,Bam Adebayo,C
03/19/2026,CLE,James Harden,SG
03/19/2026,CLE,Sam Merrill,SG
03/19/2026,CLE,Jaylon Tyson,SF
03/19/2026,CLE,Evan Mobley,PF
03/19/2026,CLE,Dean Wade,PF
03/19/2026,CHI,Collin Sexton,PG
03/19/2026,CHI,Tre Jones,PG
03/19/2026,CHI,Josh Giddey,SG
03/19/2026,CHI,Matas Buzelis,SF
03/19/2026,CHI,Nick Richards,C
03/19/2026,LAC,Kris Dunn,PG
03/19/2026,LAC,Derrick Jones Jr.,SF
03/19/2026,LAC,Jordan Miller,SF
03/19/2026,LAC,John Collins,PF
03/19/2026,LAC,Brook Lopez,C
03/19/2026,NOP,Trey Murphy III,SF
03/19/2026,NOP,Herbert Jones,SF
03/19/2026,NOP,Zion Williamson,PF
03/19/2026,NOP,Saddiq Bey,PF
03/19/2026,NOP,Yves Missi,C
03/19/2026,PHO,Jordan Goodwin,PG
03/19/2026,PHO,Collin Gillespie,PG
03/19/2026,PHO,Devin Booker,SG
03/19/2026,PHO,Jalen Green,SG
03/19/2026,PHO,Oso Ighodaro,PF
03/19/2026,SAS,De'Aaron Fox,PG
03/19/2026,SAS,Devin Vassell,SG
03/19/2026,SAS,Harrison Barnes,SF
03/19/2026,SAS,Julian Champagnie,SF
03/19/2026,SAS,Victor Wembanyama,PF
03/19/2026,MIL,AJ Green,SG
03/19/2026,MIL,Ryan Rollins,SG
03/19/2026,MIL,Ousmane Dieng,SF
03/19/2026,MIL,Kyle Kuzma,PF
03/19/2026,MIL,Myles Turner,C
03/19/2026,UTA,Elijah Harkless,PG
03/19/2026,UTA,Ace Bailey,SF
03/19/2026,UTA,Cody Williams,SF
03/19/2026,UTA,Andersson Garcia,PF
03/19/2026,UTA,Kyle Filipowski,C
03/19/2026,PHI,Quentin Grimes,SG
03/19/2026,PHI,VJ Edgecombe,SG
03/19/2026,PHI,Justin Edwards,SF
03/19/2026,PHI,Dominick Barlow,PF
03/19/2026,PHI,Adem Bona,C
03/19/2026,SAC,Russell Westbrook,PG
03/19/2026,SAC,Daeqwon Plowden,SF
03/19/2026,SAC,DeMar DeRozan,SF
03/19/2026,SAC,Precious Achiuwa,PF
03/19/2026,SAC,Maxime Raynaud,C
03/20/2026,NYK,Jalen Brunson,PG
03/20/2026,NYK,Landry Shamet,SG
03/20/2026,NYK,Mikal Bridges,SF
03/20/2026,NYK,OG Anunoby,SF
03/20/2026,NYK,Karl-Anthony Towns,PF
03/20/2026,BRK,Nolan Traore,PG
03/20/2026,BRK,Drake Powell,SG
03/20/2026,BRK,Ziaire Williams,SF
03/20/2026,BRK,Danny Wolf,C
03/20/2026,BRK,Nicolas Claxton,C
03/20/2026,GSW,Brandin Podziemski,SG
03/20/2026,GSW,De'Anthony Melton,SG
03/20/2026,GSW,Gui Santos,SF
03/20/2026,GSW,Draymond Green,PF
03/20/2026,GSW,Kristaps Porzingis,C
03/20/2026,DET,Daniss Jenkins,PG
03/20/2026,DET,Duncan Robinson,SG
03/20/2026,DET,Ausar Thompson,SG
03/20/2026,DET,Tobias Harris,SF
03/20/2026,DET,Jalen Duren,C
03/20/2026,ATL,Dyson Daniels,PG
03/20/2026,ATL,CJ McCollum,PG
03/20/2026,ATL,Nickeil Alexander-Walker,SG
03/20/2026,ATL,Jalen Johnson,PF
03/20/2026,ATL,Onyeka Okongwu,C
03/20/2026,HOU,Reed Sheppard,PG
03/20/2026,HOU,Amen Thompson,SG
03/20/2026,HOU,Kevin Durant,PF
03/20/2026,HOU,Jabari Smith Jr.,PF
03/20/2026,HOU,Alperen Sengun,C
03/20/2026,BOS,Jaylen Brown,SG
03/20/2026,BOS,Derrick White,SG
03/20/2026,BOS,Jayson Tatum,SF
03/20/2026,BOS,Sam Hauser,SF
03/20/2026,BOS,Neemias Queta,C
03/20/2026,MEM,Ty Jerome,PG
03/20/2026,MEM,Javon Small,SG
03/20/2026,MEM,Jaylen Wells,SF
03/20/2026,MEM,Olivier-Maxence Prosper,PF
03/20/2026,MEM,Taylor Hendricks,PF
03/20/2026,POR,Jrue Holiday,PG
03/20/2026,POR,Deni Avdija,SF
03/20/2026,POR,Toumani Camara,SF
03/20/2026,POR,Jerami Grant,PF
03/20/2026,POR,Donovan Clingan,C
03/20/2026,MIN,Ayo Dosunmu,PG
03/20/2026,MIN,Donte DiVincenzo,SG
03/20/2026,MIN,Jaden McDaniels,PF
03/20/2026,MIN,Julius Randle,PF
03/20/2026,MIN,Rudy Gobert,C
03/20/2026,TOR,Immanuel Quickley,PG
03/20/2026,TOR,RJ Barrett,SG
03/20/2026,TOR,Brandon Ingram,SF
03/20/2026,TOR,Scottie Barnes,SF
03/20/2026,TOR,Jakob Poeltl,C
03/20/2026,DEN,Jamal Murray,PG
03/20/2026,DEN,Christian Braun,SG
03/20/2026,DEN,Aaron Gordon,PF
03/20/2026,DEN,Cameron Johnson,PF
03/20/2026,DEN,Nikola Jokic,C
03/21/2026,OKC,Shai Gilgeous-Alexander,PG
03/21/2026,OKC,Cason Wallace,PG
03/21/2026,OKC,Ajay Mitchell,PG
03/21/2026,OKC,Chet Holmgren,C
03/21/2026,OKC,Isaiah Hartenstein,C
03/21/2026,WAS,Bub Carrington,PG
03/21/2026,WAS,Justin Champagnie,SG
03/21/2026,WAS,Bilal Coulibaly,SG
03/21/2026,WAS,Will Riley,SF
03/21/2026,WAS,Alexandre Sarr,PF
03/21/2026,MEM,Walter Clayton Jr.,PG
03/21/2026,MEM,Javon Small,SG
03/21/2026,MEM,Jaylen Wells,SF
03/21/2026,MEM,Olivier-Maxence Prosper,PF
03/21/2026,MEM,GG Jackson II,PF
03/21/2026,CHO,LaMelo Ball,PG
03/21/2026,CHO,Kon Knueppel,SG
03/21/2026,CHO,Brandon Miller,SF
03/21/2026,CHO,Miles Bridges,SF
03/21/2026,CHO,Moussa Diabate,PF
03/21/2026,LAL,Marcus Smart,PG
03/21/2026,LAL,Luka Doncic,PG
03/21/2026,LAL,Austin Reaves,SG
03/21/2026,LAL,LeBron James,SF
03/21/2026,LAL,Deandre Ayton,C
03/21/2026,ORL,Desmond Bane,SG
03/21/2026,ORL,Jalen Suggs,SG
03/21/2026,ORL,Paolo Banchero,PF
03/21/2026,ORL,Tristan da Silva,PF
03/21/2026,ORL,Wendell Carter Jr.,C
03/21/2026,CLE,Sam Merrill,SG
03/21/2026,CLE,Donovan Mitchell,SG
03/21/2026,CLE,James Harden,SG
03/21/2026,CLE,Evan Mobley,PF
03/21/2026,CLE,Dean Wade,PF
03/21/2026,NOP,Dejounte Murray,SG
03/21/2026,NOP,Trey Murphy III,SF
03/21/2026,NOP,Herbert Jones,SF
03/21/2026,NOP,Saddiq Bey,PF
03/21/2026,NOP,Zion Williamson,PF
03/21/2026,GSW,Brandin Podziemski,SG
03/21/2026,GSW,De'Anthony Melton,SG
03/21/2026,GSW,Gui Santos,SF
03/21/2026,GSW,Draymond Green,PF
03/21/2026,GSW,Quinten Post,C
03/21/2026,ATL,Dyson Daniels,PG
03/21/2026,ATL,CJ McCollum,PG
03/21/2026,ATL,Nickeil Alexander-Walker,SG
03/21/2026,ATL,Mouhamed Gueye,PF
03/21/2026,ATL,Onyeka Okongwu,C
03/21/2026,MIA,Davion Mitchell,PG
03/21/2026,MIA,Tyler Herro,SG
03/21/2026,MIA,Pelle Larsson,SG
03/21/2026,MIA,Simone Fontecchio,SF
03/21/2026,MIA,Bam Adebayo,C
03/21/2026,HOU,Reed Sheppard,PG
03/21/2026,HOU,Amen Thompson,SG
03/21/2026,HOU,Jabari Smith Jr.,PF
03/21/2026,HOU,Kevin Durant,PF
03/21/2026,HOU,Alperen Sengun,C
03/21/2026,IND,Andrew Nembhard,PG
03/21/2026,IND,Quenton Jackson,SG
03/21/2026,IND,Aaron Nesmith,PF
03/21/2026,IND,Pascal Siakam,PF
03/21/2026,IND,Jarace Walker,PF
03/21/2026,SAS,De'Aaron Fox,PG
03/21/2026,SAS,Dylan Harper,PG
03/21/2026,SAS,Julian Champagnie,SF
03/21/2026,SAS,Harrison Barnes,SF
03/21/2026,SAS,Victor Wembanyama,PF
03/21/2026,LAC,Darius Garland,PG
03/21/2026,LAC,Derrick Jones Jr.,SF
03/21/2026,LAC,Kawhi Leonard,SF
03/21/2026,LAC,John Collins,PF
03/21/2026,LAC,Brook Lopez,C
03/21/2026,DAL,Max Christie,SG
03/21/2026,DAL,Naji Marshall,SF
03/21/2026,DAL,P.J. Washington,PF
03/21/2026,DAL,Cooper Flagg,PF
03/21/2026,DAL,Daniel Gafford,C
03/21/2026,PHI,VJ Edgecombe,SG
03/21/2026,PHI,Quentin Grimes,SG
03/21/2026,PHI,Justin Edwards,SF
03/21/2026,PHI,Dominick Barlow,PF
03/21/2026,PHI,Adem Bona,C
03/21/2026,UTA,Elijah Harkless,PG
03/21/2026,UTA,Bez Mbeng,PG
03/21/2026,UTA,Cody Williams,SF
03/21/2026,UTA,Ace Bailey,SF
03/21/2026,UTA,Andersson Garcia,PF
03/21/2026,MIL,Ryan Rollins,SG
03/21/2026,MIL,Ousmane Dieng,SF
03/21/2026,MIL,Taurean Prince,SF
03/21/2026,MIL,Kyle Kuzma,PF
03/21/2026,MIL,Myles Turner,C
03/21/2026,PHO,Collin Gillespie,PG
03/21/2026,PHO,Jordan Goodwin,PG
03/21/2026,PHO,Devin Booker,SG
03/21/2026,PHO,Jalen Green,SG
03/21/2026,PHO,Oso Ighodaro,PF
03/22/2026,POR,Jrue Holiday,PG
03/22/2026,POR,Toumani Camara,SF
03/22/2026,POR,Deni Avdija,SF
03/22/2026,POR,Sidy Cissoko,SF
03/22/2026,POR,Donovan Clingan,C
03/22/2026,DEN,Jamal Murray,PG
03/22/2026,DEN,Christian Braun,SG
03/22/2026,DEN,Cameron Johnson,PF
03/22/2026,DEN,Aaron Gordon,PF
03/22/2026,DEN,Nikola Jokic,C
03/22/2026,BRK,Nolan Traore,PG
03/22/2026,BRK,Terance Mann,PG
03/22/2026,BRK,Drake Powell,SG
03/22/2026,BRK,Ziaire Williams,SF
03/22/2026,BRK,Danny Wolf,C
03/22/2026,SAC,Killian Hayes,PG
03/22/2026,SAC,Nique Clifford,SF
03/22/2026,SAC,DeMar DeRozan,SF
03/22/2026,SAC,Precious Achiuwa,PF
03/22/2026,SAC,Maxime Raynaud,C
03/22/2026,WAS,Bub Carrington,PG
03/22/2026,WAS,Jamir Watkins,SG
03/22/2026,WAS,Bilal Coulibaly,SG
03/22/2026,WAS,Will Riley,SF
03/22/2026,WAS,Tristan Vukcevic,PF
03/22/2026,NYK,Jalen Brunson,PG
03/22/2026,NYK,OG Anunoby,SF
03/22/2026,NYK,Josh Hart,SF
03/22/2026,NYK,Mikal Bridges,SF
03/22/2026,NYK,Karl-Anthony Towns,PF
03/22/2026,MIN,Ayo Dosunmu,PG
03/22/2026,MIN,Donte DiVincenzo,SG
03/22/2026,MIN,Jaden McDaniels,PF
03/22/2026,MIN,Julius Randle,PF
03/22/2026,MIN,Rudy Gobert,C
03/22/2026,BOS,Jaylen Brown,SG
03/22/2026,BOS,Derrick White,SG
03/22/2026,BOS,Jayson Tatum,SF
03/22/2026,BOS,Sam Hauser,SF
03/22/2026,BOS,Neemias Queta,C
03/22/2026,TOR,Immanuel Quickley,PG
03/22/2026,TOR,RJ Barrett,SG
03/22/2026,TOR,Scottie Barnes,SF
03/22/2026,TOR,Brandon Ingram,SF
03/22/2026,TOR,Jakob Poeltl,C
03/22/2026,PHO,Jordan Goodwin,PG
03/22/2026,PHO,Collin Gillespie,PG
03/22/2026,PHO,Devin Booker,SG
03/22/2026,PHO,Jalen Green,SG
03/22/2026,PHO,Oso Ighodaro,PF
03/23/2026,OKC,Shai Gilgeous-Alexander,PG
03/23/2026,OKC,Luguentz Dort,SF
03/23/2026,OKC,Jalen Williams,SF
03/23/2026,OKC,Chet Holmgren,C
03/23/2026,OKC,Isaiah Hartenstein,C
03/23/2026,PHI,VJ Edgecombe,SG
03/23/2026,PHI,MarJon Beauchamp,SG
03/23/2026,PHI,Justin Edwards,SF
03/23/2026,PHI,Dominick Barlow,PF
03/23/2026,PHI,Adem Bona,C
03/23/2026,SAS,De'Aaron Fox,PG
03/23/2026,SAS,Devin Vassell,SG
03/23/2026,SAS,Stephon Castle,SG
03/23/2026,SAS,Julian Champagnie,SF
03/23/2026,SAS,Victor Wembanyama,PF
03/23/2026,MIA,Davion Mitchell,PG
03/23/2026,MIA,Pelle Larsson,SG
03/23/2026,MIA,Tyler Herro,SG
03/23/2026,MIA,Andrew Wiggins,SF
03/23/2026,MIA,Bam Adebayo,C
03/23/2026,LAL,Luka Doncic,PG
03/23/2026,LAL,Austin Reaves,SG
03/23/2026,LAL,LeBron James,SF
03/23/2026,LAL,Jake LaRavia,PF
03/23/2026,LAL,Deandre Ayton,C
03/23/2026,DET,Daniss Jenkins,PG
03/23/2026,DET,Duncan Robinson,SG
03/23/2026,DET,Ausar Thompson,SG
03/23/2026,DET,Tobias Harris,SF
03/23/2026,DET,Jalen Duren,C
03/23/2026,IND,Andrew Nembhard,PG
03/23/2026,IND,Jarace Walker,PF
03/23/2026,IND,Pascal Siakam,PF
03/23/2026,IND,Aaron Nesmith,PF
03/23/2026,IND,Jay Huff,C
03/23/2026,ORL,Jevon Carter,SG
03/23/2026,ORL,Desmond Bane,SG
03/23/2026,ORL,Tristan da Silva,PF
03/23/2026,ORL,Paolo Banchero,PF
03/23/2026,ORL,Wendell Carter Jr.,C
03/23/2026,MEM,Ty Jerome,PG
03/23/2026,MEM,Rayan Rupert,SG
03/23/2026,MEM,Jaylen Wells,SF
03/23/2026,MEM,GG Jackson II,PF
03/23/2026,MEM,Olivier-Maxence Prosper,PF
03/23/2026,ATL,CJ McCollum,PG
03/23/2026,ATL,Dyson Daniels,PG
03/23/2026,ATL,Nickeil Alexander-Walker,SG
03/23/2026,ATL,Mouhamed Gueye,PF
03/23/2026,ATL,Onyeka Okongwu,C
03/23/2026,HOU,Reed Sheppard,PG
03/23/2026,HOU,Amen Thompson,SG
03/23/2026,HOU,Kevin Durant,PF
03/23/2026,HOU,Jabari Smith Jr.,PF
03/23/2026,HOU,Alperen Sengun,C
03/23/2026,CHI,Tre Jones,PG
03/23/2026,CHI,Josh Giddey,SG
03/23/2026,CHI,Matas Buzelis,SF
03/23/2026,CHI,Jalen Smith,PF
03/23/2026,CHI,Nick Richards,C
03/23/2026,TOR,Jamal Shead,PG
03/23/2026,TOR,RJ Barrett,SG
03/23/2026,TOR,Ja'Kobe Walter,SG
03/23/2026,TOR,Scottie Barnes,SF
03/23/2026,TOR,Sandro Mamukelashvili,PF
03/23/2026,UTA,Elijah Harkless,PG
03/23/2026,UTA,Bez Mbeng,PG
03/23/2026,UTA,John Konchar,SG
03/23/2026,UTA,Ace Bailey,SF
03/23/2026,UTA,Kyle Filipowski,C
03/23/2026,GSW,Brandin Podziemski,SG
03/23/2026,GSW,Moses Moody,SG
03/23/2026,GSW,De'Anthony Melton,SG
03/23/2026,GSW,Draymond Green,PF
03/23/2026,GSW,Kristaps Porzingis,C
03/23/2026,DAL,Max Christie,SG
03/23/2026,DAL,Naji Marshall,SF
03/23/2026,DAL,Cooper Flagg,PF
03/23/2026,DAL,P.J. Washington,PF
03/23/2026,DAL,Daniel Gafford,C
03/23/2026,BRK,Nolan Traore,PG
03/23/2026,BRK,Ziaire Williams,SF
03/23/2026,BRK,Jalen Wilson,SF
03/23/2026,BRK,Josh Minott,PF
03/23/2026,BRK,Nicolas Claxton,C
03/23/2026,POR,Jrue Holiday,PG
03/23/2026,POR,Deni Avdija,SF
03/23/2026,POR,Sidy Cissoko,SF
03/23/2026,POR,Toumani Camara,SF
03/23/2026,POR,Donovan Clingan,C
03/23/2026,MIL,Ryan Rollins,SG
03/23/2026,MIL,Taurean Prince,SF
03/23/2026,MIL,Ousmane Dieng,SF
03/23/2026,MIL,Myles Turner,C
03/23/2026,MIL,Jericho Sims,C
03/23/2026,LAC,Darius Garland,PG
03/23/2026,LAC,Derrick Jones Jr.,SF
03/23/2026,LAC,Kawhi Leonard,SF
03/23/2026,LAC,Nicolas Batum,PF
03/23/2026,LAC,Brook Lopez,C
03/24/2026,SAC,Devin Carter,PG
03/24/2026,SAC,Malik Monk,SG
03/24/2026,SAC,DeMar DeRozan,SF
03/24/2026,SAC,Patrick Baldwin Jr.,SF
03/24/2026,SAC,Maxime Raynaud,C
03/24/2026,CHO,LaMelo Ball,PG
03/24/2026,CHO,Kon Knueppel,SG
03/24/2026,CHO,Miles Bridges,SF
03/24/2026,CHO,Brandon Miller,SF
03/24/2026,CHO,Moussa Diabate,PF
03/24/2026,NOP,Dejounte Murray,SG
03/24/2026,NOP,Trey Murphy III,SF
03/24/2026,NOP,Herbert Jones,SF
03/24/2026,NOP,Zion Williamson,PF
03/24/2026,NOP,Saddiq Bey,PF
03/24/2026,NYK,Jalen Brunson,PG
03/24/2026,NYK,OG Anunoby,SF
03/24/2026,NYK,Mikal Bridges,SF
03/24/2026,NYK,Josh Hart,SF
03/24/2026,NYK,Karl-Anthony Towns,PF
03/24/2026,ORL,Desmond Bane,SG
03/24/2026,ORL,Jamal Cain,SF
03/24/2026,ORL,Tristan da Silva,PF
03/24/2026,ORL,Paolo Banchero,PF
03/24/2026,ORL,Wendell Carter Jr.,C
03/24/2026,CLE,Donovan Mitchell,SG
03/24/2026,CLE,James Harden,SG
03/24/2026,CLE,Sam Merrill,SG
03/24/2026,CLE,Evan Mobley,PF
03/24/2026,CLE,Dean Wade,PF
03/24/2026,DEN,Jamal Murray,PG
03/24/2026,DEN,Christian Braun,SG
03/24/2026,DEN,Aaron Gordon,PF
03/24/2026,DEN,Cameron Johnson,PF
03/24/2026,DEN,Nikola Jokic,C
03/24/2026,PHO,Collin Gillespie,PG
03/24/2026,PHO,Jalen Green,SG
03/24/2026,PHO,Devin Booker,SG
03/24/2026,PHO,Royce O'Neale,PF
03/24/2026,PHO,Oso Ighodaro,PF
03/25/2026,ATL,CJ McCollum,PG
03/25/2026,ATL,Dyson Daniels,PG
03/25/2026,ATL,Nickeil Alexander-Walker,SG
03/25/2026,ATL,Jalen Johnson,PF
03/25/2026,ATL,Onyeka Okongwu,C
03/25/2026,DET,Daniss Jenkins,PG
03/25/2026,DET,Ausar Thompson,SG
03/25/2026,DET,Duncan Robinson,SG
03/25/2026,DET,Tobias Harris,SF
03/25/2026,DET,Jalen Duren,C
03/25/2026,CHI,Tre Jones,PG
03/25/2026,CHI,Josh Giddey,SG
03/25/2026,CHI,Matas Buzelis,SF
03/25/2026,CHI,Jalen Smith,PF
03/25/2026,CHI,Nick Richards,C
03/25/2026,PHI,VJ Edgecombe,SG
03/25/2026,PHI,Quentin Grimes,SG
03/25/2026,PHI,Paul George,SF
03/25/2026,PHI,Dominick Barlow,PF
03/25/2026,PHI,Joel Embiid,C
03/25/2026,LAL,Luka Doncic,PG
03/25/2026,LAL,Austin Reaves,SG
03/25/2026,LAL,LeBron James,SF
03/25/2026,LAL,Jake LaRavia,PF
03/25/2026,LAL,Jaxson Hayes,C
03/25/2026,IND,Andrew Nembhard,PG
03/25/2026,IND,Pascal Siakam,PF
03/25/2026,IND,Aaron Nesmith,PF
03/25/2026,IND,Jarace Walker,PF
03/25/2026,IND,Jay Huff,C
03/25/2026,OKC,Shai Gilgeous-Alexander,PG
03/25/2026,OKC,Jalen Williams,SF
03/25/2026,OKC,Luguentz Dort,SF
03/25/2026,OKC,Chet Holmgren,C
03/25/2026,OKC,Isaiah Hartenstein,C
03/25/2026,BOS,Jaylen Brown,SG
03/25/2026,BOS,Derrick White,SG
03/25/2026,BOS,Sam Hauser,SF
03/25/2026,BOS,Jayson Tatum,SF
03/25/2026,BOS,Neemias Queta,C
03/25/2026,MIA,Davion Mitchell,PG
03/25/2026,MIA,Tyler Herro,SG
03/25/2026,MIA,Norman Powell,SG
03/25/2026,MIA,Andrew Wiggins,SF
03/25/2026,MIA,Bam Adebayo,C
03/25/2026,CLE,Donovan Mitchell,SG
03/25/2026,CLE,James Harden,SG
03/25/2026,CLE,Sam Merrill,SG
03/25/2026,CLE,Keon Ellis,SG
03/25/2026,CLE,Evan Mobley,PF
03/25/2026,SAS,Dylan Harper,PG
03/25/2026,SAS,Stephon Castle,SG
03/25/2026,SAS,Devin Vassell,SG
03/25/2026,SAS,Julian Champagnie,SF
03/25/2026,SAS,Victor Wembanyama,PF
03/25/2026,MEM,Cedric Coward,SG
03/25/2026,MEM,Javon Small,SG
03/25/2026,MEM,Olivier-Maxence Prosper,PF
03/25/2026,MEM,Taylor Hendricks,PF
03/25/2026,MEM,GG Jackson II,PF
03/25/2026,WAS,Bub Carrington,PG
03/25/2026,WAS,Bilal Coulibaly,SG
03/25/2026,WAS,Leaky Black,SF
03/25/2026,WAS,Will Riley,SF
03/25/2026,WAS,Julian Reese,PF
03/25/2026,UTA,Elijah Harkless,PG
03/25/2026,UTA,Bez Mbeng,PG
03/25/2026,UTA,John Konchar,SG
03/25/2026,UTA,Cody Williams,SF
03/25/2026,UTA,Ace Bailey,SF
03/25/2026,HOU,Reed Sheppard,PG
03/25/2026,HOU,Amen Thompson,SG
03/25/2026,HOU,Jabari Smith Jr.,PF
03/25/2026,HOU,Kevin Durant,PF
03/25/2026,HOU,Alperen Sengun,C
03/25/2026,MIN,Mike Conley,PG
03/25/2026,MIN,Donte DiVincenzo,SG
03/25/2026,MIN,Julius Randle,PF
03/25/2026,MIN,Jaden McDaniels,PF
03/25/2026,MIN,Rudy Gobert,C
03/25/2026,DAL,Max Christie,SG
03/25/2026,DAL,Naji Marshall,SF
03/25/2026,DAL,P.J. Washington,PF
03/25/2026,DAL,Cooper Flagg,PF
03/25/2026,DAL,Dwight Powell,C
03/25/2026,DEN,Jamal Murray,PG
03/25/2026,DEN,Christian Braun,SG
03/25/2026,DEN,Spencer Jones,PF
03/25/2026,DEN,Cameron Johnson,PF
03/25/2026,DEN,Nikola Jokic,C
03/25/2026,BRK,Ben Saraf,PG
03/25/2026,BRK,Terance Mann,PG
03/25/2026,BRK,Drake Powell,SG
03/25/2026,BRK,Ziaire Williams,SF
03/25/2026,BRK,Nicolas Claxton,C
03/25/2026,GSW,De'Anthony Melton,SG
03/25/2026,GSW,Brandin Podziemski,SG
03/25/2026,GSW,Gui Santos,SF
03/25/2026,GSW,Draymond Green,PF
03/25/2026,GSW,Kristaps Porzingis,C
03/25/2026,MIL,Ryan Rollins,SG
03/25/2026,MIL,AJ Green,SG
03/25/2026,MIL,Ousmane Dieng,SF
03/25/2026,MIL,Pete Nance,PF
03/25/2026,MIL,Jericho Sims,C
03/25/2026,POR,Jrue Holiday,PG
03/25/2026,POR,Deni Avdija,SF
03/25/2026,POR,Toumani Camara,SF
03/25/2026,POR,Jerami Grant,PF
03/25/2026,POR,Donovan Clingan,C
03/25/2026,TOR,Jamal Shead,PG
03/25/2026,TOR,RJ Barrett,SG
03/25/2026,TOR,Brandon Ingram,SF
03/25/2026,TOR,Scottie Barnes,SF
03/25/2026,TOR,Jakob Poeltl,C
03/25/2026,LAC,Darius Garland,PG
03/25/2026,LAC,Derrick Jones Jr.,SF
03/25/2026,LAC,Kawhi Leonard,SF
03/25/2026,LAC,John Collins,PF
03/25/2026,LAC,Brook Lopez,C
03/26/2026,NYK,Jalen Brunson,PG
03/26/2026,NYK,OG Anunoby,SF
03/26/2026,NYK,Josh Hart,SF
03/26/2026,NYK,Mikal Bridges,SF
03/26/2026,NYK,Karl-Anthony Towns,PF
03/26/2026,CHO,LaMelo Ball,PG
03/26/2026,CHO,Kon Knueppel,SG
03/26/2026,CHO,Miles Bridges,SF
03/26/2026,CHO,Brandon Miller,SF
03/26/2026,CHO,Moussa Diabate,PF
03/26/2026,SAC,Devin Carter,PG
03/26/2026,SAC,Malik Monk,SG
03/26/2026,SAC,DeMar DeRozan,SF
03/26/2026,SAC,Precious Achiuwa,PF
03/26/2026,SAC,Maxime Raynaud,C
03/26/2026,ORL,Jalen Suggs,SG
03/26/2026,ORL,Desmond Bane,SG
03/26/2026,ORL,Tristan da Silva,PF
03/26/2026,ORL,Paolo Banchero,PF
03/26/2026,ORL,Wendell Carter Jr.,C
03/26/2026,NOP,Dejounte Murray,SG
03/26/2026,NOP,Herbert Jones,SF
03/26/2026,NOP,Zion Williamson,PF
03/26/2026,NOP,Saddiq Bey,PF
03/26/2026,NOP,DeAndre Jordan,C
03/26/2026,DET,Daniss Jenkins,PG
03/26/2026,DET,Ausar Thompson,SG
03/26/2026,DET,Kevin Huerter,SG
03/26/2026,DET,Tobias Harris,SF
03/26/2026,DET,Jalen Duren,C
03/27/2026,LAC,Darius Garland,PG
03/27/2026,LAC,Derrick Jones Jr.,SF
03/27/2026,LAC,Kawhi Leonard,SF
03/27/2026,LAC,John Collins,PF
03/27/2026,LAC,Brook Lopez,C
03/27/2026,IND,Andrew Nembhard,PG
03/27/2026,IND,Pascal Siakam,PF
03/27/2026,IND,Jarace Walker,PF
03/27/2026,IND,Aaron Nesmith,PF
03/27/2026,IND,Jay Huff,C
03/27/2026,MIA,Davion Mitchell,PG
03/27/2026,MIA,Norman Powell,SG
03/27/2026,MIA,Tyler Herro,SG
03/27/2026,MIA,Andrew Wiggins,SF
03/27/2026,MIA,Bam Adebayo,C
03/27/2026,CLE,James Harden,SG
03/27/2026,CLE,Donovan Mitchell,SG
03/27/2026,CLE,Sam Merrill,SG
03/27/2026,CLE,Evan Mobley,PF
03/27/2026,CLE,Jarrett Allen,C
03/27/2026,ATL,Dyson Daniels,PG
03/27/2026,ATL,CJ McCollum,PG
03/27/2026,ATL,Nickeil Alexander-Walker,SG
03/27/2026,ATL,Jalen Johnson,PF
03/27/2026,ATL,Onyeka Okongwu,C
03/27/2026,BOS,Derrick White,SG
03/27/2026,BOS,Baylor Scheierman,SG
03/27/2026,BOS,Jayson Tatum,SF
03/27/2026,BOS,Sam Hauser,SF
03/27/2026,BOS,Neemias Queta,C
03/27/2026,HOU,Reed Sheppard,PG
03/27/2026,HOU,Amen Thompson,SG
03/27/2026,HOU,Kevin Durant,PF
03/27/2026,HOU,Jabari Smith Jr.,PF
03/27/2026,HOU,Alperen Sengun,C
03/27/2026,MEM,Cedric Coward,SG
03/27/2026,MEM,Javon Small,SG
03/27/2026,MEM,Olivier-Maxence Prosper,PF
03/27/2026,MEM,Taylor Hendricks,PF
03/27/2026,MEM,GG Jackson II,PF
03/27/2026,CHI,Tre Jones,PG
03/27/2026,CHI,Josh Giddey,SG
03/27/2026,CHI,Matas Buzelis,SF
03/27/2026,CHI,Isaac Okoro,SF
03/27/2026,CHI,Guerschon Yabusele,PF
03/27/2026,OKC,Shai Gilgeous-Alexander,PG
03/27/2026,OKC,Cason Wallace,PG
03/27/2026,OKC,Luguentz Dort,SF
03/27/2026,OKC,Jalen Williams,SF
03/27/2026,OKC,Isaiah Hartenstein,C
03/27/2026,NOP,Jeremiah Fears,PG
03/27/2026,NOP,Herbert Jones,SF
03/27/2026,NOP,Saddiq Bey,PF
03/27/2026,NOP,Zion Williamson,PF
03/27/2026,NOP,Yves Missi,C
03/27/2026,TOR,Ja'Kobe Walter,SG
03/27/2026,TOR,RJ Barrett,SG
03/27/2026,TOR,Brandon Ingram,SF
03/27/2026,TOR,Scottie Barnes,SF
03/27/2026,TOR,Jakob Poeltl,C
03/27/2026,UTA,Elijah Harkless,PG
03/27/2026,UTA,Brice Sensabaugh,SF
03/27/2026,UTA,Ace Bailey,SF
03/27/2026,UTA,Cody Williams,SF
03/27/2026,UTA,Kyle Filipowski,C
03/27/2026,DEN,Jamal Murray,PG
03/27/2026,DEN,Christian Braun,SG
03/27/2026,DEN,Cameron Johnson,PF
03/27/2026,DEN,Aaron Gordon,PF
03/27/2026,DEN,Nikola Jokic,C
03/27/2026,WAS,Bub Carrington,PG
03/27/2026,WAS,Tre Johnson,SG
03/27/2026,WAS,Bilal Coulibaly,SG
03/27/2026,WAS,Leaky Black,SF
03/27/2026,WAS,Alexandre Sarr,PF
03/27/2026,GSW,Will Richard,SG
03/27/2026,GSW,Brandin Podziemski,SG
03/27/2026,GSW,Gui Santos,SF
03/27/2026,GSW,Draymond Green,PF
03/27/2026,GSW,Kristaps Porzingis,C
03/27/2026,DAL,Max Christie,SG
03/27/2026,DAL,Naji Marshall,SF
03/27/2026,DAL,P.J. Washington,PF
03/27/2026,DAL,Cooper Flagg,PF
03/27/2026,DAL,Dwight Powell,C
03/27/2026,POR,Jrue Holiday,PG
03/27/2026,POR,Deni Avdija,SF
03/27/2026,POR,Toumani Camara,SF
03/27/2026,POR,Jerami Grant,PF
03/27/2026,POR,Donovan Clingan,C
03/27/2026,BRK,Nolan Traore,PG
03/27/2026,BRK,Drake Powell,SG
03/27/2026,BRK,Ziaire Williams,SF
03/27/2026,BRK,Noah Clowney,PF
03/27/2026,BRK,Nicolas Claxton,C
03/27/2026,LAL,Luka Doncic,PG
03/27/2026,LAL,Austin Reaves,SG
03/27/2026,LAL,LeBron James,SF
03/27/2026,LAL,Jake LaRavia,PF
03/27/2026,LAL,Deandre Ayton,C
03/28/2026,SAS,De'Aaron Fox,PG
03/28/2026,SAS,Devin Vassell,SG
03/28/2026,SAS,Stephon Castle,SG
03/28/2026,SAS,Julian Champagnie,SF
03/28/2026,SAS,Victor Wembanyama,PF
03/28/2026,MIL,Gary Trent Jr.,SG
03/28/2026,MIL,Ryan Rollins,SG
03/28/2026,MIL,Ousmane Dieng,SF
03/28/2026,MIL,Pete Nance,PF
03/28/2026,MIL,Myles Turner,C
03/28/2026,DET,Daniss Jenkins,PG
03/28/2026,DET,Duncan Robinson,SG
03/28/2026,DET,Ausar Thompson,SG
03/28/2026,DET,Tobias Harris,SF
03/28/2026,DET,Jalen Duren,C
03/28/2026,MIN,Mike Conley,PG
03/28/2026,MIN,Terrence Shannon Jr.,SG
03/28/2026,MIN,Donte DiVincenzo,SG
03/28/2026,MIN,Julius Randle,PF
03/28/2026,MIN,Rudy Gobert,C
03/28/2026,PHI,Tyrese Maxey,PG
03/28/2026,PHI,VJ Edgecombe,SG
03/28/2026,PHI,Paul George,SF
03/28/2026,PHI,Dominick Barlow,PF
03/28/2026,PHI,Joel Embiid,C
03/28/2026,CHO,LaMelo Ball,PG
03/28/2026,CHO,Kon Knueppel,SG
03/28/2026,CHO,Miles Bridges,SF
03/28/2026,CHO,Brandon Miller,SF
03/28/2026,CHO,Moussa Diabate,PF
03/28/2026,SAC,Devin Carter,PG
03/28/2026,SAC,Malik Monk,SG
03/28/2026,SAC,DeMar DeRozan,SF
03/28/2026,SAC,Precious Achiuwa,PF
03/28/2026,SAC,Maxime Raynaud,C
03/28/2026,ATL,CJ McCollum,PG
03/28/2026,ATL,Nickeil Alexander-Walker,SG
03/28/2026,ATL,Jalen Johnson,PF
03/28/2026,ATL,Mouhamed Gueye,PF
03/28/2026,ATL,Jock Landale,C
03/28/2026,CHI,Tre Jones,PG
03/28/2026,CHI,Josh Giddey,SG
03/28/2026,CHI,Matas Buzelis,SF
03/28/2026,CHI,Isaac Okoro,SF
03/28/2026,CHI,Leonard Miller,PF
03/28/2026,MEM,Cedric Coward,SG
03/28/2026,MEM,Javon Small,SG
03/28/2026,MEM,Rayan Rupert,SG
03/28/2026,MEM,GG Jackson II,PF
03/28/2026,MEM,Olivier-Maxence Prosper,PF
03/28/2026,UTA,Elijah Harkless,PG
03/28/2026,UTA,Ace Bailey,SF
03/28/2026,UTA,Cody Williams,SF
03/28/2026,UTA,Brice Sensabaugh,SF
03/28/2026,UTA,Kyle Filipowski,C
03/28/2026,PHO,Collin Gillespie,PG
03/28/2026,PHO,Devin Booker,SG
03/28/2026,PHO,Jalen Green,SG
03/28/2026,PHO,Oso Ighodaro,PF
03/28/2026,PHO,Royce O'Neale,PF
03/29/2026,LAC,Darius Garland,PG
03/29/2026,LAC,Kawhi Leonard,SF
03/29/2026,LAC,Derrick Jones Jr.,SF
03/29/2026,LAC,John Collins,PF
03/29/2026,LAC,Brook Lopez,C
03/29/2026,MIL,Andre Jackson Jr.,SG
03/29/2026,MIL,Gary Trent Jr.,SG
03/29/2026,MIL,Ousmane Dieng,SF
03/29/2026,MIL,Pete Nance,PF
03/29/2026,MIL,Jericho Sims,C
03/29/2026,MIA,Davion Mitchell,PG
03/29/2026,MIA,Tyler Herro,SG
03/29/2026,MIA,Pelle Larsson,SG
03/29/2026,MIA,Andrew Wiggins,SF
03/29/2026,MIA,Bam Adebayo,C
03/29/2026,IND,Andrew Nembhard,PG
03/29/2026,IND,Ethan Thompson,SG
03/29/2026,IND,Quenton Jackson,SG
03/29/2026,IND,Pascal Siakam,PF
03/29/2026,IND,Jalen Slawson,PF
03/29/2026,SAC,Devin Carter,PG
03/29/2026,SAC,Daeqwon Plowden,SF
03/29/2026,SAC,Nique Clifford,SF
03/29/2026,SAC,Precious Achiuwa,PF
03/29/2026,SAC,Maxime Raynaud,C
03/29/2026,BRK,Nolan Traore,PG
03/29/2026,BRK,Terance Mann,PG
03/29/2026,BRK,Drake Powell,SG
03/29/2026,BRK,Noah Clowney,PF
03/29/2026,BRK,Nicolas Claxton,C
03/29/2026,BOS,Payton Pritchard,PG
03/29/2026,BOS,Jayson Tatum,SF
03/29/2026,BOS,Jordan Walsh,SF
03/29/2026,BOS,Sam Hauser,SF
03/29/2026,BOS,Neemias Queta,C
03/29/2026,CHO,LaMelo Ball,PG
03/29/2026,CHO,Kon Knueppel,SG
03/29/2026,CHO,Miles Bridges,SF
03/29/2026,CHO,Brandon Miller,SF
03/29/2026,CHO,Moussa Diabate,PF
03/29/2026,WAS,Bub Carrington,PG
03/29/2026,WAS,Bilal Coulibaly,SG
03/29/2026,WAS,Leaky Black,SF
03/29/2026,WAS,Julian Reese,PF
03/29/2026,WAS,Tristan Vukcevic,PF
03/29/2026,POR,Jrue Holiday,PG
03/29/2026,POR,Scoot Henderson,PG
03/29/2026,POR,Toumani Camara,SF
03/29/2026,POR,Deni Avdija,SF
03/29/2026,POR,Donovan Clingan,C
03/29/2026,ORL,Jalen Suggs,SG
03/29/2026,ORL,Desmond Bane,SG
03/29/2026,ORL,Tristan da Silva,PF
03/29/2026,ORL,Paolo Banchero,PF
03/29/2026,ORL,Wendell Carter Jr.,C
03/29/2026,TOR,Jamal Shead,PG
03/29/2026,TOR,Ja'Kobe Walter,SG
03/29/2026,TOR,RJ Barrett,SG
03/29/2026,TOR,Scottie Barnes,SF
03/29/2026,TOR,Jakob Poeltl,C
03/29/2026,HOU,Reed Sheppard,PG
03/29/2026,HOU,Amen Thompson,SG
03/29/2026,HOU,Jabari Smith Jr.,PF
03/29/2026,HOU,Kevin Durant,PF
03/29/2026,HOU,Alperen Sengun,C
03/29/2026,NOP,Dejounte Murray,SG
03/29/2026,NOP,Herbert Jones,SF
03/29/2026,NOP,Saddiq Bey,PF
03/29/2026,NOP,Zion Williamson,PF
03/29/2026,NOP,Yves Missi,C
03/29/2026,NYK,Jalen Brunson,PG
03/29/2026,NYK,Josh Hart,SF
03/29/2026,NYK,OG Anunoby,SF
03/29/2026,NYK,Mikal Bridges,SF
03/29/2026,NYK,Karl-Anthony Towns,PF
03/29/2026,OKC,Shai Gilgeous-Alexander,PG
03/29/2026,OKC,Jalen Williams,SF
03/29/2026,OKC,Luguentz Dort,SF
03/29/2026,OKC,Chet Holmgren,C
03/29/2026,OKC,Isaiah Hartenstein,C
03/29/2026,GSW,Brandin Podziemski,SG
03/29/2026,GSW,De'Anthony Melton,SG
03/29/2026,GSW,Gui Santos,SF
03/29/2026,GSW,Draymond Green,PF
03/29/2026,GSW,Kristaps Porzingis,C
03/29/2026,DEN,Jamal Murray,PG
03/29/2026,DEN,Christian Braun,SG
03/29/2026,DEN,Peyton Watson,SF
03/29/2026,DEN,Cameron Johnson,PF
03/29/2026,DEN,Nikola Jokic,C
03/30/2026,PHI,Tyrese Maxey,PG
03/30/2026,PHI,VJ Edgecombe,SG
03/30/2026,PHI,Paul George,SF
03/30/2026,PHI,Dominick Barlow,PF
03/30/2026,PHI,Joel Embiid,C
03/30/2026,MIA,Davion Mitchell,PG
03/30/2026,MIA,Tyler Herro,SG
03/30/2026,MIA,Pelle Larsson,SG
03/30/2026,MIA,Andrew Wiggins,SF
03/30/2026,MIA,Bam Adebayo,C
03/30/2026,BOS,Jaylen Brown,SG
03/30/2026,BOS,Baylor Scheierman,SG
03/30/2026,BOS,Derrick White,SG
03/30/2026,BOS,Jordan Walsh,SF
03/30/2026,BOS,Luka Garza,C
03/30/2026,ATL,CJ McCollum,PG
03/30/2026,ATL,Dyson Daniels,PG
03/30/2026,ATL,Nickeil Alexander-Walker,SG
03/30/2026,ATL,Jalen Johnson,PF
03/30/2026,ATL,Onyeka Okongwu,C
03/30/2026,PHO,Collin Gillespie,PG
03/30/2026,PHO,Jalen Green,SG
03/30/2026,PHO,Devin Booker,SG
03/30/2026,PHO,Oso Ighodaro,PF
03/30/2026,PHO,Royce O'Neale,PF
03/30/2026,MEM,Cam Spencer,SG
03/30/2026,MEM,Cedric Coward,SG
03/30/2026,MEM,Jahmai Mashack,SF
03/30/2026,MEM,GG Jackson II,PF
03/30/2026,MEM,Taylor Hendricks,PF
03/30/2026,CHI,Tre Jones,PG
03/30/2026,CHI,Josh Giddey,SG
03/30/2026,CHI,Matas Buzelis,SF
03/30/2026,CHI,Isaac Okoro,SF
03/30/2026,CHI,Guerschon Yabusele,PF
03/30/2026,SAS,De'Aaron Fox,PG
03/30/2026,SAS,Devin Vassell,SG
03/30/2026,SAS,Stephon Castle,SG
03/30/2026,SAS,Julian Champagnie,SF
03/30/2026,SAS,Victor Wembanyama,PF
03/30/2026,MIN,Mike Conley,PG
03/30/2026,MIN,Ayo Dosunmu,PG
03/30/2026,MIN,Donte DiVincenzo,SG
03/30/2026,MIN,Julius Randle,PF
03/30/2026,MIN,Rudy Gobert,C
03/30/2026,DAL,Ryan Nembhard,PG
03/30/2026,DAL,Max Christie,SG
03/30/2026,DAL,Khris Middleton,SF
03/30/2026,DAL,Cooper Flagg,PF
03/30/2026,DAL,Daniel Gafford,C
03/30/2026,CLE,Keon Ellis,SG
03/30/2026,CLE,Donovan Mitchell,SG
03/30/2026,CLE,James Harden,SG
03/30/2026,CLE,Sam Merrill,SG
03/30/2026,CLE,Evan Mobley,PF
03/30/2026,UTA,Kennedy Chandler,PG
03/30/2026,UTA,Ace Bailey,SF
03/30/2026,UTA,Brice Sensabaugh,SF
03/30/2026,UTA,Cody Williams,SF
03/30/2026,UTA,Kyle Filipowski,C
03/30/2026,DET,Daniss Jenkins,PG
03/30/2026,DET,Javonte Green,SG
03/30/2026,DET,Ausar Thompson,SG
03/30/2026,DET,Kevin Huerter,SG
03/30/2026,DET,Paul Reed,PF
03/30/2026,OKC,Cason Wallace,PG
03/30/2026,OKC,Shai Gilgeous-Alexander,PG
03/30/2026,OKC,Ajay Mitchell,PG
03/30/2026,OKC,Luguentz Dort,SF
03/30/2026,OKC,Chet Holmgren,C
03/30/2026,WAS,Bub Carrington,PG
03/30/2026,WAS,Tre Johnson,SG
03/30/2026,WAS,Justin Champagnie,SG
03/30/2026,WAS,Will Riley,SF
03/30/2026,WAS,Tristan Vukcevic,PF
03/30/2026,LAL,Austin Reaves,SG
03/30/2026,LAL,LeBron James,SF
03/30/2026,LAL,Jake LaRavia,PF
03/30/2026,LAL,Rui Hachimura,PF
03/30/2026,LAL,Deandre Ayton,C
03/31/2026,PHO,Collin Gillespie,PG
03/31/2026,PHO,Jalen Green,SG
03/31/2026,PHO,Devin Booker,SG
03/31/2026,PHO,Dillon Brooks,SF
03/31/2026,PHO,Oso Ighodaro,PF
03/31/2026,ORL,Jalen Suggs,SG
03/31/2026,ORL,Desmond Bane,SG
03/31/2026,ORL,Tristan da Silva,PF
03/31/2026,ORL,Paolo Banchero,PF
03/31/2026,ORL,Wendell Carter Jr.,C
03/31/2026,CHO,LaMelo Ball,PG
03/31/2026,CHO,Kon Knueppel,SG
03/31/2026,CHO,Miles Bridges,SF
03/31/2026,CHO,Brandon Miller,SF
03/31/2026,CHO,Moussa Diabate,PF
03/31/2026,BRK,Nolan Traore,PG
03/31/2026,BRK,Drake Powell,SG
03/31/2026,BRK,Ziaire Williams,SF
03/31/2026,BRK,Noah Clowney,PF
03/31/2026,BRK,Nicolas Claxton,C
03/31/2026,NYK,Jalen Brunson,PG
03/31/2026,NYK,Josh Hart,SF
03/31/2026,NYK,OG Anunoby,SF
03/31/2026,NYK,Mikal Bridges,SF
03/31/2026,NYK,Karl-Anthony Towns,PF
03/31/2026,HOU,Amen Thompson,SG
03/31/2026,HOU,Tari Eason,SF
03/31/2026,HOU,Kevin Durant,PF
03/31/2026,HOU,Jabari Smith Jr.,PF
03/31/2026,HOU,Alperen Sengun,C
03/31/2026,TOR,Ja'Kobe Walter,SG
03/31/2026,TOR,RJ Barrett,SG
03/31/2026,TOR,Scottie Barnes,SF
03/31/2026,TOR,Brandon Ingram,SF
03/31/2026,TOR,Jakob Poeltl,C
03/31/2026,DET,Daniss Jenkins,PG
03/31/2026,DET,Duncan Robinson,SG
03/31/2026,DET,Ausar Thompson,SG
03/31/2026,DET,Tobias Harris,SF
03/31/2026,DET,Jalen Duren,C
03/31/2026,DAL,Ryan Nembhard,PG
03/31/2026,DAL,Max Christie,SG
03/31/2026,DAL,Khris Middleton,SF
03/31/2026,DAL,Cooper Flagg,PF
03/31/2026,DAL,Daniel Gafford,C
03/31/2026,MIL,Ryan Rollins,SG
03/31/2026,MIL,Gary Trent Jr.,SG
03/31/2026,MIL,Kyle Kuzma,PF
03/31/2026,MIL,Jericho Sims,C
03/31/2026,MIL,Myles Turner,C
03/31/2026,CLE,Max Strus,SG
03/31/2026,CLE,Donovan Mitchell,SG
03/31/2026,CLE,James Harden,SG
03/31/2026,CLE,Evan Mobley,PF
03/31/2026,CLE,Jarrett Allen,C
03/31/2026,LAL,Luka Doncic,PG
03/31/2026,LAL,Austin Reaves,SG
03/31/2026,LAL,LeBron James,SF
03/31/2026,LAL,Jake LaRavia,PF
03/31/2026,LAL,Deandre Ayton,C
03/31/2026,POR,Scoot Henderson,PG
03/31/2026,POR,Jrue Holiday,PG
03/31/2026,POR,Deni Avdija,SF
03/31/2026,POR,Toumani Camara,SF
03/31/2026,POR,Donovan Clingan,C
03/31/2026,LAC,Darius Garland,PG
03/31/2026,LAC,Derrick Jones Jr.,SF
03/31/2026,LAC,Kawhi Leonard,SF
03/31/2026,LAC,John Collins,PF
03/31/2026,LAC,Brook Lopez,C
04/01/2026,ATL,Dyson Daniels,PG
04/01/2026,ATL,CJ McCollum,PG
04/01/2026,ATL,Nickeil Alexander-Walker,SG
04/01/2026,ATL,Jalen Johnson,PF
04/01/2026,ATL,Onyeka Okongwu,C
04/01/2026,ORL,Jalen Suggs,SG
04/01/2026,ORL,Desmond Bane,SG
04/01/2026,ORL,Franz Wagner,SF
04/01/2026,ORL,Paolo Banchero,PF
04/01/2026,ORL,Wendell Carter Jr.,C
04/01/2026,PHI,Tyrese Maxey,PG
04/01/2026,PHI,VJ Edgecombe,SG
04/01/2026,PHI,Paul George,SF
04/01/2026,PHI,Dominick Barlow,PF
04/01/2026,PHI,Adem Bona,C
04/01/2026,WAS,Bub Carrington,PG
04/01/2026,WAS,Bilal Coulibaly,SG
04/01/2026,WAS,Tre Johnson,SG
04/01/2026,WAS,Will Riley,SF
04/01/2026,WAS,Tristan Vukcevic,PF
04/01/2026,BOS,Derrick White,SG
04/01/2026,BOS,Jaylen Brown,SG
04/01/2026,BOS,Jayson Tatum,SF
04/01/2026,BOS,Sam Hauser,SF
04/01/2026,BOS,Neemias Queta,C
04/01/2026,MIA,Davion Mitchell,PG
04/01/2026,MIA,Pelle Larsson,SG
04/01/2026,MIA,Tyler Herro,SG
04/01/2026,MIA,Andrew Wiggins,SF
04/01/2026,MIA,Bam Adebayo,C
04/01/2026,NYK,Jose Alvarado,PG
04/01/2026,NYK,OG Anunoby,SF
04/01/2026,NYK,Mikal Bridges,SF
04/01/2026,NYK,Josh Hart,SF
04/01/2026,NYK,Karl-Anthony Towns,PF
04/01/2026,MEM,Javon Small,SG
04/01/2026,MEM,Cam Spencer,SG
04/01/2026,MEM,Cedric Coward,SG
04/01/2026,MEM,GG Jackson II,PF
04/01/2026,MEM,Olivier-Maxence Prosper,PF
04/01/2026,SAC,Devin Carter,PG
04/01/2026,SAC,Nique Clifford,SF
04/01/2026,SAC,DeMar DeRozan,SF
04/01/2026,SAC,Precious Achiuwa,PF
04/01/2026,SAC,Maxime Raynaud,C
04/01/2026,TOR,Jamal Shead,PG
04/01/2026,TOR,Ja'Kobe Walter,SG
04/01/2026,TOR,RJ Barrett,SG
04/01/2026,TOR,Scottie Barnes,SF
04/01/2026,TOR,Jakob Poeltl,C
04/01/2026,MIL,Gary Trent Jr.,SG
04/01/2026,MIL,AJ Green,SG
04/01/2026,MIL,Ousmane Dieng,SF
04/01/2026,MIL,Pete Nance,PF
04/01/2026,MIL,Jericho Sims,C
04/01/2026,HOU,Reed Sheppard,PG
04/01/2026,HOU,Amen Thompson,SG
04/01/2026,HOU,Jabari Smith Jr.,PF
04/01/2026,HOU,Kevin Durant,PF
04/01/2026,HOU,Alperen Sengun,C
04/01/2026,IND,Quenton Jackson,SG
04/01/2026,IND,Ethan Thompson,SG
04/01/2026,IND,Pascal Siakam,PF
04/01/2026,IND,Kobe Brown,PF
04/01/2026,IND,Jay Huff,C
04/01/2026,CHI,Tre Jones,PG
04/01/2026,CHI,Collin Sexton,PG
04/01/2026,CHI,Isaac Okoro,SF
04/01/2026,CHI,Matas Buzelis,SF
04/01/2026,CHI,Guerschon Yabusele,PF
04/01/2026,DEN,Jamal Murray,PG
04/01/2026,DEN,Christian Braun,SG
04/01/2026,DEN,Aaron Gordon,PF
04/01/2026,DEN,Cameron Johnson,PF
04/01/2026,DEN,Nikola Jokic,C
04/01/2026,UTA,Ace Bailey,SF
04/01/2026,UTA,Cody Williams,SF
04/01/2026,UTA,Brice Sensabaugh,SF
04/01/2026,UTA,Oscar Tshiebwe,PF
04/01/2026,UTA,Kyle Filipowski,C
04/01/2026,SAS,De'Aaron Fox,PG
04/01/2026,SAS,Devin Vassell,SG
04/01/2026,SAS,Stephon Castle,SG
04/01/2026,SAS,Julian Champagnie,SF
04/01/2026,SAS,Victor Wembanyama,PF
04/01/2026,GSW,L.J. Cryer,PG
04/01/2026,GSW,Brandin Podziemski,SG
04/01/2026,GSW,Will Richard,SG
04/01/2026,GSW,Nate Williams,SF
04/01/2026,GSW,Draymond Green,PF
04/02/2026,MIN,Mike Conley,PG
04/02/2026,MIN,Ayo Dosunmu,PG
04/02/2026,MIN,Donte DiVincenzo,SG
04/02/2026,MIN,Julius Randle,PF
04/02/2026,MIN,Rudy Gobert,C
04/02/2026,DET,Daniss Jenkins,PG
04/02/2026,DET,Duncan Robinson,SG
04/02/2026,DET,Ausar Thompson,SG
04/02/2026,DET,Tobias Harris,SF
04/02/2026,DET,Jalen Duren,C
04/02/2026,PHO,Collin Gillespie,PG
04/02/2026,PHO,Devin Booker,SG
04/02/2026,PHO,Jalen Green,SG
04/02/2026,PHO,Dillon Brooks,SF
04/02/2026,PHO,Oso Ighodaro,PF
04/02/2026,CHO,LaMelo Ball,PG
04/02/2026,CHO,Kon Knueppel,SG
04/02/2026,CHO,Brandon Miller,SF
04/02/2026,CHO,Miles Bridges,SF
04/02/2026,CHO,Moussa Diabate,PF
04/02/2026,LAL,Luka Doncic,PG
04/02/2026,LAL,Austin Reaves,SG
04/02/2026,LAL,LeBron James,SF
04/02/2026,LAL,Jake LaRavia,PF
04/02/2026,LAL,Deandre Ayton,C
04/02/2026,OKC,Shai Gilgeous-Alexander,PG
04/02/2026,OKC,Jalen Williams,SF
04/02/2026,OKC,Luguentz Dort,SF
04/02/2026,OKC,Isaiah Hartenstein,C
04/02/2026,OKC,Chet Holmgren,C
04/02/2026,NOP,Dejounte Murray,SG
04/02/2026,NOP,Herbert Jones,SF
04/02/2026,NOP,Trey Murphy III,SF
04/02/2026,NOP,Zion Williamson,PF
04/02/2026,NOP,Saddiq Bey,PF
04/02/2026,POR,Jrue Holiday,PG
04/02/2026,POR,Scoot Henderson,PG
04/02/2026,POR,Deni Avdija,SF
04/02/2026,POR,Toumani Camara,SF
04/02/2026,POR,Donovan Clingan,C
04/02/2026,CLE,Donovan Mitchell,SG
04/02/2026,CLE,James Harden,SG
04/02/2026,CLE,Max Strus,SG
04/02/2026,CLE,Evan Mobley,PF
04/02/2026,CLE,Jarrett Allen,C
04/02/2026,GSW,Brandin Podziemski,SG
04/02/2026,GSW,De'Anthony Melton,SG
04/02/2026,GSW,Gui Santos,SF
04/02/2026,GSW,Draymond Green,PF
04/02/2026,GSW,Kristaps Porzingis,C
04/02/2026,SAS,De'Aaron Fox,PG
04/02/2026,SAS,Stephon Castle,SG
04/02/2026,SAS,Devin Vassell,SG
04/02/2026,SAS,Julian Champagnie,SF
04/02/2026,SAS,Luke Kornet,C
04/02/2026,LAC,Darius Garland,PG
04/02/2026,LAC,Kawhi Leonard,SF
04/02/2026,LAC,Derrick Jones Jr.,SF
04/02/2026,LAC,John Collins,PF
04/02/2026,LAC,Brook Lopez,C
04/03/2026,MIN,Ayo Dosunmu,PG
04/03/2026,MIN,Anthony Edwards,SG
04/03/2026,MIN,Donte DiVincenzo,SG
04/03/2026,MIN,Julius Randle,PF
04/03/2026,MIN,Rudy Gobert,C
04/03/2026,PHI,Tyrese Maxey,PG
04/03/2026,PHI,VJ Edgecombe,SG
04/03/2026,PHI,Paul George,SF
04/03/2026,PHI,Dominick Barlow,PF
04/03/2026,PHI,Joel Embiid,C
04/03/2026,IND,Quenton Jackson,SG
04/03/2026,IND,Ben Sheppard,SF
04/03/2026,IND,Pascal Siakam,PF
04/03/2026,IND,Kobe Brown,PF
04/03/2026,IND,Jay Huff,C
04/03/2026,CHO,LaMelo Ball,PG
04/03/2026,CHO,Kon Knueppel,SG
04/03/2026,CHO,Miles Bridges,SF
04/03/2026,CHO,Brandon Miller,SF
04/03/2026,CHO,Ryan Kalkbrenner,C
04/03/2026,ATL,Dyson Daniels,PG
04/03/2026,ATL,CJ McCollum,PG
04/03/2026,ATL,Nickeil Alexander-Walker,SG
04/03/2026,ATL,Jalen Johnson,PF
04/03/2026,ATL,Onyeka Okongwu,C
04/03/2026,BRK,Nolan Traore,PG
04/03/2026,BRK,Terance Mann,PG
04/03/2026,BRK,Drake Powell,SG
04/03/2026,BRK,Noah Clowney,PF
04/03/2026,BRK,Nicolas Claxton,C
04/03/2026,CHI,Tre Jones,PG
04/03/2026,CHI,Josh Giddey,SG
04/03/2026,CHI,Isaac Okoro,SF
04/03/2026,CHI,Matas Buzelis,SF
04/03/2026,CHI,Guerschon Yabusele,PF
04/03/2026,NYK,Jalen Brunson,PG
04/03/2026,NYK,Josh Hart,SF
04/03/2026,NYK,OG Anunoby,SF
04/03/2026,NYK,Mikal Bridges,SF
04/03/2026,NYK,Mitchell Robinson,C
04/03/2026,UTA,John Konchar,SG
04/03/2026,UTA,Ace Bailey,SF
04/03/2026,UTA,Cody Williams,SF
04/03/2026,UTA,Brice Sensabaugh,SF
04/03/2026,UTA,Kyle Filipowski,C
04/03/2026,HOU,Reed Sheppard,PG
04/03/2026,HOU,Amen Thompson,SG
04/03/2026,HOU,Kevin Durant,PF
04/03/2026,HOU,Jabari Smith Jr.,PF
04/03/2026,HOU,Alperen Sengun,C
04/03/2026,TOR,RJ Barrett,SG
04/03/2026,TOR,Ja'Kobe Walter,SG
04/03/2026,TOR,Brandon Ingram,SF
04/03/2026,TOR,Scottie Barnes,SF
04/03/2026,TOR,Jakob Poeltl,C
04/03/2026,MEM,Rayan Rupert,SG
04/03/2026,MEM,Javon Small,SG
04/03/2026,MEM,Cedric Coward,SG
04/03/2026,MEM,Taylor Hendricks,PF
04/03/2026,MEM,GG Jackson II,PF
04/03/2026,BOS,Jaylen Brown,SG
04/03/2026,BOS,Derrick White,SG
04/03/2026,BOS,Jayson Tatum,SF
04/03/2026,BOS,Sam Hauser,SF
04/03/2026,BOS,Neemias Queta,C
04/03/2026,MIL,AJ Green,SG
04/03/2026,MIL,Ousmane Dieng,SF
04/03/2026,MIL,Kyle Kuzma,PF
04/03/2026,MIL,Pete Nance,PF
04/03/2026,MIL,Myles Turner,C
04/03/2026,ORL,Jalen Suggs,SG
04/03/2026,ORL,Desmond Bane,SG
04/03/2026,ORL,Franz Wagner,SF
04/03/2026,ORL,Paolo Banchero,PF
04/03/2026,ORL,Wendell Carter Jr.,C
04/03/2026,DAL,Ryan Nembhard,PG
04/03/2026,DAL,Max Christie,SG
04/03/2026,DAL,Naji Marshall,SF
04/03/2026,DAL,Cooper Flagg,PF
04/03/2026,DAL,Daniel Gafford,C
04/03/2026,NOP,Trey Murphy III,SF
04/03/2026,NOP,Herbert Jones,SF
04/03/2026,NOP,Zion Williamson,PF
04/03/2026,NOP,Saddiq Bey,PF
04/03/2026,NOP,Yves Missi,C
04/03/2026,SAC,Devin Carter,PG
04/03/2026,SAC,DeMar DeRozan,SF
04/03/2026,SAC,Nique Clifford,SF
04/03/2026,SAC,Precious Achiuwa,PF
04/03/2026,SAC,Maxime Raynaud,C
04/04/2026,SAS,De'Aaron Fox,PG
04/04/2026,SAS,Devin Vassell,SG
04/04/2026,SAS,Stephon Castle,SG
04/04/2026,SAS,Julian Champagnie,SF
04/04/2026,SAS,Victor Wembanyama,PF
04/04/2026,DEN,Jamal Murray,PG
04/04/2026,DEN,Christian Braun,SG
04/04/2026,DEN,Cameron Johnson,PF
04/04/2026,DEN,Aaron Gordon,PF
04/04/2026,DEN,Nikola Jokic,C
04/04/2026,WAS,Bub Carrington,PG
04/04/2026,WAS,Bilal Coulibaly,SG
04/04/2026,WAS,Tre Johnson,SG
04/04/2026,WAS,Will Riley,SF
04/04/2026,WAS,Anthony Gill,PF
04/04/2026,MIA,Davion Mitchell,PG
04/04/2026,MIA,Pelle Larsson,SG
04/04/2026,MIA,Andrew Wiggins,SF
04/04/2026,MIA,Simone Fontecchio,SF
04/04/2026,MIA,Bam Adebayo,C
04/04/2026,DET,Daniss Jenkins,PG
04/04/2026,DET,Ausar Thompson,SG
04/04/2026,DET,Duncan Robinson,SG
04/04/2026,DET,Tobias Harris,SF
04/04/2026,DET,Jalen Duren,C
04/04/2026,PHI,Tyrese Maxey,PG
04/04/2026,PHI,VJ Edgecombe,SG
04/04/2026,PHI,Paul George,SF
04/04/2026,PHI,Kelly Oubre Jr.,SF
04/04/2026,PHI,Andre Drummond,C
04/05/2026,TOR,Ja'Kobe Walter,SG
04/05/2026,TOR,RJ Barrett,SG
04/05/2026,TOR,Brandon Ingram,SF
04/05/2026,TOR,Scottie Barnes,SF
04/05/2026,TOR,Jakob Poeltl,C
04/05/2026,BOS,Derrick White,SG
04/05/2026,BOS,Jaylen Brown,SG
04/05/2026,BOS,Jayson Tatum,SF
04/05/2026,BOS,Sam Hauser,SF
04/05/2026,BOS,Neemias Queta,C
04/05/2026,MEM,Walter Clayton Jr.,PG
04/05/2026,MEM,Rayan Rupert,SG
04/05/2026,MEM,Toby Okani,SF
04/05/2026,MEM,Taylor Hendricks,PF
04/05/2026,MEM,Olivier-Maxence Prosper,PF
04/05/2026,MIL,AJ Green,SG
04/05/2026,MIL,Ryan Rollins,SG
04/05/2026,MIL,Ousmane Dieng,SF
04/05/2026,MIL,Kyle Kuzma,PF
04/05/2026,MIL,Myles Turner,C
04/05/2026,WAS,Bub Carrington,PG
04/05/2026,WAS,Leaky Black,SF
04/05/2026,WAS,Will Riley,SF
04/05/2026,WAS,Anthony Gill,PF
04/05/2026,WAS,Julian Reese,PF
04/05/2026,BRK,Nolan Traore,PG
04/05/2026,BRK,Drake Powell,SG
04/05/2026,BRK,Jalen Wilson,SF
04/05/2026,BRK,Chaney Johnson,PF
04/05/2026,BRK,E.J. Liddell,PF
04/05/2026,PHO,Jordan Goodwin,PG
04/05/2026,PHO,Jalen Green,SG
04/05/2026,PHO,Devin Booker,SG
04/05/2026,PHO,Dillon Brooks,SF
04/05/2026,PHO,Mark Williams,C
04/05/2026,CHI,Tre Jones,PG
04/05/2026,CHI,Collin Sexton,PG
04/05/2026,CHI,Isaac Okoro,SF
04/05/2026,CHI,Guerschon Yabusele,PF
04/05/2026,CHI,Leonard Miller,PF
04/05/2026,IND,Quenton Jackson,SG
04/05/2026,IND,Ethan Thompson,SG
04/05/2026,IND,Jalen Slawson,PF
04/05/2026,IND,Kobe Brown,PF
04/05/2026,IND,Micah Potter,PF
04/05/2026,CLE,James Harden,SG
04/05/2026,CLE,Max Strus,SG
04/05/2026,CLE,Donovan Mitchell,SG
04/05/2026,CLE,Keon Ellis,SG
04/05/2026,CLE,Thomas Bryant,C
04/05/2026,CHO,LaMelo Ball,PG
04/05/2026,CHO,Kon Knueppel,SG
04/05/2026,CHO,Miles Bridges,SF
04/05/2026,CHO,Brandon Miller,SF
04/05/2026,CHO,Moussa Diabate,PF
04/05/2026,MIN,Mike Conley,PG
04/05/2026,MIN,Ayo Dosunmu,PG
04/05/2026,MIN,Donte DiVincenzo,SG
04/05/2026,MIN,Julius Randle,PF
04/05/2026,MIN,Rudy Gobert,C
04/05/2026,ORL,Jalen Suggs,SG
04/05/2026,ORL,Desmond Bane,SG
04/05/2026,ORL,Franz Wagner,SF
04/05/2026,ORL,Paolo Banchero,PF
04/05/2026,ORL,Wendell Carter Jr.,C
04/05/2026,NOP,Jeremiah Fears,PG
04/05/2026,NOP,Herbert Jones,SF
04/05/2026,NOP,Saddiq Bey,PF
04/05/2026,NOP,Zion Williamson,PF
04/05/2026,NOP,Yves Missi,C
04/05/2026,UTA,Brice Sensabaugh,SF
04/05/2026,UTA,Cody Williams,SF
04/05/2026,UTA,Ace Bailey,SF
04/05/2026,UTA,Oscar Tshiebwe,PF
04/05/2026,UTA,Kyle Filipowski,C
04/05/2026,OKC,Shai Gilgeous-Alexander,PG
04/05/2026,OKC,Jalen Williams,SF
04/05/2026,OKC,Luguentz Dort,SF
04/05/2026,OKC,Isaiah Hartenstein,C
04/05/2026,OKC,Chet Holmgren,C
04/05/2026,LAL,Luke Kennard,SG
04/05/2026,LAL,LeBron James,SF
04/05/2026,LAL,Rui Hachimura,PF
04/05/2026,LAL,Jake LaRavia,PF
04/05/2026,LAL,Deandre Ayton,C
04/05/2026,DAL,Max Christie,SG
04/05/2026,DAL,Naji Marshall,SF
04/05/2026,DAL,P.J. Washington,PF
04/05/2026,DAL,Cooper Flagg,PF
04/05/2026,DAL,Daniel Gafford,C
04/05/2026,LAC,Kris Dunn,PG
04/05/2026,LAC,Darius Garland,PG
04/05/2026,LAC,Kawhi Leonard,SF
04/05/2026,LAC,Derrick Jones Jr.,SF
04/05/2026,LAC,Brook Lopez,C
04/05/2026,SAC,Devin Carter,PG
04/05/2026,SAC,Nique Clifford,SF
04/05/2026,SAC,DeMar DeRozan,SF
04/05/2026,SAC,Precious Achiuwa,PF
04/05/2026,SAC,Maxime Raynaud,C
04/05/2026,HOU,Reed Sheppard,PG
04/05/2026,HOU,Amen Thompson,SG
04/05/2026,HOU,Kevin Durant,PF
04/05/2026,HOU,Jabari Smith Jr.,PF
04/05/2026,HOU,Alperen Sengun,C
04/05/2026,GSW,Brandin Podziemski,SG
04/05/2026,GSW,De'Anthony Melton,SG
04/05/2026,GSW,Gui Santos,SF
04/05/2026,GSW,Draymond Green,PF
04/05/2026,GSW,Kristaps Porzingis,C
04/06/2026,DET,Daniss Jenkins,PG
04/06/2026,DET,Kevin Huerter,SG
04/06/2026,DET,Ausar Thompson,SG
04/06/2026,DET,Paul Reed,PF
04/06/2026,DET,Jalen Duren,C
04/06/2026,ORL,Jalen Suggs,SG
04/06/2026,ORL,Desmond Bane,SG
04/06/2026,ORL,Paolo Banchero,PF
04/06/2026,ORL,Tristan da Silva,PF
04/06/2026,ORL,Wendell Carter Jr.,C
04/06/2026,NYK,Jalen Brunson,PG
04/06/2026,NYK,OG Anunoby,SF
04/06/2026,NYK,Josh Hart,SF
04/06/2026,NYK,Mikal Bridges,SF
04/06/2026,NYK,Karl-Anthony Towns,PF
04/06/2026,ATL,CJ McCollum,PG
04/06/2026,ATL,Dyson Daniels,PG
04/06/2026,ATL,Nickeil Alexander-Walker,SG
04/06/2026,ATL,Jalen Johnson,PF
04/06/2026,ATL,Onyeka Okongwu,C
04/06/2026,CLE,Dennis Schroder,PG
04/06/2026,CLE,Keon Ellis,SG
04/06/2026,CLE,Sam Merrill,SG
04/06/2026,CLE,Evan Mobley,PF
04/06/2026,CLE,Jarrett Allen,C
04/06/2026,MEM,Lucas Williamson,PG
04/06/2026,MEM,Cam Spencer,SG
04/06/2026,MEM,Cedric Coward,SG
04/06/2026,MEM,GG Jackson II,PF
04/06/2026,MEM,Olivier-Maxence Prosper,PF
04/06/2026,PHI,Tyrese Maxey,PG
04/06/2026,PHI,VJ Edgecombe,SG
04/06/2026,PHI,Kelly Oubre Jr.,SF
04/06/2026,PHI,Paul George,SF
04/06/2026,PHI,Joel Embiid,C
04/06/2026,SAS,De'Aaron Fox,PG
04/06/2026,SAS,Devin Vassell,SG
04/06/2026,SAS,Stephon Castle,SG
04/06/2026,SAS,Julian Champagnie,SF
04/06/2026,SAS,Victor Wembanyama,PF
04/06/2026,POR,Scoot Henderson,PG
04/06/2026,POR,Jrue Holiday,PG
04/06/2026,POR,Deni Avdija,SF
04/06/2026,POR,Toumani Camara,SF
04/06/2026,POR,Donovan Clingan,C
04/06/2026,DEN,Jamal Murray,PG
04/06/2026,DEN,Christian Braun,SG
04/06/2026,DEN,Aaron Gordon,PF
04/06/2026,DEN,Cameron Johnson,PF
04/06/2026,DEN,Nikola Jokic,C
04/07/2026,CHI,Collin Sexton,PG
04/07/2026,CHI,Tre Jones,PG
04/07/2026,CHI,Isaac Okoro,SF
04/07/2026,CHI,Guerschon Yabusele,PF
04/07/2026,CHI,Leonard Miller,PF
04/07/2026,WAS,Bub Carrington,PG
04/07/2026,WAS,Bilal Coulibaly,SG
04/07/2026,WAS,Leaky Black,SF
04/07/2026,WAS,Anthony Gill,PF
04/07/2026,WAS,Julian Reese,PF
04/07/2026,MIN,Mike Conley,PG
04/07/2026,MIN,Ayo Dosunmu,PG
04/07/2026,MIN,Donte DiVincenzo,SG
04/07/2026,MIN,Julius Randle,PF
04/07/2026,MIN,Rudy Gobert,C
04/07/2026,IND,Ethan Thompson,SG
04/07/2026,IND,Quenton Jackson,SG
04/07/2026,IND,Kobe Brown,PF
04/07/2026,IND,Jarace Walker,PF
04/07/2026,IND,Jay Huff,C
04/07/2026,MIA,Davion Mitchell,PG
04/07/2026,MIA,Pelle Larsson,SG
04/07/2026,MIA,Tyler Herro,SG
04/07/2026,MIA,Andrew Wiggins,SF
04/07/2026,MIA,Bam Adebayo,C
04/07/2026,TOR,Immanuel Quickley,PG
04/07/2026,TOR,RJ Barrett,SG
04/07/2026,TOR,Scottie Barnes,SF
04/07/2026,TOR,Brandon Ingram,SF
04/07/2026,TOR,Jakob Poeltl,C
04/07/2026,MIL,AJ Green,SG
04/07/2026,MIL,Ousmane Dieng,SF
04/07/2026,MIL,Taurean Prince,SF
04/07/2026,MIL,Pete Nance,PF
04/07/2026,MIL,Jericho Sims,C
04/07/2026,BRK,Ben Saraf,PG
04/07/2026,BRK,Malachi Smith,SG
04/07/2026,BRK,Drake Powell,SG
04/07/2026,BRK,Trevon Scott,SF
04/07/2026,BRK,E.J. Liddell,PF
04/07/2026,CHO,LaMelo Ball,PG
04/07/2026,CHO,Kon Knueppel,SG
04/07/2026,CHO,Brandon Miller,SF
04/07/2026,CHO,Miles Bridges,SF
04/07/2026,CHO,Moussa Diabate,PF
04/07/2026,BOS,Derrick White,SG
04/07/2026,BOS,Jaylen Brown,SG
04/07/2026,BOS,Jayson Tatum,SF
04/07/2026,BOS,Sam Hauser,SF
04/07/2026,BOS,Neemias Queta,C
04/07/2026,UTA,Bez Mbeng,PG
04/07/2026,UTA,Brice Sensabaugh,SF
04/07/2026,UTA,Cody Williams,SF
04/07/2026,UTA,Oscar Tshiebwe,PF
04/07/2026,UTA,Kyle Filipowski,C
04/07/2026,NOP,Jordan Poole,PG
04/07/2026,NOP,Jeremiah Fears,PG
04/07/2026,NOP,Micah Peavy,SF
04/07/2026,NOP,Derik Queen,C
04/07/2026,NOP,Kevon Looney,C
04/07/2026,SAC,Devin Carter,PG
04/07/2026,SAC,Nique Clifford,SF
04/07/2026,SAC,Daeqwon Plowden,SF
04/07/2026,SAC,Precious Achiuwa,PF
04/07/2026,SAC,Maxime Raynaud,C
04/07/2026,GSW,Brandin Podziemski,SG
04/07/2026,GSW,De'Anthony Melton,SG
04/07/2026,GSW,Pat Spencer,SG
04/07/2026,GSW,Draymond Green,PF
04/07/2026,GSW,Malevy Leons,PF
04/07/2026,DAL,Max Christie,SG
04/07/2026,DAL,Naji Marshall,SF
04/07/2026,DAL,Khris Middleton,SF
04/07/2026,DAL,Cooper Flagg,PF
04/07/2026,DAL,Dwight Powell,C
04/07/2026,LAC,Darius Garland,PG
04/07/2026,LAC,Kris Dunn,PG
04/07/2026,LAC,Derrick Jones Jr.,SF
04/07/2026,LAC,Kawhi Leonard,SF
04/07/2026,LAC,Brook Lopez,C
04/07/2026,OKC,Ajay Mitchell,PG
04/07/2026,OKC,Shai Gilgeous-Alexander,PG
04/07/2026,OKC,Luguentz Dort,SF
04/07/2026,OKC,Chet Holmgren,C
04/07/2026,OKC,Isaiah Hartenstein,C
04/07/2026,LAL,Luke Kennard,SG
04/07/2026,LAL,Rui Hachimura,PF
04/07/2026,LAL,Drew Timme,PF
04/07/2026,LAL,Jake LaRavia,PF
04/07/2026,LAL,Deandre Ayton,C
04/07/2026,HOU,Reed Sheppard,PG
04/07/2026,HOU,Amen Thompson,SG
04/07/2026,HOU,Jabari Smith Jr.,PF
04/07/2026,HOU,Kevin Durant,PF
04/07/2026,HOU,Alperen Sengun,C
04/07/2026,PHO,Jordan Goodwin,PG
04/07/2026,PHO,Jalen Green,SG
04/07/2026,PHO,Devin Booker,SG
04/07/2026,PHO,Dillon Brooks,SF
04/07/2026,PHO,Mark Williams,C
04/08/2026,ATL,CJ McCollum,PG
04/08/2026,ATL,Dyson Daniels,PG
04/08/2026,ATL,Nickeil Alexander-Walker,SG
04/08/2026,ATL,Jalen Johnson,PF
04/08/2026,ATL,Onyeka Okongwu,C
04/08/2026,CLE,James Harden,SG
04/08/2026,CLE,Donovan Mitchell,SG
04/08/2026,CLE,Dean Wade,PF
04/08/2026,CLE,Evan Mobley,PF
04/08/2026,CLE,Jarrett Allen,C
04/08/2026,MIN,Donte DiVincenzo,SG
04/08/2026,MIN,Kyle Anderson,SF
04/08/2026,MIN,Joe Ingles,SF
04/08/2026,MIN,Jaden McDaniels,PF
04/08/2026,MIN,Naz Reid,C
04/08/2026,ORL,Desmond Bane,SG
04/08/2026,ORL,Jalen Suggs,SG
04/08/2026,ORL,Franz Wagner,SF
04/08/2026,ORL,Paolo Banchero,PF
04/08/2026,ORL,Wendell Carter Jr.,C
04/08/2026,MIL,AJ Green,SG
04/08/2026,MIL,Ryan Rollins,SG
04/08/2026,MIL,Taurean Prince,SF
04/08/2026,MIL,Ousmane Dieng,SF
04/08/2026,MIL,Jericho Sims,C
04/08/2026,DET,Cade Cunningham,PG
04/08/2026,DET,Ausar Thompson,SG
04/08/2026,DET,Duncan Robinson,SG
04/08/2026,DET,Tobias Harris,SF
04/08/2026,DET,Jalen Duren,C
04/08/2026,MEM,Walter Clayton Jr.,PG
04/08/2026,MEM,Cedric Coward,SG
04/08/2026,MEM,Jahmai Mashack,SF
04/08/2026,MEM,Toby Okani,SF
04/08/2026,MEM,Taylor Hendricks,PF
04/08/2026,DEN,Jamal Murray,PG
04/08/2026,DEN,Christian Braun,SG
04/08/2026,DEN,Aaron Gordon,PF
04/08/2026,DEN,Cameron Johnson,PF
04/08/2026,DEN,Nikola Jokic,C
04/08/2026,POR,Jrue Holiday,PG
04/08/2026,POR,Scoot Henderson,PG
04/08/2026,POR,Toumani Camara,SF
04/08/2026,POR,Deni Avdija,SF
04/08/2026,POR,Donovan Clingan,C
04/08/2026,SAS,Dylan Harper,PG
04/08/2026,SAS,De'Aaron Fox,PG
04/08/2026,SAS,Devin Vassell,SG
04/08/2026,SAS,Julian Champagnie,SF
04/08/2026,SAS,Luke Kornet,C
04/08/2026,OKC,Shai Gilgeous-Alexander,PG
04/08/2026,OKC,Luguentz Dort,SF
04/08/2026,OKC,Jalen Williams,SF
04/08/2026,OKC,Isaiah Hartenstein,C
04/08/2026,OKC,Chet Holmgren,C
04/08/2026,LAC,Kris Dunn,PG
04/08/2026,LAC,Kawhi Leonard,SF
04/08/2026,LAC,Derrick Jones Jr.,SF
04/08/2026,LAC,John Collins,PF
04/08/2026,LAC,Brook Lopez,C
04/08/2026,DAL,Ryan Nembhard,PG
04/08/2026,DAL,Max Christie,SG
04/08/2026,DAL,Khris Middleton,SF
04/08/2026,DAL,Marvin Bagley III,PF
04/08/2026,DAL,Cooper Flagg,PF
04/08/2026,PHO,Jordan Goodwin,PG
04/08/2026,PHO,Jalen Green,SG
04/08/2026,PHO,Devin Booker,SG
04/08/2026,PHO,Dillon Brooks,SF
04/08/2026,PHO,Khaman Maluach,C
04/09/2026,CHI,Collin Sexton,PG
04/09/2026,CHI,Tre Jones,PG
04/09/2026,CHI,Guerschon Yabusele,PF
04/09/2026,CHI,Patrick Williams,PF
04/09/2026,CHI,Leonard Miller,PF
04/09/2026,WAS,Bub Carrington,PG
04/09/2026,WAS,Will Riley,SF
04/09/2026,WAS,Leaky Black,SF
04/09/2026,WAS,Anthony Gill,PF
04/09/2026,WAS,Julian Reese,PF
04/09/2026,MIA,Davion Mitchell,PG
04/09/2026,MIA,Tyler Herro,SG
04/09/2026,MIA,Pelle Larsson,SG
04/09/2026,MIA,Andrew Wiggins,SF
04/09/2026,MIA,Bam Adebayo,C
04/09/2026,TOR,Immanuel Quickley,PG
04/09/2026,TOR,RJ Barrett,SG
04/09/2026,TOR,Brandon Ingram,SF
04/09/2026,TOR,Scottie Barnes,SF
04/09/2026,TOR,Jakob Poeltl,C
04/09/2026,BOS,Derrick White,SG
04/09/2026,BOS,Jordan Walsh,SF
04/09/2026,BOS,Jayson Tatum,SF
04/09/2026,BOS,Sam Hauser,SF
04/09/2026,BOS,Neemias Queta,C
04/09/2026,NYK,Jalen Brunson,PG
04/09/2026,NYK,OG Anunoby,SF
04/09/2026,NYK,Josh Hart,SF
04/09/2026,NYK,Mikal Bridges,SF
04/09/2026,NYK,Karl-Anthony Towns,PF
04/09/2026,IND,Quenton Jackson,SG
04/09/2026,IND,Ethan Thompson,SG
04/09/2026,IND,Micah Potter,PF
04/09/2026,IND,Jarace Walker,PF
04/09/2026,IND,Jalen Slawson,PF
04/09/2026,BRK,Ben Saraf,PG
04/09/2026,BRK,Tyson Etienne,PG
04/09/2026,BRK,Malachi Smith,SG
04/09/2026,BRK,Trevon Scott,SF
04/09/2026,BRK,E.J. Liddell,PF
04/09/2026,PHI,Tyrese Maxey,PG
04/09/2026,PHI,VJ Edgecombe,SG
04/09/2026,PHI,Paul George,SF
04/09/2026,PHI,Kelly Oubre Jr.,SF
04/09/2026,PHI,Adem Bona,C
04/09/2026,HOU,Josh Okogie,SG
04/09/2026,HOU,Amen Thompson,SG
04/09/2026,HOU,Kevin Durant,PF
04/09/2026,HOU,Jabari Smith Jr.,PF
04/09/2026,HOU,Alperen Sengun,C
04/09/2026,LAL,Luke Kennard,SG
04/09/2026,LAL,LeBron James,SF
04/09/2026,LAL,Jake LaRavia,PF
04/09/2026,LAL,Rui Hachimura,PF
04/09/2026,LAL,Deandre Ayton,C
04/09/2026,GSW,Pat Spencer,SG
04/09/2026,GSW,De'Anthony Melton,SG
04/09/2026,GSW,Brandin Podziemski,SG
04/09/2026,GSW,Nate Williams,SF
04/09/2026,GSW,Draymond Green,PF
04/10/2026,DET,Cade Cunningham,PG
04/10/2026,DET,Ausar Thompson,SG
04/10/2026,DET,Duncan Robinson,SG
04/10/2026,DET,Tobias Harris,SF
04/10/2026,DET,Jalen Duren,C
04/10/2026,CHO,LaMelo Ball,PG
04/10/2026,CHO,Kon Knueppel,SG
04/10/2026,CHO,Brandon Miller,SF
04/10/2026,CHO,Miles Bridges,SF
04/10/2026,CHO,Moussa Diabate,PF
04/10/2026,MIA,Kasparas Jakucionis,PG
04/10/2026,MIA,Andrew Wiggins,SF
04/10/2026,MIA,Simone Fontecchio,SF
04/10/2026,MIA,Bam Adebayo,C
04/10/2026,MIA,Kel'el Ware,C
04/10/2026,WAS,Bub Carrington,PG
04/10/2026,WAS,Bilal Coulibaly,SG
04/10/2026,WAS,Leaky Black,SF
04/10/2026,WAS,Julian Reese,PF
04/10/2026,WAS,Anthony Gill,PF
04/10/2026,CLE,Max Strus,SG
04/10/2026,CLE,James Harden,SG
04/10/2026,CLE,Jaylon Tyson,SF
04/10/2026,CLE,Dean Wade,PF
04/10/2026,CLE,Evan Mobley,PF
04/10/2026,ATL,CJ McCollum,PG
04/10/2026,ATL,Dyson Daniels,PG
04/10/2026,ATL,Nickeil Alexander-Walker,SG
04/10/2026,ATL,Jalen Johnson,PF
04/10/2026,ATL,Onyeka Okongwu,C
04/10/2026,PHI,Tyrese Maxey,PG
04/10/2026,PHI,VJ Edgecombe,SG
04/10/2026,PHI,Paul George,SF
04/10/2026,PHI,Kelly Oubre Jr.,SF
04/10/2026,PHI,Adem Bona,C
04/10/2026,IND,Quenton Jackson,SG
04/10/2026,IND,Ethan Thompson,SG
04/10/2026,IND,Kobe Brown,PF
04/10/2026,IND,Jarace Walker,PF
04/10/2026,IND,Micah Potter,PF
04/10/2026,TOR,Jamal Shead,PG
04/10/2026,TOR,Ja'Kobe Walter,SG
04/10/2026,TOR,Scottie Barnes,SF
04/10/2026,TOR,Brandon Ingram,SF
04/10/2026,TOR,Jakob Poeltl,C
04/10/2026,NYK,Jalen Brunson,PG
04/10/2026,NYK,OG Anunoby,SF
04/10/2026,NYK,Mikal Bridges,SF
04/10/2026,NYK,Josh Hart,SF
04/10/2026,NYK,Karl-Anthony Towns,PF
04/10/2026,NOP,Jordan Poole,PG
04/10/2026,NOP,Jeremiah Fears,PG
04/10/2026,NOP,Micah Peavy,SF
04/10/2026,NOP,Kevon Looney,C
04/10/2026,NOP,Derik Queen,C
04/10/2026,BOS,Jaylen Brown,SG
04/10/2026,BOS,Derrick White,SG
04/10/2026,BOS,Sam Hauser,SF
04/10/2026,BOS,Jordan Walsh,SF
04/10/2026,BOS,Neemias Queta,C
04/10/2026,DAL,Ryan Nembhard,PG
04/10/2026,DAL,Max Christie,SG
04/10/2026,DAL,Khris Middleton,SF
04/10/2026,DAL,Marvin Bagley III,PF
04/10/2026,DAL,Cooper Flagg,PF
04/10/2026,SAS,Dylan Harper,PG
04/10/2026,SAS,De'Aaron Fox,PG
04/10/2026,SAS,Devin Vassell,SG
04/10/2026,SAS,Julian Champagnie,SF
04/10/2026,SAS,Victor Wembanyama,PF
04/10/2026,BRK,Tyson Etienne,PG
04/10/2026,BRK,Ben Saraf,PG
04/10/2026,BRK,Malachi Smith,SG
04/10/2026,BRK,Trevon Scott,SF
04/10/2026,BRK,E.J. Liddell,PF
04/10/2026,MIL,AJ Green,SG
04/10/2026,MIL,Cormac Ryan,SG
04/10/2026,MIL,Taurean Prince,SF
04/10/2026,MIL,Ousmane Dieng,SF
04/10/2026,MIL,Myles Turner,C
04/10/2026,ORL,Jalen Suggs,SG
04/10/2026,ORL,Desmond Bane,SG
04/10/2026,ORL,Franz Wagner,SF
04/10/2026,ORL,Paolo Banchero,PF
04/10/2026,ORL,Wendell Carter Jr.,C
04/10/2026,CHI,Collin Sexton,PG
04/10/2026,CHI,Tre Jones,PG
04/10/2026,CHI,Matas Buzelis,SF
04/10/2026,CHI,Leonard Miller,PF
04/10/2026,CHI,Lachlan Olbrich,PF
04/10/2026,OKC,Nikola Topic,PG
04/10/2026,OKC,Jared McCain,PG
04/10/2026,OKC,Aaron Wiggins,SG
04/10/2026,OKC,Luguentz Dort,SF
04/10/2026,OKC,Branden Carlson,C
04/10/2026,DEN,Tyus Jones,PG
04/10/2026,DEN,Bruce Brown,SG
04/10/2026,DEN,Tim Hardaway Jr.,SF
04/10/2026,DEN,Julian Strawther,SF
04/10/2026,DEN,Jonas Valanciunas,C
04/10/2026,MEM,Lucas Williamson,PG
04/10/2026,MEM,Adama Bal,SG
04/10/2026,MEM,Dariq Whitehead,SG
04/10/2026,MEM,Jahmai Mashack,SF
04/10/2026,MEM,Toby Okani,SF
04/10/2026,UTA,Kennedy Chandler,PG
04/10/2026,UTA,Blake Hinson,SF
04/10/2026,UTA,Ace Bailey,SF
04/10/2026,UTA,Cody Williams,SF
04/10/2026,UTA,Oscar Tshiebwe,PF
04/10/2026,MIN,Donte DiVincenzo,SG
04/10/2026,MIN,Anthony Edwards,SG
04/10/2026,MIN,Kyle Anderson,SF
04/10/2026,MIN,Jaden McDaniels,PF
04/10/2026,MIN,Joan Beringer,C
04/10/2026,HOU,Josh Okogie,SG
04/10/2026,HOU,Amen Thompson,SG
04/10/2026,HOU,Kevin Durant,PF
04/10/2026,HOU,Jabari Smith Jr.,PF
04/10/2026,HOU,Alperen Sengun,C
04/10/2026,LAC,Darius Garland,PG
04/10/2026,LAC,Kris Dunn,PG
04/10/2026,LAC,Kawhi Leonard,SF
04/10/2026,LAC,Derrick Jones Jr.,SF
04/10/2026,LAC,Brook Lopez,C
04/10/2026,POR,Scoot Henderson,PG
04/10/2026,POR,Jrue Holiday,PG
04/10/2026,POR,Deni Avdija,SF
04/10/2026,POR,Toumani Camara,SF
04/10/2026,POR,Donovan Clingan,C
04/10/2026,GSW,Stephen Curry,PG
04/10/2026,GSW,Brandin Podziemski,SG
04/10/2026,GSW,Gui Santos,SF
04/10/2026,GSW,Draymond Green,PF
04/10/2026,GSW,Kristaps Porzingis,C
04/10/2026,SAC,Devin Carter,PG
04/10/2026,SAC,Daeqwon Plowden,SF
04/10/2026,SAC,Nique Clifford,SF
04/10/2026,SAC,Precious Achiuwa,PF
04/10/2026,SAC,Maxime Raynaud,C
04/10/2026,PHO,Collin Gillespie,PG
04/10/2026,PHO,Dillon Brooks,SF
04/10/2026,PHO,Grayson Allen,SF
04/10/2026,PHO,Ryan Dunn,SF
04/10/2026,PHO,Mark Williams,C
04/10/2026,LAL,Kobe Bufkin,PG
04/10/2026,LAL,Luke Kennard,SG
04/10/2026,LAL,LeBron James,SF
04/10/2026,LAL,Rui Hachimura,PF
04/10/2026,LAL,Jake LaRavia,PF
04/11/2026,ORL,Anthony Black,PG
04/11/2026,ORL,Desmond Bane,SG
04/11/2026,ORL,Jalen Suggs,SG
04/11/2026,ORL,Paolo Banchero,PF
04/11/2026,ORL,Wendell Carter Jr.,C
04/11/2026,BOS,Payton Pritchard,PG
04/11/2026,BOS,Baylor Scheierman,SG
04/11/2026,BOS,Sam Hauser,SF
04/11/2026,BOS,Nikola Vucevic,C
04/11/2026,BOS,Luka Garza,C
04/11/2026,WAS,Bub Carrington,PG
04/11/2026,WAS,Leaky Black,SF
04/11/2026,WAS,Will Riley,SF
04/11/2026,WAS,Julian Reese,PF
04/11/2026,WAS,Anthony Gill,PF
04/11/2026,CLE,Craig Porter Jr.,PG
04/11/2026,CLE,Max Strus,SG
04/11/2026,CLE,Jaylon Tyson,SF
04/11/2026,CLE,Larry Nance Jr.,PF
04/11/2026,CLE,Olivier Sarr,C
04/11/2026,DET,Cade Cunningham,PG
04/11/2026,DET,Ausar Thompson,SG
04/11/2026,DET,Duncan Robinson,SG
04/11/2026,DET,Tobias Harris,SF
04/11/2026,DET,Isaiah Stewart,PF
04/11/2026,IND,Ethan Thompson,SG
04/11/2026,IND,Quenton Jackson,SG
04/11/2026,IND,Kobe Brown,PF
04/11/2026,IND,Jarace Walker,PF
04/11/2026,IND,Micah Potter,PF
04/11/2026,ATL,CJ McCollum,PG
04/11/2026,ATL,Dyson Daniels,PG
04/11/2026,ATL,Nickeil Alexander-Walker,SG
04/11/2026,ATL,Jalen Johnson,PF
04/11/2026,ATL,Onyeka Okongwu,C
04/11/2026,MIA,Davion Mitchell,PG
04/11/2026,MIA,Tyler Herro,SG
04/11/2026,MIA,Norman Powell,SG
04/11/2026,MIA,Andrew Wiggins,SF
04/11/2026,MIA,Bam Adebayo,C
04/11/2026,CHO,LaMelo Ball,PG
04/11/2026,CHO,Kon Knueppel,SG
04/11/2026,CHO,Brandon Miller,SF
04/11/2026,CHO,Miles Bridges,SF
04/11/2026,CHO,Moussa Diabate,PF
04/11/2026,NYK,Jose Alvarado,PG
04/11/2026,NYK,Landry Shamet,SG
04/11/2026,NYK,Mikal Bridges,SF
04/11/2026,NYK,Mohamed Diawara,PF
04/11/2026,NYK,Ariel Hukporti,C
04/11/2026,MIL,Cormac Ryan,SG
04/11/2026,MIL,AJ Green,SG
04/11/2026,MIL,Taurean Prince,SF
04/11/2026,MIL,Ousmane Dieng,SF
04/11/2026,MIL,Jericho Sims,C
04/11/2026,PHI,Tyrese Maxey,PG
04/11/2026,PHI,VJ Edgecombe,SG
04/11/2026,PHI,Paul George,SF
04/11/2026,PHI,Kelly Oubre Jr.,SF
04/11/2026,PHI,Adem Bona,C
04/11/2026,BRK,Tyson Etienne,PG
04/11/2026,BRK,Ben Saraf,PG
04/11/2026,BRK,Malachi Smith,SG
04/11/2026,BRK,Trevon Scott,SF
04/11/2026,BRK,E.J. Liddell,PF
04/11/2026,TOR,Jamal Shead,PG
04/11/2026,TOR,Ja'Kobe Walter,SG
04/11/2026,TOR,Scottie Barnes,SF
04/11/2026,TOR,Brandon Ingram,SF
04/11/2026,TOR,Jakob Poeltl,C
04/11/2026,UTA,Ace Bailey,SF
04/11/2026,UTA,Brice Sensabaugh,SF
04/11/2026,UTA,Cody Williams,SF
04/11/2026,UTA,Oscar Tshiebwe,PF
04/11/2026,UTA,Kyle Filipowski,C
04/11/2026,LAL,Marcus Smart,PG
04/11/2026,LAL,LeBron James,SF
04/11/2026,LAL,Rui Hachimura,PF
04/11/2026,LAL,Jake LaRavia,PF
04/11/2026,LAL,Deandre Ayton,C
04/11/2026,DEN,Bruce Brown,SG
04/11/2026,DEN,Jalen Pickett,SG
04/11/2026,DEN,Julian Strawther,SF
04/11/2026,DEN,DaRon Holmes II,PF
04/11/2026,DEN,Nikola Jokic,C
04/11/2026,SAS,De'Aaron Fox,PG
04/11/2026,SAS,Stephon Castle,SG
04/11/2026,SAS,Devin Vassell,SG
04/11/2026,SAS,Julian Champagnie,SF
04/11/2026,SAS,Victor Wembanyama,PF
04/11/2026,CHI,Tre Jones,PG
04/11/2026,CHI,Collin Sexton,PG
04/11/2026,CHI,Patrick Williams,PF
04/11/2026,CHI,Leonard Miller,PF
04/11/2026,CHI,Lachlan Olbrich,PF
04/11/2026,DAL,Ryan Nembhard,PG
04/11/2026,DAL,Max Christie,SG
04/11/2026,DAL,Khris Middleton,SF
04/11/2026,DAL,Cooper Flagg,PF
04/11/2026,DAL,Dwight Powell,C
04/11/2026,MEM,Lucas Williamson,PG
04/11/2026,MEM,Adama Bal,SG
04/11/2026,MEM,Dariq Whitehead,SG
04/11/2026,MEM,Jahmai Mashack,SF
04/11/2026,MEM,Toby Okani,SF
04/11/2026,HOU,Reed Sheppard,PG
04/11/2026,HOU,Josh Okogie,SG
04/11/2026,HOU,Jae'Sean Tate,SF
04/11/2026,HOU,Tari Eason,SF
04/11/2026,HOU,Clint Capela,C
04/11/2026,NOP,Jeremiah Fears,PG
04/11/2026,NOP,Jordan Hawkins,SG
04/11/2026,NOP,Bryce McGowens,SG
04/11/2026,NOP,Derik Queen,C
04/11/2026,NOP,Yves Missi,C
04/11/2026,MIN,Jaylen Clark,PG
04/11/2026,MIN,Terrence Shannon Jr.,SG
04/11/2026,MIN,Donte DiVincenzo,SG
04/11/2026,MIN,Julian Phillips,SF
04/11/2026,MIN,Joan Beringer,C
04/11/2026,PHO,Collin Gillespie,PG
04/11/2026,PHO,Rasheer Fleming,SF
04/11/2026,PHO,Ryan Dunn,SF
04/11/2026,PHO,Oso Ighodaro,PF
04/11/2026,PHO,Amir Coffey,PF
04/11/2026,OKC,Shai Gilgeous-Alexander,PG
04/11/2026,OKC,Jalen Williams,SF
04/11/2026,OKC,Luguentz Dort,SF
04/11/2026,OKC,Chet Holmgren,C
04/11/2026,OKC,Isaiah Hartenstein,C
04/11/2026,GSW,Stephen Curry,PG
04/11/2026,GSW,Brandin Podziemski,SG
04/11/2026,GSW,Gui Santos,SF
04/11/2026,GSW,Draymond Green,PF
04/11/2026,GSW,Kristaps Porzingis,C
04/11/2026,LAC,Darius Garland,PG
04/11/2026,LAC,Kawhi Leonard,SF
04/11/2026,LAC,Derrick Jones Jr.,SF
04/11/2026,LAC,John Collins,PF
04/11/2026,LAC,Brook Lopez,C
04/11/2026,SAC,Devin Carter,PG
04/11/2026,SAC,Doug McDermott,SF
04/11/2026,SAC,Nique Clifford,SF
04/11/2026,SAC,Precious Achiuwa,PF
04/11/2026,SAC,Maxime Raynaud,C
04/11/2026,POR,Scoot Henderson,PG
04/11/2026,POR,Jrue Holiday,PG
04/11/2026,POR,Toumani Camara,SF
04/11/2026,POR,Deni Avdija,SF
04/11/2026,POR,Donovan Clingan,C
04/12/2026,ORL,Desmond Bane,SG
04/12/2026,ORL,Jalen Suggs,SG
04/12/2026,ORL,Franz Wagner,SF
04/12/2026,ORL,Paolo Banchero,PF
04/12/2026,ORL,Wendell Carter Jr.,C
04/12/2026,BOS,Max Shulga,SG
04/12/2026,BOS,Baylor Scheierman,SG
04/12/2026,BOS,Ron Harper Jr.,SF
04/12/2026,BOS,Jordan Walsh,SF
04/12/2026,BOS,Luka Garza,C
04/12/2026,WAS,Bub Carrington,PG
04/12/2026,WAS,Justin Champagnie,SG
04/12/2026,WAS,Jamir Watkins,SG
04/12/2026,WAS,Will Riley,SF
04/12/2026,WAS,Anthony Gill,PF
04/12/2026,CLE,Craig Porter Jr.,PG
04/12/2026,CLE,Max Strus,SG
04/12/2026,CLE,Jaylon Tyson,SF
04/12/2026,CLE,Larry Nance Jr.,PF
04/12/2026,CLE,Nae'Qwan Tomlin,PF
04/12/2026,DET,Cade Cunningham,PG
04/12/2026,DET,Ausar Thompson,SG
04/12/2026,DET,Duncan Robinson,SG
04/12/2026,DET,Tobias Harris,SF
04/12/2026,DET,Paul Reed,PF
04/12/2026,IND,Ethan Thompson,SG
04/12/2026,IND,Quenton Jackson,SG
04/12/2026,IND,Kobe Brown,PF
04/12/2026,IND,Jalen Slawson,PF
04/12/2026,IND,Micah Potter,PF
04/12/2026,CHO,LaMelo Ball,PG
04/12/2026,CHO,Kon Knueppel,SG
04/12/2026,CHO,Brandon Miller,SF
04/12/2026,CHO,Miles Bridges,SF
04/12/2026,CHO,Moussa Diabate,PF
04/12/2026,NYK,Jose Alvarado,PG
04/12/2026,NYK,Miles McBride,PG
04/12/2026,NYK,Mikal Bridges,SF
04/12/2026,NYK,Mohamed Diawara,PF
04/12/2026,NYK,Ariel Hukporti,C
04/12/2026,MIL,Cormac Ryan,SG
04/12/2026,MIL,AJ Green,SG
04/12/2026,MIL,Taurean Prince,SF
04/12/2026,MIL,Ousmane Dieng,SF
04/12/2026,MIL,Jericho Sims,C
04/12/2026,PHI,Tyrese Maxey,PG
04/12/2026,PHI,VJ Edgecombe,SG
04/12/2026,PHI,Paul George,SF
04/12/2026,PHI,Kelly Oubre Jr.,SF
04/12/2026,PHI,Adem Bona,C
04/12/2026,BRK,Ben Saraf,PG
04/12/2026,BRK,Malachi Smith,SG
04/12/2026,BRK,Drake Powell,SG
04/12/2026,BRK,Trevon Scott,SF
04/12/2026,BRK,E.J. Liddell,PF
04/12/2026,TOR,Immanuel Quickley,PG
04/12/2026,TOR,RJ Barrett,SG
04/12/2026,TOR,Scottie Barnes,SF
04/12/2026,TOR,Brandon Ingram,SF
04/12/2026,TOR,Jakob Poeltl,C
04/12/2026,ATL,Keaton Wallace,SG
04/12/2026,ATL,Corey Kispert,SF
04/12/2026,ATL,Zaccharie Risacher,SF
04/12/2026,ATL,Asa Newell,PF
04/12/2026,ATL,Tony Bradley,C
04/12/2026,MIA,Davion Mitchell,PG
04/12/2026,MIA,Tyler Herro,SG
04/12/2026,MIA,Andrew Wiggins,SF
04/12/2026,MIA,Kel'el Ware,C
04/12/2026,MIA,Bam Adebayo,C
04/12/2026,UTA,Bez Mbeng,PG
04/12/2026,UTA,Ace Bailey,SF
04/12/2026,UTA,Cody Williams,SF
04/12/2026,UTA,Blake Hinson,SF
04/12/2026,UTA,Oscar Tshiebwe,PF
04/12/2026,LAL,Marcus Smart,PG
04/12/2026,LAL,Luke Kennard,SG
04/12/2026,LAL,LeBron James,SF
04/12/2026,LAL,Rui Hachimura,PF
04/12/2026,LAL,Deandre Ayton,C
04/12/2026,DEN,Tyus Jones,PG
04/12/2026,DEN,Bruce Brown,SG
04/12/2026,DEN,Julian Strawther,SF
04/12/2026,DEN,Zeke Nnaji,C
04/12/2026,DEN,Nikola Jokic,C
04/12/2026,SAS,De'Aaron Fox,PG
04/12/2026,SAS,Stephon Castle,SG
04/12/2026,SAS,Devin Vassell,SG
04/12/2026,SAS,Julian Champagnie,SF
04/12/2026,SAS,Mason Plumlee,C
04/12/2026,PHO,Jamaree Bouyea,SG
04/12/2026,PHO,Rasheer Fleming,SF
04/12/2026,PHO,Ryan Dunn,SF
04/12/2026,PHO,Oso Ighodaro,PF
04/12/2026,PHO,Amir Coffey,PF
04/12/2026,OKC,Nikola Topic,PG
04/12/2026,OKC,Jared McCain,PG
04/12/2026,OKC,Aaron Wiggins,SG
04/12/2026,OKC,Luguentz Dort,SF
04/12/2026,OKC,Branden Carlson,C
04/12/2026,GSW,Stephen Curry,PG
04/12/2026,GSW,De'Anthony Melton,SG
04/12/2026,GSW,Brandin Podziemski,SG
04/12/2026,GSW,Al Horford,C
04/12/2026,GSW,Kristaps Porzingis,C
04/12/2026,LAC,Darius Garland,PG
04/12/2026,LAC,Kris Dunn,PG
04/12/2026,LAC,Derrick Jones Jr.,SF
04/12/2026,LAC,John Collins,PF
04/12/2026,LAC,Brook Lopez,C
04/12/2026,SAC,Devin Carter,PG
04/12/2026,SAC,Daeqwon Plowden,SF
04/12/2026,SAC,Nique Clifford,SF
04/12/2026,SAC,Precious Achiuwa,PF
04/12/2026,SAC,Maxime Raynaud,C
04/12/2026,POR,Scoot Henderson,PG
04/12/2026,POR,Jrue Holiday,PG
04/12/2026,POR,Toumani Camara,SF
04/12/2026,POR,Deni Avdija,SF
04/12/2026,POR,Donovan Clingan,C
04/12/2026,CHI,Tre Jones,PG
04/12/2026,CHI,Collin Sexton,PG
04/12/2026,CHI,Patrick Williams,PF
04/12/2026,CHI,Leonard Miller,PF
04/12/2026,CHI,Lachlan Olbrich,PF
04/12/2026,DAL,Ryan Nembhard,PG
04/12/2026,DAL,Max Christie,SG
04/12/2026,DAL,Khris Middleton,SF
04/12/2026,DAL,Cooper Flagg,PF
04/12/2026,DAL,Dwight Powell,C
04/12/2026,MEM,Dariq Whitehead,SG
04/12/2026,MEM,Rayan Rupert,SG
04/12/2026,MEM,Jahmai Mashack,SF
04/12/2026,MEM,Toby Okani,SF
04/12/2026,MEM,Taj Gibson,PF
04/12/2026,HOU,Reed Sheppard,PG
04/12/2026,HOU,Josh Okogie,SG
04/12/2026,HOU,Jae'Sean Tate,SF
04/12/2026,HOU,Tari Eason,SF
04/12/2026,HOU,Clint Capela,C
04/12/2026,NOP,Jeremiah Fears,PG
04/12/2026,NOP,Jordan Hawkins,SG
04/12/2026,NOP,Micah Peavy,SF
04/12/2026,NOP,Josh Oduro,PF
04/12/2026,NOP,Derik Queen,C
04/12/2026,MIN,Jaylen Clark,PG
04/12/2026,MIN,Terrence Shannon Jr.,SG
04/12/2026,MIN,Donte DiVincenzo,SG
04/12/2026,MIN,Joe Ingles,SF
04/12/2026,MIN,Joan Beringer,C
04/13/2026,ORL,Desmond Bane,SG
04/13/2026,ORL,Jalen Suggs,SG
04/13/2026,ORL,Franz Wagner,SF
04/13/2026,ORL,Paolo Banchero,PF
04/13/2026,ORL,Wendell Carter Jr.,C
04/13/2026,BOS,Max Shulga,SG
04/13/2026,BOS,Baylor Scheierman,SG
04/13/2026,BOS,Ron Harper Jr.,SF
04/13/2026,BOS,Jordan Walsh,SF
04/13/2026,BOS,Luka Garza,C
04/13/2026,DET,Cade Cunningham,PG
04/13/2026,DET,Ausar Thompson,SG
04/13/2026,DET,Duncan Robinson,SG
04/13/2026,DET,Tobias Harris,SF
04/13/2026,DET,Paul Reed,PF
04/13/2026,IND,Ethan Thompson,SG
04/13/2026,IND,Quenton Jackson,SG
04/13/2026,IND,Kobe Brown,PF
04/13/2026,IND,Jalen Slawson,PF
04/13/2026,IND,Micah Potter,PF
04/13/2026,ATL,Keaton Wallace,SG
04/13/2026,ATL,Corey Kispert,SF
04/13/2026,ATL,Zaccharie Risacher,SF
04/13/2026,ATL,Asa Newell,PF
04/13/2026,ATL,Tony Bradley,C
04/13/2026,MIA,Davion Mitchell,PG
04/13/2026,MIA,Tyler Herro,SG
04/13/2026,MIA,Andrew Wiggins,SF
04/13/2026,MIA,Kel'el Ware,C
04/13/2026,MIA,Bam Adebayo,C
04/13/2026,CHO,LaMelo Ball,PG
04/13/2026,CHO,Kon Knueppel,SG
04/13/2026,CHO,Brandon Miller,SF
04/13/2026,CHO,Miles Bridges,SF
04/13/2026,CHO,Moussa Diabate,PF
04/13/2026,NYK,Jose Alvarado,PG
04/13/2026,NYK,Miles McBride,PG
04/13/2026,NYK,Mikal Bridges,SF
04/13/2026,NYK,Mohamed Diawara,PF
04/13/2026,NYK,Ariel Hukporti,C
04/13/2026,BRK,Ben Saraf,PG
04/13/2026,BRK,Malachi Smith,SG
04/13/2026,BRK,Drake Powell,SG
04/13/2026,BRK,Trevon Scott,SF
04/13/2026,BRK,E.J. Liddell,PF
04/13/2026,TOR,Immanuel Quickley,PG
04/13/2026,TOR,RJ Barrett,SG
04/13/2026,TOR,Scottie Barnes,SF
04/13/2026,TOR,Brandon Ingram,SF
04/13/2026,TOR,Jakob Poeltl,C
04/13/2026,WAS,Bub Carrington,PG
04/13/2026,WAS,Justin Champagnie,SG
04/13/2026,WAS,Jamir Watkins,SG
04/13/2026,WAS,Will Riley,SF
04/13/2026,WAS,Anthony Gill,PF
04/13/2026,CLE,Craig Porter Jr.,PG
04/13/2026,CLE,Max Strus,SG
04/13/2026,CLE,Jaylon Tyson,SF
04/13/2026,CLE,Larry Nance Jr.,PF
04/13/2026,CLE,Nae'Qwan Tomlin,PF
04/13/2026,MIL,Cormac Ryan,SG
04/13/2026,MIL,AJ Green,SG
04/13/2026,MIL,Taurean Prince,SF
04/13/2026,MIL,Ousmane Dieng,SF
04/13/2026,MIL,Jericho Sims,C
04/13/2026,PHI,Tyrese Maxey,PG
04/13/2026,PHI,VJ Edgecombe,SG
04/13/2026,PHI,Paul George,SF
04/13/2026,PHI,Kelly Oubre Jr.,SF
04/13/2026,PHI,Adem Bona,C
04/13/2026,UTA,Bez Mbeng,PG
04/13/2026,UTA,Ace Bailey,SF
04/13/2026,UTA,Cody Williams,SF
04/13/2026,UTA,Blake Hinson,SF
04/13/2026,UTA,Oscar Tshiebwe,PF
04/13/2026,LAL,Marcus Smart,PG
04/13/2026,LAL,Luke Kennard,SG
04/13/2026,LAL,LeBron James,SF
04/13/2026,LAL,Rui Hachimura,PF
04/13/2026,LAL,Deandre Ayton,C
04/13/2026,DEN,Tyus Jones,PG
04/13/2026,DEN,Bruce Brown,SG
04/13/2026,DEN,Julian Strawther,SF
04/13/2026,DEN,Zeke Nnaji,C
04/13/2026,DEN,Nikola Jokic,C
04/13/2026,SAS,De'Aaron Fox,PG
04/13/2026,SAS,Stephon Castle,SG
04/13/2026,SAS,Devin Vassell,SG
04/13/2026,SAS,Julian Champagnie,SF
04/13/2026,SAS,Mason Plumlee,C
04/13/2026,CHI,Tre Jones,PG
04/13/2026,CHI,Collin Sexton,PG
04/13/2026,CHI,Patrick Williams,PF
04/13/2026,CHI,Leonard Miller,PF
04/13/2026,CHI,Lachlan Olbrich,PF
04/13/2026,DAL,Ryan Nembhard,PG
04/13/2026,DAL,Max Christie,SG
04/13/2026,DAL,Khris Middleton,SF
04/13/2026,DAL,Cooper Flagg,PF
04/13/2026,DAL,Dwight Powell,C
04/13/2026,MEM,Dariq Whitehead,SG
04/13/2026,MEM,Rayan Rupert,SG
04/13/2026,MEM,Jahmai Mashack,SF
04/13/2026,MEM,Toby Okani,SF
04/13/2026,MEM,Taj Gibson,PF
04/13/2026,HOU,Reed Sheppard,PG
04/13/2026,HOU,Josh Okogie,SG
04/13/2026,HOU,Jae'Sean Tate,SF
04/13/2026,HOU,Tari Eason,SF
04/13/2026,HOU,Clint Capela,C
04/13/2026,PHO,Jamaree Bouyea,SG
04/13/2026,PHO,Rasheer Fleming,SF
04/13/2026,PHO,Ryan Dunn,SF
04/13/2026,PHO,Oso Ighodaro,PF
04/13/2026,PHO,Amir Coffey,PF
04/13/2026,OKC,Nikola Topic,PG
04/13/2026,OKC,Jared McCain,PG
04/13/2026,OKC,Aaron Wiggins,SG
04/13/2026,OKC,Luguentz Dort,SF
04/13/2026,OKC,Branden Carlson,C
04/13/2026,GSW,Stephen Curry,PG
04/13/2026,GSW,De'Anthony Melton,SG
04/13/2026,GSW,Brandin Podziemski,SG
04/13/2026,GSW,Al Horford,C
04/13/2026,GSW,Kristaps Porzingis,C
04/13/2026,LAC,Darius Garland,PG
04/13/2026,LAC,Kris Dunn,PG
04/13/2026,LAC,Derrick Jones Jr.,SF
04/13/2026,LAC,John Collins,PF
04/13/2026,LAC,Brook Lopez,C
04/13/2026,SAC,Devin Carter,PG
04/13/2026,SAC,Daeqwon Plowden,SF
04/13/2026,SAC,Nique Clifford,SF
04/13/2026,SAC,Precious Achiuwa,PF
04/13/2026,SAC,Maxime Raynaud,C
04/13/2026,POR,Scoot Henderson,PG
04/13/2026,POR,Jrue Holiday,PG
04/13/2026,POR,Toumani Camara,SF
04/13/2026,POR,Deni Avdija,SF
04/13/2026,POR,Donovan Clingan,C
04/13/2026,NOP,Jeremiah Fears,PG
04/13/2026,NOP,Jordan Hawkins,SG
04/13/2026,NOP,Micah Peavy,SF
04/13/2026,NOP,Josh Oduro,PF
04/13/2026,NOP,Derik Queen,C
04/13/2026,MIN,Jaylen Clark,PG
04/13/2026,MIN,Terrence Shannon Jr.,SG
04/13/2026,MIN,Donte DiVincenzo,SG
04/13/2026,MIN,Joe Ingles,SF
04/13/2026,MIN,Joan Beringer,C
04/14/2026,MIA,Davion Mitchell,PG
04/14/2026,MIA,Tyler Herro,SG
04/14/2026,MIA,Andrew Wiggins,SF
04/14/2026,MIA,Bam Adebayo,C
04/14/2026,MIA,Kel'el Ware,C
04/14/2026,CHO,LaMelo Ball,PG
04/14/2026,CHO,Kon Knueppel,SG
04/14/2026,CHO,Brandon Miller,SF
04/14/2026,CHO,Miles Bridges,SF
04/14/2026,CHO,Moussa Diabate,PF
04/14/2026,POR,Jrue Holiday,PG
04/14/2026,POR,Scoot Henderson,PG
04/14/2026,POR,Toumani Camara,SF
04/14/2026,POR,Deni Avdija,SF
04/14/2026,POR,Donovan Clingan,C
04/14/2026,PHO,Jordan Goodwin,PG
04/14/2026,PHO,Devin Booker,SG
04/14/2026,PHO,Jalen Green,SG
04/14/2026,PHO,Dillon Brooks,SF
04/14/2026,PHO,Mark Williams,C
04/15/2026,ORL,Desmond Bane,SG
04/15/2026,ORL,Jalen Suggs,SG
04/15/2026,ORL,Franz Wagner,SF
04/15/2026,ORL,Paolo Banchero,PF
04/15/2026,ORL,Wendell Carter Jr.,C
04/15/2026,PHI,Tyrese Maxey,PG
04/15/2026,PHI,VJ Edgecombe,SG
04/15/2026,PHI,Paul George,SF
04/15/2026,PHI,Kelly Oubre Jr.,SF
04/15/2026,PHI,Adem Bona,C
04/15/2026,GSW,Stephen Curry,PG
04/15/2026,GSW,Brandin Podziemski,SG
04/15/2026,GSW,Gui Santos,SF
04/15/2026,GSW,Draymond Green,PF
04/15/2026,GSW,Kristaps Porzingis,C
04/15/2026,LAC,Kris Dunn,PG
04/15/2026,LAC,Darius Garland,PG
04/15/2026,LAC,Kawhi Leonard,SF
04/15/2026,LAC,Derrick Jones Jr.,SF
04/15/2026,LAC,Brook Lopez,C
04/16/2026,CHO,LaMelo Ball,PG
04/16/2026,CHO,Kon Knueppel,SG
04/16/2026,CHO,Miles Bridges,SF
04/16/2026,CHO,Brandon Miller,SF
04/16/2026,CHO,Moussa Diabate,PF
04/16/2026,ORL,Desmond Bane,SG
04/16/2026,ORL,Jalen Suggs,SG
04/16/2026,ORL,Franz Wagner,SF
04/16/2026,ORL,Paolo Banchero,PF
04/16/2026,ORL,Wendell Carter Jr.,C
04/16/2026,GSW,Stephen Curry,PG
04/16/2026,GSW,Brandin Podziemski,SG
04/16/2026,GSW,Gui Santos,SF
04/16/2026,GSW,Draymond Green,PF
04/16/2026,GSW,Kristaps Porzingis,C
04/16/2026,PHO,Collin Gillespie,PG
04/16/2026,PHO,Devin Booker,SG
04/16/2026,PHO,Jalen Green,SG
04/16/2026,PHO,Dillon Brooks,SF
04/16/2026,PHO,Mark Williams,C
04/17/2026,CHO,LaMelo Ball,PG
04/17/2026,CHO,Kon Knueppel,SG
04/17/2026,CHO,Brandon Miller,SF
04/17/2026,CHO,Miles Bridges,SF
04/17/2026,CHO,Moussa Diabate,PF
04/17/2026,ORL,Desmond Bane,SG
04/17/2026,ORL,Jalen Suggs,SG
04/17/2026,ORL,Franz Wagner,SF
04/17/2026,ORL,Paolo Banchero,PF
04/17/2026,ORL,Wendell Carter Jr.,C
04/17/2026,GSW,Stephen Curry,PG
04/17/2026,GSW,Brandin Podziemski,SG
04/17/2026,GSW,Gui Santos,SF
04/17/2026,GSW,Draymond Green,PF
04/17/2026,GSW,Kristaps Porzingis,C
04/17/2026,PHO,Jordan Goodwin,PG
04/17/2026,PHO,Devin Booker,SG
04/17/2026,PHO,Jalen Green,SG
04/17/2026,PHO,Dillon Brooks,SF
04/17/2026,PHO,Oso Ighodaro,PF
04/18/2026,TOR,Jamal Shead,PG
04/18/2026,TOR,RJ Barrett,SG
04/18/2026,TOR,Scottie Barnes,SF
04/18/2026,TOR,Brandon Ingram,SF
04/18/2026,TOR,Jakob Poeltl,C
04/18/2026,CLE,Donovan Mitchell,SG
04/18/2026,CLE,James Harden,SG
04/18/2026,CLE,Evan Mobley,PF
04/18/2026,CLE,Dean Wade,PF
04/18/2026,CLE,Jarrett Allen,C
04/18/2026,MIN,Donte DiVincenzo,SG
04/18/2026,MIN,Anthony Edwards,SG
04/18/2026,MIN,Julius Randle,PF
04/18/2026,MIN,Jaden McDaniels,PF
04/18/2026,MIN,Rudy Gobert,C
04/18/2026,DEN,Jamal Murray,PG
04/18/2026,DEN,Christian Braun,SG
04/18/2026,DEN,Aaron Gordon,PF
04/18/2026,DEN,Cameron Johnson,PF
04/18/2026,DEN,Nikola Jokic,C
04/18/2026,ATL,CJ McCollum,PG
04/18/2026,ATL,Dyson Daniels,PG
04/18/2026,ATL,Nickeil Alexander-Walker,SG
04/18/2026,ATL,Jalen Johnson,PF
04/18/2026,ATL,Onyeka Okongwu,C
04/18/2026,NYK,Jalen Brunson,PG
04/18/2026,NYK,OG Anunoby,SF
04/18/2026,NYK,Mikal Bridges,SF
04/18/2026,NYK,Josh Hart,SF
04/18/2026,NYK,Karl-Anthony Towns,PF
04/18/2026,HOU,Reed Sheppard,PG
04/18/2026,HOU,Amen Thompson,SG
04/18/2026,HOU,Josh Okogie,SG
04/18/2026,HOU,Jabari Smith Jr.,PF
04/18/2026,HOU,Alperen Sengun,C
04/18/2026,LAL,Marcus Smart,PG
04/18/2026,LAL,Luke Kennard,SG
04/18/2026,LAL,LeBron James,SF
04/18/2026,LAL,Rui Hachimura,PF
04/18/2026,LAL,Deandre Ayton,C
04/19/2026,PHI,Tyrese Maxey,PG
04/19/2026,PHI,VJ Edgecombe,SG
04/19/2026,PHI,Paul George,SF
04/19/2026,PHI,Kelly Oubre Jr.,SF
04/19/2026,PHI,Adem Bona,C
04/19/2026,BOS,Jaylen Brown,SG
04/19/2026,BOS,Derrick White,SG
04/19/2026,BOS,Jayson Tatum,SF
04/19/2026,BOS,Sam Hauser,SF
04/19/2026,BOS,Neemias Queta,C
04/19/2026,PHO,Jordan Goodwin,PG
04/19/2026,PHO,Devin Booker,SG
04/19/2026,PHO,Jalen Green,SG
04/19/2026,PHO,Dillon Brooks,SF
04/19/2026,PHO,Oso Ighodaro,PF
04/19/2026,OKC,Shai Gilgeous-Alexander,PG
04/19/2026,OKC,Luguentz Dort,SF
04/19/2026,OKC,Jalen Williams,SF
04/19/2026,OKC,Chet Holmgren,C
04/19/2026,OKC,Isaiah Hartenstein,C
04/19/2026,ORL,Desmond Bane,SG
04/19/2026,ORL,Jalen Suggs,SG
04/19/2026,ORL,Franz Wagner,SF
04/19/2026,ORL,Paolo Banchero,PF
04/19/2026,ORL,Wendell Carter Jr.,C
04/19/2026,DET,Cade Cunningham,PG
04/19/2026,DET,Ausar Thompson,SG
04/19/2026,DET,Duncan Robinson,SG
04/19/2026,DET,Tobias Harris,SF
04/19/2026,DET,Jalen Duren,C
04/19/2026,POR,Jrue Holiday,PG
04/19/2026,POR,Scoot Henderson,PG
04/19/2026,POR,Toumani Camara,SF
04/19/2026,POR,Deni Avdija,SF
04/19/2026,POR,Donovan Clingan,C
04/19/2026,SAS,De'Aaron Fox,PG
04/19/2026,SAS,Devin Vassell,SG
04/19/2026,SAS,Stephon Castle,SG
04/19/2026,SAS,Julian Champagnie,SF
04/19/2026,SAS,Victor Wembanyama,PF
04/20/2026,TOR,Jamal Shead,PG
04/20/2026,TOR,RJ Barrett,SG
04/20/2026,TOR,Brandon Ingram,SF
04/20/2026,TOR,Scottie Barnes,SF
04/20/2026,TOR,Jakob Poeltl,C
04/20/2026,CLE,Donovan Mitchell,SG
04/20/2026,CLE,James Harden,SG
04/20/2026,CLE,Dean Wade,PF
04/20/2026,CLE,Evan Mobley,PF
04/20/2026,CLE,Jarrett Allen,C
04/20/2026,ATL,Dyson Daniels,PG
04/20/2026,ATL,CJ McCollum,PG
04/20/2026,ATL,Nickeil Alexander-Walker,SG
04/20/2026,ATL,Jalen Johnson,PF
04/20/2026,ATL,Onyeka Okongwu,C
04/20/2026,NYK,Jalen Brunson,PG
04/20/2026,NYK,OG Anunoby,SF
04/20/2026,NYK,Mikal Bridges,SF
04/20/2026,NYK,Josh Hart,SF
04/20/2026,NYK,Karl-Anthony Towns,PF
04/20/2026,MIN,Anthony Edwards,SG
04/20/2026,MIN,Donte DiVincenzo,SG
04/20/2026,MIN,Jaden McDaniels,PF
04/20/2026,MIN,Julius Randle,PF
04/20/2026,MIN,Rudy Gobert,C
04/20/2026,DEN,Jamal Murray,PG
04/20/2026,DEN,Christian Braun,SG
04/20/2026,DEN,Aaron Gordon,PF
04/20/2026,DEN,Cameron Johnson,PF
04/20/2026,DEN,Nikola Jokic,C
04/21/2026,PHI,Tyrese Maxey,PG
04/21/2026,PHI,VJ Edgecombe,SG
04/21/2026,PHI,Kelly Oubre Jr.,SF
04/21/2026,PHI,Paul George,SF
04/21/2026,PHI,Adem Bona,C
04/21/2026,BOS,Derrick White,SG
04/21/2026,BOS,Jaylen Brown,SG
04/21/2026,BOS,Sam Hauser,SF
04/21/2026,BOS,Jayson Tatum,SF
04/21/2026,BOS,Neemias Queta,C
04/21/2026,POR,Scoot Henderson,PG
04/21/2026,POR,Jrue Holiday,PG
04/21/2026,POR,Deni Avdija,SF
04/21/2026,POR,Toumani Camara,SF
04/21/2026,POR,Donovan Clingan,C
04/21/2026,SAS,De'Aaron Fox,PG
04/21/2026,SAS,Stephon Castle,SG
04/21/2026,SAS,Devin Vassell,SG
04/21/2026,SAS,Julian Champagnie,SF
04/21/2026,SAS,Victor Wembanyama,PF
04/21/2026,HOU,Josh Okogie,SG
04/21/2026,HOU,Amen Thompson,SG
04/21/2026,HOU,Kevin Durant,PF
04/21/2026,HOU,Jabari Smith Jr.,PF
04/21/2026,HOU,Alperen Sengun,C
04/21/2026,LAL,Marcus Smart,PG
04/21/2026,LAL,Luke Kennard,SG
04/21/2026,LAL,LeBron James,SF
04/21/2026,LAL,Rui Hachimura,PF
04/21/2026,LAL,Deandre Ayton,C
04/22/2026,ORL,Jalen Suggs,SG
04/22/2026,ORL,Desmond Bane,SG
04/22/2026,ORL,Franz Wagner,SF
04/22/2026,ORL,Paolo Banchero,PF
04/22/2026,ORL,Wendell Carter Jr.,C
04/22/2026,DET,Cade Cunningham,PG
04/22/2026,DET,Ausar Thompson,SG
04/22/2026,DET,Duncan Robinson,SG
04/22/2026,DET,Tobias Harris,SF
04/22/2026,DET,Jalen Duren,C
04/22/2026,PHO,Collin Gillespie,PG
04/22/2026,PHO,Devin Booker,SG
04/22/2026,PHO,Jalen Green,SG
04/22/2026,PHO,Dillon Brooks,SF
04/22/2026,PHO,Oso Ighodaro,PF
04/22/2026,OKC,Shai Gilgeous-Alexander,PG
04/22/2026,OKC,Luguentz Dort,SF
04/22/2026,OKC,Jalen Williams,SF
04/22/2026,OKC,Isaiah Hartenstein,C
04/22/2026,OKC,Chet Holmgren,C
04/23/2026,NYK,Jalen Brunson,PG
04/23/2026,NYK,Josh Hart,SF
04/23/2026,NYK,OG Anunoby,SF
04/23/2026,NYK,Mikal Bridges,SF
04/23/2026,NYK,Karl-Anthony Towns,PF
04/23/2026,ATL,Dyson Daniels,PG
04/23/2026,ATL,CJ McCollum,PG
04/23/2026,ATL,Nickeil Alexander-Walker,SG
04/23/2026,ATL,Jalen Johnson,PF
04/23/2026,ATL,Onyeka Okongwu,C
04/23/2026,CLE,Donovan Mitchell,SG
04/23/2026,CLE,James Harden,SG
04/23/2026,CLE,Dean Wade,PF
04/23/2026,CLE,Evan Mobley,PF
04/23/2026,CLE,Jarrett Allen,C
04/23/2026,TOR,RJ Barrett,SG
04/23/2026,TOR,Ja'Kobe Walter,SG
04/23/2026,TOR,Brandon Ingram,SF
04/23/2026,TOR,Scottie Barnes,SF
04/23/2026,TOR,Jakob Poeltl,C
04/23/2026,DEN,Jamal Murray,PG
04/23/2026,DEN,Christian Braun,SG
04/23/2026,DEN,Cameron Johnson,PF
04/23/2026,DEN,Spencer Jones,PF
04/23/2026,DEN,Nikola Jokic,C
04/23/2026,MIN,Anthony Edwards,SG
04/23/2026,MIN,Donte DiVincenzo,SG
04/23/2026,MIN,Julius Randle,PF
04/23/2026,MIN,Jaden McDaniels,PF
04/23/2026,MIN,Rudy Gobert,C
04/24/2026,BOS,Derrick White,SG
04/24/2026,BOS,Jaylen Brown,SG
04/24/2026,BOS,Jayson Tatum,SF
04/24/2026,BOS,Sam Hauser,SF
04/24/2026,BOS,Neemias Queta,C
04/24/2026,PHI,Tyrese Maxey,PG
04/24/2026,PHI,VJ Edgecombe,SG
04/24/2026,PHI,Paul George,SF
04/24/2026,PHI,Kelly Oubre Jr.,SF
04/24/2026,PHI,Adem Bona,C
04/24/2026,LAL,Marcus Smart,PG
04/24/2026,LAL,Luke Kennard,SG
04/24/2026,LAL,LeBron James,SF
04/24/2026,LAL,Rui Hachimura,PF
04/24/2026,LAL,Deandre Ayton,C
04/24/2026,HOU,Reed Sheppard,PG
04/24/2026,HOU,Amen Thompson,SG
04/24/2026,HOU,Tari Eason,SF
04/24/2026,HOU,Jabari Smith Jr.,PF
04/24/2026,HOU,Alperen Sengun,C
04/24/2026,SAS,De'Aaron Fox,PG
04/24/2026,SAS,Devin Vassell,SG
04/24/2026,SAS,Stephon Castle,SG
04/24/2026,SAS,Julian Champagnie,SF
04/24/2026,SAS,Luke Kornet,C
04/24/2026,POR,Jrue Holiday,PG
04/24/2026,POR,Scoot Henderson,PG
04/24/2026,POR,Deni Avdija,SF
04/24/2026,POR,Toumani Camara,SF
04/24/2026,POR,Donovan Clingan,C
04/25/2026,DET,Cade Cunningham,PG
04/25/2026,DET,Ausar Thompson,SG
04/25/2026,DET,Duncan Robinson,SG
04/25/2026,DET,Tobias Harris,SF
04/25/2026,DET,Jalen Duren,C
04/25/2026,ORL,Desmond Bane,SG
04/25/2026,ORL,Jalen Suggs,SG
04/25/2026,ORL,Franz Wagner,SF
04/25/2026,ORL,Paolo Banchero,PF
04/25/2026,ORL,Wendell Carter Jr.,C
04/25/2026,OKC,Shai Gilgeous-Alexander,PG
04/25/2026,OKC,Ajay Mitchell,PG
04/25/2026,OKC,Luguentz Dort,SF
04/25/2026,OKC,Isaiah Hartenstein,C
04/25/2026,OKC,Chet Holmgren,C
04/25/2026,PHO,Collin Gillespie,PG
04/25/2026,PHO,Devin Booker,SG
04/25/2026,PHO,Jalen Green,SG
04/25/2026,PHO,Dillon Brooks,SF
04/25/2026,PHO,Oso Ighodaro,PF
04/25/2026,NYK,Jalen Brunson,PG
04/25/2026,NYK,OG Anunoby,SF
04/25/2026,NYK,Josh Hart,SF
04/25/2026,NYK,Mikal Bridges,SF
04/25/2026,NYK,Karl-Anthony Towns,PF
04/25/2026,ATL,CJ McCollum,PG
04/25/2026,ATL,Dyson Daniels,PG
04/25/2026,ATL,Nickeil Alexander-Walker,SG
04/25/2026,ATL,Jalen Johnson,PF
04/25/2026,ATL,Onyeka Okongwu,C
04/25/2026,DEN,Jamal Murray,PG
04/25/2026,DEN,Christian Braun,SG
04/25/2026,DEN,Aaron Gordon,PF
04/25/2026,DEN,Cameron Johnson,PF
04/25/2026,DEN,Nikola Jokic,C
04/25/2026,MIN,Donte DiVincenzo,SG
04/25/2026,MIN,Anthony Edwards,SG
04/25/2026,MIN,Jaden McDaniels,PF
04/25/2026,MIN,Julius Randle,PF
04/25/2026,MIN,Rudy Gobert,C
04/26/2026,CLE,James Harden,SG
04/26/2026,CLE,Donovan Mitchell,SG
04/26/2026,CLE,Dean Wade,PF
04/26/2026,CLE,Evan Mobley,PF
04/26/2026,CLE,Jarrett Allen,C
04/26/2026,TOR,Ja'Kobe Walter,SG
04/26/2026,TOR,RJ Barrett,SG
04/26/2026,TOR,Brandon Ingram,SF
04/26/2026,TOR,Scottie Barnes,SF
04/26/2026,TOR,Jakob Poeltl,C
04/26/2026,SAS,De'Aaron Fox,PG
04/26/2026,SAS,Devin Vassell,SG
04/26/2026,SAS,Stephon Castle,SG
04/26/2026,SAS,Julian Champagnie,SF
04/26/2026,SAS,Victor Wembanyama,PF
04/26/2026,POR,Scoot Henderson,PG
04/26/2026,POR,Jrue Holiday,PG
04/26/2026,POR,Deni Avdija,SF
04/26/2026,POR,Toumani Camara,SF
04/26/2026,POR,Donovan Clingan,C
04/26/2026,BOS,Jaylen Brown,SG
04/26/2026,BOS,Derrick White,SG
04/26/2026,BOS,Jayson Tatum,SF
04/26/2026,BOS,Sam Hauser,SF
04/26/2026,BOS,Neemias Queta,C
04/26/2026,PHI,Tyrese Maxey,PG
04/26/2026,PHI,VJ Edgecombe,SG
04/26/2026,PHI,Paul George,SF
04/26/2026,PHI,Kelly Oubre Jr.,SF
04/26/2026,PHI,Joel Embiid,C
04/26/2026,LAL,Marcus Smart,PG
04/26/2026,LAL,Luke Kennard,SG
04/26/2026,LAL,LeBron James,SF
04/26/2026,LAL,Rui Hachimura,PF
04/26/2026,LAL,Deandre Ayton,C
04/26/2026,HOU,Reed Sheppard,PG
04/26/2026,HOU,Amen Thompson,SG
04/26/2026,HOU,Tari Eason,SF
04/26/2026,HOU,Jabari Smith Jr.,PF
04/26/2026,HOU,Alperen Sengun,C
04/27/2026,DET,Cade Cunningham,PG
04/27/2026,DET,Duncan Robinson,SG
04/27/2026,DET,Ausar Thompson,SG
04/27/2026,DET,Tobias Harris,SF
04/27/2026,DET,Jalen Duren,C
04/27/2026,ORL,Jalen Suggs,SG
04/27/2026,ORL,Desmond Bane,SG
04/27/2026,ORL,Franz Wagner,SF
04/27/2026,ORL,Paolo Banchero,PF
04/27/2026,ORL,Wendell Carter Jr.,C
04/27/2026,OKC,Shai Gilgeous-Alexander,PG
04/27/2026,OKC,Ajay Mitchell,PG
04/27/2026,OKC,Luguentz Dort,SF
04/27/2026,OKC,Chet Holmgren,C
04/27/2026,OKC,Isaiah Hartenstein,C
04/27/2026,PHO,Collin Gillespie,PG
04/27/2026,PHO,Jalen Green,SG
04/27/2026,PHO,Devin Booker,SG
04/27/2026,PHO,Dillon Brooks,SF
04/27/2026,PHO,Oso Ighodaro,PF
04/27/2026,MIN,Ayo Dosunmu,PG
04/27/2026,MIN,Mike Conley,PG
04/27/2026,MIN,Jaden McDaniels,PF
04/27/2026,MIN,Julius Randle,PF
04/27/2026,MIN,Rudy Gobert,C
04/27/2026,DEN,Jamal Murray,PG
04/27/2026,DEN,Christian Braun,SG
04/27/2026,DEN,Cameron Johnson,PF
04/27/2026,DEN,Spencer Jones,PF
04/27/2026,DEN,Nikola Jokic,C
04/28/2026,PHI,Tyrese Maxey,PG
04/28/2026,PHI,VJ Edgecombe,SG
04/28/2026,PHI,Paul George,SF
04/28/2026,PHI,Kelly Oubre Jr.,SF
04/28/2026,PHI,Joel Embiid,C
04/28/2026,BOS,Jaylen Brown,SG
04/28/2026,BOS,Derrick White,SG
04/28/2026,BOS,Sam Hauser,SF
04/28/2026,BOS,Jayson Tatum,SF
04/28/2026,BOS,Neemias Queta,C
04/28/2026,ATL,Dyson Daniels,PG
04/28/2026,ATL,CJ McCollum,PG
04/28/2026,ATL,Nickeil Alexander-Walker,SG
04/28/2026,ATL,Jalen Johnson,PF
04/28/2026,ATL,Onyeka Okongwu,C
04/28/2026,NYK,Jalen Brunson,PG
04/28/2026,NYK,Josh Hart,SF
04/28/2026,NYK,Mikal Bridges,SF
04/28/2026,NYK,OG Anunoby,SF
04/28/2026,NYK,Karl-Anthony Towns,PF
04/28/2026,POR,Scoot Henderson,PG
04/28/2026,POR,Jrue Holiday,PG
04/28/2026,POR,Deni Avdija,SF
04/28/2026,POR,Toumani Camara,SF
04/28/2026,POR,Donovan Clingan,C
04/28/2026,SAS,De'Aaron Fox,PG
04/28/2026,SAS,Devin Vassell,SG
04/28/2026,SAS,Stephon Castle,SG
04/28/2026,SAS,Julian Champagnie,SF
04/28/2026,SAS,Victor Wembanyama,PF
04/29/2026,ORL,Desmond Bane,SG
04/29/2026,ORL,Jalen Suggs,SG
04/29/2026,ORL,Jamal Cain,SF
04/29/2026,ORL,Paolo Banchero,PF
04/29/2026,ORL,Wendell Carter Jr.,C
04/29/2026,DET,Cade Cunningham,PG
04/29/2026,DET,Ausar Thompson,SG
04/29/2026,DET,Duncan Robinson,SG
04/29/2026,DET,Tobias Harris,SF
04/29/2026,DET,Jalen Duren,C
04/29/2026,TOR,RJ Barrett,SG
04/29/2026,TOR,Ja'Kobe Walter,SG
04/29/2026,TOR,Brandon Ingram,SF
04/29/2026,TOR,Scottie Barnes,SF
04/29/2026,TOR,Jakob Poeltl,C
04/29/2026,CLE,James Harden,SG
04/29/2026,CLE,Donovan Mitchell,SG
04/29/2026,CLE,Max Strus,SG
04/29/2026,CLE,Evan Mobley,PF
04/29/2026,CLE,Jarrett Allen,C
04/29/2026,HOU,Reed Sheppard,PG
04/29/2026,HOU,Amen Thompson,SG
04/29/2026,HOU,Tari Eason,SF
04/29/2026,HOU,Jabari Smith Jr.,PF
04/29/2026,HOU,Alperen Sengun,C
04/29/2026,LAL,Marcus Smart,PG
04/29/2026,LAL,Luke Kennard,SG
04/29/2026,LAL,LeBron James,SF
04/29/2026,LAL,Rui Hachimura,PF
04/29/2026,LAL,Deandre Ayton,C
04/30/2026,NYK,Jalen Brunson,PG
04/30/2026,NYK,Mikal Bridges,SF
04/30/2026,NYK,Josh Hart,SF
04/30/2026,NYK,OG Anunoby,SF
04/30/2026,NYK,Karl-Anthony Towns,PF
04/30/2026,ATL,Dyson Daniels,PG
04/30/2026,ATL,CJ McCollum,PG
04/30/2026,ATL,Nickeil Alexander-Walker,SG
04/30/2026,ATL,Jalen Johnson,PF
04/30/2026,ATL,Onyeka Okongwu,C
04/30/2026,BOS,Jaylen Brown,SG
04/30/2026,BOS,Derrick White,SG
04/30/2026,BOS,Jayson Tatum,SF
04/30/2026,BOS,Sam Hauser,SF
04/30/2026,BOS,Neemias Queta,C
04/30/2026,PHI,Tyrese Maxey,PG
04/30/2026,PHI,VJ Edgecombe,SG
04/30/2026,PHI,Kelly Oubre Jr.,SF
04/30/2026,PHI,Paul George,SF
04/30/2026,PHI,Joel Embiid,C
04/30/2026,DEN,Jamal Murray,PG
04/30/2026,DEN,Christian Braun,SG
04/30/2026,DEN,Cameron Johnson,PF
04/30/2026,DEN,Spencer Jones,PF
04/30/2026,DEN,Nikola Jokic,C
04/30/2026,MIN,Mike Conley,PG
04/30/2026,MIN,Terrence Shannon Jr.,SG
04/30/2026,MIN,Julius Randle,PF
04/30/2026,MIN,Jaden McDaniels,PF
04/30/2026,MIN,Rudy Gobert,C
05/01/2026,DET,Cade Cunningham,PG
05/01/2026,DET,Ausar Thompson,SG
05/01/2026,DET,Duncan Robinson,SG
05/01/2026,DET,Tobias Harris,SF
05/01/2026,DET,Jalen Duren,C
05/01/2026,ORL,Jalen Suggs,SG
05/01/2026,ORL,Desmond Bane,SG
05/01/2026,ORL,Jamal Cain,SF
05/01/2026,ORL,Paolo Banchero,PF
05/01/2026,ORL,Wendell Carter Jr.,C
05/01/2026,CLE,Donovan Mitchell,SG
05/01/2026,CLE,James Harden,SG
05/01/2026,CLE,Max Strus,SG
05/01/2026,CLE,Evan Mobley,PF
05/01/2026,CLE,Jarrett Allen,C
05/01/2026,TOR,Jamal Shead,PG
05/01/2026,TOR,Ja'Kobe Walter,SG
05/01/2026,TOR,RJ Barrett,SG
05/01/2026,TOR,Scottie Barnes,SF
05/01/2026,TOR,Jakob Poeltl,C
05/01/2026,LAL,Marcus Smart,PG
05/01/2026,LAL,Austin Reaves,SG
05/01/2026,LAL,LeBron James,SF
05/01/2026,LAL,Rui Hachimura,PF
05/01/2026,LAL,Deandre Ayton,C
05/01/2026,HOU,Reed Sheppard,PG
05/01/2026,HOU,Amen Thompson,SG
05/01/2026,HOU,Tari Eason,SF
05/01/2026,HOU,Jabari Smith Jr.,PF
05/01/2026,HOU,Alperen Sengun,C
05/02/2026,PHI,Tyrese Maxey,PG
05/02/2026,PHI,VJ Edgecombe,SG
05/02/2026,PHI,Paul George,SF
05/02/2026,PHI,Kelly Oubre Jr.,SF
05/02/2026,PHI,Joel Embiid,C
05/02/2026,BOS,Derrick White,SG
05/02/2026,BOS,Baylor Scheierman,SG
05/02/2026,BOS,Jaylen Brown,SG
05/02/2026,BOS,Ron Harper Jr.,SF
05/02/2026,BOS,Luka Garza,C
05/03/2026,ORL,Jalen Suggs,SG
05/03/2026,ORL,Desmond Bane,SG
05/03/2026,ORL,Jamal Cain,SF
05/03/2026,ORL,Paolo Banchero,PF
05/03/2026,ORL,Wendell Carter Jr.,C
05/03/2026,DET,Cade Cunningham,PG
05/03/2026,DET,Ausar Thompson,SG
05/03/2026,DET,Duncan Robinson,SG
05/03/2026,DET,Tobias Harris,SF
05/03/2026,DET,Jalen Duren,C
05/03/2026,TOR,Jamal Shead,PG
05/03/2026,TOR,RJ Barrett,SG
05/03/2026,TOR,Ja'Kobe Walter,SG
05/03/2026,TOR,Scottie Barnes,SF
05/03/2026,TOR,Jakob Poeltl,C
05/03/2026,CLE,James Harden,SG
05/03/2026,CLE,Donovan Mitchell,SG
05/03/2026,CLE,Evan Mobley,PF
05/03/2026,CLE,Dean Wade,PF
05/03/2026,CLE,Jarrett Allen,C
05/04/2026,PHI,Tyrese Maxey,PG
05/04/2026,PHI,VJ Edgecombe,SG
05/04/2026,PHI,Kelly Oubre Jr.,SF
05/04/2026,PHI,Paul George,SF
05/04/2026,PHI,Joel Embiid,C
05/04/2026,NYK,Jalen Brunson,PG
05/04/2026,NYK,OG Anunoby,SF
05/04/2026,NYK,Josh Hart,SF
05/04/2026,NYK,Mikal Bridges,SF
05/04/2026,NYK,Karl-Anthony Towns,PF
05/04/2026,MIN,Mike Conley,PG
05/04/2026,MIN,Terrence Shannon Jr.,SG
05/04/2026,MIN,Julius Randle,PF
05/04/2026,MIN,Jaden McDaniels,PF
05/04/2026,MIN,Rudy Gobert,C
05/04/2026,SAS,De'Aaron Fox,PG
05/04/2026,SAS,Devin Vassell,SG
05/04/2026,SAS,Stephon Castle,SG
05/04/2026,SAS,Julian Champagnie,SF
05/04/2026,SAS,Victor Wembanyama,PF
05/05/2026,CLE,James Harden,SG
05/05/2026,CLE,Donovan Mitchell,SG
05/05/2026,CLE,Evan Mobley,PF
05/05/2026,CLE,Dean Wade,PF
05/05/2026,CLE,Jarrett Allen,C
05/05/2026,DET,Cade Cunningham,PG
05/05/2026,DET,Ausar Thompson,SG
05/05/2026,DET,Duncan Robinson,SG
05/05/2026,DET,Tobias Harris,SF
05/05/2026,DET,Jalen Duren,C
05/05/2026,LAL,Marcus Smart,PG
05/05/2026,LAL,Austin Reaves,SG
05/05/2026,LAL,LeBron James,SF
05/05/2026,LAL,Rui Hachimura,PF
05/05/2026,LAL,Deandre Ayton,C
05/05/2026,OKC,Shai Gilgeous-Alexander,PG
05/05/2026,OKC,Ajay Mitchell,PG
05/05/2026,OKC,Luguentz Dort,SF
05/05/2026,OKC,Isaiah Hartenstein,C
05/05/2026,OKC,Chet Holmgren,C
05/06/2026,PHI,Tyrese Maxey,PG
05/06/2026,PHI,VJ Edgecombe,SG
05/06/2026,PHI,Kelly Oubre Jr.,SF
05/06/2026,PHI,Paul George,SF
05/06/2026,PHI,Andre Drummond,C
05/06/2026,NYK,Jalen Brunson,PG
05/06/2026,NYK,OG Anunoby,SF
05/06/2026,NYK,Josh Hart,SF
05/06/2026,NYK,Mikal Bridges,SF
05/06/2026,NYK,Karl-Anthony Towns,PF
05/06/2026,MIN,Mike Conley,PG
05/06/2026,MIN,Terrence Shannon Jr.,SG
05/06/2026,MIN,Jaden McDaniels,PF
05/06/2026,MIN,Julius Randle,PF
05/06/2026,MIN,Rudy Gobert,C
05/06/2026,SAS,De'Aaron Fox,PG
05/06/2026,SAS,Devin Vassell,SG
05/06/2026,SAS,Stephon Castle,SG
05/06/2026,SAS,Julian Champagnie,SF
05/06/2026,SAS,Victor Wembanyama,PF
05/07/2026,CLE,Donovan Mitchell,SG
05/07/2026,CLE,James Harden,SG
05/07/2026,CLE,Dean Wade,PF
05/07/2026,CLE,Evan Mobley,PF
05/07/2026,CLE,Jarrett Allen,C
05/07/2026,DET,Cade Cunningham,PG
05/07/2026,DET,Duncan Robinson,SG
05/07/2026,DET,Ausar Thompson,SG
05/07/2026,DET,Tobias Harris,SF
05/07/2026,DET,Jalen Duren,C
05/07/2026,LAL,Marcus Smart,PG
05/07/2026,LAL,Austin Reaves,SG
05/07/2026,LAL,LeBron James,SF
05/07/2026,LAL,Rui Hachimura,PF
05/07/2026,LAL,Deandre Ayton,C
05/07/2026,OKC,Ajay Mitchell,PG
05/07/2026,OKC,Shai Gilgeous-Alexander,PG
05/07/2026,OKC,Luguentz Dort,SF
05/07/2026,OKC,Chet Holmgren,C
05/07/2026,OKC,Isaiah Hartenstein,C
05/08/2026,NYK,Jalen Brunson,PG
05/08/2026,NYK,Miles McBride,PG
05/08/2026,NYK,Josh Hart,SF
05/08/2026,NYK,Mikal Bridges,SF
05/08/2026,NYK,Karl-Anthony Towns,PF
05/08/2026,PHI,Tyrese Maxey,PG
05/08/2026,PHI,VJ Edgecombe,SG
05/08/2026,PHI,Paul George,SF
05/08/2026,PHI,Kelly Oubre Jr.,SF
05/08/2026,PHI,Joel Embiid,C
05/08/2026,SAS,De'Aaron Fox,PG
05/08/2026,SAS,Stephon Castle,SG
05/08/2026,SAS,Devin Vassell,SG
05/08/2026,SAS,Julian Champagnie,SF
05/08/2026,SAS,Victor Wembanyama,PF
05/08/2026,MIN,Mike Conley,PG
05/08/2026,MIN,Anthony Edwards,SG
05/08/2026,MIN,Jaden McDaniels,PF
05/08/2026,MIN,Julius Randle,PF
05/08/2026,MIN,Rudy Gobert,C
05/09/2026,DET,Cade Cunningham,PG
05/09/2026,DET,Ausar Thompson,SG
05/09/2026,DET,Duncan Robinson,SG
05/09/2026,DET,Tobias Harris,SF
05/09/2026,DET,Jalen Duren,C
05/09/2026,CLE,Donovan Mitchell,SG
05/09/2026,CLE,James Harden,SG
05/09/2026,CLE,Dean Wade,PF
05/09/2026,CLE,Evan Mobley,PF
05/09/2026,CLE,Jarrett Allen,C
05/09/2026,OKC,Shai Gilgeous-Alexander,PG
05/09/2026,OKC,Ajay Mitchell,PG
05/09/2026,OKC,Luguentz Dort,SF
05/09/2026,OKC,Chet Holmgren,C
05/09/2026,OKC,Isaiah Hartenstein,C
05/09/2026,LAL,Marcus Smart,PG
05/09/2026,LAL,Austin Reaves,SG
05/09/2026,LAL,LeBron James,SF
05/09/2026,LAL,Rui Hachimura,PF
05/09/2026,LAL,Deandre Ayton,C
05/10/2026,NYK,Jalen Brunson,PG
05/10/2026,NYK,Miles McBride,PG
05/10/2026,NYK,Josh Hart,SF
05/10/2026,NYK,Mikal Bridges,SF
05/10/2026,NYK,Karl-Anthony Towns,PF
05/10/2026,PHI,Tyrese Maxey,PG
05/10/2026,PHI,VJ Edgecombe,SG
05/10/2026,PHI,Kelly Oubre Jr.,SF
05/10/2026,PHI,Paul George,SF
05/10/2026,PHI,Joel Embiid,C
05/10/2026,SAS,De'Aaron Fox,PG
05/10/2026,SAS,Devin Vassell,SG
05/10/2026,SAS,Stephon Castle,SG
05/10/2026,SAS,Julian Champagnie,SF
05/10/2026,SAS,Victor Wembanyama,PF
05/10/2026,MIN,Ayo Dosunmu,PG
05/10/2026,MIN,Anthony Edwards,SG
05/10/2026,MIN,Jaden McDaniels,PF
05/10/2026,MIN,Julius Randle,PF
05/10/2026,MIN,Rudy Gobert,C
05/11/2026,DET,Cade Cunningham,PG
05/11/2026,DET,Duncan Robinson,SG
05/11/2026,DET,Ausar Thompson,SG
05/11/2026,DET,Tobias Harris,SF
05/11/2026,DET,Jalen Duren,C
05/11/2026,CLE,Donovan Mitchell,SG
05/11/2026,CLE,James Harden,SG
05/11/2026,CLE,Dean Wade,PF
05/11/2026,CLE,Evan Mobley,PF
05/11/2026,CLE,Jarrett Allen,C
05/11/2026,OKC,Shai Gilgeous-Alexander,PG
05/11/2026,OKC,Ajay Mitchell,PG
05/11/2026,OKC,Luguentz Dort,SF
05/11/2026,OKC,Chet Holmgren,C
05/11/2026,OKC,Isaiah Hartenstein,C
05/11/2026,LAL,Marcus Smart,PG
05/11/2026,LAL,Austin Reaves,SG
05/11/2026,LAL,LeBron James,SF
05/11/2026,LAL,Rui Hachimura,PF
05/11/2026,LAL,Deandre Ayton,C
05/12/2026,MIN,Ayo Dosunmu,PG
05/12/2026,MIN,Anthony Edwards,SG
05/12/2026,MIN,Julius Randle,PF
05/12/2026,MIN,Jaden McDaniels,PF
05/12/2026,MIN,Rudy Gobert,C
05/12/2026,SAS,De'Aaron Fox,PG
05/12/2026,SAS,Devin Vassell,SG
05/12/2026,SAS,Stephon Castle,SG
05/12/2026,SAS,Julian Champagnie,SF
05/12/2026,SAS,Victor Wembanyama,PF
05/13/2026,CLE,James Harden,SG
05/13/2026,CLE,Donovan Mitchell,SG
05/13/2026,CLE,Dean Wade,PF
05/13/2026,CLE,Evan Mobley,PF
05/13/2026,CLE,Jarrett Allen,C
05/13/2026,DET,Cade Cunningham,PG
05/13/2026,DET,Ausar Thompson,SG
05/13/2026,DET,Duncan Robinson,SG
05/13/2026,DET,Tobias Harris,SF
05/13/2026,DET,Jalen Duren,C
