Date,Team,Player,MP,PTS_line,PTS_proj,Res_PTS_proj,pred_prob,pred_class,O/U
01/16/2026,WAS,Tre Johnson,29.76708603,16.5,14.78583145,-2.116050482,0.308394015,0,U
01/16/2026,WAS,Justin Champagnie,23.62789345,10.5,9.873976707,-0.313563198,0.452543616,0,U
01/16/2026,WAS,AJ Johnson,16.12349892,6.5,3.922898293,-2.182572603,0.125238791,0,U
01/16/2026,TOR,Gradey Dick,18.58992577,10.5,7.88750124,-1.81568861,0.363931537,0,U
01/16/2026,TOR,Brandon Ingram,32.69507599,24.5,16.2897625,-4.039436817,0.270735025,0,U
01/16/2026,SAC,Zach LaVine,32.03976059,21.5,21.3222332,-4.246520519,0.369062483,0,U
01/16/2026,PHI,Joel Embiid,31.33052063,26.5,23.7835865,-3.321414709,0.289894849,0,U
01/16/2026,NOP,Zion Williamson,32.56947708,24.5,19.58080482,-2.317129135,0.302390277,0,U
01/16/2026,NOP,Jeremiah Fears,27.22067451,13.5,11.74351215,-2.057993412,0.239015833,0,U
01/16/2026,NOP,Derik Queen,27.29554749,11.5,9.392916679,-1.131810308,0.298746079,0,U
01/16/2026,MIN,Naz Reid,23.98315048,14.5,13.27788544,-2.213456869,0.314971656,0,U
01/16/2026,MIN,Mike Conley,23.20315361,6.5,6.448726654,-0.445530146,0.46307981,0,U
01/16/2026,MIN,Julius Randle,32.8961792,23.5,18.83176613,-2.973890066,0.353151768,0,U
01/16/2026,MIN,Jaylen Clark,13.31461239,5.5,2.755494595,-2.99774003,0.236826167,0,U
01/16/2026,MIN,Jaden McDaniels,31.08115578,15.5,14.43726158,-2.325762987,0.32302469,0,U
01/16/2026,MIN,Donte DiVincenzo,33.28356171,14.5,14.21342564,-0.310522795,0.392165661,0,U
01/16/2026,MIN,Bones Hyland,16.60926819,11.5,9.542414665,-0.618666172,0.366548598,0,U
01/16/2026,LAC,Nicolas Batum,22.7886219,6.5,6.227244854,-0.157979786,0.475542843,0,U
01/16/2026,LAC,Kris Dunn,28.79661751,8.5,6.892980099,-0.863180935,0.468331277,0,U
01/16/2026,LAC,Kawhi Leonard,25.82946968,26.5,18.87185669,-7.694823265,0.309289485,0,U
01/16/2026,LAC,John Collins,20.93185806,14.5,12.81494331,-0.576223731,0.435723931,0,U
01/16/2026,LAC,Ivica Zubac,28.73425674,14.5,10.90362644,-4.675800323,0.195817262,0,U
01/16/2026,LAC,Brook Lopez,15.05463505,6.5,4.764060974,-1.978092313,0.228925645,0,U
01/16/2026,IND,T.J. McConnell,18.26975441,10.5,8.636940002,-2.377693892,0.330425769,0,U
01/16/2026,IND,Pascal Siakam,34.44532013,25.5,22.67853928,-2.628475428,0.36016053,0,U
01/16/2026,IND,Aaron Nesmith,32.532341,17.5,12.78250313,-3.19844532,0.312347293,0,U
01/16/2026,HOU,Tari Eason,23.96461678,10.5,9.574756622,-2.810656309,0.350070447,0,U
01/16/2026,HOU,Alperen Sengun,32.66957855,20.5,18.08877563,-5.313766479,0.358806103,0,U
01/16/2026,CLE,Jaylon Tyson,28.65229225,13.5,13.10562801,-1.044109344,0.476252139,0,U
01/16/2026,CLE,Jarrett Allen,30.14974976,14.5,11.0522356,-2.37015748,0.228334889,0,U
01/16/2026,CLE,Donovan Mitchell,34.55042648,29.5,28.54920959,-3.4598701,0.441879332,0,U
01/16/2026,CLE,De'Andre Hunter,22.74246979,13.5,9.205796242,-2.139150381,0.4025985,0,U
01/16/2026,CLE,Craig Porter Jr.,25.22239876,7.5,5.962816715,-0.669635952,0.438130528,0,U
01/16/2026,CHI,Matas Buzelis,28.80286598,15.5,14.57285404,-1.945067763,0.297475725,0,U
01/16/2026,CHI,Coby White,27.92070198,17.5,10.98153019,-5.500939846,0.138697863,0,U
01/16/2026,BRK,Michael Porter Jr.,29.66533279,25.5,25.03913689,-2.137537003,0.374525785,0,U
01/16/2026,SAC,Maxime Raynaud,25.52994919,8.5,10.4809618,1.255150199,0.551553965,1,O
01/16/2026,PHI,Quentin Grimes,27.52574158,8.5,11.24111557,1.952444196,0.588963747,1,O
01/16/2026,PHI,Paul George,28.91649437,15.5,21.12573624,2.30869174,0.546008587,1,O
01/16/2026,NOP,Trey Murphy III,37.08224106,22.5,29.41106033,4.733891487,0.589730442,1,O
01/16/2026,MIN,Rudy Gobert,29.19857407,10.5,11.16088772,1.027733684,0.531855464,1,O
01/16/2026,IND,Jay Huff,23.36234474,10.5,10.81229496,0.111029394,0.504033327,1,O
01/16/2026,IND,Jarace Walker,21.04566002,8.5,10.10911369,0.666750968,0.584946454,1,O
01/16/2026,HOU,Jabari Smith Jr.,34.7815361,14.5,18.51128769,0.89572382,0.504510105,1,O
01/16/2026,CHI,Jalen Smith,19.99562454,8.5,9.662459373,0.457233697,0.515637159,1,O
01/16/2026,BRK,Day'Ron Sharpe,20.11026382,8.5,9.39661026,0.731072128,0.597223222,1,O
01/16/2026,WAS,Will Riley,24.59368134,9.5,11.95515823,-0.253054559,0.510675669,1,-
01/16/2026,WAS,Kyshawn George,32.01484299,15.5,16.037817,-0.25368014,0.447368622,0,-
01/16/2026,TOR,Scottie Barnes,37.98536301,20.5,21.46155357,-3.213166952,0.505490482,1,-
01/16/2026,TOR,Sandro Mamukelashvili,21.59900665,9.5,11.98394108,0.053076461,0.435826033,0,-
01/16/2026,TOR,Jamal Shead,32.13217545,11.5,11.90149307,-0.477581322,0.497254401,0,-
01/16/2026,TOR,Immanuel Quickley,27.59180641,16.5,16.63347626,1.883910537,0.483471334,0,-
01/16/2026,TOR,Collin Murray-Boyles,33.16104889,10.5,11.1236763,-1.852729678,0.471573979,0,-
01/16/2026,SAC,Russell Westbrook,31.59749222,15.5,18.18424416,-0.852052569,0.323629141,0,-
01/16/2026,SAC,Precious Achiuwa,29.43315315,8.5,12.1407423,-0.784269333,0.475202888,0,-
01/16/2026,SAC,Malik Monk,19.02371597,10.5,10.82492447,-0.15700689,0.499461472,0,-
01/16/2026,SAC,Domantas Sabonis,29.9662838,12.5,13.5115509,-0.851165116,0.364892781,0,-
01/16/2026,SAC,Dennis Schroder,12.54347706,10.5,13.49143028,-3.722971678,0.15982163,0,-
01/16/2026,SAC,DeMar DeRozan,33.83969116,20.5,24.72374153,-2.270502806,0.466210335,0,-
01/16/2026,PHI,VJ Edgecombe,35.65560913,14.5,14.62995338,-2.304210186,0.459175944,0,-
01/16/2026,PHI,Tyrese Maxey,37.04545593,26.5,29.32083893,-0.049146987,0.550585151,1,-
01/16/2026,PHI,Kelly Oubre Jr.,25.55594254,8.5,8.812957764,-2.655245066,0.352633595,0,-
01/16/2026,NOP,Yves Missi,20.54302788,5.5,7.750492096,-0.467536092,0.588278115,1,-
01/16/2026,NOP,Saddiq Bey,31.81938934,13.5,19.42207909,0.203715473,0.347121686,0,-
01/16/2026,NOP,Jordan Poole,21.06745911,11.5,11.64362144,-0.310279697,0.422056705,0,-
01/16/2026,LAC,James Harden,36.50902176,26.5,26.35422325,-0.020058628,0.540412545,1,-
01/16/2026,IND,Johnny Furphy,23.6962738,7.5,8.764533043,-0.150626436,0.578112066,1,-
01/16/2026,IND,Andrew Nembhard,31.75405121,17.5,21.54079819,0.267228127,0.435378313,0,-
01/16/2026,HOU,Reed Sheppard,22.32719231,9.5,8.976937294,0.77187711,0.474742949,0,-
01/16/2026,HOU,Kevin Durant,37.03465652,25.5,25.51356125,-2.903552294,0.309502155,0,-
01/16/2026,HOU,Dorian Finney-Smith,15.70541954,4.5,4.949024677,-1.297457933,0.281214088,0,-
01/16/2026,HOU,Amen Thompson,37.43601227,18.5,22.9960556,-0.131210446,0.538376212,1,-
01/16/2026,CLE,Lonzo Ball,9.476655006,4.5,4.935509205,-4.29222393,0.148726732,0,-
01/16/2026,CLE,Evan Mobley,33.68890762,17.5,18.01851463,0.159704521,0.451337039,0,-
01/16/2026,CHI,Tre Jones,27.27134895,10.5,14.3116684,0.692270219,0.471221209,0,-
01/16/2026,CHI,Nikola Vucevic,31.42935371,16.5,18.04294014,-1.731388927,0.339185268,0,-
01/16/2026,CHI,Kevin Huerter,23.1314621,10.5,10.75948524,-0.551082909,0.457063705,0,-
01/16/2026,CHI,Isaac Okoro,28.36119461,8.5,9.509450912,-0.211544991,0.508761048,1,-
01/16/2026,CHI,Ayo Dosunmu,23.63365936,12.5,12.87506199,-0.404181212,0.451312244,0,-
01/16/2026,BRK,Noah Clowney,31.17021942,11.5,12.90387726,-1.694478154,0.415016264,0,-
01/16/2026,BRK,Drake Powell,20.66256332,7.5,7.453765869,-1.219311595,0.506628394,1,-
01/17/2026,WAS,Tre Johnson,28.86244583,14.5,14.35524178,-0.582513809,0.35335812,0,U
01/17/2026,WAS,Khris Middleton,16.08446121,9.5,8.202547073,-2.52499485,0.270562887,0,U
01/17/2026,UTA,Kyle Filipowski,25.40798759,15.5,9.374286652,-0.795672953,0.407816976,0,U
01/17/2026,SAS,Victor Wembanyama,26.94703102,24.5,22.24910736,-1.005378723,0.45446375,0,U
01/17/2026,SAS,Keldon Johnson,21.27651405,12.5,11.39937305,-1.253434539,0.41482383,0,U
01/17/2026,SAS,Dylan Harper,17.81689262,10.5,7.276891708,-1.283615351,0.331519753,0,U
01/17/2026,SAS,De'Aaron Fox,31.29557419,18.5,17.51107597,-1.327319384,0.388581276,0,U
01/17/2026,POR,Toumani Camara,34.33163834,14.5,13.80856133,-0.965975106,0.368866175,0,U
01/17/2026,PHO,Jordan Goodwin,22.04705238,7.5,6.305867672,-1.535867453,0.449588269,0,U
01/17/2026,OKC,Shai Gilgeous-Alexander,32.85400391,31.5,28.29432297,-1.711151242,0.357390225,0,U
01/17/2026,OKC,Chet Holmgren,29.94950294,17.5,15.39645863,-1.569007754,0.378395081,0,U
01/17/2026,NYK,Tyler Kolek,15.16417789,5.5,4.514773846,-1.97838068,0.225601092,0,U
01/17/2026,NYK,Landry Shamet,18.439188,9.5,6.753414154,-1.876912594,0.375681818,0,U
01/17/2026,NYK,Karl-Anthony Towns,30.85181236,21.5,18.22194481,-2.313309431,0.37199223,0,U
01/17/2026,NYK,Jordan Clarkson,19.10316086,12.5,9.190695763,-1.888373613,0.354351372,0,U
01/17/2026,NYK,Jalen Brunson,30.82403755,26.5,21.17130661,-0.470939755,0.471227974,0,U
01/17/2026,MIN,Naz Reid,25.37739182,15.5,15.33296967,-1.05394268,0.460193992,0,U
01/17/2026,MIN,Anthony Edwards,29.5479126,26.5,26.36584663,-1.15249455,0.472284347,0,U
01/17/2026,MIA,Tyler Herro,30.3227787,19.5,18.16173744,-1.769248366,0.303259403,0,U
01/17/2026,MIA,Pelle Larsson,28.62913322,11.5,9.240403175,-0.047921412,0.384765744,0,U
01/17/2026,MIA,Nikola Jovic,17.11443901,9.5,5.987678528,-2.327504158,0.278934032,0,U
01/17/2026,MIA,Kel'el Ware,17.38207817,8.5,6.136126041,-1.308497548,0.305065155,0,U
01/17/2026,MIA,Kasparas Jakucionis,10.18577003,8.5,3.815308571,-2.868046761,0.214428514,0,U
01/17/2026,LAL,Jake LaRavia,35.09783173,14.5,13.95981884,-0.089055784,0.498060316,0,U
01/17/2026,LAL,Gabe Vincent,17.45508194,7.5,5.542789459,-0.860717058,0.358379394,0,U
01/17/2026,LAL,Deandre Ayton,30.55720139,16.5,12.66299248,-0.507020891,0.431492776,0,U
01/17/2026,IND,T.J. McConnell,23.89481163,10.5,9.150629044,-0.71224016,0.445548058,0,U
01/17/2026,IND,Pascal Siakam,29.73608589,24.5,21.3991127,-2.521657705,0.459480375,0,U
01/17/2026,IND,Jarace Walker,24.02517509,15.5,8.580582619,-1.626577854,0.385063022,0,U
01/17/2026,IND,Andrew Nembhard,29.3351593,17.5,15.38883591,-1.529563785,0.434999406,0,U
01/17/2026,IND,Aaron Nesmith,30.5025959,14.5,12.44606209,-2.53268981,0.367768556,0,U
01/17/2026,GSW,Stephen Curry,31.63735962,28.5,23.45812798,-0.303910345,0.482910097,0,U
01/17/2026,GSW,Quinten Post,19.52897072,6.5,6.05612421,-1.331142783,0.434148967,0,U
01/17/2026,GSW,Draymond Green,26.15967178,8.5,8.413671494,-1.225876331,0.35926652,0,U
01/17/2026,GSW,Al Horford,17.34826851,6.5,5.159933567,-1.293611169,0.36177507,0,U
01/17/2026,DET,Jalen Duren,26.05951691,16.5,12.7081871,-1.622312427,0.299099743,0,U
01/17/2026,DET,Ausar Thompson,25.0496521,10.5,8.36750412,-0.464970946,0.446712375,0,U
01/17/2026,DEN,Jamal Murray,30.97962379,26.5,25.42023468,-2.745290756,0.432136565,0,U
01/17/2026,DEN,Aaron Gordon,27.27573395,19.5,17.12020302,-0.870151222,0.405820251,0,U
01/17/2026,DAL,Max Christie,31.90742493,15.5,15.03806686,-0.390457988,0.430399567,0,U
01/17/2026,DAL,Jaden Hardy,20.42851639,13.5,10.61414337,-0.448229462,0.433366269,0,U
01/17/2026,DAL,Dwight Powell,25.15252495,6.5,6.22158289,-0.116686516,0.427239925,0,U
01/17/2026,DAL,Brandon Williams,27.4086628,18.5,12.74489117,-1.75743711,0.356633395,0,U
01/17/2026,CHO,Miles Bridges,32.11659622,16.5,15.85992432,-1.6543715,0.367473036,0,U
01/17/2026,CHO,Kon Knueppel,29.78967667,17.5,16.02409554,-1.812299252,0.28213343,0,U
01/17/2026,CHO,Collin Sexton,17.92809677,11.5,9.333018303,-3.471131086,0.357796758,0,U
01/17/2026,CHO,Brandon Miller,31.39923859,19.5,18.17222786,-2.122899532,0.23887974,0,U
01/17/2026,BOS,Hugo Gonzalez,16.11951828,4.5,3.053847551,-0.689916134,0.241258025,0,U
01/17/2026,ATL,Mouhamed Gueye,20.39272118,5.5,5.34812212,-0.104518741,0.46559158,0,U
01/17/2026,ATL,Jalen Johnson,34.15420532,20.5,19.34488297,-0.719489813,0.419301808,0,U
01/17/2026,WAS,Kyshawn George,30.90277863,14.5,16.31492043,0.808662415,0.508449674,1,O
01/17/2026,WAS,Justin Champagnie,27.26241112,9.5,11.08867264,0.618677318,0.520683527,1,O
01/17/2026,UTA,Keyonte George,33.19002533,24.5,24.91215134,0.802232325,0.609965324,1,O
01/17/2026,UTA,Brice Sensabaugh,26.02745819,18.5,20.61180115,3.598196507,0.734402001,1,O
01/17/2026,SAS,Stephon Castle,31.77923012,16.5,19.11414528,0.313010305,0.528114915,1,O
01/17/2026,SAS,Luke Kornet,21.08468056,6.5,8.28521347,0.334966332,0.577000082,1,O
01/17/2026,SAS,Julian Champagnie,31.73517799,12.5,15.52469349,0.600316703,0.521451294,1,O
01/17/2026,POR,Jerami Grant,22.33828735,15.5,23.62760353,0.484921038,0.560080767,1,O
01/17/2026,PHO,Royce O'Neale,31.14535904,9.5,12.33756447,1.856104732,0.630056918,1,O
01/17/2026,PHO,Oso Ighodaro,19.96364403,4.5,6.665731907,0.143796995,0.542144835,1,O
01/17/2026,PHO,Mark Williams,26.43580246,10.5,10.67314434,1.066722512,0.509070098,1,O
01/17/2026,PHO,Grayson Allen,22.69330215,14.5,17.92575836,1.740109324,0.551953197,1,O
01/17/2026,PHO,Dillon Brooks,31.31804657,19.5,19.91323662,1.414324641,0.53904748,1,O
01/17/2026,PHO,Devin Booker,33.49429321,24.5,28.83569336,2.243044615,0.669048846,1,O
01/17/2026,OKC,Luguentz Dort,25.47253799,7.5,9.665495872,1.369485021,0.651431024,1,O
01/17/2026,OKC,Ajay Mitchell,25.85580635,12.5,16.3223896,2.628735304,0.675319374,1,O
01/17/2026,OKC,Aaron Wiggins,25.62384796,8.5,9.011528969,1.079699993,0.602807462,1,O
01/17/2026,NYK,OG Anunoby,34.33093262,17.5,20.07469177,2.246990442,0.591852367,1,O
01/17/2026,NYK,Mitchell Robinson,20.60420227,5.5,6.433176994,0.384949893,0.547777236,1,O
01/17/2026,NYK,Mikal Bridges,34.30935287,16.5,18.23227692,3.568980217,0.679145515,1,O
01/17/2026,NYK,Josh Hart,33.51791763,12.5,12.68834972,1.04595232,0.556825578,1,O
01/17/2026,MIN,Julius Randle,33.10517883,19.5,26.95820618,4.833280563,0.764368594,1,O
01/17/2026,MIN,Jaden McDaniels,32.79131699,13.5,16.92780304,2.661836147,0.693603814,1,O
01/17/2026,MIN,Donte DiVincenzo,34.05513,12.5,14.31399632,2.260789633,0.696431279,1,O
01/17/2026,MIA,Bam Adebayo,32.17323303,16.5,17.65056992,0.784378946,0.501226008,1,O
01/17/2026,MIA,Andrew Wiggins,32.68294525,15.5,17.48645401,1.367444634,0.567555726,1,O
01/17/2026,GSW,Moses Moody,24.81142235,9.5,9.906545639,1.913792729,0.56438911,1,O
01/17/2026,GSW,Jimmy Butler,29.22045135,21.5,23.99768448,2.69431901,0.760335267,1,O
01/17/2026,GSW,De'Anthony Melton,21.62432098,10.5,11.8730793,1.301814675,0.568908334,1,O
01/17/2026,DET,Jaden Ivey,17.54458618,8.5,9.172354698,0.977982104,0.583484352,1,O
01/17/2026,DET,Isaiah Stewart,21.2917614,8.5,9.913684845,1.022584558,0.614472628,1,O
01/17/2026,DET,Duncan Robinson,25.37785339,10.5,14.79012108,4.718573093,0.639293909,1,O
01/17/2026,DEN,Tim Hardaway Jr.,27.83536339,14.5,16.47950745,0.818028033,0.63502419,1,O
01/17/2026,DEN,Peyton Watson,32.5722847,19.5,23.52193642,1.766504645,0.562118292,1,O
01/17/2026,DEN,Jalen Pickett,28.06411171,10.5,10.97780132,1.130271435,0.565488338,1,O
01/17/2026,DAL,Caleb Martin,25.36224747,8.5,9.336000443,1.691495657,0.594341815,1,O
01/17/2026,CHO,Sion James,22.37493515,4.5,7.164019585,1.720101118,0.582957268,1,O
01/17/2026,CHO,Ryan Kalkbrenner,26.01277924,7.5,8.033135414,0.939186692,0.587272763,1,O
01/17/2026,CHO,Moussa Diabate,28.13649178,7.5,8.872145653,0.318838805,0.569075704,1,O
01/17/2026,BOS,Sam Hauser,29.17542648,10.5,15.67719841,2.425200224,0.584870577,1,O
01/17/2026,BOS,Neemias Queta,26.93830681,10.5,10.60050488,1.38745296,0.518536031,1,O
01/17/2026,BOS,Luka Garza,20.7518158,8.5,9.426718712,0.529326916,0.545744002,1,O
01/17/2026,BOS,Derrick White,35.77932358,20.5,21.75192451,2.240082741,0.664140224,1,O
01/17/2026,ATL,Onyeka Okongwu,33.57409286,16.5,17.21813393,0.649022937,0.565797091,1,O
01/17/2026,ATL,Nickeil Alexander-Walker,33.37930298,17.5,20.61396599,1.370798349,0.543204188,1,O
01/17/2026,ATL,Luke Kennard,18.39004517,7.5,9.733837128,1.322023273,0.607378602,1,O
01/17/2026,ATL,CJ McCollum,26.49104881,18.5,20.10687065,1.326072335,0.535816669,1,O
01/17/2026,WAS,Will Riley,16.61153984,8.5,9.627153397,-0.204689398,0.392330229,0,-
01/17/2026,UTA,Jusuf Nurkic,12.36134243,13.5,14.40703011,-5.078298092,0.278989643,0,-
01/17/2026,UTA,Isaiah Collier,27.61450386,10.5,10.18306446,0.392688215,0.491213799,0,-
01/17/2026,UTA,Cody Williams,27.31186676,8.5,9.696224213,-0.296465248,0.499852985,0,-
01/17/2026,UTA,Ace Bailey,27.17288399,13.5,9.335811615,0.427975416,0.495476842,0,-
01/17/2026,SAS,Harrison Barnes,26.88905716,9.5,8.094888687,1.286505342,0.521787882,1,-
01/17/2026,POR,Shaedon Sharpe,32.01773453,24.5,22.51884651,1.859378576,0.639866292,1,-
01/17/2026,POR,Robert Williams,15.8333683,6.5,8.019906044,0.808900714,0.474842459,0,-
01/17/2026,POR,Jrue Holiday,23.52432632,12.5,13.35793304,0.721775174,0.49108544,0,-
01/17/2026,POR,Donovan Clingan,29.2078476,10.5,10.68814087,-0.80841887,0.331869006,0,-
01/17/2026,PHO,Collin Gillespie,29.78717995,11.5,12.17814064,-0.020956999,0.519087672,1,-
01/17/2026,OKC,Jalen Williams,32.26707458,18.5,16.03151703,0.75956881,0.510675788,1,-
01/17/2026,OKC,Cason Wallace,22.80730629,7.5,6.402725697,0.217116445,0.508230805,1,-
01/17/2026,OKC,Alex Caruso,17.8689518,6.5,6.471883774,0.559186637,0.538546443,1,-
01/17/2026,NYK,Miles McBride,30.12468147,15.5,14.90908718,0.703551948,0.567614377,1,-
01/17/2026,MIN,Rudy Gobert,29.07577896,9.5,10.18397045,0.480580747,0.489369512,0,-
01/17/2026,MIN,Mike Conley,21.98508453,3.5,6.833321571,0.062333152,0.46318236,0,-
01/17/2026,MIA,Norman Powell,27.14875221,21.5,21.82153702,-2.106651306,0.367054254,0,-
01/17/2026,LAL,Rui Hachimura,26.7443943,10.5,10.96025276,0.616461933,0.480831027,0,-
01/17/2026,LAL,Marcus Smart,32.28760529,12.5,10.522645,1.311672091,0.577488542,1,-
01/17/2026,LAL,LeBron James,33.83833313,28.5,26.15790939,0.269712359,0.606472313,1,-
01/17/2026,IND,Johnny Furphy,27.11800957,10.5,8.753444672,0.751961887,0.434428126,0,-
01/17/2026,IND,Jay Huff,26.58405495,13.5,13.84519386,2.178363562,0.475454092,0,-
01/17/2026,IND,Ben Sheppard,27.32351494,10.5,8.162568092,0.215412498,0.467355907,0,-
01/17/2026,GSW,Brandin Podziemski,21.89019775,9.5,9.963923454,0.629529059,0.496477604,0,-
01/17/2026,DET,Tobias Harris,24.18713951,12.5,11.40435314,0.27215144,0.432797074,0,-
01/17/2026,DET,Cade Cunningham,29.62480354,26.5,25.32771111,1.578595996,0.582889378,1,-
01/17/2026,DEN,Zeke Nnaji,19.23381615,7.5,7.700810909,-1.357333302,0.365553558,0,-
01/17/2026,DEN,Bruce Brown,22.76168823,6.5,6.68741703,-0.312348723,0.476793766,0,-
01/17/2026,DAL,Naji Marshall,31.78393173,21.5,19.12309456,0.483227462,0.633160174,1,-
01/17/2026,DAL,Klay Thompson,23.52465248,15.5,15.29932499,0.020729732,0.514538944,1,-
01/17/2026,CHO,LaMelo Ball,28.1304245,18.5,19.03469276,-0.814618349,0.460122973,0,-
01/17/2026,CHO,Grant Williams,11.84400463,6.5,6.827582836,-2.629295588,0.20622392,0,-
01/17/2026,BOS,Jaylen Brown,31.43142319,30.5,29.7318573,0.989618421,0.594133973,1,-
01/17/2026,BOS,Anfernee Simons,25.66511345,17.5,17.46235847,2.220354319,0.603326321,1,-
01/17/2026,ATL,Vit Krejci,26.15817261,8.5,8.416560173,0.432264745,0.542934835,1,-
01/17/2026,ATL,Dyson Daniels,33.54326248,10.5,11.97990227,0.066706963,0.464800388,0,-
01/17/2026,ATL,Corey Kispert,20.03072929,7.5,8.306146622,-0.09894909,0.562939525,1,-
01/18/2026,TOR,Sandro Mamukelashvili,20.95584297,9.5,6.400774002,-1.942413092,0.28918615,0,U
01/18/2026,TOR,Jamal Shead,25.58115768,10.5,9.584441185,-0.909130096,0.424182951,0,U
01/18/2026,POR,Toumani Camara,31.75270462,13.5,11.00523472,-1.217146397,0.441553265,0,U
01/18/2026,POR,Jrue Holiday,16.57649803,12.5,9.045456886,-3.232771635,0.216523707,0,U
01/18/2026,POR,Jerami Grant,13.7695303,16.5,15.49365425,-6.701295376,0.239881203,0,U
01/18/2026,POR,Duop Reath,11.40269566,5.5,4.220776081,-1.533600211,0.152008638,0,U
01/18/2026,NOP,Jordan Poole,19.45096397,10.5,10.00978947,-1.160146594,0.429362595,0,U
01/18/2026,NOP,Jeremiah Fears,27.54574203,12.5,12.31106472,-0.938357055,0.374255717,0,U
01/18/2026,MEM,Jaylen Wells,26.6163826,9.5,7.070456028,-0.416825414,0.480456054,0,U
01/18/2026,LAL,Rui Hachimura,17.63933182,6.5,6.287096977,-1.462227702,0.363096356,0,U
01/18/2026,HOU,Tari Eason,19.95504189,11.5,7.879350185,-1.298790336,0.3147403,0,U
01/18/2026,HOU,Reed Sheppard,21.4616642,11.5,9.124696732,-0.666044056,0.448282033,0,U
01/18/2026,DEN,Zeke Nnaji,19.47161865,7.5,4.825954914,-1.331638336,0.421608627,0,U
01/18/2026,DEN,Bruce Brown,22.46350098,7.5,5.627527237,-0.459133863,0.366735846,0,U
01/18/2026,DEN,Aaron Gordon,27.1178627,18.5,16.34174728,-1.921242595,0.342460424,0,U
01/18/2026,CHO,Miles Bridges,30.70331192,17.5,16.73458672,-1.074011087,0.385286748,0,U
01/18/2026,CHO,Collin Sexton,18.16586685,11.5,10.04281521,-1.33242476,0.421991676,0,U
01/18/2026,CHI,Matas Buzelis,29.50303078,15.5,14.48940372,-1.345329165,0.391444445,0,U
01/18/2026,CHI,Jalen Smith,26.9039135,14.5,13.34532738,-0.246561348,0.396016061,0,U
01/18/2026,BRK,Tyrese Martin,11.47230911,8.5,7.885469913,-2.495157242,0.237723708,0,U
01/18/2026,BRK,Terance Mann,25.2291584,7.5,5.895166874,-0.610832453,0.430011183,0,U
01/18/2026,BRK,Noah Clowney,30.45312309,15.5,14.07858562,-1.668315411,0.362968534,0,U
01/18/2026,BRK,Danny Wolf,24.97657776,10.5,7.774452209,-1.048439503,0.396869421,0,U
01/18/2026,TOR,Scottie Barnes,34.78439331,20.5,23.64118767,1.145986915,0.585048616,1,O
01/18/2026,TOR,Immanuel Quickley,26.47817039,16.5,21.68930626,0.015653353,0.565961659,1,O
01/18/2026,TOR,Collin Murray-Boyles,30.99085808,10.5,11.35497856,0.511770725,0.524602532,1,O
01/18/2026,SAC,Russell Westbrook,32.05736542,14.5,16.97220612,0.458920896,0.52935189,1,O
01/18/2026,SAC,Precious Achiuwa,28.32186508,9.5,12.76857948,1.089734316,0.540399849,1,O
01/18/2026,SAC,Malik Monk,17.90994072,8.5,10.70594978,1.497695565,0.561980903,1,O
01/18/2026,SAC,Domantas Sabonis,22.64323044,12.5,19.92177582,1.312220454,0.586437166,1,O
01/18/2026,SAC,DeMar DeRozan,33.95204544,19.5,25.22590828,2.495175838,0.669274807,1,O
01/18/2026,ORL,Wendell Carter Jr.,29.31211472,10.5,15.92616081,1.374309301,0.558591008,1,O
01/18/2026,ORL,Paolo Banchero,35.13669205,22.5,22.88713455,1.268375516,0.544280112,1,O
01/18/2026,ORL,Noah Penda,21.04574776,6.5,8.780637741,0.226022184,0.594601572,1,O
01/18/2026,ORL,Desmond Bane,32.01335907,19.5,21.79136658,2.336383343,0.654299915,1,O
01/18/2026,ORL,Anthony Black,32.60467911,15.5,19.692276,2.134836674,0.579292655,1,O
01/18/2026,NOP,Yves Missi,20.57722855,5.5,7.131415367,0.294146299,0.507068276,1,O
01/18/2026,NOP,Trey Murphy III,33.75393295,20.5,24.02622223,0.518977821,0.578904688,1,O
01/18/2026,NOP,Saddiq Bey,29.84120369,12.5,16.42317581,0.294457942,0.528288603,1,O
01/18/2026,MEM,Santi Aldama,30.60367966,13.5,17.22844505,4.222227097,0.666293025,1,O
01/18/2026,MEM,Jock Landale,20.37386703,8.5,10.17725658,0.597134829,0.585082471,1,O
01/18/2026,MEM,Jaren Jackson Jr.,30.62969971,18.5,21.89500999,1.269676566,0.549676001,1,O
01/18/2026,MEM,Ja Morant,29.26229858,18.5,23.52350235,6.510665417,0.646203697,1,O
01/18/2026,LAL,Marcus Smart,29.96351814,9.5,12.69921207,2.02648139,0.626771212,1,O
01/18/2026,LAL,Jake LaRavia,31.80267525,10.5,14.92370129,1.024142146,0.549221456,1,O
01/18/2026,HOU,Kevin Durant,34.40376663,25.5,27.90917015,0.399243951,0.596600294,1,O
01/18/2026,HOU,Jabari Smith Jr.,33.12481689,15.5,16.83272362,0.838534236,0.51969403,1,O
01/18/2026,HOU,Amen Thompson,34.15928268,19.5,23.66585732,2.616243362,0.649614871,1,O
01/18/2026,DEN,Jamal Murray,31.92371178,28.5,30.28224373,1.412304163,0.653125644,1,O
01/18/2026,CHO,Sion James,21.84720612,5.5,6.812405109,0.224609941,0.514997602,1,O
01/18/2026,CHO,LaMelo Ball,27.53392982,18.5,22.98757744,1.26658535,0.523425817,1,O
01/18/2026,CHO,Kon Knueppel,30.29417419,17.5,19.8638401,1.343273044,0.554208159,1,O
01/18/2026,CHI,Nikola Vucevic,30.841465,17.5,17.63157272,0.744638979,0.555517197,1,O
01/18/2026,CHI,Kevin Huerter,21.73965836,9.5,9.634801865,0.024833592,0.515556931,1,O
01/18/2026,CHI,Coby White,28.06893349,18.5,18.75020599,1.075575233,0.541981518,1,O
01/18/2026,BRK,Day'Ron Sharpe,20.56211853,8.5,9.766103745,0.625326037,0.622685134,1,O
01/18/2026,TOR,Brandon Ingram,32.70372009,23.5,23.22319221,-0.301241398,0.534096897,1,-
01/18/2026,SAC,Zach LaVine,31.84518623,20.5,20.98433495,-1.372937679,0.40144217,0,-
01/18/2026,SAC,Maxime Raynaud,28.93369865,8.5,10.09544373,0.453161359,0.478641093,0,-
01/18/2026,SAC,Dennis Schroder,12.33895111,10.5,11.14426327,-2.515244961,0.243359983,0,-
01/18/2026,POR,Shaedon Sharpe,31.01796341,24.5,19.1158371,-0.055837404,0.50046128,1,-
01/18/2026,POR,Rayan Rupert,17.22402954,4.5,7.225047588,-0.013471548,0.420636535,0,-
01/18/2026,POR,Donovan Clingan,28.39337349,12.5,11.53188324,0.747377276,0.520830035,1,-
01/18/2026,POR,Deni Avdija,22.91535759,25.5,26.43811798,-1.384267807,0.533807397,1,-
01/18/2026,ORL,Franz Wagner,28.05651474,18.5,21.39759636,-0.670747221,0.394131273,0,-
01/18/2026,NOP,Zion Williamson,30.2502594,19.5,20.37943459,-1.361783624,0.371162742,0,-
01/18/2026,NOP,Derik Queen,25.23851395,10.5,9.708152771,0.033426724,0.535449445,1,-
01/18/2026,MEM,Cedric Coward,25.26011467,12.5,14.20237732,0.984031856,0.452922136,0,-
01/18/2026,MEM,Cam Spencer,23.04787064,8.5,9.727374077,-0.410864145,0.413056612,0,-
01/18/2026,LAL,Luka Doncic,32.4986496,32.5,30.07925797,0.580412149,0.550612867,1,-
01/18/2026,LAL,LeBron James,31.2881279,22.5,24.01024628,-0.835898697,0.404016048,0,-
01/18/2026,LAL,Deandre Ayton,29.06359482,11.5,11.35639191,0.150179595,0.53076452,1,-
01/18/2026,HOU,Steven Adams,24.43856049,6.5,6.362776756,0.433167934,0.508786082,1,-
01/18/2026,HOU,Alperen Sengun,29.71154213,22.5,18.16905594,-0.729456663,0.506060064,1,-
01/18/2026,DEN,Tim Hardaway Jr.,29.390625,15.5,14.97050285,0.955604613,0.558513761,1,-
01/18/2026,DEN,Peyton Watson,32.79191208,20.5,21.73911095,-0.227865502,0.496049136,0,-
01/18/2026,DEN,Jalen Pickett,28.62506104,9.5,10.32137394,-0.161357835,0.447121352,0,-
01/18/2026,CHO,Moussa Diabate,30.272192,7.5,8.628919601,-0.066762924,0.530419767,1,-
01/18/2026,CHO,Brandon Miller,30.13440132,20.5,17.5300808,-1.102446437,0.514740229,1,-
01/18/2026,CHI,Tre Jones,22.64331436,9.5,12.89867592,0.194332659,0.468470126,0,-
01/18/2026,CHI,Isaac Okoro,29.47412491,9.5,10.26688957,-0.014359626,0.538288713,1,-
01/18/2026,CHI,Ayo Dosunmu,23.11595917,12.5,13.59513092,0.175486505,0.469455123,0,-
01/19/2026,WAS,Tre Johnson,29.8650074,14.5,12.08388042,-1.42531383,0.326244742,0,U
01/19/2026,UTA,Kyle Filipowski,19.93033981,12.5,9.433177948,-1.47911346,0.371716857,0,U
01/19/2026,UTA,Keyonte George,32.41700745,23.5,20.71096992,-1.455758095,0.476194143,0,U
01/19/2026,UTA,Isaiah Collier,22.08538628,9.5,8.412195206,-0.667830884,0.393995821,0,U
01/19/2026,SAS,Victor Wembanyama,25.23601341,25.5,21.17472076,-2.227472305,0.420213193,0,U
01/19/2026,SAS,Keldon Johnson,23.1774559,13.5,12.67104816,-1.18050313,0.477718979,0,U
01/19/2026,SAS,Julian Champagnie,31.07084084,12.5,12.03894806,-0.484565794,0.479724109,0,U
01/19/2026,SAS,Harrison Barnes,24.6838131,10.5,6.570365429,-0.848007858,0.391650289,0,U
01/19/2026,PHO,Jordan Goodwin,21.9679451,7.5,7.141982079,-0.517506421,0.48124361,0,U
01/19/2026,PHO,Jalen Green,18.27417374,12.5,9.577796936,-1.498827219,0.454699755,0,U
01/19/2026,PHI,Tyrese Maxey,35.55267334,28.5,26.3186264,-1.560861707,0.490573138,0,U
01/19/2026,OKC,Chet Holmgren,30.66270065,17.5,15.56488323,-0.64291507,0.428293645,0,U
01/19/2026,OKC,Ajay Mitchell,26.61937904,15.5,13.85947514,-0.091888689,0.40596056,0,U
01/19/2026,NYK,Karl-Anthony Towns,30.19888496,21.5,17.53255844,-2.267287254,0.408780307,0,U
01/19/2026,NYK,Jalen Brunson,28.26488495,28.5,23.24763107,-0.322722912,0.494103342,0,U
01/19/2026,MIL,Ryan Rollins,32.86166382,13.5,11.88207626,-0.217566743,0.462352961,0,U
01/19/2026,MIL,Giannis Antetokounmpo,29.42089272,30.5,28.85830116,-0.978105485,0.449163944,0,U
01/19/2026,MIA,Norman Powell,28.88537025,22.5,22.37861633,-1.596695065,0.481253445,0,U
01/19/2026,MIA,Nikola Jovic,16.03245544,7.5,4.25317812,-1.542306662,0.223516434,0,U
01/19/2026,MIA,Kel'el Ware,16.04172325,7.5,5.529810429,-1.410481811,0.300861776,0,U
01/19/2026,MIA,Jaime Jaquez Jr.,15.33477974,12.5,11.81228542,-4.182857037,0.321357787,0,U
01/19/2026,LAC,Brook Lopez,15.67111492,6.5,6.170223236,-0.500786126,0.318464279,0,U
01/19/2026,IND,T.J. McConnell,16.60478973,8.5,6.691897392,-1.108959675,0.292535305,0,U
01/19/2026,IND,Aaron Nesmith,27.73246765,14.5,11.90843296,-1.415632725,0.359452754,0,U
01/19/2026,GSW,Quinten Post,20.24607658,8.5,5.847354412,-1.909242153,0.381988823,0,U
01/19/2026,GSW,Gary Payton II,14.35886383,6.5,4.425881863,-2.275309086,0.256194681,0,U
01/19/2026,DET,Tobias Harris,22.99707794,12.5,10.02466202,-0.997974813,0.41602245,0,U
01/19/2026,DET,Jalen Duren,26.18741035,15.5,14.17075634,-0.693846226,0.482561767,0,U
01/19/2026,DET,Cade Cunningham,29.70034409,24.5,24.28186989,-2.811535597,0.342703611,0,U
01/19/2026,DET,Ausar Thompson,25.22395706,9.5,7.730728149,-0.628761113,0.406755388,0,U
01/19/2026,DAL,Brandon Williams,21.7826767,15.5,13.38496304,-0.98343575,0.377258539,0,U
01/19/2026,CLE,Jarrett Allen,29.83328438,12.5,10.62550354,-2.281717062,0.330212146,0,U
01/19/2026,CLE,Evan Mobley,33.31433487,17.5,16.03021431,-0.853087127,0.460679024,0,U
01/19/2026,CLE,Donovan Mitchell,34.32621765,27.5,25.43799591,-0.781431139,0.463793606,0,U
01/19/2026,CLE,Dean Wade,25.61783409,4.5,4.157385826,-0.070224389,0.415498853,0,U
01/19/2026,CLE,De'Andre Hunter,21.97021103,13.5,10.90998268,-1.505723953,0.355478108,0,U
01/19/2026,CLE,Craig Porter Jr.,18.96956062,6.5,4.169668674,-0.414228767,0.35251835,0,U
01/19/2026,BRK,Ziaire Williams,19.7340641,7.5,6.223624229,-0.117268324,0.38381952,0,U
01/19/2026,BRK,Tyrese Martin,10.99340248,8.5,7.651411057,-1.202754021,0.37739414,0,U
01/19/2026,BRK,Noah Clowney,30.62268448,13.5,13.25878906,-1.167309523,0.348852664,0,U
01/19/2026,BRK,Michael Porter Jr.,24.74733162,23.5,21.43745995,-2.37119627,0.469727665,0,U
01/19/2026,BOS,Payton Pritchard,31.35533524,15.5,11.52625561,-1.220176339,0.407233,0,U
01/19/2026,BOS,Derrick White,34.37042618,17.5,16.27752686,-0.961036265,0.42361635,0,U
01/19/2026,ATL,Jalen Johnson,33.57652664,22.5,16.43458748,-2.247352362,0.453790545,0,U
01/19/2026,WAS,Kyshawn George,30.57652855,14.5,18.43264389,3.523975611,0.724458814,1,O
01/19/2026,WAS,Khris Middleton,22.77501106,10.5,11.47896194,0.710775137,0.573047638,1,O
01/19/2026,UTA,Cody Williams,28.2330761,8.5,10.09615135,0.552626252,0.61693269,1,O
01/19/2026,UTA,Brice Sensabaugh,27.33140373,18.5,23.95524788,3.952725649,0.740658998,1,O
01/19/2026,SAS,Luke Kornet,21.95858192,7.5,8.082838058,0.243317708,0.578380704,1,O
01/19/2026,PHO,Mark Williams,25.94950294,10.5,12.27457523,1.679313183,0.564687967,1,O
01/19/2026,PHO,Grayson Allen,24.05424881,13.5,20.59888458,2.770350218,0.607932448,1,O
01/19/2026,PHO,Devin Booker,34.20659637,23.5,25.2159996,0.832035601,0.547021568,1,O
01/19/2026,PHO,Collin Gillespie,29.39238358,10.5,13.26456165,1.124000788,0.569093585,1,O
01/19/2026,PHI,Quentin Grimes,26.08350563,10.5,10.6388855,0.941840351,0.573743105,1,O
01/19/2026,OKC,Alex Caruso,18.99048042,5.5,7.495713711,0.370321065,0.527549148,1,O
01/19/2026,NYK,OG Anunoby,33.83174133,17.5,20.71276855,2.898203135,0.687479138,1,O
01/19/2026,NYK,Mikal Bridges,33.4474678,16.5,18.80826187,2.877324104,0.677266538,1,O
01/19/2026,NYK,Josh Hart,32.56488037,12.5,15.11946201,1.145630598,0.694099784,1,O
01/19/2026,MIL,Bobby Portis,21.59467506,10.5,12.31778049,1.167393565,0.557554126,1,O
01/19/2026,MIA,Bam Adebayo,31.25199699,18.5,18.94101715,3.249332666,0.607410014,1,O
01/19/2026,LAC,Kris Dunn,28.1833725,7.5,7.982141972,1.047820091,0.507962286,1,O
01/19/2026,IND,Pascal Siakam,29.45334244,23.5,27.84904671,1.083212972,0.598202288,1,O
01/19/2026,IND,Johnny Furphy,25.27552414,6.5,8.342453957,1.54929173,0.559488237,1,O
01/19/2026,IND,Jay Huff,23.40089035,10.5,12.67490101,1.231564283,0.572407782,1,O
01/19/2026,IND,Jarace Walker,18.30001259,7.5,8.198106766,0.003365176,0.503454626,1,O
01/19/2026,GSW,Will Richard,24.47165871,7.5,7.906847954,0.978210747,0.508256555,1,O
01/19/2026,GSW,Moses Moody,26.20029259,11.5,13.5184803,3.150333643,0.658228517,1,O
01/19/2026,GSW,Jimmy Butler,24.03649902,21.5,22.6605072,0.335952997,0.589599669,1,O
01/19/2026,GSW,Brandin Podziemski,23.47465134,11.5,13.70775795,1.840536714,0.549935639,1,O
01/19/2026,DET,Jaden Ivey,18.95396233,8.5,9.078932762,0.101043195,0.536363482,1,O
01/19/2026,DET,Isaiah Stewart,22.62305069,8.5,16.84576988,2.824347496,0.710831046,1,O
01/19/2026,DET,Duncan Robinson,25.75396538,10.5,14.69945526,3.852599859,0.719507098,1,O
01/19/2026,DAL,Naji Marshall,30.51125526,15.5,17.10238647,1.483325958,0.59416157,1,O
01/19/2026,CLE,Jaylon Tyson,28.37650871,14.5,15.08130264,1.011730671,0.579473555,1,O
01/19/2026,BRK,Danny Wolf,19.07616043,7.5,8.084841728,0.648183525,0.50328213,1,O
01/19/2026,BOS,Sam Hauser,29.6974926,9.5,15.04334831,2.799139738,0.594832659,1,O
01/19/2026,BOS,Neemias Queta,25.69051361,8.5,9.953632355,1.762557507,0.581842303,1,O
01/19/2026,BOS,Jaylen Brown,28.63252258,28.5,29.51602364,1.246116519,0.584951222,1,O
01/19/2026,BOS,Anfernee Simons,24.36312866,13.5,15.52032661,0.864433289,0.517120898,1,O
01/19/2026,ATL,Onyeka Okongwu,32.43109894,16.5,17.92811012,0.820711851,0.533323169,1,O
01/19/2026,ATL,Nickeil Alexander-Walker,32.09028625,19.5,19.93649483,0.503715098,0.584443152,1,O
01/19/2026,ATL,Dyson Daniels,33.12657928,10.5,11.06661797,0.511817098,0.515834153,1,O
01/19/2026,ATL,CJ McCollum,25.52961731,16.5,20.08763504,2.219409466,0.53452599,1,O
01/19/2026,WAS,Justin Champagnie,23.5539856,10.5,10.33444214,0.523494899,0.522572041,1,-
01/19/2026,UTA,Ace Bailey,28.1375351,14.5,13.32156944,0.244112954,0.503941655,1,-
01/19/2026,SAS,Stephon Castle,30.26908302,17.5,17.39820099,0.125252008,0.514099896,1,-
01/19/2026,SAS,Dylan Harper,21.41718102,10.5,10.13450432,0.1145228,0.475323439,0,-
01/19/2026,SAS,De'Aaron Fox,32.12586975,19.5,19.21132851,0.396881461,0.566920578,1,-
01/19/2026,PHO,Ryan Dunn,18.06502914,4.5,5.154220581,-0.139000088,0.441892236,0,-
01/19/2026,PHO,Royce O'Neale,30.93158913,9.5,11.60984516,0.864785016,0.495973468,0,-
01/19/2026,PHO,Oso Ighodaro,21.17377281,4.5,6.391221523,0.164035112,0.472144574,0,-
01/19/2026,PHO,Dillon Brooks,30.78973389,18.5,19.15061569,-0.364948809,0.438673645,0,-
01/19/2026,PHI,VJ Edgecombe,34.98384094,15.5,12.62031269,-0.454516828,0.50669831,1,-
01/19/2026,PHI,Paul George,25.87664986,15.5,15.70766544,0.783903599,0.482476622,0,-
01/19/2026,PHI,Kelly Oubre Jr.,28.60391426,11.5,10.60922527,0.364813507,0.566725612,1,-
01/19/2026,PHI,Joel Embiid,32.43137741,26.5,25.49180222,0.204178154,0.544225693,1,-
01/19/2026,OKC,Shai Gilgeous-Alexander,34.36667252,32.5,32.3247261,0.928067088,0.518497586,1,-
01/19/2026,OKC,Luguentz Dort,25.42306137,7.5,7.205912113,0.048925519,0.532615483,1,-
01/19/2026,OKC,Cason Wallace,21.6772213,7.5,6.927451611,0.009423966,0.519221842,1,-
01/19/2026,OKC,Aaron Wiggins,26.73339653,11.5,9.33989048,-0.06175781,0.51061821,1,-
01/19/2026,MIL,Myles Turner,25.8316803,10.5,10.46187878,0.106890373,0.485218674,0,-
01/19/2026,MIL,Kyle Kuzma,26.48925209,11.5,10.5181303,1.607099652,0.597441435,1,-
01/19/2026,MIA,Pelle Larsson,26.98507309,9.5,10.62312126,-0.279693604,0.451592386,0,-
01/19/2026,MIA,Davion Mitchell,22.42769241,8.5,10.2372179,-0.232939482,0.511705279,1,-
01/19/2026,MIA,Andrew Wiggins,31.5604744,14.5,15.12697792,-0.024652621,0.49867177,0,-
01/19/2026,LAC,John Collins,22.08794594,14.5,18.61208534,-0.002381207,0.444398642,0,-
01/19/2026,LAC,James Harden,35.16494751,29.5,26.90133476,1.899586916,0.693918467,1,-
01/19/2026,LAC,Ivica Zubac,30.50052834,16.5,15.28526211,0.981497347,0.530587196,1,-
01/19/2026,IND,Andrew Nembhard,30.81920624,16.5,16.24136353,0.345532238,0.45719251,0,-
01/19/2026,GSW,Stephen Curry,31.75072861,28.5,18.77122688,0.0662366,0.441483855,0,-
01/19/2026,GSW,Draymond Green,22.2750206,9.5,8.802758217,0.042638659,0.458404928,0,-
01/19/2026,GSW,Al Horford,18.39790916,7.5,5.72072506,0.106472,0.46900329,0,-
01/19/2026,DET,Caris LeVert,18.35454559,6.5,6.30837822,0.432053298,0.428925484,0,-
01/19/2026,DAL,Max Christie,29.72868347,12.5,10.60395241,0.479667753,0.439366698,0,-
01/19/2026,DAL,Dwight Powell,22.6674633,5.5,6.300573826,-0.750366211,0.419109613,0,-
01/19/2026,DAL,Cooper Flagg,28.71603966,20.5,18.19340515,-0.341387808,0.514173865,1,-
01/19/2026,BRK,Terance Mann,24.09130669,6.5,7.082323074,0.364417553,0.478342295,0,-
01/19/2026,BRK,Nolan Traore,21.8433075,7.5,8.299170494,-0.3185637,0.472631305,0,-
01/19/2026,BRK,Drake Powell,20.91571617,7.5,10.46549511,-0.330636024,0.574184299,1,-
01/19/2026,BOS,Luka Garza,18.90820313,7.5,7.033232689,-0.20857738,0.509206533,1,-
01/19/2026,ATL,Vit Krejci,20.64079666,7.5,6.799879074,0.254467487,0.51556617,1,-
01/20/2026,UTA,Lauri Markkanen,24.52179909,25.5,18.79781342,-8.44438076,0.252956718,0,U
01/20/2026,PHI,Paul George,26.36811256,17.5,13.99252605,-3.224279404,0.248697832,0,U
01/20/2026,MIA,Kel'el Ware,14.94803619,8.5,7.392075539,-1.885868192,0.438496143,0,U
01/20/2026,CHI,Josh Giddey,22.04409981,13.5,11.90811729,-3.293618679,0.294704497,0,U
01/20/2026,UTA,Brice Sensabaugh,27.79676247,17.5,23.62754059,6.984998226,0.742606163,1,O
01/20/2026,UTA,Kyle Filipowski,18.81217194,11.5,8.165251732,-1.362679124,0.400792718,0,U
01/20/2026,UTA,Isaiah Collier,21.10276794,9.5,7.63917017,-1.08635366,0.424249321,0,U
01/20/2026,SAS,Stephon Castle,32.73152542,15.5,14.20873928,-0.580138445,0.412240386,0,U
01/20/2026,SAS,Keldon Johnson,24.15525818,11.5,11.23507881,-1.174696684,0.365612417,0,U
01/20/2026,SAS,Dylan Harper,21.37979507,9.5,8.14095974,-0.788622141,0.237050131,0,U
01/20/2026,SAS,De'Aaron Fox,33.98946762,16.5,15.82939911,-2.304363966,0.44454354,0,U
01/20/2026,PHI,VJ Edgecombe,36.34760666,16.5,11.91679192,-0.931461751,0.460183024,0,U
01/20/2026,PHI,Tyrese Maxey,37.85638809,29.5,21.15913963,-1.184132457,0.42032519,0,U
01/20/2026,PHI,Quentin Grimes,25.78313065,11.5,11.45218277,-0.680437863,0.448107988,0,U
01/20/2026,MIN,Donte DiVincenzo,34.47123337,13.5,10.30142879,-0.031835433,0.461154521,0,U
01/20/2026,MIN,Anthony Edwards,35.83174896,31.5,29.18574905,-2.306259155,0.406872809,0,U
01/20/2026,MIA,Nikola Jovic,14.83251095,8.5,3.518065214,-3.697954655,0.223171264,0,U
01/20/2026,LAL,Luka Doncic,36.80509567,31.5,30.13511848,-2.86498332,0.43293637,0,U
01/20/2026,LAL,Gabe Vincent,16.76469994,5.5,2.789257765,-1.171626925,0.065038018,0,U
01/20/2026,LAL,Deandre Ayton,30.40008163,13.5,13.36552238,-0.727441251,0.46708411,0,U
01/20/2026,LAC,Nicolas Batum,16.21292877,4.5,3.847277641,-0.630508304,0.123926885,0,U
01/20/2026,LAC,Ivica Zubac,29.41691017,16.5,12.64523125,-3.721808195,0.14819935,0,U
01/20/2026,LAC,Cam Christie,12.55042076,6.5,5.642230511,-1.93150413,0.296000183,0,U
01/20/2026,LAC,Brook Lopez,15.16149235,6.5,5.895514965,-2.08894825,0.305501312,0,U
01/20/2026,HOU,Josh Okogie,22.35858536,4.5,4.420451641,-0.565534592,0.344582289,0,U
01/20/2026,HOU,Dorian Finney-Smith,15.73134327,3.5,3.126337051,-0.467880189,0.301985949,0,U
01/20/2026,HOU,Clint Capela,7.782979965,3.5,1.435429096,-2.61097312,0.181417972,0,U
01/20/2026,GSW,Will Richard,16.4532795,6.5,4.231246948,-0.623489261,0.33012107,0,U
01/20/2026,GSW,Stephen Curry,32.22673035,28.5,19.72159004,-2.762701511,0.420173615,0,U
01/20/2026,GSW,Gary Payton II,13.61672878,5.5,3.613617659,-1.80194962,0.232333958,0,U
01/20/2026,GSW,Buddy Hield,12.24344063,7.5,4.773593903,-1.420606494,0.428268492,0,U
01/20/2026,DEN,Aaron Gordon,29.34538841,18.5,17.1778698,-0.97601974,0.460596442,0,U
01/20/2026,CHI,Coby White,29.59648323,19.5,10.94600105,-3.659626484,0.264586776,0,U
01/20/2026,UTA,Svi Mykhailiuk,26.72403145,8.5,9.963981628,1.046182275,0.587525308,1,O
01/20/2026,UTA,Jusuf Nurkic,31.81877518,12.5,16.66684532,5.585062504,0.783463836,1,O
01/20/2026,TOR,Jamal Shead,32.10421753,8.5,10.65214634,0.732800663,0.500997841,1,O
01/20/2026,TOR,Gradey Dick,28.80296898,8.5,12.93072319,4.333211422,0.657754183,1,O
01/20/2026,SAS,Victor Wembanyama,26.81946373,22.5,25.12124825,1.006567478,0.542197585,1,O
01/20/2026,SAS,Luke Kornet,20.6294651,5.5,7.363769054,1.179409742,0.679253101,1,O
01/20/2026,SAC,Zach LaVine,33.56877136,19.5,20.65846062,2.093950033,0.665788889,1,O
01/20/2026,SAC,Russell Westbrook,34.76163483,15.5,17.44698906,2.340702295,0.660178423,1,O
01/20/2026,SAC,Malik Monk,19.78821182,10.5,11.93947411,1.519230127,0.574148834,1,O
01/20/2026,SAC,Domantas Sabonis,31.58972931,12.5,15.7270689,3.126718044,0.702961147,1,O
01/20/2026,SAC,Dennis Schroder,21.03779411,10.5,12.95339203,0.951258957,0.663254797,1,O
01/20/2026,SAC,DeMar DeRozan,36.68487167,19.5,22.6132412,2.22739172,0.559645891,1,O
01/20/2026,PHO,Oso Ighodaro,20.71461678,5.5,5.814074039,0.04439025,0.607600808,1,O
01/20/2026,PHO,Grayson Allen,25.7065773,13.5,20.79356003,2.232855082,0.549753845,1,O
01/20/2026,PHO,Devin Booker,35.98578262,24.5,27.19920921,2.299110889,0.728914678,1,O
01/20/2026,PHO,Collin Gillespie,29.77698517,10.5,10.62862682,2.275196791,0.534187615,1,O
01/20/2026,MIN,Naz Reid,20.90505028,14.5,16.82561111,0.731010795,0.614354789,1,O
01/20/2026,MIN,Jaden McDaniels,33.6692276,14.5,15.38945484,0.38538745,0.566048861,1,O
01/20/2026,MIA,Bam Adebayo,32.29079056,17.5,21.5683918,1.64364028,0.620780885,1,O
01/20/2026,MIA,Andrew Wiggins,32.16817856,15.5,17.15277672,2.076167822,0.578767419,1,O
01/20/2026,LAL,LeBron James,34.72913742,22.5,25.69428635,5.914150238,0.827236295,1,O
01/20/2026,LAL,Jake LaRavia,33.17254257,9.5,10.04179096,1.93032968,0.574719965,1,O
01/20/2026,LAC,John Collins,29.24349785,13.5,14.45074749,0.66460067,0.549202502,1,O
01/20/2026,HOU,Jabari Smith Jr.,36.82623291,15.5,19.81592178,2.032063246,0.69832015,1,O
01/20/2026,HOU,Amen Thompson,38.3072319,17.5,23.06048584,4.34605217,0.765091181,1,O
01/20/2026,HOU,Alperen Sengun,32.82083511,18.5,19.00377846,0.784616232,0.508240819,1,O
01/20/2026,GSW,De'Anthony Melton,19.17172241,11.5,12.08980942,0.885577261,0.517888725,1,O
01/20/2026,DEN,Tim Hardaway Jr.,28.04288864,14.5,19.04754448,2.824220896,0.697661221,1,O
01/20/2026,DEN,Peyton Watson,35.76113892,17.5,19.23709297,2.323894501,0.599763513,1,O
01/20/2026,DEN,Jamal Murray,36.92790222,26.5,29.80134392,1.185163736,0.504778147,1,O
01/20/2026,CHI,Nikola Vucevic,33.64596558,17.5,22.12145042,2.636284351,0.66056031,1,O
01/20/2026,CHI,Ayo Dosunmu,24.32065392,12.5,12.81665421,2.20780468,0.616447985,1,O
01/20/2026,UTA,Keyonte George,35.72415924,25.5,24.17525291,1.784782171,0.681732357,1,-
01/20/2026,UTA,Cody Williams,28.6885376,8.5,8.828111649,0.469717115,0.463028193,0,-
01/20/2026,UTA,Ace Bailey,29.95246506,13.5,13.59004498,0.555121303,0.426622719,0,-
01/20/2026,TOR,Scottie Barnes,37.71607208,20.5,21.93346024,-0.435148567,0.568530679,1,-
01/20/2026,TOR,Sandro Mamukelashvili,22.29122353,12.5,9.361037254,-1.490216255,0.552338064,1,-
01/20/2026,TOR,Ochai Agbaji,18.93728638,6.5,8.115430832,-0.918711603,0.52339077,1,-
01/20/2026,TOR,Immanuel Quickley,34.76395416,17.5,16.12640762,0.361795098,0.476754338,0,-
01/20/2026,TOR,Brandon Ingram,35.58642578,23.5,20.56648636,-0.099554598,0.581818819,1,-
01/20/2026,SAS,Julian Champagnie,32.57397079,10.5,11.79627037,-0.046295173,0.548847616,1,-
01/20/2026,SAS,Harrison Barnes,26.23553276,8.5,7.545547485,1.075658679,0.417426407,0,-
01/20/2026,SAC,Precious Achiuwa,28.57427216,8.5,13.46617603,3.242477417,0.47451961,0,-
01/20/2026,SAC,Maxime Raynaud,21.25023651,7.5,7.670453548,-0.806246042,0.465237439,0,-
01/20/2026,PHO,Royce O'Neale,31.01794243,8.5,10.06668091,-0.13653791,0.519364178,1,-
01/20/2026,PHO,Mark Williams,26.29256248,10.5,9.643299103,0.892733693,0.56053108,1,-
01/20/2026,PHO,Jalen Green,12.05780602,12.5,16.38464165,-7.64887476,0.318190277,0,-
01/20/2026,PHO,Dillon Brooks,31.61374855,17.5,13.72147369,1.710462093,0.441176683,0,-
01/20/2026,PHI,Kelly Oubre Jr.,33.56063843,13.5,11.94967175,1.295006275,0.428263992,0,-
01/20/2026,MIN,Rudy Gobert,31.74807358,11.5,8.58801651,0.145071283,0.491682172,0,-
01/20/2026,MIN,Julius Randle,35.6355896,23.5,24.58504868,-1.034325719,0.593655586,1,-
01/20/2026,MIA,Simone Fontecchio,16.56026649,8.5,6.219536781,0.427619249,0.42410031,0,-
01/20/2026,MIA,Pelle Larsson,29.477108,10.5,10.04018879,1.142411351,0.525288701,1,-
01/20/2026,MIA,Norman Powell,32.36472321,23.5,21.98794746,1.457931995,0.618076801,1,-
01/20/2026,MIA,Jaime Jaquez Jr.,25.09842491,14.5,10.56332207,-1.971892357,0.574840546,1,-
01/20/2026,MIA,Davion Mitchell,27.5108223,8.5,8.95144558,1.151721716,0.480215937,0,-
01/20/2026,LAL,Rui Hachimura,20.97323036,8.5,7.307296753,0.039678786,0.529488146,1,-
01/20/2026,LAL,Marcus Smart,31.7714901,8.5,13.3535471,2.263495207,0.437642485,0,-
01/20/2026,LAL,Jarred Vanderbilt,18.48575401,3.5,4.012965679,-0.100478142,0.439123482,0,-
01/20/2026,LAC,Kris Dunn,30.98287773,8.5,10.62133503,0.596887469,0.412059009,0,-
01/20/2026,LAC,James Harden,36.97850037,29.5,29.62904739,-2.911920071,0.458303243,0,-
01/20/2026,HOU,Tari Eason,19.38013458,9.5,12.48776531,-0.553325534,0.384947598,0,-
01/20/2026,HOU,Reed Sheppard,19.45150185,9.5,8.293605804,0.282717586,0.463682234,0,-
01/20/2026,HOU,Kevin Durant,37.44637299,24.5,24.42498207,2.002255678,0.605118454,1,-
01/20/2026,GSW,Quinten Post,19.44256401,8.5,5.908758163,0.214875877,0.51013869,1,-
01/20/2026,GSW,Moses Moody,25.98995209,12.5,12.63049316,0.264108479,0.452501774,0,-
01/20/2026,GSW,Draymond Green,26.80784798,9.5,8.741911888,1.762035131,0.646387756,1,-
01/20/2026,GSW,Brandin Podziemski,29.33785629,13.5,12.65015125,1.343166709,0.480089664,0,-
01/20/2026,DEN,Zeke Nnaji,19.99924088,5.5,5.348653316,1.182185054,0.663022995,1,-
01/20/2026,DEN,Jalen Pickett,29.74943542,9.5,9.915635109,0.481739759,0.485038579,0,-
01/20/2026,DEN,Bruce Brown,22.03470612,6.5,6.588843822,-0.336350858,0.445274621,0,-
01/20/2026,CHI,Tre Jones,22.64702034,10.5,10.67659473,-1.256117821,0.44998464,0,-
01/20/2026,CHI,Matas Buzelis,30.29013634,15.5,13.02918816,1.162924886,0.67256701,1,-
01/20/2026,CHI,Kevin Huerter,21.34957123,10.5,7.857648373,-0.391740084,0.577788055,1,-
01/20/2026,CHI,Jalen Smith,29.91083908,12.5,11.10685158,0.469928682,0.475014836,0,-
01/20/2026,CHI,Isaac Okoro,30.22951126,8.5,9.753170013,-0.111624032,0.490103126,0,-
01/21/2026,TOR,RJ Barrett,22.77956772,16.5,14.55299854,-6.328493595,0.245547265,0,U
01/21/2026,SAC,Malik Monk,21.63508415,12.5,10.5696497,-0.655537844,0.4210715,0,U
01/21/2026,OKC,Isaiah Joe,16.88354111,11.5,6.554122448,-3.328016996,0.353949964,0,U
01/21/2026,OKC,Aaron Wiggins,22.34040833,11.5,8.933255196,-1.001274109,0.406175643,0,U
01/21/2026,NOP,Jordan Poole,19.70489311,11.5,8.945688248,-1.264259458,0.34676677,0,U
01/21/2026,MIL,Myles Turner,21.93065071,10.5,9.266462326,-1.45223403,0.312840313,0,U
01/21/2026,MIL,Giannis Antetokounmpo,30.42518234,27.5,22.37599182,-3.423106432,0.305259824,0,U
01/21/2026,MIL,Gary Trent Jr.,14.36288834,7.5,4.848734856,-1.329863191,0.422000855,0,U
01/21/2026,MIL,Bobby Portis,22.83530426,14.5,11.14921284,-1.077762723,0.499655306,0,U
01/21/2026,MEM,Jock Landale,21.55074692,11.5,9.592539787,-1.274747729,0.406650633,0,U
01/21/2026,MEM,Ja Morant,29.01937675,22.5,21.14116669,-1.709790945,0.446116686,0,U
01/21/2026,IND,Pascal Siakam,34.61773682,22.5,20.49550438,-0.523318112,0.476691186,0,U
01/21/2026,IND,Aaron Nesmith,32.96817017,14.5,14.07065105,-1.819397092,0.380275667,0,U
01/21/2026,DET,Tobias Harris,26.61495209,15.5,13.09957695,-0.510620475,0.3307212,0,U
01/21/2026,DET,Marcus Sasser,9.405022621,5.5,3.132130623,-3.983773708,0.224127665,0,U
01/21/2026,DET,Jalen Duren,28.04180336,20.5,15.3791256,-0.014577449,0.39567855,0,U
01/21/2026,DET,Jaden Ivey,18.84527397,11.5,7.824568272,-2.29966259,0.267392039,0,U
01/21/2026,DET,Caris LeVert,17.52771568,6.5,6.235388279,-0.25701952,0.494401813,0,U
01/21/2026,CLE,De'Andre Hunter,24.02466965,14.5,11.62849331,-1.748813033,0.383050144,0,U
01/21/2026,CHO,LaMelo Ball,21.5042305,17.5,13.31937027,-1.706504941,0.446138114,0,U
01/21/2026,BRK,Michael Porter Jr.,34.61671066,23.5,22.76024628,-0.366893113,0.469208241,0,U
01/21/2026,BOS,Jaylen Brown,35.53360367,29.5,28.86842537,-0.220351011,0.429007471,0,U
01/21/2026,BOS,Anfernee Simons,24.92432594,13.5,12.92888832,-0.454731584,0.380259514,0,U
01/21/2026,ATL,CJ McCollum,24.6758461,16.5,14.83894825,-0.956590116,0.471874446,0,U
01/21/2026,TOR,Scottie Barnes,36.76328659,20.5,22.42655563,0.120344542,0.573709548,1,O
01/21/2026,TOR,Immanuel Quickley,33.43088913,17.5,19.17544937,0.296812713,0.550320208,1,O
01/21/2026,TOR,Gradey Dick,19.90454865,7.5,7.632811546,0.244497925,0.544432819,1,O
01/21/2026,SAC,Russell Westbrook,33.65312958,15.5,19.37251472,1.527505279,0.5932495,1,O
01/21/2026,SAC,Precious Achiuwa,25.95564079,7.5,9.447856903,2.266108036,0.636503696,1,O
01/21/2026,SAC,DeMar DeRozan,35.53116989,19.5,20.86242104,0.390326053,0.572103381,1,O
01/21/2026,OKC,Luguentz Dort,27.15949249,8.5,11.54288673,2.009929419,0.559596479,1,O
01/21/2026,OKC,Cason Wallace,26.70449448,8.5,9.4168396,2.349689245,0.60179323,1,O
01/21/2026,NYK,OG Anunoby,34.78038788,15.5,19.66916466,2.421863794,0.600445449,1,O
01/21/2026,NYK,Mitchell Robinson,19.70273018,4.5,6.804405689,0.733480692,0.596367598,1,O
01/21/2026,NYK,Miles McBride,29.56787682,10.5,15.1573,2.25714159,0.619683266,1,O
01/21/2026,NYK,Mikal Bridges,34.89135361,14.5,17.4427166,1.128673315,0.631150246,1,O
01/21/2026,NYK,Josh Hart,32.89005661,11.5,12.38616562,2.290594339,0.675580978,1,O
01/21/2026,NOP,Yves Missi,21.93658829,5.5,7.351360798,1.606556177,0.571335852,1,O
01/21/2026,NOP,Trey Murphy III,36.5055542,19.5,25.85233307,0.181482509,0.522733569,1,O
01/21/2026,NOP,Saddiq Bey,31.88489151,12.5,16.45464516,1.476514697,0.601280093,1,O
01/21/2026,NOP,Jeremiah Fears,26.48501968,11.5,11.82330418,2.007762909,0.702208281,1,O
01/21/2026,NOP,Derik Queen,26.31155968,10.5,11.59364033,0.09814322,0.526703537,1,O
01/21/2026,MIL,Gary Harris,25.77051735,4.5,8.994083405,2.133294821,0.613167226,1,O
01/21/2026,MEM,Vince Williams Jr.,19.56642914,7.5,8.102847099,0.502164006,0.519428015,1,O
01/21/2026,MEM,Jaren Jackson Jr.,32.84498978,19.5,20.48292542,1.519487977,0.575116992,1,O
01/21/2026,MEM,Cam Spencer,22.13150215,8.5,9.638483047,1.441830635,0.512790084,1,O
01/21/2026,IND,Johnny Furphy,24.25679588,5.5,7.935461521,1.243536353,0.588405371,1,O
01/21/2026,IND,Jarace Walker,21.11528397,8.5,8.827067375,0.763468504,0.504715979,1,O
01/21/2026,DET,Isaiah Stewart,22.75035858,9.5,9.754655838,0.503121972,0.520142496,1,O
01/21/2026,DET,Duncan Robinson,28.05581665,13.5,14.22521973,0.854686439,0.514594376,1,O
01/21/2026,CLE,Jaylon Tyson,30.53192139,15.5,15.81428909,0.67695868,0.528441012,1,O
01/21/2026,CHO,Sion James,27.98374367,5.5,10.25661469,3.192220211,0.672608256,1,O
01/21/2026,CHO,Moussa Diabate,31.21944809,7.5,11.24715805,1.552687764,0.621677816,1,O
01/21/2026,BRK,Terance Mann,20.66280746,5.5,6.716032982,0.139958411,0.538617134,1,O
01/21/2026,BRK,Nolan Traore,22.68483353,6.5,8.696479797,0.666412115,0.625674129,1,O
01/21/2026,BOS,Sam Hauser,28.91150093,9.5,14.5654707,1.652050257,0.630214751,1,O
01/21/2026,BOS,Payton Pritchard,32.68367004,15.5,16.76734734,2.364108324,0.647753179,1,O
01/21/2026,BOS,Neemias Queta,26.00134087,9.5,11.67039394,1.609653592,0.654972553,1,O
01/21/2026,ATL,Onyeka Okongwu,34.01002884,16.5,17.79404259,1.278935194,0.540342271,1,O
01/21/2026,ATL,Nickeil Alexander-Walker,34.30292892,19.5,22.05756569,2.553534985,0.619786918,1,O
01/21/2026,ATL,Dyson Daniels,34.33993149,11.5,16.26714134,2.658456564,0.590352118,1,O
01/21/2026,ATL,Corey Kispert,25.8731041,10.5,11.09070301,1.360356212,0.612538695,1,O
01/21/2026,TOR,Sandro Mamukelashvili,27.95970345,13.5,12.93859673,2.122674227,0.655134499,1,-
01/21/2026,TOR,Jamal Shead,30.80695915,9.5,11.99738312,0.774062395,0.445148975,0,-
01/21/2026,TOR,Brandon Ingram,35.65171814,23.5,21.99257278,1.195959926,0.591165662,1,-
01/21/2026,SAC,Zach LaVine,31.07899857,18.5,16.28649521,1.151769042,0.501452148,1,-
01/21/2026,SAC,Maxime Raynaud,24.68928909,10.5,9.185066223,1.091513038,0.525307596,1,-
01/21/2026,SAC,Dennis Schroder,20.26095963,9.5,8.72864151,-0.865522683,0.52030623,1,-
01/21/2026,OKC,Shai Gilgeous-Alexander,34.622715,32.5,28.25746918,0.899362385,0.518040001,1,-
01/21/2026,OKC,Kenrich Williams,14.22598267,7.5,5.141654015,-1.841269732,0.529909909,1,-
01/21/2026,OKC,Chet Holmgren,31.05503654,17.5,16.00773621,0.333477736,0.500834763,1,-
01/21/2026,OKC,Ajay Mitchell,31.48134995,16.5,15.30479717,1.081911445,0.581692338,1,-
01/21/2026,NYK,Karl-Anthony Towns,32.16280746,21.5,19.01180267,0.296286076,0.532465875,1,-
01/21/2026,NYK,Jalen Brunson,30.73290062,26.5,19.66460037,0.35122934,0.507222712,1,-
01/21/2026,NOP,Zion Williamson,32.07252502,20.5,20.23211861,0.650812864,0.489081532,0,-
01/21/2026,NOP,Jordan Hawkins,13.69258785,3.5,4.333839417,-0.836933851,0.551693976,1,-
01/21/2026,MIL,Ryan Rollins,32.65600586,14.5,14.72557545,-1.000405669,0.447074354,0,-
01/21/2026,MIL,Kyle Kuzma,28.8699646,12.5,11.74184132,1.364195824,0.624924958,1,-
01/21/2026,MEM,Santi Aldama,27.27031136,13.5,12.89798069,0.080328606,0.449096769,0,-
01/21/2026,MEM,Kentavious Caldwell-Pope,16.56603432,6.5,6.270079136,0.715343952,0.47603789,0,-
01/21/2026,MEM,Jaylen Wells,24.78008842,10.5,10.33873558,2.38559556,0.638708889,1,-
01/21/2026,MEM,Cedric Coward,26.03103256,13.5,13.54505062,0.021791339,0.430435687,0,-
01/21/2026,IND,T.J. McConnell,17.17207718,8.5,6.857289314,0.988222122,0.637520671,1,-
01/21/2026,IND,Jay Huff,24.20130157,9.5,10.46978188,-0.488745242,0.424163759,0,-
01/21/2026,IND,Andrew Nembhard,33.61379623,16.5,17.18664169,-0.149910808,0.41975534,0,-
01/21/2026,DET,Javonte Green,17.62688637,7.5,6.867843151,0.209296957,0.493358761,0,-
01/21/2026,DET,Cade Cunningham,28.67507553,24.5,19.2607193,0.594699085,0.646715999,1,-
01/21/2026,DET,Ausar Thompson,25.43875313,12.5,10.23673439,1.454542398,0.600419879,1,-
01/21/2026,CLE,Jarrett Allen,30.84196281,14.5,14.52525806,1.369077325,0.450563163,0,-
01/21/2026,CLE,Evan Mobley,34.67315292,18.5,18.277771,0.99777478,0.587963939,1,-
01/21/2026,CLE,Donovan Mitchell,35.02852249,29.5,24.79614067,-0.841572583,0.550902247,1,-
01/21/2026,CLE,Dean Wade,21.84379578,5.5,7.834088326,-0.043263208,0.506808937,1,-
01/21/2026,CLE,Craig Porter Jr.,20.328825,5.5,7.338840008,0.39709565,0.393078357,0,-
01/21/2026,CHO,Ryan Kalkbrenner,20.6608696,6.5,7.92701292,0.063273437,0.456599206,0,-
01/21/2026,CHO,Miles Bridges,31.4095974,17.5,15.51863766,1.533295751,0.586356342,1,-
01/21/2026,CHO,Kon Knueppel,30.6341114,18.5,16.08651161,0.084419094,0.51563251,1,-
01/21/2026,CHO,Collin Sexton,19.26577568,11.5,9.42959404,-0.061125707,0.556007087,1,-
01/21/2026,CHO,Brandon Miller,30.92973328,20.5,20.51673126,-0.528665066,0.447683543,0,-
01/21/2026,BRK,Noah Clowney,30.56488609,12.5,14.57499218,-0.93062079,0.44224,0,-
01/21/2026,BRK,Day'Ron Sharpe,18.10704041,6.5,7.569858551,-0.242642611,0.467755497,0,-
01/21/2026,BOS,Luka Garza,18.58862686,7.5,7.324311733,1.080968261,0.627441227,1,-
01/21/2026,BOS,Derrick White,35.88199615,17.5,16.61337852,-0.179188192,0.576318681,1,-
01/21/2026,ATL,Vit Krejci,18.58504105,7.5,6.589931488,0.9526968,0.550004303,1,-
01/21/2026,ATL,Jalen Johnson,36.19150162,22.5,21.18053627,-0.234784186,0.525823653,1,-
01/22/2026,WAS,Bilal Coulibaly,21.00252342,10.5,9.182647705,-0.826001704,0.472687632,0,U
01/22/2026,UTA,Ace Bailey,30.6127491,13.5,13.10833549,-0.029632874,0.434121609,0,U
01/22/2026,SAS,Victor Wembanyama,27.69981956,25.5,24.66454315,-0.040063977,0.487267554,0,U
01/22/2026,SAS,Dylan Harper,21.44229889,10.5,9.189466476,-1.236503243,0.349684387,0,U
01/22/2026,SAS,Carter Bryant,10.91778088,4.5,3.906182051,-2.055758476,0.244334221,0,U
01/22/2026,ORL,Moritz Wagner,9.811553001,8.5,3.089546442,-4.051842213,0.053584035,0,U
01/22/2026,ORL,Franz Wagner,21.47308731,18.5,13.71737099,-2.714136362,0.424221218,0,U
01/22/2026,MIN,Anthony Edwards,36.69633102,30.5,29.61696434,-2.587692261,0.435545802,0,U
01/22/2026,MIA,Simone Fontecchio,17.45969963,9.5,6.637986183,-1.732300162,0.365738124,0,U
01/22/2026,MIA,Nikola Jovic,15.40978813,8.5,5.809698105,-1.638144255,0.355335802,0,U
01/22/2026,MIA,Jaime Jaquez Jr.,26.04990578,16.5,12.38647175,-2.46807313,0.348702073,0,U
01/22/2026,LAL,Luka Doncic,35.94207382,31.5,27.4958477,-1.874974847,0.309456825,0,U
01/22/2026,HOU,Reed Sheppard,21.30210304,10.5,9.792610168,-0.544666529,0.37733826,0,U
01/22/2026,GSW,Quinten Post,15.48871613,6.5,6.127488136,-1.382391691,0.327845067,0,U
01/22/2026,GSW,Jonathan Kuminga,17.52243233,12.5,6.905033588,-1.351641655,0.427208096,0,U
01/22/2026,GSW,Buddy Hield,15.66022778,7.5,6.68806839,-0.795552015,0.345735729,0,U
01/22/2026,GSW,Al Horford,15.51519585,6.5,5.86308527,-0.651533186,0.448549926,0,U
01/22/2026,DEN,Jonas Valanciunas,21.67444992,10.5,8.255249977,-0.395001352,0.465494126,0,U
01/22/2026,DEN,Jamal Murray,35.85018539,27.5,27.28455925,-0.921271026,0.421061665,0,U
01/22/2026,DEN,Aaron Gordon,30.47526932,18.5,15.20372868,-1.759341121,0.43015188,0,U
01/22/2026,DAL,P.J. Washington,23.1402626,15.5,10.08780956,-1.409062266,0.436403543,0,U
01/22/2026,DAL,Klay Thompson,21.26899529,12.5,11.35069847,-1.421773911,0.385330588,0,U
01/22/2026,DAL,Daniel Gafford,16.88230515,7.5,5.661849499,-0.003923647,0.439968526,0,U
01/22/2026,DAL,Brandon Williams,19.72988129,11.5,9.893544197,-1.25178957,0.363287657,0,U
01/22/2026,CHI,Josh Giddey,22.53517914,12.5,11.44449043,-1.14872241,0.416764587,0,U
01/22/2026,CHI,Coby White,29.5147934,18.5,15.289505,-0.700401187,0.450201035,0,U
01/22/2026,UTA,Svi Mykhailiuk,24.54007721,6.5,8.531030655,1.580795288,0.606334567,1,O
01/22/2026,UTA,Jusuf Nurkic,31.06615829,11.5,14.84282684,1.17225945,0.615971982,1,O
01/22/2026,UTA,Cody Williams,27.99923706,7.5,10.00106049,1.231764555,0.579955935,1,O
01/22/2026,SAS,Luke Kornet,21.31427574,7.5,8.079053879,0.647001386,0.588172078,1,O
01/22/2026,SAS,Julian Champagnie,32.40090561,13.5,16.4461937,0.673103333,0.552932441,1,O
01/22/2026,SAS,De'Aaron Fox,33.70184708,17.5,18.02326012,0.496860176,0.519241333,1,O
01/22/2026,POR,Toumani Camara,35.01420593,12.5,14.62400436,2.272472382,0.562938809,1,O
01/22/2026,POR,Shaedon Sharpe,32.37197876,21.5,22.91646004,0.364140421,0.53963846,1,O
01/22/2026,POR,Jrue Holiday,24.94504547,10.5,11.66273499,0.452036083,0.5011608,1,O
01/22/2026,POR,Jerami Grant,27.58512306,13.5,20.06805801,2.046295404,0.610930085,1,O
01/22/2026,POR,Donovan Clingan,30.95132446,11.5,15.25815296,0.699090958,0.526685357,1,O
01/22/2026,PHI,VJ Edgecombe,35.55709839,12.5,16.13779449,1.258108258,0.587519944,1,O
01/22/2026,PHI,Paul George,32.65246964,14.5,15.58137417,1.948135257,0.649640501,1,O
01/22/2026,PHI,Kelly Oubre Jr.,29.86714554,10.5,12.21606827,0.206276819,0.549660504,1,O
01/22/2026,PHI,Joel Embiid,33.12118912,24.5,26.60977936,0.574205101,0.596058249,1,O
01/22/2026,ORL,Wendell Carter Jr.,31.79328156,11.5,15.17594719,0.969226241,0.537094295,1,O
01/22/2026,ORL,Anthony Black,35.80641937,17.5,19.27893639,1.554134607,0.562111437,1,O
01/22/2026,MIN,Rudy Gobert,32.12500381,10.5,12.67810249,1.672845244,0.61585474,1,O
01/22/2026,MIN,Mike Conley,17.93362045,3.5,6.427844524,0.410817742,0.560379565,1,O
01/22/2026,MIN,Jaden McDaniels,35.0802269,14.5,19.35137177,2.026458502,0.554501295,1,O
01/22/2026,MIN,Donte DiVincenzo,34.68795013,13.5,16.49440575,2.03591466,0.603712678,1,O
01/22/2026,MIA,Pelle Larsson,28.15991592,10.5,12.58920479,1.16793251,0.59012562,1,O
01/22/2026,MIA,Kasparas Jakucionis,25.45828819,7.5,9.24313736,2.155360222,0.702422559,1,O
01/22/2026,LAL,Marcus Smart,30.70633507,8.5,13.26605606,1.359023452,0.605815232,1,O
01/22/2026,LAL,LeBron James,34.3294754,22.5,23.7346859,1.550363898,0.659277439,1,O
01/22/2026,LAL,Jarred Vanderbilt,18.78494835,3.5,6.306892395,1.069284201,0.71556586,1,O
01/22/2026,LAL,Jake LaRavia,30.91592598,7.5,11.41677952,1.376835585,0.552872658,1,O
01/22/2026,LAL,Deandre Ayton,28.71539497,11.5,12.55468178,0.98370707,0.513016045,1,O
01/22/2026,LAC,Kawhi Leonard,32.85246658,23.5,27.31491661,1.608076334,0.570031285,1,O
01/22/2026,LAC,John Collins,28.92624092,12.5,12.518363,2.203237534,0.656850278,1,O
01/22/2026,LAC,James Harden,36.22795105,24.5,26.30203819,0.99576062,0.544944465,1,O
01/22/2026,HOU,Kevin Durant,37.38082504,24.5,25.79457855,0.449247271,0.526043296,1,O
01/22/2026,HOU,Amen Thompson,37.95514297,17.5,19.60943031,0.855060756,0.60108304,1,O
01/22/2026,GSW,Brandin Podziemski,29.32340622,12.5,15.0820837,1.220322609,0.653489888,1,O
01/22/2026,DEN,Tim Hardaway Jr.,27.13890839,14.5,15.54710007,1.483570457,0.52935034,1,O
01/22/2026,DEN,Peyton Watson,35.54715729,18.5,20.92573929,2.321577549,0.583738685,1,O
01/22/2026,DEN,Jalen Pickett,29.62677956,8.5,11.86711597,1.27928853,0.53846699,1,O
01/22/2026,DEN,Bruce Brown,22.43254471,6.5,7.505047321,0.420256883,0.531891048,1,O
01/22/2026,DAL,Naji Marshall,31.68304825,16.5,16.94725037,1.421514392,0.554864109,1,O
01/22/2026,DAL,Max Christie,32.43021393,14.5,15.91662788,1.967660666,0.600593805,1,O
01/22/2026,CHO,Ryan Kalkbrenner,19.62508774,6.5,7.599794865,0.558142781,0.521210372,1,O
01/22/2026,CHO,Moussa Diabate,30.40568161,7.5,9.810317039,1.135803223,0.536221564,1,O
01/22/2026,CHI,Nikola Vucevic,33.09316254,16.5,18.91781235,1.585164785,0.593153358,1,O
01/22/2026,CHI,Matas Buzelis,30.6341114,13.5,16.06828499,0.408339202,0.526259184,1,O
01/22/2026,CHI,Kevin Huerter,22.85836792,8.5,9.864140511,1.660527825,0.688912511,1,O
01/22/2026,CHI,Jalen Smith,28.11632729,9.5,12.42845249,1.846893191,0.592537582,1,O
01/22/2026,CHI,Isaac Okoro,27.08276176,6.5,10.19739819,1.1337111,0.558901727,1,O
01/22/2026,WAS,Tre Johnson,29.8455677,14.5,12.88819981,0.526423097,0.532470763,1,-
01/22/2026,WAS,Kyshawn George,31.30593109,16.5,15.64601707,0.98472774,0.593718946,1,-
01/22/2026,WAS,Khris Middleton,26.18448067,11.5,11.77572155,1.131075978,0.456588596,0,-
01/22/2026,WAS,Justin Champagnie,23.89414406,10.5,9.935862541,0.142323822,0.459712118,0,-
01/22/2026,UTA,Kyle Filipowski,23.36425018,10.5,9.552166939,0.598948121,0.500424922,1,-
01/22/2026,UTA,Keyonte George,35.33349228,24.5,22.90188026,2.139129639,0.642555892,1,-
01/22/2026,UTA,Isaiah Collier,21.4467659,8.5,9.151396751,-0.250707656,0.475520104,0,-
01/22/2026,UTA,Brice Sensabaugh,25.84915352,15.5,17.02029991,-1.647183895,0.31835556,0,-
01/22/2026,SAS,Stephon Castle,32.31794739,17.5,18.85207176,0.659092307,0.495499879,0,-
01/22/2026,SAS,Keldon Johnson,24.42770195,12.5,10.83791637,0.444930971,0.53034991,1,-
01/22/2026,SAS,Harrison Barnes,25.93274498,9.5,10.5841465,0.92396152,0.483782321,0,-
01/22/2026,POR,Robert Williams,13.83202171,5.5,4.362902164,-1.463097453,0.610780239,1,-
01/22/2026,POR,Deni Avdija,35.46095276,24.5,28.07983589,-0.648256242,0.49652496,0,-
01/22/2026,PHI,Tyrese Maxey,37.59411621,25.5,25.28827477,0.835720897,0.574733377,1,-
01/22/2026,PHI,Quentin Grimes,24.00767136,8.5,9.762003899,0.267478228,0.41527316,0,-
01/22/2026,ORL,Paolo Banchero,36.63209915,23.5,22.683918,1.30328393,0.586210966,1,-
01/22/2026,ORL,Noah Penda,20.00962639,6.5,7.010057449,-0.266443014,0.466318071,0,-
01/22/2026,ORL,Goga Bitadze,17.5077095,4.5,6.140585423,0.053664017,0.315321714,0,-
01/22/2026,ORL,Desmond Bane,35.31042099,20.5,19.28888512,1.040040851,0.616248786,1,-
01/22/2026,MIN,Naz Reid,22.62572861,14.5,11.47954464,-1.155345559,0.583451986,1,-
01/22/2026,MIN,Julius Randle,35.58956909,21.5,23.75477219,-0.83117795,0.640273333,1,-
01/22/2026,MIA,Norman Powell,32.06345367,21.5,21.52207756,0.471564233,0.469344527,0,-
01/22/2026,MIA,Davion Mitchell,20.90465164,7.5,7.447080612,0.08735463,0.458906323,0,-
01/22/2026,MIA,Bam Adebayo,31.20201492,17.5,19.59552002,-0.132409409,0.481097281,0,-
01/22/2026,MIA,Andrew Wiggins,30.9000206,15.5,16.30916977,0.294724613,0.49100101,0,-
01/22/2026,LAL,Rui Hachimura,22.32893372,9.5,8.561908722,-0.452100575,0.513251126,1,-
01/22/2026,LAL,Jaxson Hayes,17.32094383,5.5,6.011836529,0.339066327,0.48265329,0,-
01/22/2026,LAL,Gabe Vincent,17.28294563,4.5,5.727513313,0.874342918,0.48408553,0,-
01/22/2026,LAC,Kris Dunn,30.86899948,7.5,10.30457497,0.80715549,0.486357242,0,-
01/22/2026,LAC,Ivica Zubac,28.27903748,12.5,12.27201843,0.790713906,0.491052091,0,-
01/22/2026,LAC,Brook Lopez,15.36046696,5.5,5.126867294,-1.011471152,0.603100717,1,-
01/22/2026,HOU,Tari Eason,21.25618935,9.5,9.760046959,-0.108307645,0.49519968,0,-
01/22/2026,HOU,Jabari Smith Jr.,36.47616577,14.5,17.98168373,-0.349441826,0.453135163,0,-
01/22/2026,HOU,Clint Capela,11.22353363,3.5,3.723228693,-3.46577692,0.11650537,0,-
01/22/2026,HOU,Alperen Sengun,32.00071716,19.5,18.04339981,0.766962945,0.470586836,0,-
01/22/2026,GSW,Stephen Curry,31.04194832,27.5,18.06925392,2.32446599,0.666542649,1,-
01/22/2026,GSW,Moses Moody,25.16972923,10.5,11.66612434,0.151149958,0.487671852,0,-
01/22/2026,GSW,Draymond Green,26.4406414,8.5,11.09556007,1.672943592,0.49850741,0,-
01/22/2026,GSW,De'Anthony Melton,21.38878441,11.5,10.35442543,-0.009918386,0.589458704,1,-
01/22/2026,DAL,Dwight Powell,25.67278862,5.5,8.023909569,0.879500389,0.486887336,0,-
01/22/2026,DAL,Cooper Flagg,31.14569283,17.5,17.0218277,1.043883443,0.552680254,1,-
01/22/2026,CHO,Miles Bridges,30.31408119,16.5,13.23189354,1.887590885,0.649152756,1,-
01/22/2026,CHO,LaMelo Ball,27.08885765,17.5,15.0254364,2.313619137,0.738582909,1,-
01/22/2026,CHO,Kon Knueppel,31.16890144,17.5,16.20459175,0.699738145,0.521346629,1,-
01/22/2026,CHO,Collin Sexton,18.85183716,11.5,8.543650627,-0.584423423,0.531636715,1,-
01/22/2026,CHO,Brandon Miller,31.22971916,20.5,19.57380867,-0.395872444,0.50533092,1,-
01/22/2026,CHI,Tre Jones,23.71535873,9.5,10.70163918,-0.537386775,0.522131145,1,-
01/22/2026,CHI,Ayo Dosunmu,24.50405502,10.5,12.22063637,0.079495721,0.484478205,0,-
01/23/2026,ATL,Vit Krejci,17.50249863,6.5,5.88388586,0.919102669,0.607867181,1,-
01/23/2026,SAC,Malik Monk,21.98012352,11.5,9.935909271,-1.763049603,0.354581863,0,U
01/23/2026,SAC,Domantas Sabonis,21.02513504,11.5,11.10784912,-1.57309866,0.374137729,0,U
01/23/2026,PHO,Jalen Green,16.04634666,13.5,7.166292191,-5.213150978,0.284412414,0,U
01/23/2026,OKC,Kenrich Williams,16.29806137,9.5,6.178073883,-1.840812564,0.458431363,0,U
01/23/2026,OKC,Chet Holmgren,29.77192116,18.5,15.41633892,-0.825562477,0.455207497,0,U
01/23/2026,OKC,Aaron Wiggins,21.38858795,14.5,8.822242737,-2.43258357,0.366928488,0,U
01/23/2026,NOP,Jordan Poole,21.20906639,11.5,9.866914749,-1.566397548,0.334807098,0,U
01/23/2026,MIL,Giannis Antetokounmpo,30.74351883,30.5,23.20763016,-1.719379306,0.440327555,0,U
01/23/2026,MIL,Cole Anthony,12.0653038,9.5,4.450154781,-3.499312878,0.327852964,0,U
01/23/2026,MIL,Bobby Portis,23.84388924,13.5,11.00788116,-0.685541213,0.322434247,0,U
01/23/2026,MEM,Cedric Coward,26.77727509,16.5,14.00199509,-0.646477938,0.422123343,0,U
01/23/2026,HOU,Reed Sheppard,22.07621765,11.5,10.29566383,-1.827046752,0.340239197,0,U
01/23/2026,HOU,Alperen Sengun,33.00460052,18.5,16.04265785,-1.746289611,0.381673723,0,U
01/23/2026,DET,Jalen Duren,27.31366539,15.5,14.22364616,-0.774402857,0.344643384,0,U
01/23/2026,DEN,Peyton Watson,29.5044384,18.5,16.27712059,-3.44020772,0.399838597,0,U
01/23/2026,DEN,Jamal Murray,29.06596184,25.5,21.13452339,-3.75101614,0.494932085,0,U
01/23/2026,DEN,Aaron Gordon,31.60467339,18.5,15.0981884,-1.864441037,0.392060727,0,U
01/23/2026,CLE,De'Andre Hunter,22.50281715,12.5,10.30683231,-1.213263392,0.451866299,0,U
01/23/2026,BRK,Michael Porter Jr.,33.76425552,23.5,21.07109451,-1.431398392,0.411911994,0,U
01/23/2026,BOS,Luka Garza,16.60045052,8.5,5.934099674,-0.358835071,0.349337518,0,U
01/23/2026,BOS,Jaylen Brown,35.55960464,29.5,27.32830811,-0.372514933,0.411499709,0,U
01/23/2026,ATL,Jalen Johnson,36.5427475,22.5,21.54633331,-1.90690732,0.446076989,0,U
01/23/2026,ATL,CJ McCollum,24.49241257,15.5,13.21368694,-2.206068277,0.421804994,0,U
01/23/2026,TOR,Scottie Barnes,36.2778244,18.5,22.3467598,0.727734268,0.525619209,1,O
01/23/2026,TOR,Sandro Mamukelashvili,29.44923592,11.5,13.60122871,2.71799922,0.679132044,1,O
01/23/2026,TOR,Immanuel Quickley,34.48365021,15.5,19.62469101,1.11995852,0.523282826,1,O
01/23/2026,TOR,Brandon Ingram,35.13370514,21.5,21.72357559,0.626863003,0.597245634,1,O
01/23/2026,SAC,Zach LaVine,32.82016373,17.5,17.65139771,0.965990841,0.568003714,1,O
01/23/2026,SAC,Russell Westbrook,34.55543137,15.5,20.56624985,3.025146246,0.623343527,1,O
01/23/2026,SAC,Precious Achiuwa,24.43374825,6.5,8.840694427,0.592417359,0.666163325,1,O
01/23/2026,SAC,DeMar DeRozan,35.55085373,18.5,19.51202202,0.077248737,0.640101314,1,O
01/23/2026,POR,Toumani Camara,35.17586136,13.5,14.39289474,2.050928354,0.5695889,1,O
01/23/2026,PHO,Royce O'Neale,29.80909348,8.5,11.86822605,1.925517917,0.55846858,1,O
01/23/2026,PHO,Jordan Goodwin,20.11746979,6.5,7.918221951,1.068101048,0.507903278,1,O
01/23/2026,PHO,Grayson Allen,25.82222939,13.5,14.83753967,0.682912588,0.514137805,1,O
01/23/2026,PHO,Dillon Brooks,31.97258949,17.5,18.20133972,0.413097322,0.557734311,1,O
01/23/2026,OKC,Luguentz Dort,27.90777588,9.5,11.42065716,1.183210254,0.570017159,1,O
01/23/2026,NOP,Yves Missi,21.52143097,5.5,6.844460487,1.488181829,0.729918122,1,O
01/23/2026,NOP,Trey Murphy III,36.13186264,22.5,26.09536171,0.922812402,0.699160457,1,O
01/23/2026,NOP,Saddiq Bey,31.45255089,13.5,17.39853477,0.778151989,0.533931613,1,O
01/23/2026,MEM,Jock Landale,28.82870483,13.5,14.28588772,1.17005229,0.541927218,1,O
01/23/2026,IND,Johnny Furphy,23.46978378,6.5,7.819186211,0.869692326,0.590752244,1,O
01/23/2026,IND,Jarace Walker,27.34269333,8.5,11.99379826,1.007639766,0.590919077,1,O
01/23/2026,HOU,Tari Eason,21.46914291,8.5,9.394239426,0.275503933,0.546329021,1,O
01/23/2026,DET,Isaiah Stewart,22.33660126,7.5,9.244625092,0.53781271,0.630060971,1,O
01/23/2026,CLE,Jaylon Tyson,31.32273865,15.5,16.61710739,2.073643684,0.585238039,1,O
01/23/2026,BRK,Day'Ron Sharpe,20.69390297,7.5,8.620754242,0.213229328,0.539996445,1,O
01/23/2026,BOS,Sam Hauser,30.14038849,11.5,13.17449665,1.826413035,0.634533942,1,O
01/23/2026,BOS,Neemias Queta,27.92672348,9.5,12.30353832,1.946755528,0.578341544,1,O
01/23/2026,ATL,Onyeka Okongwu,33.31447601,15.5,16.62128639,2.264486551,0.587985814,1,O
01/23/2026,ATL,Nickeil Alexander-Walker,34.59199142,19.5,20.7411232,2.274150133,0.653243303,1,O
01/23/2026,ATL,Dyson Daniels,34.53606796,10.5,15.93689632,2.531711102,0.596655071,1,O
01/23/2026,ATL,Corey Kispert,24.93650627,8.5,10.3221159,0.488651097,0.517140269,1,O
01/23/2026,TOR,RJ Barrett,28.71123123,15.5,19.08739471,-1.589084029,0.433188349,0,-
01/23/2026,SAC,Maxime Raynaud,24.29431725,7.5,9.101881981,0.065802872,0.469558299,0,-
01/23/2026,SAC,Dennis Schroder,19.5914669,9.5,8.83560276,-0.511415422,0.557142437,1,-
01/23/2026,POR,Shaedon Sharpe,33.04301071,23.5,21.53860474,1.561709285,0.588775396,1,-
01/23/2026,POR,Jrue Holiday,24.80161667,11.5,10.84520245,0.231171563,0.507004499,1,-
01/23/2026,POR,Jerami Grant,25.87656021,14.5,16.28185654,-0.498511136,0.599681258,1,-
01/23/2026,POR,Donovan Clingan,31.09237099,11.5,12.35558033,-0.185167149,0.483884275,0,-
01/23/2026,POR,Deni Avdija,28.05545807,24.5,22.75785446,-1.145174742,0.503610551,1,-
01/23/2026,PHO,Mark Williams,25.36350632,11.5,10.87527561,0.403071582,0.517904758,1,-
01/23/2026,PHO,Devin Booker,34.80842972,24.5,24.21562195,-0.072001576,0.548626661,1,-
01/23/2026,PHO,Collin Gillespie,29.39262772,10.5,13.50260162,0.855407476,0.47976768,0,-
01/23/2026,OKC,Shai Gilgeous-Alexander,32.66649628,33.5,27.27312088,0.314660281,0.578969538,1,-
01/23/2026,OKC,Isaiah Joe,27.05060577,12.5,11.0673151,1.59109509,0.548519552,1,-
01/23/2026,OKC,Cason Wallace,25.02716637,8.5,8.644088745,0.088346034,0.45230034,0,-
01/23/2026,NOP,Zion Williamson,29.18276024,21.5,18.07768822,2.959977865,0.644464374,1,-
01/23/2026,NOP,Jeremiah Fears,20.1810379,10.5,8.822587013,-0.864511728,0.513251543,1,-
01/23/2026,NOP,Herbert Jones,25.18856239,8.5,10.80413532,0.278363526,0.492328137,0,-
01/23/2026,NOP,Derik Queen,26.1274128,10.5,11.24923897,0.009821249,0.417647392,0,-
01/23/2026,MIL,Ryan Rollins,32.21083069,15.5,14.30082989,1.470161676,0.609514117,1,-
01/23/2026,MIL,Myles Turner,26.61504555,10.5,11.07524776,0.402257144,0.480372608,0,-
01/23/2026,MIL,Kyle Kuzma,28.96095085,13.5,12.84574318,1.065400004,0.501850665,1,-
01/23/2026,MEM,Vince Williams Jr.,19.10068321,8.5,6.917127132,0.586947322,0.560606658,1,-
01/23/2026,MEM,Kentavious Caldwell-Pope,16.15644836,8.5,5.971243382,0.623832822,0.464446187,0,-
01/23/2026,MEM,Jaylen Wells,25.14050293,13.5,12.30288029,1.239123464,0.593952298,1,-
01/23/2026,MEM,Jaren Jackson Jr.,33.12880707,22.5,20.37278175,0.33284989,0.532921314,1,-
01/23/2026,MEM,Cam Spencer,27.8992672,14.5,12.3786211,0.145993337,0.630783617,1,-
01/23/2026,IND,T.J. McConnell,15.01028347,8.5,5.626574993,-0.885126829,0.532452703,1,-
01/23/2026,IND,Pascal Siakam,32.43781662,19.5,20.67590523,-3.034109354,0.376848429,0,-
01/23/2026,IND,Jay Huff,16.77270317,7.5,7.357924938,0.665354311,0.524088681,1,-
01/23/2026,IND,Andrew Nembhard,31.92731667,14.5,16.28483963,-1.130920768,0.366279513,0,-
01/23/2026,IND,Aaron Nesmith,30.56449127,12.5,12.58293343,-1.96214807,0.430412531,0,-
01/23/2026,HOU,Kevin Durant,38.35819244,24.5,25.34804344,-2.183677673,0.385247827,0,-
01/23/2026,HOU,Josh Okogie,23.30565834,5.5,7.641624451,0.831619263,0.485038966,0,-
01/23/2026,HOU,Jabari Smith Jr.,36.75487137,13.5,16.8100853,-2.381733418,0.322974771,0,-
01/23/2026,HOU,Amen Thompson,38.44436264,16.5,18.10439491,-0.792307377,0.426952422,0,-
01/23/2026,DET,Tobias Harris,26.72688675,12.5,12.17353058,2.025962591,0.543660283,1,-
01/23/2026,DET,Jaden Ivey,17.90141869,8.5,6.632894039,0.824609399,0.716661036,1,-
01/23/2026,DET,Duncan Robinson,27.62689972,10.5,12.90016079,0.870913506,0.488695472,0,-
01/23/2026,DET,Cade Cunningham,34.98231506,23.5,21.58909988,1.120251298,0.634214461,1,-
01/23/2026,DET,Ausar Thompson,25.36796188,9.5,9.808576584,-0.157187045,0.507936478,1,-
01/23/2026,DEN,Jalen Pickett,31.47429848,10.5,11.22351646,-0.632077813,0.436074167,0,-
01/23/2026,CLE,Jarrett Allen,31.73396873,14.5,14.51599979,0.872154951,0.466775984,0,-
01/23/2026,CLE,Evan Mobley,34.90679932,18.5,18.36268806,0.755518675,0.586558163,1,-
01/23/2026,CLE,Donovan Mitchell,35.6725235,28.5,28.03849602,1.023333549,0.559697509,1,-
01/23/2026,CLE,Dean Wade,23.77164078,5.5,8.061170578,0.135342211,0.438130468,0,-
01/23/2026,CLE,Craig Porter Jr.,20.07596588,5.5,7.505103588,-0.06028245,0.482299477,0,-
01/23/2026,BRK,Noah Clowney,29.71500397,11.5,13.0899601,0.397872895,0.48037526,0,-
01/23/2026,BRK,Drake Powell,25.0477047,7.5,9.844313622,-0.224627674,0.366605818,0,-
01/23/2026,BRK,Danny Wolf,17.01610565,5.5,6.131815434,0.599473953,0.446937799,0,-
01/23/2026,BOS,Payton Pritchard,33.15759659,19.5,13.91206455,2.004340172,0.642606318,1,-
01/23/2026,BOS,Jordan Walsh,16.45141411,5.5,5.367713451,1.084666014,0.424203694,0,-
01/23/2026,BOS,Baylor Scheierman,21.7400341,5.5,7.570127487,-1.039864302,0.517768085,1,-
01/23/2026,BOS,Anfernee Simons,24.26160431,14.5,11.81293964,0.709621131,0.541229129,1,-
01/24/2026,UTA,Lauri Markkanen,26.70989609,26.5,21.26184845,-4.186697006,0.30596149,0,U
01/24/2026,UTA,Kyle Filipowski,22.98900795,10.5,9.532019615,-1.105078697,0.364065707,0,U
01/24/2026,UTA,Brice Sensabaugh,23.43297577,15.5,13.12574863,-0.386240274,0.359340489,0,U
01/24/2026,ORL,Paolo Banchero,36.6845932,23.5,21.50896645,-0.566319585,0.425203592,0,U
01/24/2026,ORL,Moritz Wagner,16.26697159,7.5,6.829162121,-0.792364538,0.305017501,0,U
01/24/2026,LAL,Rui Hachimura,23.89783287,10.5,8.997826576,-0.814263821,0.421737641,0,U
01/24/2026,GSW,Moses Moody,22.26339722,11.5,9.753214836,-1.5508461,0.441697478,0,U
01/24/2026,DAL,Daniel Gafford,16.42578125,7.5,6.465297222,-2.344830751,0.37032935,0,U
01/24/2026,CLE,Sam Merrill,22.27291107,12.5,11.68717957,-0.3389121,0.432284445,0,U
01/24/2026,CLE,Donovan Mitchell,35.37767029,28.5,27.08275032,-0.524720371,0.440856904,0,U
01/24/2026,CHO,Miles Bridges,32.37714386,17.5,15.55569267,-0.315074146,0.434663832,0,U
01/24/2026,CHI,Josh Giddey,24.47763062,13.5,12.83517456,-1.190435648,0.352977186,0,U
01/24/2026,BOS,Payton Pritchard,32.93134689,16.5,16.43560219,-1.035905361,0.462510556,0,U
01/24/2026,BOS,Jaylen Brown,35.59848404,30.5,27.95484734,-2.557362556,0.441653907,0,U
01/24/2026,BOS,Derrick White,34.83444595,17.5,16.3969059,-0.226876751,0.351248503,0,U
01/24/2026,UTA,Svi Mykhailiuk,26.20307922,6.5,9.611140251,3.03923583,0.803542554,1,O
01/24/2026,UTA,Jusuf Nurkic,29.52192688,14.5,14.78771877,2.198032379,0.623510957,1,O
01/24/2026,UTA,Cody Williams,26.01014709,7.5,10.75528717,2.198689461,0.563647509,1,O
01/24/2026,PHI,VJ Edgecombe,37.31312943,13.5,15.6847868,3.234652281,0.636214793,1,O
01/24/2026,PHI,Tyrese Maxey,40.07131577,28.5,28.89290047,5.186477184,0.588238418,1,O
01/24/2026,PHI,Quentin Grimes,27.59220886,8.5,11.53772163,1.119302273,0.503423512,1,O
01/24/2026,PHI,Kelly Oubre Jr.,35.81732941,13.5,15.95117855,3.409447193,0.602893174,1,O
01/24/2026,PHI,Joel Embiid,34.75700378,25.5,25.62912369,2.112996578,0.762819171,1,O
01/24/2026,ORL,Jalen Suggs,27.15639114,12.5,15.71906662,1.212311625,0.571886718,1,O
01/24/2026,ORL,Desmond Bane,34.95820618,18.5,18.6174469,1.767525315,0.565614998,1,O
01/24/2026,ORL,Anthony Black,34.57110596,15.5,17.05351639,5.699752331,0.972920537,1,O
01/24/2026,NYK,OG Anunoby,35.71993637,15.5,16.04014206,0.310238749,0.680408001,1,O
01/24/2026,NYK,Miles McBride,25.6235733,10.5,12.947052,3.847000122,0.648098409,1,O
01/24/2026,NYK,Mikal Bridges,36.34583282,14.5,15.73966312,1.394589305,0.500108659,1,O
01/24/2026,NYK,Josh Hart,35.0708313,11.5,13.68167877,1.439869642,0.574675739,1,O
01/24/2026,MIN,Naz Reid,27.07257843,14.5,14.66127396,3.473274231,0.651364803,1,O
01/24/2026,MIA,Pelle Larsson,28.99629021,11.5,11.75645256,1.225145578,0.544391513,1,O
01/24/2026,MIA,Nikola Jovic,21.63085175,7.5,8.788868904,0.504836738,0.517676651,1,O
01/24/2026,MIA,Kasparas Jakucionis,26.18677521,7.5,9.027255058,1.368613601,0.604981124,1,O
01/24/2026,MIA,Jaime Jaquez Jr.,28.73986626,14.5,15.44851875,0.329798847,0.624857843,1,O
01/24/2026,MIA,Davion Mitchell,28.05743027,8.5,9.541155815,1.728743911,0.503628492,1,O
01/24/2026,LAL,Marcus Smart,30.04158783,8.5,10.75006866,1.179111719,0.559746563,1,O
01/24/2026,LAL,LeBron James,34.7197876,22.5,22.64784622,0.246672377,0.665927708,1,O
01/24/2026,LAL,Jake LaRavia,32.46635437,7.5,10.31976128,2.38581872,0.631911755,1,O
01/24/2026,LAL,Deandre Ayton,30.12777901,12.5,12.85885429,1.518863797,0.627745807,1,O
01/24/2026,DAL,Naji Marshall,33.06856918,17.5,17.69363594,4.357485294,0.821420431,1,O
01/24/2026,DAL,Max Christie,31.76379013,14.5,14.90015125,2.886186123,0.626338422,1,O
01/24/2026,DAL,Klay Thompson,22.41762733,11.5,11.84376812,0.113510065,0.626578689,1,O
01/24/2026,DAL,Dwight Powell,26.20335007,3.5,8.593670845,1.606278539,0.590385199,1,O
01/24/2026,DAL,Caleb Martin,23.684412,3.5,6.786191463,0.792683899,0.50889951,1,O
01/24/2026,CLE,Dean Wade,27.4418087,6.5,8.077568054,2.21147871,0.546925843,1,O
01/24/2026,CHO,Ryan Kalkbrenner,20.99796677,7.5,8.559024811,0.437101215,0.6604743,1,O
01/24/2026,CHO,Moussa Diabate,28.96869659,7.5,8.267022133,0.983338892,0.67533505,1,O
01/24/2026,CHO,Collin Sexton,20.24581909,12.5,12.68317223,1.513766885,0.741186142,1,O
01/24/2026,CHI,Matas Buzelis,29.31241989,13.5,16.14299011,2.158730268,0.531792104,1,O
01/24/2026,CHI,Jalen Smith,27.4468689,11.5,11.9238596,3.367027521,0.578013003,1,O
01/24/2026,CHI,Isaac Okoro,26.71747017,8.5,9.283509254,2.503175497,0.670237005,1,O
01/24/2026,CHI,Ayo Dosunmu,25.7375412,12.5,14.06678104,2.464859247,0.746825278,1,O
01/24/2026,BOS,Sam Hauser,29.10193443,11.5,13.679636,3.745478868,0.53023243,1,O
01/24/2026,BOS,Neemias Queta,22.82954216,6.5,9.53745079,1.2886343,0.563834012,1,O
01/24/2026,BOS,Luka Garza,18.03205109,7.5,8.718190193,0.133714557,0.583407938,1,O
01/24/2026,BOS,Anfernee Simons,25.80783653,13.5,14.99661446,2.220080376,0.565816343,1,O
01/24/2026,WAS,Will Riley,25.15109634,11.5,9.610357285,0.805878162,0.515328169,1,-
01/24/2026,WAS,Tre Johnson,30.11969185,16.5,14.22629452,1.234922528,0.67743963,1,-
01/24/2026,WAS,Kyshawn George,31.77903175,17.5,15.9444046,0.360946178,0.544414639,1,-
01/24/2026,WAS,Justin Champagnie,23.36650085,11.5,9.393099785,0.596394181,0.410754293,0,-
01/24/2026,UTA,Keyonte George,35.89674759,26.5,25.49917221,2.670352221,0.555592418,1,-
01/24/2026,UTA,Ace Bailey,29.88337898,13.5,14.49057484,-0.216879755,0.484957665,0,-
01/24/2026,PHI,Paul George,32.80286407,14.5,15.09330559,1.549611568,0.485488981,0,-
01/24/2026,ORL,Wendell Carter Jr.,31.0011673,10.5,12.67508411,2.164565563,0.494033039,0,-
01/24/2026,ORL,Goga Bitadze,16.74968338,4.5,6.712016106,1.218692541,0.485530615,0,-
01/24/2026,NYK,Mitchell Robinson,19.14372253,5.5,5.804306984,0.43540886,0.430562973,0,-
01/24/2026,NYK,Karl-Anthony Towns,33.28623581,19.5,17.95687294,-0.14903374,0.506760299,1,-
01/24/2026,NYK,Jalen Brunson,36.43335724,26.5,23.75238228,0.442631245,0.564467728,1,-
01/24/2026,MIN,Rudy Gobert,27.3782444,10.5,8.526143074,0.970581949,0.381346256,0,-
01/24/2026,MIN,Julius Randle,28.65331078,22.5,20.41143036,-0.473208725,0.575337112,1,-
01/24/2026,MIN,Jaden McDaniels,28.38716507,14.5,13.20101643,-0.722455621,0.553362429,1,-
01/24/2026,MIN,Donte DiVincenzo,28.72924805,12.5,11.72033405,-0.205348909,0.532662749,1,-
01/24/2026,MIN,Anthony Edwards,30.84594154,29.5,24.20707512,-1.142471433,0.551844776,1,-
01/24/2026,MIA,Simone Fontecchio,22.11116982,9.5,10.95470619,-0.818591714,0.475561112,0,-
01/24/2026,MIA,Norman Powell,32.04894257,23.5,22.63659668,0.625788987,0.383876413,0,-
01/24/2026,MIA,Bam Adebayo,33.7937851,20.5,20.12014961,1.486148953,0.496739864,0,-
01/24/2026,MIA,Andrew Wiggins,32.24836731,16.5,16.17765617,0.704070568,0.571709454,1,-
01/24/2026,LAL,Luka Doncic,36.93618011,34.5,29.28892517,0.1624313,0.593353212,1,-
01/24/2026,LAL,Jaxson Hayes,16.75710869,5.5,6.796225071,0.225120202,0.327436239,0,-
01/24/2026,LAL,Jarred Vanderbilt,19.13984871,4.5,5.135553837,0.191381291,0.323405743,0,-
01/24/2026,LAL,Gabe Vincent,17.69887733,4.5,4.972156525,-1.424812794,0.141439348,0,-
01/24/2026,GSW,Stephen Curry,27.72583389,29.5,22.51191521,-2.449268579,0.54545784,1,-
01/24/2026,GSW,Draymond Green,23.92447281,8.5,8.879218102,0.2011659,0.395345211,0,-
01/24/2026,GSW,De'Anthony Melton,21.69474411,12.5,11.56634235,0.52780807,0.532564521,1,-
01/24/2026,GSW,Brandin Podziemski,25.54219246,13.5,11.979496,-0.224656999,0.532998502,1,-
01/24/2026,DAL,P.J. Washington,25.54149628,13.5,12.05109119,0.459489793,0.512712657,1,-
01/24/2026,DAL,Cooper Flagg,33.817276,19.5,18.50554657,1.741143465,0.599393308,1,-
01/24/2026,DAL,Brandon Williams,23.75689316,13.5,13.25379181,0.303948134,0.653540909,1,-
01/24/2026,CLE,Jaylon Tyson,30.54533195,16.5,15.08894444,1.194797635,0.620669127,1,-
01/24/2026,CLE,Jarrett Allen,31.0729599,13.5,13.71798992,-0.08711978,0.226473674,0,-
01/24/2026,CLE,Evan Mobley,34.41877747,18.5,17.50130272,0.348698378,0.500876904,1,-
01/24/2026,CLE,De'Andre Hunter,23.80400658,10.5,11.48009396,0.171608657,0.479765534,0,-
01/24/2026,CLE,Craig Porter Jr.,21.19752884,6.5,6.5601964,0.081751652,0.4673796,0,-
01/24/2026,CHO,LaMelo Ball,27.74312019,19.5,18.99367142,2.320640087,0.559471786,1,-
01/24/2026,CHO,Kon Knueppel,31.46009064,18.5,16.67196655,2.978424311,0.645055473,1,-
01/24/2026,CHO,Brandon Miller,32.29243469,20.5,20.01936531,0.606264412,0.470108539,0,-
01/24/2026,CHI,Patrick Williams,18.30256081,5.5,6.803979397,0.074067183,0.433152407,0,-
01/24/2026,CHI,Nikola Vucevic,31.39901161,16.5,16.02623367,2.012236118,0.501348138,1,-
01/24/2026,CHI,Kevin Huerter,24.92751312,8.5,10.73560238,0.62869823,0.499192864,0,-
01/24/2026,CHI,Coby White,31.77103043,17.5,18.37843323,-1.162635326,0.489284962,0,-
01/24/2026,BOS,Jordan Walsh,16.64684296,3.5,5.011510372,0.244721308,0.369923353,0,-
01/25/2026,DAL,Naji Marshall,33.49975204,17.5,17.53188324,2.406588554,0.748191178,1,O
01/25/2026,DAL,Brandon Williams,23.65568542,12.5,12.56412411,0.084050678,0.630493462,1,O
01/25/2026,DAL,Max Christie,32.00666046,15.5,15.01126671,0.535133958,0.494705379,0,-
01/25/2026,DAL,Caleb Martin,18.40647507,5.5,5.204809666,0.334215611,0.485128939,0,-
01/25/2026,TOR,Brandon Ingram,34.87117004,19.5,19.34150505,-1.925248742,0.295130879,0,U
01/25/2026,SAC,Zach LaVine,27.89138794,16.5,16.11790276,-1.792922735,0.202057585,0,U
01/25/2026,PHO,Jordan Goodwin,20.22685814,9.5,7.78316021,-1.890424132,0.317338914,0,U
01/25/2026,PHO,Grayson Allen,26.23134804,20.5,15.36085701,-0.591247141,0.461899549,0,U
01/25/2026,OKC,Kenrich Williams,20.05236053,8.5,7.918283463,-0.593748093,0.428499877,0,U
01/25/2026,OKC,Chet Holmgren,31.15772057,18.5,16.95737076,-0.069417953,0.488389969,0,U
01/25/2026,OKC,Cason Wallace,27.82790756,8.5,7.793709755,-0.415800124,0.377405196,0,U
01/25/2026,OKC,Aaron Wiggins,20.55370331,11.5,8.179797173,-2.147402525,0.233634099,0,U
01/25/2026,MIL,Kyle Kuzma,29.65701485,15.5,13.29854965,-0.890865147,0.373322278,0,U
01/25/2026,MIL,Gary Harris,17.77913666,4.5,3.747527599,-0.131541014,0.336461008,0,U
01/25/2026,MIL,Cole Anthony,17.96703529,10.5,7.300096989,-1.32762289,0.298192233,0,U
01/25/2026,MEM,Vince Williams Jr.,19.77768326,7.5,7.485648632,-1.494419336,0.486988306,0,U
01/25/2026,MEM,Jaren Jackson Jr.,31.89263344,21.5,18.90823555,-0.874240935,0.481154084,0,U
01/25/2026,DEN,Jonas Valanciunas,20.74615097,15.5,10.73907566,-1.14044416,0.437877983,0,U
01/25/2026,DAL,Cooper Flagg,28.16871834,19.5,15.53375053,-2.19705987,0.298695415,0,U
01/25/2026,BRK,Danny Wolf,17.93952751,8.5,6.689571857,-2.330234528,0.413621187,0,U
01/25/2026,SAS,Luke Kornet,19.86904716,7.5,7.83036232,0.425427705,0.510563016,1,O
01/25/2026,SAS,Keldon Johnson,24.63117409,12.5,13.65343857,1.503589153,0.552637696,1,O
01/25/2026,SAC,Precious Achiuwa,28.33399773,6.5,10.7633791,2.675749779,0.719327688,1,O
01/25/2026,SAC,Malik Monk,30.8649025,13.5,17.32564163,3.096525669,0.614385247,1,O
01/25/2026,SAC,Domantas Sabonis,33.16471863,16.5,17.04770851,1.621710777,0.571397245,1,O
01/25/2026,SAC,DeMar DeRozan,35.32258606,18.5,20.69411087,2.561958075,0.534635246,1,O
01/25/2026,PHO,Royce O'Neale,29.20258713,10.5,11.02805519,1.460212708,0.696797788,1,O
01/25/2026,PHO,Mark Williams,26.01587105,11.5,12.67645264,2.775478601,0.769710004,1,O
01/25/2026,OKC,Luguentz Dort,32.05997467,9.5,10.42603683,2.067176342,0.617676079,1,O
01/25/2026,OKC,Isaiah Joe,26.6646347,10.5,10.59999561,0.40065071,0.560504913,1,O
01/25/2026,NOP,Trey Murphy III,35.39900208,21.5,23.04670334,3.230023384,0.663793623,1,O
01/25/2026,NOP,Saddiq Bey,27.14904404,13.5,13.57366657,2.940487146,0.537736177,1,O
01/25/2026,NOP,Jordan Poole,21.88107872,8.5,11.27442932,0.100853279,0.701440215,1,O
01/25/2026,NOP,Jeremiah Fears,29.17624092,10.5,14.11164951,2.666176796,0.68198514,1,O
01/25/2026,NOP,Herbert Jones,30.00925255,8.5,9.848283768,1.779614925,0.558026373,1,O
01/25/2026,NOP,Derik Queen,28.31877899,10.5,12.79661655,1.733998418,0.650154948,1,O
01/25/2026,MIN,Naz Reid,26.91550446,14.5,15.14995289,2.287651777,0.649811804,1,O
01/25/2026,MIN,Julius Randle,34.56025696,22.5,24.13384819,2.243914366,0.679045737,1,O
01/25/2026,MIN,Jaden McDaniels,34.14138412,14.5,15.38238144,1.546643734,0.652901053,1,O
01/25/2026,MIN,Donte DiVincenzo,33.26635742,13.5,13.78114223,1.266099572,0.58775121,1,O
01/25/2026,MIL,Gary Trent Jr.,28.02235985,8.5,9.32144928,2.751083136,0.664480031,1,O
01/25/2026,MIA,Simone Fontecchio,21.14177132,8.5,10.49975681,0.408516556,0.544017017,1,O
01/25/2026,MIA,Kasparas Jakucionis,23.67853737,5.5,7.330906391,1.510614753,0.599685192,1,O
01/25/2026,MIA,Jaime Jaquez Jr.,28.23352814,13.5,14.64898872,0.763342083,0.59508729,1,O
01/25/2026,MIA,Andrew Wiggins,31.69450951,13.5,15.47805882,0.456825435,0.542677939,1,O
01/25/2026,MEM,Jaylen Wells,26.75811195,11.5,11.93444729,2.267054319,0.623841107,1,O
01/25/2026,MEM,Cam Spencer,27.63336372,12.5,13.2110548,3.710310221,0.695362628,1,O
01/25/2026,LAC,Kris Dunn,31.07749176,7.5,8.135242462,1.487242818,0.661041319,1,O
01/25/2026,LAC,Kawhi Leonard,32.0705452,23.5,25.3663826,3.18324995,0.594534099,1,O
01/25/2026,LAC,John Collins,30.45052719,12.5,14.32563686,1.616946697,0.579793632,1,O
01/25/2026,GSW,Quinten Post,21.59168816,5.5,10.34283257,1.658206463,0.795431495,1,O
01/25/2026,GSW,Moses Moody,27.9394455,10.5,11.80519009,1.399898529,0.648501217,1,O
01/25/2026,GSW,Draymond Green,29.38290215,8.5,9.36575222,0.62416923,0.549379766,1,O
01/25/2026,GSW,Brandin Podziemski,31.61156464,13.5,14.0835371,1.718423724,0.646073759,1,O
01/25/2026,GSW,Al Horford,21.45514107,6.5,7.404170513,0.786256731,0.531115532,1,O
01/25/2026,DET,Tobias Harris,31.41750336,13.5,14.96913147,2.114349842,0.563049257,1,O
01/25/2026,DET,Jaden Ivey,17.47739029,7.5,8.74785614,1.643682241,0.564079344,1,O
01/25/2026,DET,Duncan Robinson,28.95794868,10.5,12.6966362,1.507971287,0.539232135,1,O
01/25/2026,DAL,Klay Thompson,21.16296768,10.5,11.40890312,1.077731729,0.659411907,1,O
01/25/2026,BRK,Michael Porter Jr.,34.39306259,24.5,25.09549904,1.064423203,0.586874723,1,O
01/25/2026,BRK,Day'Ron Sharpe,19.60243034,7.5,8.063799858,0.378601551,0.562204659,1,O
01/25/2026,TOR,Scottie Barnes,33.79174042,16.5,17.72385025,-3.413057089,0.283619702,0,-
01/25/2026,TOR,Sandro Mamukelashvili,23.79280281,12.5,12.54816437,-0.85724628,0.375601113,0,-
01/25/2026,TOR,RJ Barrett,27.76987076,13.5,16.02101135,-0.056328237,0.330538034,0,-
01/25/2026,TOR,Jamal Shead,24.26702118,5.5,7.43589592,0.315554559,0.410806388,0,-
01/25/2026,TOR,Immanuel Quickley,32.13238907,15.5,16.098526,-0.75406599,0.321149141,0,-
01/25/2026,TOR,Collin Murray-Boyles,28.90828514,9.5,10.14068127,-0.235454574,0.402618557,0,-
01/25/2026,SAS,Victor Wembanyama,29.5515995,25.5,25.22833061,3.504731417,0.606791973,1,-
01/25/2026,SAS,Stephon Castle,31.40662003,16.5,17.17131042,-1.868139863,0.285516948,0,-
01/25/2026,SAS,Julian Champagnie,25.849226,11.5,11.96379662,-0.52058202,0.456709832,0,-
01/25/2026,SAS,Harrison Barnes,27.59266663,8.5,10.58426762,0.115822643,0.425703585,0,-
01/25/2026,SAS,Dylan Harper,21.43812561,9.5,10.63041878,-0.572772801,0.364853621,0,-
01/25/2026,SAS,Devin Vassell,28.23152542,10.5,13.67174816,0.43785575,0.305822879,0,-
01/25/2026,SAS,De'Aaron Fox,32.68031311,18.5,19.27098846,-1.650526047,0.421184659,0,-
01/25/2026,SAC,Russell Westbrook,31.86562347,14.5,18.12904549,1.807747006,0.43105492,0,-
01/25/2026,SAC,Nique Clifford,18.90555382,7.5,5.436975956,0.323763251,0.601588249,1,-
01/25/2026,SAC,Dennis Schroder,23.82666206,11.5,10.74753284,0.151544124,0.42710343,0,-
01/25/2026,PHO,Oso Ighodaro,23.04645348,7.5,6.442072868,0.360718846,0.538558781,1,-
01/25/2026,PHO,Dillon Brooks,32.41343689,23.5,20.59307098,4.566101074,0.656753063,1,-
01/25/2026,PHO,Collin Gillespie,30.45388985,17.5,15.69138145,0.952160418,0.613243163,1,-
01/25/2026,OKC,Shai Gilgeous-Alexander,35.58246231,32.5,30.06199265,1.456735969,0.568738103,1,-
01/25/2026,NOP,Zion Williamson,30.6857357,19.5,19.19508934,1.102680445,0.618568301,1,-
01/25/2026,NOP,Yves Missi,22.7849865,5.5,6.816138744,0.592155695,0.406721771,0,-
01/25/2026,MIN,Rudy Gobert,32.4108696,9.5,10.63542461,1.22912693,0.426199257,0,-
01/25/2026,MIN,Mike Conley,17.86797333,3.5,4.464698792,-1.050070763,0.299473792,0,-
01/25/2026,MIN,Anthony Edwards,37.4913063,30.5,29.29717445,1.369300723,0.656424463,1,-
01/25/2026,MIL,Ryan Rollins,32.31827927,20.5,14.87182617,0.57940197,0.435932875,0,-
01/25/2026,MIL,Myles Turner,28.701931,14.5,12.98057556,0.315884173,0.449802756,0,-
01/25/2026,MIL,Bobby Portis,25.15683174,16.5,14.39422894,1.235782862,0.538931608,1,-
01/25/2026,MIA,Pelle Larsson,27.67601776,10.5,11.8219614,0.412411958,0.442448229,0,-
01/25/2026,MIA,Norman Powell,31.37594795,21.5,21.58054352,1.872702479,0.432933986,0,-
01/25/2026,MIA,Bam Adebayo,33.29509735,17.5,19.91903114,2.176122189,0.479948074,0,-
01/25/2026,MEM,Kentavious Caldwell-Pope,19.78185654,8.5,8.368280411,1.159904003,0.720782042,1,-
01/25/2026,MEM,Jock Landale,27.20623207,14.5,13.74175358,0.90231657,0.527050793,1,-
01/25/2026,MEM,Cedric Coward,27.42879486,14.5,14.28870869,0.18941085,0.51190722,1,-
01/25/2026,LAC,James Harden,36.83974838,23.5,25.83054733,-0.449754983,0.466592789,0,-
01/25/2026,LAC,Ivica Zubac,32.4737854,14.5,15.29020023,-0.119250625,0.384877026,0,-
01/25/2026,LAC,Brook Lopez,17.35741997,5.5,5.827399731,-1.017533541,0.316808194,0,-
01/25/2026,GSW,Stephen Curry,33.78094101,28.5,27.9758873,1.397589087,0.69980067,1,-
01/25/2026,GSW,De'Anthony Melton,22.28526688,12.5,12.07411385,1.105502605,0.505799532,1,-
01/25/2026,DET,Jalen Duren,29.4536972,17.5,17.66669273,-0.58002466,0.401961237,0,-
01/25/2026,DET,Isaiah Stewart,22.36642456,8.5,9.973353386,1.865815878,0.40879342,0,-
01/25/2026,DET,Cade Cunningham,36.7014122,24.5,22.74936676,-1.799480677,0.621164501,1,-
01/25/2026,DET,Ausar Thompson,26.75248146,10.5,11.23203278,-0.310760379,0.40923512,0,-
01/25/2026,DEN,Peyton Watson,34.65179825,19.5,19.14447594,0.359735966,0.60627836,1,-
01/25/2026,DEN,Jamal Murray,37.26937866,28.5,26.68437195,2.307780504,0.613991141,1,-
01/25/2026,DEN,Jalen Pickett,29.81455421,10.5,10.12298489,0.198737949,0.393170327,0,-
01/25/2026,DAL,Dwight Powell,20.9541378,4.5,4.897915363,0.509130239,0.495379716,0,-
01/25/2026,BRK,Ziaire Williams,23.6719017,8.5,9.871993065,-1.389603019,0.435129434,0,-
01/25/2026,BRK,Terance Mann,25.53381348,7.5,8.124674797,-1.497198701,0.318448305,0,-
01/25/2026,BRK,Drake Powell,25.95818901,8.5,9.609964371,0.123472914,0.442384899,0,-
01/26/2026,POR,Shaedon Sharpe,33.50630951,23.5,23.19630432,-1.338313937,0.248028919,0,U
01/26/2026,PHI,Quentin Grimes,27.50738716,12.5,11.9848547,-0.942651927,0.481100053,0,U
01/26/2026,ORL,Paolo Banchero,36.55679321,22.5,22.12741089,-1.783007264,0.434496611,0,U
01/26/2026,ORL,Moritz Wagner,16.94460487,7.5,6.453156948,-0.439668298,0.370893061,0,U
01/26/2026,MIN,Bones Hyland,14.591012,9.5,6.596334457,-2.973478556,0.19101955,0,U
01/26/2026,MEM,Jaren Jackson Jr.,32.20788574,19.5,19.08122635,-0.744396985,0.334884018,0,U
01/26/2026,LAL,Rui Hachimura,25.15574455,11.5,9.308416367,-1.023834348,0.384186059,0,U
01/26/2026,LAL,Luka Doncic,36.55844498,33.5,29.78131104,-0.313103497,0.457849115,0,U
01/26/2026,IND,Bennedict Mathurin,20.24280739,14.5,10.70534611,-4.974440098,0.053093947,0,U
01/26/2026,IND,Aaron Nesmith,31.08249664,13.5,12.15333843,-2.115496874,0.331870258,0,U
01/26/2026,HOU,Alperen Sengun,34.37672043,19.5,19.24484253,-0.503476679,0.476455837,0,U
01/26/2026,GSW,Will Richard,21.69285202,9.5,7.255964756,-1.272086978,0.453298301,0,U
01/26/2026,GSW,Stephen Curry,28.96157646,28.5,24.18521881,-1.721391559,0.444703579,0,U
01/26/2026,GSW,Buddy Hield,21.48230362,13.5,10.67392063,-0.853687942,0.456820935,0,U
01/26/2026,CHO,Miles Bridges,31.80314064,16.5,15.7743578,-1.59893775,0.362217188,0,U
01/26/2026,CHI,Josh Giddey,24.52755165,14.5,13.65301323,-0.894816577,0.466935962,0,U
01/26/2026,BOS,Jordan Walsh,15.84989452,4.5,4.354810715,-0.141015515,0.447638839,0,U
01/26/2026,BOS,Derrick White,35.32984543,18.5,17.18819427,-1.38530767,0.43977204,0,U
01/26/2026,ATL,Onyeka Okongwu,33.97304535,17.5,16.916502,-1.767018437,0.488006711,0,U
01/26/2026,ATL,Jalen Johnson,37.0891304,24.5,23.95658875,-0.575050712,0.394102037,0,U
01/26/2026,POR,Jrue Holiday,27.94598961,12.5,13.48307419,2.931774616,0.527879417,1,O
01/26/2026,POR,Jerami Grant,28.09806824,15.5,16.66139603,0.882900357,0.590394914,1,O
01/26/2026,PHI,Kelly Oubre Jr.,35.73717117,16.5,17.40935516,4.266283512,0.678974271,1,O
01/26/2026,ORL,Wendell Carter Jr.,31.22703743,10.5,12.67261982,2.047567129,0.516992867,1,O
01/26/2026,ORL,Noah Penda,20.21883202,3.5,7.333795547,0.497894228,0.539460897,1,O
01/26/2026,ORL,Jalen Suggs,27.15400124,12.5,16.33246613,1.556179285,0.564172149,1,O
01/26/2026,ORL,Anthony Black,34.94552994,15.5,17.82369423,2.272436857,0.881857872,1,O
01/26/2026,MIN,Mike Conley,26.78023529,7.5,8.256913185,0.972576261,0.525470614,1,O
01/26/2026,MEM,Kentavious Caldwell-Pope,20.86610031,7.5,8.279370308,0.986206293,0.773554862,1,O
01/26/2026,MEM,Jaylen Wells,27.42326546,11.5,12.14719391,2.350502014,0.64251101,1,O
01/26/2026,MEM,Cam Spencer,28.05719376,12.5,12.83707619,3.364131212,0.644423485,1,O
01/26/2026,LAL,Marcus Smart,30.31251907,9.5,10.62588406,0.120025411,0.515513241,1,O
01/26/2026,LAL,LeBron James,34.52300262,23.5,23.94117546,1.474572301,0.636575699,1,O
01/26/2026,LAL,Jake LaRavia,31.6141758,8.5,10.05864429,1.753839135,0.53411752,1,O
01/26/2026,LAL,Deandre Ayton,30.12615395,11.5,13.7311573,2.357057333,0.592613101,1,O
01/26/2026,IND,T.J. McConnell,17.81384277,8.5,8.952765465,2.823573828,0.689947724,1,O
01/26/2026,IND,Pascal Siakam,33.62082672,23.5,24.49877548,1.934266686,0.698535264,1,O
01/26/2026,IND,Johnny Furphy,24.79153824,5.5,7.96437645,1.737865448,0.655157387,1,O
01/26/2026,IND,Jarace Walker,27.3554554,9.5,12.22665501,4.208494186,0.506602705,1,O
01/26/2026,IND,Andrew Nembhard,32.98395157,16.5,17.63237381,2.910802364,0.570394397,1,O
01/26/2026,HOU,Amen Thompson,37.09221268,17.5,17.65633774,1.645047307,0.726110637,1,O
01/26/2026,GSW,Gary Payton II,18.62700081,5.5,7.28953743,0.304329604,0.540468335,1,O
01/26/2026,CLE,Jaylon Tyson,30.99785423,15.5,15.7224741,1.207073569,0.597874224,1,O
01/26/2026,CLE,Craig Porter Jr.,20.94077301,5.5,5.923689365,0.070228517,0.523346543,1,O
01/26/2026,CHO,Collin Sexton,20.21980667,11.5,13.25890732,1.521006346,0.818484306,1,O
01/26/2026,CHI,Matas Buzelis,29.49141502,14.5,16.10129929,1.128615975,0.602409482,1,O
01/26/2026,CHI,Kevin Huerter,25.80883217,9.5,12.18719101,1.48725152,0.624978125,1,O
01/26/2026,CHI,Jalen Smith,26.76984215,11.5,12.7870903,2.457981586,0.671252489,1,O
01/26/2026,CHI,Isaac Okoro,26.18783379,8.5,9.427890778,1.778735876,0.714615405,1,O
01/26/2026,CHI,Ayo Dosunmu,25.27693939,12.5,14.10647488,1.817598939,0.673553884,1,O
01/26/2026,BOS,Sam Hauser,29.73102379,10.5,14.46834278,4.605452061,0.542766869,1,O
01/26/2026,BOS,Neemias Queta,27.47636795,10.5,11.40626431,4.029111862,0.668367028,1,O
01/26/2026,BOS,Anfernee Simons,26.65912056,13.5,15.32093143,2.635030508,0.587423146,1,O
01/26/2026,ATL,Nickeil Alexander-Walker,34.08211517,19.5,20.82515526,2.825264931,0.726544738,1,O
01/26/2026,ATL,Luke Kennard,23.51598549,7.5,10.15197468,1.411134362,0.568134248,1,O
01/26/2026,ATL,Dyson Daniels,34.98151398,11.5,12.20120049,2.23979497,0.671253562,1,O
01/26/2026,ATL,Corey Kispert,23.81539154,8.5,10.53474236,0.512291551,0.546999156,1,O
01/26/2026,POR,Toumani Camara,35.48355484,13.5,15.50053501,-1.112329006,0.398570448,0,-
01/26/2026,POR,Robert Williams,18.05682945,6.5,6.421627045,1.904583573,0.699433267,1,-
01/26/2026,POR,Rayan Rupert,17.765728,3.5,4.589661121,0.58322233,0.447869182,0,-
01/26/2026,POR,Donovan Clingan,30.07503891,10.5,12.64778042,0.238860995,0.375025451,0,-
01/26/2026,POR,Deni Avdija,27.98307228,21.5,21.91322327,-3.505770683,0.326405048,0,-
01/26/2026,PHI,VJ Edgecombe,36.59904861,17.5,15.98849201,-0.491629601,0.589546502,1,-
01/26/2026,PHI,Tyrese Maxey,39.45386887,31.5,30.42407417,2.212625742,0.571511209,1,-
01/26/2026,PHI,Andre Drummond,22.57482338,8.5,6.33433342,-1.980941057,0.54776305,1,-
01/26/2026,ORL,Desmond Bane,35.25928116,18.5,19.96155357,-1.580014944,0.482965738,0,-
01/26/2026,MIN,Rudy Gobert,31.94885826,11.5,11.00747108,2.027065516,0.456427991,0,-
01/26/2026,MIN,Naz Reid,27.16666603,17.5,15.72235394,2.181015015,0.676419854,1,-
01/26/2026,MIN,Julius Randle,34.70568085,25.5,24.14663315,3.535462618,0.71462363,1,-
01/26/2026,MIN,Jaden McDaniels,34.13034821,17.5,16.24122238,2.300943851,0.729631066,1,-
01/26/2026,MIN,Donte DiVincenzo,33.37818527,15.5,15.01736832,1.327304006,0.557537556,1,-
01/26/2026,MIN,Anthony Edwards,30.69359398,29.5,26.06668663,-0.446235627,0.580895782,1,-
01/26/2026,MEM,Vince Williams Jr.,20.81962776,7.5,7.57362318,-0.498117805,0.383126616,0,-
01/26/2026,MEM,Santi Aldama,30.28899574,13.5,14.16029835,-0.648354948,0.259492159,0,-
01/26/2026,MEM,Jock Landale,24.40904999,13.5,11.87424469,0.211537465,0.346259177,0,-
01/26/2026,MEM,Cedric Coward,28.23259354,13.5,13.34886169,1.25433588,0.500399232,1,-
01/26/2026,LAL,Gabe Vincent,18.00655365,3.5,4.577666283,-0.088704556,0.354975522,0,-
01/26/2026,HOU,Tari Eason,27.49508476,13.5,12.81056976,2.988509417,0.687321007,1,-
01/26/2026,HOU,Reed Sheppard,23.83495331,12.5,12.58463001,-0.403861701,0.432457,0,-
01/26/2026,HOU,Kevin Durant,38.29990005,24.5,26.50624466,0.697160542,0.468579412,0,-
01/26/2026,HOU,Josh Okogie,20.19368744,5.5,6.525828362,-0.064189553,0.442341655,0,-
01/26/2026,HOU,Jabari Smith Jr.,35.47852707,14.5,15.71198463,-0.772031426,0.501230955,1,-
01/26/2026,GSW,Quinten Post,25.93596649,13.5,11.36279297,2.382348061,0.731164157,1,-
01/26/2026,GSW,Moses Moody,29.36928368,14.5,12.55922699,0.209516987,0.650786161,1,-
01/26/2026,GSW,Gui Santos,26.94320679,8.5,9.250285149,1.515600324,0.447063684,0,-
01/26/2026,GSW,Draymond Green,25.46719742,9.5,9.275735855,1.018347263,0.391828418,0,-
01/26/2026,GSW,Brandin Podziemski,32.17398834,16.5,14.62417316,2.135990143,0.655177832,1,-
01/26/2026,CLE,Jarrett Allen,30.66073036,13.5,13.54249573,-1.067344546,0.193440333,0,-
01/26/2026,CLE,Evan Mobley,34.35696793,18.5,19.343647,0.000237461,0.475147128,0,-
01/26/2026,CLE,Donovan Mitchell,35.42729187,29.5,28.72317886,0.006029189,0.456791282,0,-
01/26/2026,CLE,Dean Wade,27.78705215,6.5,7.768105984,1.611471891,0.490632564,0,-
01/26/2026,CLE,De'Andre Hunter,23.24035835,10.5,11.59438419,-0.17306298,0.477824032,0,-
01/26/2026,CHO,Ryan Kalkbrenner,20.74896622,6.5,7.872602463,-0.464110196,0.602097452,1,-
01/26/2026,CHO,Moussa Diabate,29.43479729,8.5,7.81136179,-0.044478808,0.710800111,1,-
01/26/2026,CHO,LaMelo Ball,28.37675285,20.5,18.72664261,0.706883311,0.44593522,0,-
01/26/2026,CHO,Kon Knueppel,32.20976257,17.5,17.46981239,1.418345094,0.672066152,1,-
01/26/2026,CHO,Brandon Miller,33.06961823,19.5,19.61330032,0.898044705,0.466036767,0,-
01/26/2026,CHI,Nikola Vucevic,31.5925045,16.5,17.0795002,2.291493893,0.497913122,0,-
01/26/2026,CHI,Coby White,31.66179657,20.5,19.87111855,-0.155589983,0.565474331,1,-
01/26/2026,BOS,Payton Pritchard,33.1058197,16.5,17.34228706,0.468755275,0.305713683,0,-
01/26/2026,BOS,Jaylen Brown,36.05903244,29.5,30.4485302,-2.297154665,0.530297101,1,-
01/26/2026,BOS,Hugo Gonzalez,17.75555038,3.5,5.190472603,-0.984160125,0.351182848,0,-
01/26/2026,ATL,CJ McCollum,26.1444397,17.5,16.53449631,1.511786222,0.519834936,1,-
01/27/2026,WAS,Will Riley,18.16911697,7.5,6.927652359,-0.548305929,0.48508209,0,U
01/27/2026,WAS,Kyshawn George,29.91822624,16.5,14.5239296,-1.460579515,0.376255125,0,U
01/27/2026,WAS,Khris Middleton,25.06982803,10.5,10.43910503,-0.081297383,0.415569961,0,U
01/27/2026,WAS,Justin Champagnie,22.56215286,10.5,8.96773243,-0.364147902,0.394357592,0,U
01/27/2026,UTA,Kyle Filipowski,22.06970978,10.5,8.111144066,-1.535528779,0.411068767,0,U
01/27/2026,SAC,Zach LaVine,27.06072235,16.5,16.36950684,-2.718372583,0.228539407,0,U
01/27/2026,SAC,Keon Ellis,21.39600372,7.5,6.185509205,-0.514244258,0.434499115,0,U
01/27/2026,PHO,Ryan Dunn,17.94375801,6.5,5.651809216,-1.811463356,0.184981063,0,U
01/27/2026,OKC,Kenrich Williams,22.36096764,10.5,9.742764473,-0.72577244,0.355655968,0,U
01/27/2026,OKC,Isaiah Joe,22.78583145,11.5,11.48187637,-0.46126911,0.382938415,0,U
01/27/2026,OKC,Chet Holmgren,31.12337112,19.5,18.3866272,-1.677577138,0.435094804,0,U
01/27/2026,OKC,Cason Wallace,23.41128159,8.5,6.766316414,-0.7068578,0.311425239,0,U
01/27/2026,OKC,Aaron Wiggins,29.45038033,14.5,13.73796463,-1.368131399,0.32926622,0,U
01/27/2026,NYK,Jalen Brunson,35.16031647,27.5,26.10062218,-0.785452366,0.387509882,0,U
01/27/2026,MIL,Ryan Rollins,33.42124939,20.5,16.58098793,-3.814227581,0.387450904,0,U
01/27/2026,MIL,Kyle Kuzma,31.20850945,14.5,14.36208057,-2.164491892,0.227805257,0,U
01/27/2026,MIL,Gary Trent Jr.,17.59853745,7.5,5.718048096,-1.144397974,0.371909052,0,U
01/27/2026,MIL,Cole Anthony,20.2696228,10.5,8.441941261,-1.096728325,0.334709764,0,U
01/27/2026,LAC,Brook Lopez,17.28872871,6.5,6.100579262,-1.343717575,0.290610164,0,U
01/27/2026,DEN,Jonas Valanciunas,21.97535324,13.5,10.79497719,-0.753487587,0.421663374,0,U
01/27/2026,UTA,Lauri Markkanen,36.2019577,24.5,27.83280182,0.381407648,0.665338695,1,O
01/27/2026,UTA,Isaiah Collier,28.31269073,11.5,11.93655777,2.531214237,0.58973372,1,O
01/27/2026,UTA,Cody Williams,26.74538803,6.5,9.485512733,1.71991241,0.549989223,1,O
01/27/2026,SAC,Russell Westbrook,32.22438812,15.5,17.75837898,2.057286263,0.547967792,1,O
01/27/2026,SAC,Precious Achiuwa,27.56002426,7.5,10.37373352,4.197327137,0.750618339,1,O
01/27/2026,SAC,Nique Clifford,25.53979111,9.5,9.601601601,2.295359135,0.679856062,1,O
01/27/2026,SAC,Domantas Sabonis,33.11187744,16.5,17.33396912,3.654680967,0.523055196,1,O
01/27/2026,SAC,DeMar DeRozan,35.49822998,18.5,20.79418373,2.823321819,0.569847286,1,O
01/27/2026,POR,Toumani Camara,33.49423599,12.5,13.27594185,0.508599937,0.522290707,1,O
01/27/2026,POR,Jrue Holiday,27.60330582,11.5,14.19571781,2.29858923,0.698270619,1,O
01/27/2026,POR,Jerami Grant,27.43267632,15.5,17.44364166,1.514483929,0.627800822,1,O
01/27/2026,POR,Donovan Clingan,28.56308937,10.5,11.68296051,1.523448348,0.56531781,1,O
01/27/2026,POR,Deni Avdija,33.33523178,23.5,25.9507885,2.098073959,0.610765994,1,O
01/27/2026,PHO,Royce O'Neale,29.696455,9.5,10.36005688,1.742227435,0.681234241,1,O
01/27/2026,PHO,Oso Ighodaro,22.70262337,6.5,6.509018898,0.97617811,0.54651922,1,O
01/27/2026,PHO,Mark Williams,26.29677963,12.5,13.8874836,3.941143751,0.682534456,1,O
01/27/2026,PHI,VJ Edgecombe,36.33226395,13.5,14.77947712,1.157590389,0.638508677,1,O
01/27/2026,PHI,Tyrese Maxey,39.60433197,27.5,29.34047127,3.690694332,0.752988815,1,O
01/27/2026,PHI,Quentin Grimes,26.62133026,7.5,10.85828304,0.20556654,0.651634037,1,O
01/27/2026,PHI,Paul George,32.5234642,14.5,15.06550312,2.508958101,0.698074102,1,O
01/27/2026,PHI,Kelly Oubre Jr.,35.70590591,12.5,16.16061401,3.231839657,0.7644279,1,O
01/27/2026,OKC,Luguentz Dort,31.95008087,10.5,11.78672409,1.546250939,0.516242504,1,O
01/27/2026,NYK,OG Anunoby,34.65631485,15.5,16.73976898,1.120397568,0.506454587,1,O
01/27/2026,NYK,Miles McBride,25.50888824,10.5,12.71755981,2.970942497,0.503680706,1,O
01/27/2026,NYK,Mikal Bridges,35.10779572,15.5,15.96788216,2.888641119,0.501758277,1,O
01/27/2026,NYK,Landry Shamet,20.98620605,6.5,9.353055954,1.206767321,0.638007104,1,O
01/27/2026,NYK,Josh Hart,33.93177795,11.5,12.92003727,1.165097237,0.542583764,1,O
01/27/2026,NOP,Trey Murphy III,36.06916809,20.5,21.54755783,3.197380781,0.675897598,1,O
01/27/2026,NOP,Saddiq Bey,31.4043026,15.5,17.70110512,3.341549873,0.68307358,1,O
01/27/2026,NOP,Herbert Jones,29.8683548,8.5,8.968176842,2.41341877,0.603016198,1,O
01/27/2026,NOP,Derik Queen,27.41888618,9.5,11.92651272,1.963150501,0.729619563,1,O
01/27/2026,MIL,Myles Turner,30.0334568,12.5,13.34761429,1.199066877,0.525613189,1,O
01/27/2026,LAC,Nicolas Batum,19.22563171,3.5,4.791472912,0.019501567,0.6102314,1,O
01/27/2026,LAC,Kris Dunn,31.35404587,7.5,8.523602486,2.369069815,0.724795103,1,O
01/27/2026,LAC,Kawhi Leonard,32.76690674,26.5,28.68751335,4.483526707,0.80155623,1,O
01/27/2026,LAC,John Collins,31.26753807,14.5,14.79893494,2.13617444,0.673298359,1,O
01/27/2026,LAC,James Harden,37.33568192,25.5,27.51647949,0.831456244,0.58254236,1,O
01/27/2026,DET,Tobias Harris,31.97462463,13.5,14.8578701,4.350226879,0.535909951,1,O
01/27/2026,DET,Jaden Ivey,17.13973045,7.5,8.582062721,0.727728724,0.510360599,1,O
01/27/2026,DET,Duncan Robinson,29.14949226,10.5,13.28193378,2.047452211,0.693260312,1,O
01/27/2026,DEN,Peyton Watson,35.04854584,16.5,17.69570351,0.303933263,0.52430737,1,O
01/27/2026,DEN,Jamal Murray,37.83794785,26.5,27.20115089,3.06973052,0.608875453,1,O
01/27/2026,BRK,Michael Porter Jr.,33.64958191,22.5,22.71059227,0.624952555,0.638102353,1,O
01/27/2026,BRK,Drake Powell,25.38949394,6.5,9.122299194,0.823421478,0.526677668,1,O
01/27/2026,BRK,Day'Ron Sharpe,19.44661713,7.5,8.140172005,0.432989806,0.535155714,1,O
01/27/2026,WAS,Tre Johnson,29.52319717,17.5,14.97621059,-0.396283269,0.536480308,1,-
01/27/2026,WAS,Bilal Coulibaly,27.19151497,10.5,11.20856571,-0.26477918,0.522144556,1,-
01/27/2026,UTA,Kevin Love,25.55927277,9.5,10.6915884,1.051017404,0.483172894,0,-
01/27/2026,UTA,Brice Sensabaugh,23.5413475,14.5,12.80544853,-0.192241281,0.596301377,1,-
01/27/2026,UTA,Ace Bailey,30.0818119,13.5,14.01364422,1.404881835,0.484672964,0,-
01/27/2026,SAC,Malik Monk,24.78883553,12.5,13.03677559,1.388989329,0.448271275,0,-
01/27/2026,SAC,Dennis Schroder,23.63539505,11.5,11.21834087,0.275612801,0.46197167,0,-
01/27/2026,POR,Shaedon Sharpe,31.73233032,21.5,23.09879112,-0.271159172,0.553171754,1,-
01/27/2026,PHO,Jordan Goodwin,27.48257446,12.5,11.08530998,1.883547664,0.615458965,1,-
01/27/2026,PHO,Grayson Allen,32.11314774,21.5,18.65991592,1.374927163,0.488517612,0,-
01/27/2026,PHO,Dillon Brooks,33.1519928,23.5,20.45500183,2.637223959,0.662793219,1,-
01/27/2026,PHO,Collin Gillespie,27.34378242,14.5,14.00017929,0.849970043,0.640113771,1,-
01/27/2026,PHI,Joel Embiid,34.63884354,27.5,26.9999752,3.089449883,0.707497537,1,-
01/27/2026,OKC,Shai Gilgeous-Alexander,35.61175919,32.5,30.44660759,1.803971529,0.51279825,1,-
01/27/2026,OKC,Ousmane Dieng,15.42527485,5.5,5.828288555,-2.711622715,0.173844948,0,-
01/27/2026,NYK,Mitchell Robinson,20.09822464,5.5,5.411058903,0.488617212,0.581849098,1,-
01/27/2026,NYK,Karl-Anthony Towns,31.83422089,20.5,19.01609421,0.620636284,0.510332108,1,-
01/27/2026,NOP,Zion Williamson,31.34074593,21.5,19.58326149,1.334477305,0.699718356,1,-
01/27/2026,NOP,Yves Missi,22.68922043,5.5,6.993576527,0.37540701,0.456724316,0,-
01/27/2026,NOP,Micah Peavy,19.2002697,4.5,5.93755722,-0.413095027,0.359535843,0,-
01/27/2026,NOP,Jeremiah Fears,23.23544121,9.5,11.29285717,-0.502539515,0.479826182,0,-
01/27/2026,MIL,Bobby Portis,31.44088364,15.5,15.41394138,1.513501525,0.53755182,1,-
01/27/2026,LAC,Ivica Zubac,32.97356033,14.5,15.53857803,0.505604029,0.459407926,0,-
01/27/2026,DET,Javonte Green,18.00068474,4.5,7.18979311,-0.435537636,0.417546719,0,-
01/27/2026,DET,Jalen Duren,29.60696793,16.5,16.8891983,-1.701639056,0.580347002,1,-
01/27/2026,DET,Isaiah Stewart,22.49991226,8.5,9.550664902,0.417883694,0.364008069,0,-
01/27/2026,DET,Cade Cunningham,37.03726959,23.5,23.70276833,-2.493328333,0.605984032,1,-
01/27/2026,DET,Ausar Thompson,27.62658501,9.5,11.22929382,-0.271259606,0.471179932,0,-
01/27/2026,DEN,Zeke Nnaji,19.16617584,5.5,6.742452145,-0.322123528,0.572157204,1,-
01/27/2026,DEN,Tim Hardaway Jr.,27.41745949,12.5,13.16011333,0.780428946,0.498012424,0,-
01/27/2026,DEN,Jalen Pickett,29.78400993,8.5,9.544520378,0.111747436,0.485240281,0,-
01/27/2026,DEN,Bruce Brown,22.72508812,5.5,6.103909492,-1.287989855,0.319128722,0,-
01/27/2026,BRK,Terance Mann,25.21948624,6.5,8.242704391,-0.238318861,0.426538259,0,-
01/27/2026,BRK,Nolan Traore,21.4530735,7.5,7.052244186,-0.281604141,0.505433619,1,-
01/28/2026,ORL,Moritz Wagner,16.94835854,8.5,6.53014946,-0.337324411,0.409668654,0,U
01/28/2026,NYK,OG Anunoby,34.85137558,16.5,16.12957764,-2.642067671,0.40921098,0,U
01/28/2026,NYK,Karl-Anthony Towns,32.2579422,20.5,17.85201836,-1.842852592,0.463173777,0,U
01/28/2026,MIN,Rudy Gobert,31.73211861,10.5,10.03756905,-0.200298086,0.479051381,0,U
01/28/2026,MEM,Vince Williams Jr.,20.23055649,7.5,7.010142803,-1.620515585,0.436372012,0,U
01/28/2026,MEM,Santi Aldama,26.44796371,13.5,12.97391129,-0.723129213,0.370906949,0,U
01/28/2026,LAL,Rui Hachimura,25.76055527,11.5,9.681199074,-1.237733722,0.438628823,0,U
01/28/2026,IND,Bennedict Mathurin,22.49277687,15.5,11.98545933,-4.166239738,0.180255085,0,U
01/28/2026,IND,Aaron Nesmith,30.80800819,13.5,12.20461559,-1.821950555,0.228204682,0,U
01/28/2026,DAL,Dwight Powell,22.64752579,5.5,5.160123825,-0.152934611,0.447694838,0,U
01/28/2026,DAL,Cooper Flagg,28.80303955,19.5,17.1989212,-1.410859466,0.474677324,0,U
01/28/2026,CLE,Jarrett Allen,30.46092415,16.5,13.62897205,-1.963901162,0.271437794,0,U
01/28/2026,CLE,Donovan Mitchell,35.03763962,31.5,25.60102463,-2.501465082,0.470947325,0,U
01/28/2026,CLE,De'Andre Hunter,22.71706009,13.5,11.65133762,-2.167869329,0.37047857,0,U
01/28/2026,ATL,Jalen Johnson,36.89775467,22.5,22.2636776,-2.067246437,0.36736536,0,U
01/28/2026,UTA,Svi Mykhailiuk,26.35469055,6.5,9.319005013,2.400501013,0.808317304,1,O
01/28/2026,UTA,Lauri Markkanen,35.18273163,22.5,27.79776573,0.809306443,0.644454241,1,O
01/28/2026,UTA,Keyonte George,36.17884445,22.5,26.15391541,3.818277359,0.553919137,1,O
01/28/2026,UTA,Jusuf Nurkic,29.14778137,12.5,14.29290295,2.703653812,0.675811231,1,O
01/28/2026,UTA,Ace Bailey,29.70628166,11.5,14.38607121,0.312431157,0.550955713,1,O
01/28/2026,TOR,RJ Barrett,28.0327816,14.5,16.80115128,2.101881266,0.510026932,1,O
01/28/2026,TOR,Ja'Kobe Walter,19.25265312,5.5,7.170693398,1.580560207,0.523634076,1,O
01/28/2026,TOR,Immanuel Quickley,32.25040054,16.5,17.25672913,0.340351164,0.511274338,1,O
01/28/2026,SAS,Luke Kornet,20.31101227,5.5,6.854373932,1.666428208,0.636001468,1,O
01/28/2026,SAS,Keldon Johnson,25.81006622,11.5,13.34817028,0.605304956,0.650118053,1,O
01/28/2026,SAS,Julian Champagnie,31.14744377,9.5,13.6882267,0.945551157,0.580771923,1,O
01/28/2026,ORL,Wendell Carter Jr.,31.85620308,11.5,13.47941971,2.61479187,0.635908127,1,O
01/28/2026,ORL,Anthony Black,35.34123993,15.5,18.26834106,4.433024406,0.973827958,1,O
01/28/2026,NYK,Miles McBride,26.25739098,10.5,12.44119549,2.494807005,0.670340717,1,O
01/28/2026,NYK,Landry Shamet,20.77144051,8.5,9.127586365,1.189191222,0.651908755,1,O
01/28/2026,MIN,Jaden McDaniels,32.78467178,13.5,14.40581799,0.456564486,0.683088779,1,O
01/28/2026,MIN,Donte DiVincenzo,32.50407028,12.5,13.92500496,0.196106583,0.590182781,1,O
01/28/2026,MIN,Anthony Edwards,36.81515884,28.5,29.58768845,2.863827229,0.653931975,1,O
01/28/2026,MIA,Simone Fontecchio,20.12641335,7.5,9.462331772,1.302750707,0.584271193,1,O
01/28/2026,MIA,Pelle Larsson,28.18501663,10.5,11.41806507,1.273979425,0.517353594,1,O
01/28/2026,MIA,Kasparas Jakucionis,22.66911507,5.5,7.563577652,1.511532545,0.646035433,1,O
01/28/2026,MIA,Jaime Jaquez Jr.,28.6059494,13.5,14.19526768,1.816187739,0.562609732,1,O
01/28/2026,MIA,Bam Adebayo,33.56797028,18.5,20.30708313,2.091796875,0.671585381,1,O
01/28/2026,MIA,Andrew Wiggins,32.12255859,13.5,16.11377144,1.648292422,0.500151873,1,O
01/28/2026,MEM,Cam Spencer,27.56414032,12.5,12.90214157,2.82398653,0.682889104,1,O
01/28/2026,LAL,Marcus Smart,30.86054802,9.5,10.64593601,1.372600436,0.584000409,1,O
01/28/2026,LAL,Jaxson Hayes,17.13256836,5.5,6.530462742,1.255150318,0.673754096,1,O
01/28/2026,LAL,Jake LaRavia,32.27025986,8.5,11.18882847,1.26200068,0.621954858,1,O
01/28/2026,LAL,Deandre Ayton,29.16336632,10.5,13.16515541,1.499971032,0.656301081,1,O
01/28/2026,IND,T.J. McConnell,17.61469269,8.5,9.072353363,1.85593462,0.514098763,1,O
01/28/2026,IND,Johnny Furphy,25.51893806,5.5,8.644477844,2.216328621,0.618165374,1,O
01/28/2026,IND,Jarace Walker,28.90282822,11.5,13.6528368,3.381225586,0.529835463,1,O
01/28/2026,IND,Andrew Nembhard,32.76405334,16.5,17.69973564,2.352826595,0.511664033,1,O
01/28/2026,HOU,Tari Eason,27.75483704,11.5,12.76677132,3.557105303,0.744239151,1,O
01/28/2026,HOU,Reed Sheppard,23.17386055,10.5,11.67700195,0.440892518,0.535193741,1,O
01/28/2026,HOU,Jabari Smith Jr.,36.12872314,13.5,15.42427731,1.059095621,0.638171852,1,O
01/28/2026,HOU,Amen Thompson,37.86893845,16.5,18.03313255,1.962656736,0.594819248,1,O
01/28/2026,GSW,Quinten Post,17.17709541,7.5,8.025381088,1.402623653,0.666822493,1,O
01/28/2026,GSW,Moses Moody,27.040905,12.5,13.19987202,0.86136055,0.512838244,1,O
01/28/2026,GSW,Draymond Green,28.66659927,8.5,9.859740257,0.951478899,0.588455915,1,O
01/28/2026,GSW,Brandin Podziemski,29.39112282,13.5,14.57343388,1.378176808,0.516624093,1,O
01/28/2026,GSW,Al Horford,25.11990738,8.5,9.419922829,1.728902221,0.608461201,1,O
01/28/2026,DAL,Naji Marshall,34.33516312,18.5,19.39386177,4.14347887,0.934381723,1,O
01/28/2026,DAL,Max Christie,32.38011551,15.5,16.40930557,2.489353418,0.687704802,1,O
01/28/2026,DAL,Caleb Martin,25.08307266,6.5,7.39376688,0.650877118,0.540068209,1,O
01/28/2026,CLE,Sam Merrill,27.13873863,12.5,14.57184792,2.342906713,0.526429057,1,O
01/28/2026,CLE,Dean Wade,27.54840279,6.5,7.773833275,1.203987598,0.596353233,1,O
01/28/2026,CHO,Moussa Diabate,29.23045731,7.5,8.543352127,0.9558267,0.667756081,1,O
01/28/2026,CHO,Kon Knueppel,32.47669601,17.5,18.14576149,1.943693042,0.586501539,1,O
01/28/2026,CHO,Collin Sexton,19.04609871,11.5,13.388937,2.126215696,0.714891315,1,O
01/28/2026,CHO,Brandon Miller,33.24944305,20.5,20.87110138,0.55942595,0.521448493,1,O
01/28/2026,CHI,Matas Buzelis,29.4221859,14.5,16.65394592,1.955982924,0.651568413,1,O
01/28/2026,CHI,Kevin Huerter,24.6734581,8.5,11.48097229,2.093250751,0.73544544,1,O
01/28/2026,CHI,Josh Giddey,31.10348701,17.5,17.71390915,1.045652747,0.576827526,1,O
01/28/2026,CHI,Isaac Okoro,26.78939247,8.5,10.42655182,1.036610007,0.601693988,1,O
01/28/2026,CHI,Coby White,32.70091629,20.5,21.52791786,2.192879438,0.684836626,1,O
01/28/2026,CHI,Ayo Dosunmu,24.84527397,12.5,13.27964497,0.916641176,0.683964074,1,O
01/28/2026,BOS,Sam Hauser,29.5729084,10.5,14.43544483,4.561625004,0.663900077,1,O
01/28/2026,BOS,Payton Pritchard,33.40972519,16.5,17.47342491,1.243517637,0.521252036,1,O
01/28/2026,BOS,Jaylen Brown,36.66585159,29.5,32.03476715,2.680716515,0.613811195,1,O
01/28/2026,BOS,Anfernee Simons,27.36743355,14.5,16.24386978,1.364080191,0.519781947,1,O
01/28/2026,ATL,Nickeil Alexander-Walker,33.52430725,17.5,19.70134163,3.715534449,0.736962557,1,O
01/28/2026,UTA,Isaiah Collier,24.09725761,8.5,8.501747131,0.27935192,0.387068421,0,-
01/28/2026,UTA,Cody Williams,21.30618668,6.5,7.290703773,-0.493915677,0.418416411,0,-
01/28/2026,UTA,Brice Sensabaugh,23.46009254,12.5,11.76468754,1.064626813,0.490736246,0,-
01/28/2026,TOR,Scottie Barnes,33.69110107,17.5,18.14200783,0.362320632,0.450285703,0,-
01/28/2026,TOR,Sandro Mamukelashvili,24.08807945,10.5,11.67611599,-0.449994922,0.460612804,0,-
01/28/2026,TOR,Jamal Shead,23.40057564,6.5,7.251755714,-0.489943415,0.449121863,0,-
01/28/2026,TOR,Gradey Dick,18.96056175,5.5,7.989024162,-0.864901543,0.402344108,0,-
01/28/2026,TOR,Collin Murray-Boyles,28.12772369,8.5,10.19542313,-0.162780836,0.531733871,1,-
01/28/2026,TOR,Brandon Ingram,34.86578369,20.5,20.65046501,0.316270322,0.292174697,0,-
01/28/2026,SAS,Victor Wembanyama,31.38762474,23.5,20.45951271,1.71810329,0.539197326,1,-
01/28/2026,SAS,Stephon Castle,32.10015869,14.5,15.51861,-0.863738954,0.21254608,0,-
01/28/2026,SAS,Harrison Barnes,27.06787872,6.5,9.154824257,0.509471118,0.415011108,0,-
01/28/2026,SAS,Devin Vassell,23.87055969,10.5,10.96480179,-0.606641173,0.407404512,0,-
01/28/2026,SAS,De'Aaron Fox,33.51675415,16.5,17.23921585,-2.054330111,0.258940339,0,-
01/28/2026,ORL,Paolo Banchero,36.79531479,23.5,23.80944061,-2.262488365,0.41439721,0,-
01/28/2026,ORL,Jalen Suggs,26.88576126,14.5,16.26839066,0.948708594,0.472085267,0,-
01/28/2026,ORL,Desmond Bane,35.69778824,19.5,20.93330765,-1.619484782,0.41801706,0,-
01/28/2026,NYK,Mikal Bridges,35.16285324,15.5,15.95922565,0.023171173,0.331137836,0,-
01/28/2026,NYK,Josh Hart,34.46462631,11.5,13.33281136,0.740650833,0.491701275,0,-
01/28/2026,NYK,Jalen Brunson,36.11727142,24.5,25.33969116,-4.789859772,0.304015964,0,-
01/28/2026,MIN,Naz Reid,25.84469604,14.5,13.77702427,0.202225506,0.53467679,1,-
01/28/2026,MIN,Julius Randle,33.73796082,21.5,20.60043526,1.110257506,0.48944667,0,-
01/28/2026,MIA,Norman Powell,31.80531311,21.5,22.92466545,0.620322704,0.374658942,0,-
01/28/2026,MIA,Kel'el Ware,17.00375748,7.5,7.584130764,0.913896084,0.499278635,0,-
01/28/2026,MIA,Davion Mitchell,25.52070236,8.5,8.105841637,1.585737467,0.508714378,1,-
01/28/2026,MEM,Kentavious Caldwell-Pope,20.58379364,8.5,8.374586105,1.421991587,0.734749913,1,-
01/28/2026,MEM,Jock Landale,26.98932838,13.5,13.02202129,0.950250089,0.494491935,0,-
01/28/2026,MEM,Jaylen Wells,26.69263649,11.5,11.28534222,1.138113618,0.655214429,1,-
01/28/2026,MEM,Jaren Jackson Jr.,32.00289917,22.5,20.96031189,-0.054336406,0.590890884,1,-
01/28/2026,MEM,Cedric Coward,27.94635582,14.5,14.29147053,0.36339131,0.505622685,1,-
01/28/2026,LAL,Luka Doncic,37.1576767,33.5,28.90829086,1.254813671,0.534178853,1,-
01/28/2026,LAL,LeBron James,34.77972031,23.5,22.73400879,0.942438781,0.62699312,1,-
01/28/2026,IND,Pascal Siakam,33.89279938,24.5,24.31906128,1.161651015,0.634898484,1,-
01/28/2026,HOU,Kevin Durant,38.70412445,24.5,27.28409195,0.521690011,0.417596817,0,-
01/28/2026,HOU,Alperen Sengun,35.11560059,18.5,19.36100769,-1.192946315,0.616145909,1,-
01/28/2026,GSW,Will Richard,19.89160728,5.5,7.220417023,-0.899505079,0.488705784,0,-
01/28/2026,GSW,Stephen Curry,32.72713852,29.5,27.59216881,-0.447781265,0.558773398,1,-
01/28/2026,GSW,De'Anthony Melton,20.33477402,13.5,12.08639717,0.563936055,0.371545464,0,-
01/28/2026,DAL,P.J. Washington,32.06409454,13.5,12.22582626,0.882267058,0.429849297,0,-
01/28/2026,DAL,Klay Thompson,22.0599823,11.5,11.18427753,1.096284628,0.679108799,1,-
01/28/2026,DAL,Brandon Williams,25.3008194,16.5,14.24675655,1.409169912,0.624373198,1,-
01/28/2026,CLE,Jaylon Tyson,30.79599953,16.5,15.87792015,2.299672127,0.753486335,1,-
01/28/2026,CLE,Craig Porter Jr.,19.42251015,5.5,5.65292263,-0.665511072,0.324082971,0,-
01/28/2026,CHO,Ryan Kalkbrenner,20.81560707,6.5,8.504901886,-0.612254143,0.619087994,1,-
01/28/2026,CHO,Miles Bridges,31.85702705,16.5,16.73587608,-0.747506142,0.419392526,0,-
01/28/2026,CHO,LaMelo Ball,28.28927612,17.5,18.61034012,0.860338509,0.473576486,0,-
01/28/2026,CHO,Grant Williams,19.55922318,5.5,7.555216789,-0.097281605,0.354551345,0,-
01/28/2026,CHI,Nikola Vucevic,32.32923126,16.5,18.42489243,1.819429994,0.479854316,0,-
01/28/2026,CHI,Jalen Smith,23.71787834,10.5,11.94127464,0.955024719,0.456000835,0,-
01/28/2026,BOS,Luka Garza,16.82079315,9.5,8.18211174,-0.586634398,0.516287744,1,-
01/28/2026,BOS,Derrick White,35.78528595,18.5,18.60637856,-0.203596011,0.447692961,0,-
01/28/2026,ATL,Onyeka Okongwu,34.20753479,16.5,16.27423286,-1.450480938,0.568710327,1,-
01/28/2026,ATL,Mouhamed Gueye,18.14424515,4.5,5.458099842,-1.420933247,0.250698477,0,-
01/28/2026,ATL,Luke Kennard,23.00363731,8.5,9.217826843,1.266370058,0.471703321,0,-
01/28/2026,ATL,Dyson Daniels,34.99730301,11.5,12.57697964,1.185488343,0.392132878,0,-
01/28/2026,ATL,Corey Kispert,24.45436096,7.5,10.40117359,1.496033311,0.493926167,0,-
01/28/2026,ATL,CJ McCollum,25.92975998,17.5,14.96908665,0.093695179,0.366903871,0,-
01/29/2026,SAC,Zach LaVine,26.35462761,17.5,16.03299904,-0.555905402,0.314505756,0,U
01/29/2026,PHO,Jordan Goodwin,20.7938652,8.5,7.60624361,-1.57653594,0.463316351,0,U
01/29/2026,PHO,Jalen Green,14.94875813,12.5,7.817567825,-5.970524788,0.059788037,0,U
01/29/2026,PHI,Jared McCain,18.46024132,6.5,6.271284103,-0.38808912,0.474493086,0,U
01/29/2026,OKC,Isaiah Hartenstein,18.43856812,7.5,6.542544365,-0.438915074,0.369302183,0,U
01/29/2026,OKC,Cason Wallace,22.56071854,7.5,5.607897282,-1.593955994,0.260017425,0,U
01/29/2026,OKC,Aaron Wiggins,28.51625061,12.5,12.25216866,-0.696500838,0.427930921,0,U
01/29/2026,DET,Cade Cunningham,35.00699234,23.5,22.82015991,-4.006676197,0.456117898,0,U
01/29/2026,DEN,Jonas Valanciunas,23.9127636,16.5,12.36488152,-0.94474411,0.406404525,0,U
01/29/2026,DAL,P.J. Washington,29.84043121,14.5,13.74979973,-1.404133677,0.413762122,0,U
01/29/2026,DAL,Daniel Gafford,22.19725418,8.5,7.580102921,-0.415497541,0.495655745,0,U
01/29/2026,CHO,Miles Bridges,29.61542702,17.5,16.26855087,-0.505944312,0.471506089,0,U
01/29/2026,CHI,Josh Giddey,26.12185669,15.5,13.68291187,-1.53479588,0.312640131,0,U
01/29/2026,BRK,Drake Powell,19.89268875,7.5,5.880609989,-0.592082024,0.397363305,0,U
01/29/2026,ATL,Onyeka Okongwu,29.41711998,16.5,16.0358963,-3.747027159,0.461441159,0,U
01/29/2026,ATL,Mouhamed Gueye,17.87651634,7.5,4.450219154,-2.782617092,0.297061116,0,U
01/29/2026,ATL,Corey Kispert,25.07284164,11.5,10.11485577,-0.069701515,0.441414505,0,U
01/29/2026,ATL,CJ McCollum,26.32872772,19.5,17.09679985,-1.609431624,0.358617812,0,U
01/29/2026,WAS,Khris Middleton,26.45973778,10.5,10.99486542,0.554844737,0.526572526,1,O
01/29/2026,SAC,Malik Monk,24.57694244,13.5,14.25174046,1.945207953,0.611188829,1,O
01/29/2026,SAC,DeMar DeRozan,34.75177765,19.5,20.45812035,1.837898612,0.681094408,1,O
01/29/2026,PHO,Mark Williams,26.26517677,10.5,11.70183372,1.414485574,0.55947262,1,O
01/29/2026,PHI,VJ Edgecombe,34.8482399,12.5,14.19639301,1.135514617,0.621772707,1,O
01/29/2026,PHI,Tyrese Maxey,37.36529922,26.5,28.68629265,1.902613521,0.660417259,1,O
01/29/2026,PHI,Paul George,32.57761765,14.5,16.80778885,1.932690382,0.563206553,1,O
01/29/2026,PHI,Kelly Oubre Jr.,34.03205872,11.5,14.63023853,3.167319775,0.652991414,1,O
01/29/2026,PHI,Joel Embiid,33.54257202,26.5,29.01817894,1.740540624,0.685181916,1,O
01/29/2026,OKC,Shai Gilgeous-Alexander,36.46656036,32.5,33.00468826,2.861444473,0.609750152,1,O
01/29/2026,OKC,Luguentz Dort,32.35287857,9.5,9.863847733,2.167576075,0.628118455,1,O
01/29/2026,MIN,Naz Reid,25.60080338,12.5,13.11617374,1.635524869,0.611997604,1,O
01/29/2026,MIN,Julius Randle,33.17525101,18.5,19.76311111,1.028651118,0.565649152,1,O
01/29/2026,MIN,Jaden McDaniels,31.92111588,12.5,13.10729694,1.703484416,0.598379314,1,O
01/29/2026,MIN,Anthony Edwards,36.9753418,25.5,27.25649452,1.774201274,0.690462232,1,O
01/29/2026,MIL,Myles Turner,30.51328087,14.5,16.14229774,0.028136821,0.584654808,1,O
01/29/2026,MIL,Cole Anthony,19.39269638,8.5,8.766709328,0.5171718,0.512985408,1,O
01/29/2026,MIA,Kasparas Jakucionis,24.11962509,5.5,7.037665844,0.45289728,0.514022231,1,O
01/29/2026,MIA,Bam Adebayo,33.94630051,19.5,20.41348076,2.487546682,0.594216824,1,O
01/29/2026,MIA,Andrew Wiggins,31.52882957,15.5,17.03987503,1.692021966,0.505320251,1,O
01/29/2026,HOU,Reed Sheppard,23.59867287,12.5,12.73920727,1.048506379,0.540795684,1,O
01/29/2026,HOU,Kevin Durant,38.61367035,25.5,30.7309761,2.856693268,0.563838184,1,O
01/29/2026,HOU,Josh Okogie,27.07710457,6.5,6.779051304,1.494623065,0.519299328,1,O
01/29/2026,HOU,Jabari Smith Jr.,36.08661652,14.5,14.75708199,1.458726406,0.657950222,1,O
01/29/2026,HOU,Amen Thompson,37.79049301,16.5,18.49006081,1.400625229,0.654499829,1,O
01/29/2026,DET,Tobias Harris,29.58402634,12.5,13.39224243,1.724779129,0.556830585,1,O
01/29/2026,DET,Jaden Ivey,16.51138496,7.5,7.956087589,0.338832945,0.528095603,1,O
01/29/2026,DET,Isaiah Stewart,21.91733742,7.5,8.495656013,1.177509785,0.507310331,1,O
01/29/2026,DET,Duncan Robinson,27.64134216,9.5,10.80481529,3.362578154,0.757138073,1,O
01/29/2026,DEN,Zeke Nnaji,19.05677795,5.5,5.795119762,0.644218624,0.579263151,1,O
01/29/2026,DEN,Tim Hardaway Jr.,27.39828491,13.5,14.88105202,0.619304836,0.584717691,1,O
01/29/2026,DEN,Jalen Pickett,28.92588043,7.5,9.212799072,1.536537647,0.614871323,1,O
01/29/2026,DAL,Naji Marshall,29.20569992,16.5,18.09199333,2.11508894,0.753748417,1,O
01/29/2026,DAL,Max Christie,32.03902435,14.5,15.72096539,3.411204576,0.630879581,1,O
01/29/2026,DAL,Klay Thompson,19.72663498,10.5,11.38451481,0.180851579,0.631794095,1,O
01/29/2026,DAL,Cooper Flagg,31.84992981,19.5,20.12524986,1.700449228,0.538633168,1,O
01/29/2026,CHO,LaMelo Ball,27.35914421,16.5,18.77213669,1.025588512,0.530786037,1,O
01/29/2026,CHO,Collin Sexton,18.1392765,11.5,12.2336092,2.171030521,0.652269959,1,O
01/29/2026,CHO,Brandon Miller,31.24188805,20.5,20.69600868,0.906943858,0.524961352,1,O
01/29/2026,CHI,Jalen Smith,29.39697647,12.5,13.88603878,1.491952419,0.566640735,1,O
01/29/2026,CHI,Coby White,32.6524353,20.5,21.50157738,1.30061233,0.515890002,1,O
01/29/2026,CHI,Ayo Dosunmu,26.14229393,13.5,16.52053833,1.64326489,0.587842882,1,O
01/29/2026,BRK,Day'Ron Sharpe,19.20129585,7.5,8.151483536,1.405260921,0.507273495,1,O
01/29/2026,ATL,Vit Krejci,26.53908157,6.5,7.931934834,3.665090799,0.744481146,1,O
01/29/2026,ATL,Nickeil Alexander-Walker,34.35974884,20.5,20.81412506,2.52567029,0.617165744,1,O
01/29/2026,WAS,Tre Johnson,30.97349358,17.5,15.22344208,1.416048408,0.676176608,1,-
01/29/2026,WAS,Kyshawn George,31.75953102,16.5,16.31114769,0.376107007,0.538254559,1,-
01/29/2026,WAS,Justin Champagnie,22.10980034,7.5,7.279621124,1.147933006,0.667218149,1,-
01/29/2026,WAS,Bilal Coulibaly,27.29061699,9.5,9.024959564,0.835688174,0.654448032,1,-
01/29/2026,SAC,Russell Westbrook,27.55421257,14.5,13.95726204,3.043905735,0.628032804,1,-
01/29/2026,SAC,Precious Achiuwa,26.14180946,7.5,7.382320404,4.02158308,0.777391315,1,-
01/29/2026,SAC,Maxime Raynaud,19.6798954,6.5,6.764136791,-1.085753441,0.399541885,0,-
01/29/2026,SAC,Domantas Sabonis,32.57216263,17.5,15.2786808,2.442940712,0.561787188,1,-
01/29/2026,SAC,Dennis Schroder,30.91415024,14.5,12.22753525,3.923610926,0.641725242,1,-
01/29/2026,PHO,Royce O'Neale,30.203722,9.5,9.885854721,-0.802899837,0.622808278,1,-
01/29/2026,PHO,Oso Ighodaro,20.4965992,5.5,5.545910835,-0.027773909,0.469283611,0,-
01/29/2026,PHO,Grayson Allen,32.11453247,18.5,17.05504417,0.752709627,0.453450173,0,-
01/29/2026,PHO,Dillon Brooks,32.8287735,21.5,20.01512337,0.5695315,0.555974603,1,-
01/29/2026,PHO,Collin Gillespie,29.90565681,14.5,14.28673553,-1.137728572,0.523114562,1,-
01/29/2026,PHI,Quentin Grimes,24.79128265,7.5,9.177062035,-1.166725159,0.471654505,0,-
01/29/2026,OKC,Isaiah Joe,22.4796772,9.5,9.894601822,-1.546997786,0.331433028,0,-
01/29/2026,OKC,Chet Holmgren,31.75009537,18.5,18.23964691,0.55484724,0.587963641,1,-
01/29/2026,MIN,Rudy Gobert,30.61277962,8.5,9.496190071,0.081146121,0.409686327,0,-
01/29/2026,MIN,Donte DiVincenzo,31.56774139,12.5,13.08413124,-0.963920951,0.516160309,1,-
01/29/2026,MIL,Ryan Rollins,32.96155167,22.5,17.984272,0.344341874,0.50557065,1,-
01/29/2026,MIL,Kyle Kuzma,30.53303146,15.5,14.50842094,0.485268861,0.344628453,0,-
01/29/2026,MIL,Gary Trent Jr.,19.38131332,8.5,7.105974197,0.24437584,0.525954485,1,-
01/29/2026,MIL,Bobby Portis,31.05066109,18.5,17.14242554,4.665754795,0.71798408,1,-
01/29/2026,MIA,Simone Fontecchio,20.27874374,8.5,10.32801151,0.395774126,0.461387426,0,-
01/29/2026,MIA,Pelle Larsson,28.73952103,11.5,12.34061813,0.904849052,0.414399207,0,-
01/29/2026,MIA,Norman Powell,31.16209984,21.5,23.09482384,0.551129878,0.266412348,0,-
01/29/2026,MIA,Nikola Jovic,22.25435638,8.5,10.67497063,1.109777331,0.493634671,0,-
01/29/2026,MIA,Jaime Jaquez Jr.,29.31038094,14.5,14.71200371,1.380329728,0.48555091,0,-
01/29/2026,HOU,Alperen Sengun,34.89052582,20.5,22.39618111,-0.267268956,0.583675086,1,-
01/29/2026,DET,Jalen Duren,28.36784172,16.5,16.0442276,-1.30493021,0.527417421,1,-
01/29/2026,DET,Ausar Thompson,25.45143127,9.5,9.649168015,0.802989602,0.475244761,0,-
01/29/2026,DEN,Peyton Watson,34.69596863,18.5,19.6971302,0.398355484,0.463185608,0,-
01/29/2026,DEN,Jamal Murray,36.25488281,24.5,26.60779381,-0.040785313,0.51141727,1,-
01/29/2026,DEN,Bruce Brown,23.27519035,7.5,7.84431076,-1.073971033,0.369050026,0,-
01/29/2026,DAL,Caleb Martin,25.06509209,6.5,6.393274784,0.869054914,0.62708807,1,-
01/29/2026,DAL,Brandon Williams,22.9374733,14.5,13.79098034,-0.868608832,0.619136572,1,-
01/29/2026,CHO,Ryan Kalkbrenner,19.51075554,7.5,7.763903618,-0.086899035,0.511246204,1,-
01/29/2026,CHO,Moussa Diabate,28.53654861,9.5,8.407016754,-0.182762101,0.613952875,1,-
01/29/2026,CHO,Kon Knueppel,30.10988426,17.5,17.37776947,2.320930004,0.636519313,1,-
01/29/2026,CHI,Patrick Williams,18.72926331,6.5,6.428345203,1.582507849,0.567321301,1,-
01/29/2026,CHI,Nikola Vucevic,32.65541458,17.5,18.23618698,1.991924286,0.487032533,0,-
01/29/2026,CHI,Matas Buzelis,29.14595222,15.5,16.20846176,-0.169599235,0.598062158,1,-
01/29/2026,CHI,Kevin Huerter,22.76790428,10.5,8.997751236,0.957736671,0.499076396,0,-
01/29/2026,CHI,Isaac Okoro,26.73520088,8.5,8.215856552,2.291347265,0.676523626,1,-
01/29/2026,BRK,Terance Mann,25.33039474,8.5,7.013157368,-1.085113764,0.549031913,1,-
01/29/2026,BRK,Michael Porter Jr.,33.7023468,26.5,24.42128944,0.318989336,0.642843306,1,-
01/29/2026,BRK,Danny Wolf,25.70153809,9.5,9.141410828,0.620445609,0.472509891,0,-
01/29/2026,ATL,Luke Kennard,23.34579277,9.5,9.569058418,0.327168822,0.466406912,0,-
01/29/2026,ATL,Jalen Johnson,31.06353188,22.5,22.56355095,-3.728604078,0.213394061,0,-
01/29/2026,ATL,Dyson Daniels,35.63279343,13.5,12.50094986,0.888716161,0.345814049,0,-
01/30/2026,WAS,Kyshawn George,31.97850418,18.5,18.50419235,6.290037155,0.693010867,1,O
01/30/2026,UTA,Svi Mykhailiuk,26.52424622,7.5,8.797325134,5.058945179,0.848181665,1,O
01/30/2026,UTA,Kyle Anderson,22.91001701,6.5,7.565824986,4.48596096,0.67669642,1,O
01/30/2026,UTA,Keyonte George,34.80531693,24.5,24.73429871,6.198171616,0.674404621,1,O
01/30/2026,UTA,Isaiah Collier,26.13715744,8.5,11.48138618,5.08217907,0.770723343,1,O
01/30/2026,UTA,Cody Williams,26.6190033,8.5,9.090653419,4.023133278,0.68690455,1,O
01/30/2026,UTA,Brice Sensabaugh,24.12161827,16.5,17.15641594,5.394943714,0.825763345,1,O
01/30/2026,TOR,Scottie Barnes,33.71633911,17.5,17.63066101,4.314595699,0.675477266,1,O
01/30/2026,TOR,Sandro Mamukelashvili,23.39408684,10.5,11.88290119,5.592606544,0.831334889,1,O
01/30/2026,TOR,RJ Barrett,28.02567482,15.5,16.73797798,7.166143894,0.790733039,1,O
01/30/2026,TOR,Jamal Shead,22.553339,5.5,6.210566521,6.187745571,0.814688385,1,O
01/30/2026,SAC,Zach LaVine,33.87197876,16.5,19.04989624,2.260861397,0.524254322,1,O
01/30/2026,SAC,Precious Achiuwa,27.65566254,6.5,8.067211151,5.533418179,0.859159946,1,O
01/30/2026,SAC,Dennis Schroder,30.58916473,13.5,14.36048603,5.051171303,0.726525545,1,O
01/30/2026,SAC,DeMar DeRozan,35.33297729,17.5,21.30525398,2.965932131,0.678352237,1,O
01/30/2026,POR,Toumani Camara,34.56398392,12.5,13.2341032,2.317893028,0.588965178,1,O
01/30/2026,POR,Jrue Holiday,29.14311218,11.5,13.45998764,6.968239307,0.78121531,1,O
01/30/2026,POR,Jerami Grant,26.91748619,13.5,15.10046577,6.369853497,0.663333118,1,O
01/30/2026,POR,Donovan Clingan,28.32406616,9.5,11.39094543,5.754275322,0.765865326,1,O
01/30/2026,POR,Deni Avdija,33.05767059,21.5,23.52610779,3.464076996,0.628141522,1,O
01/30/2026,PHO,Royce O'Neale,30.68558502,8.5,10.54446697,5.657921314,0.753777385,1,O
01/30/2026,PHO,Mark Williams,27.05538368,9.5,13.43685627,8.397332191,0.935531497,1,O
01/30/2026,PHO,Jordan Goodwin,21.96524811,7.5,7.516631603,7.340230942,0.819598317,1,O
01/30/2026,PHO,Grayson Allen,32.2526474,18.5,18.80288124,6.095379829,0.694661975,1,O
01/30/2026,PHO,Dillon Brooks,33.02911758,21.5,21.55677605,7.085103035,0.755561411,1,O
01/30/2026,PHO,Collin Gillespie,29.73114586,13.5,15.23442936,6.01333046,0.830867946,1,O
01/30/2026,ORL,Wendell Carter Jr.,30.98454475,10.5,12.02625179,6.073407173,0.926091015,1,O
01/30/2026,ORL,Paolo Banchero,37.01159668,23.5,23.9351902,2.903019905,0.648665249,1,O
01/30/2026,ORL,Anthony Black,34.88917542,16.5,17.59529305,5.439940929,0.968194127,1,O
01/30/2026,NYK,OG Anunoby,34.75895691,15.5,16.4024353,5.370915413,0.700381398,1,O
01/30/2026,NYK,Mikal Bridges,35.18767548,14.5,15.88321972,5.349455833,0.728455365,1,O
01/30/2026,NYK,Landry Shamet,19.72789192,7.5,8.56415081,7.54853487,0.860146523,1,O
01/30/2026,NYK,Josh Hart,34.81581116,12.5,13.04332352,4.837021828,0.720747054,1,O
01/30/2026,NOP,Zion Williamson,30.53944397,22.5,22.87208176,5.796753883,0.779796362,1,O
01/30/2026,NOP,Yves Missi,21.58790779,6.5,7.281295776,6.741341114,0.798106611,1,O
01/30/2026,NOP,Saddiq Bey,31.56708908,16.5,19.55926514,8.299032211,0.849964619,1,O
01/30/2026,NOP,Jose Alvarado,19.5514431,5.5,6.694466591,6.385841846,0.804432333,1,O
01/30/2026,NOP,Jeremiah Fears,21.50502586,9.5,10.74712658,6.279273033,0.928776979,1,O
01/30/2026,NOP,Derik Queen,27.62798119,10.5,11.35772133,5.554242611,0.761937082,1,O
01/30/2026,MEM,Cedric Coward,27.65921402,14.5,15.34387493,4.78143549,0.600169182,1,O
01/30/2026,LAL,Rui Hachimura,24.24950218,11.5,11.57916451,5.361816406,0.923371613,1,O
01/30/2026,LAL,Marcus Smart,29.91243744,9.5,10.42631626,4.939386845,0.905401766,1,O
01/30/2026,LAL,Jake LaRavia,31.16144562,9.5,10.60170937,4.821525574,0.767164528,1,O
01/30/2026,LAL,Austin Reaves,23.53395081,15.5,18.24832344,3.492350578,0.714750111,1,O
01/30/2026,LAC,Nicolas Batum,19.38695145,3.5,4.15890789,7.134922981,0.981819451,1,O
01/30/2026,LAC,Kris Dunn,28.71554756,7.5,7.657454014,5.03584528,0.887319148,1,O
01/30/2026,LAC,Kawhi Leonard,32.65472794,23.5,26.64221954,6.549019814,0.904007256,1,O
01/30/2026,LAC,John Collins,29.86717033,12.5,14.35139942,7.366765976,0.920874655,1,O
01/30/2026,LAC,James Harden,36.80831909,22.5,23.93322945,3.164152622,0.558642507,1,O
01/30/2026,LAC,Ivica Zubac,31.89497566,13.5,13.99272156,5.204684258,0.72707504,1,O
01/30/2026,LAC,Brook Lopez,17.1398468,5.5,6.390745163,6.833175659,0.774982333,1,O
01/30/2026,GSW,Moses Moody,27.60579491,11.5,11.80399418,7.566993713,0.830958188,1,O
01/30/2026,GSW,Gui Santos,17.94421005,5.5,6.207501411,7.438287258,0.752604485,1,O
01/30/2026,GSW,Buddy Hield,19.69563866,7.5,8.174684525,5.659542084,0.718596995,1,O
01/30/2026,GSW,Brandin Podziemski,30.70542717,12.5,13.24915981,6.528526306,0.739710271,1,O
01/30/2026,GSW,Al Horford,26.87992859,7.5,8.12122345,5.163089275,0.677094102,1,O
01/30/2026,DET,Tobias Harris,31.18533707,12.5,13.73734379,6.821212292,0.819322288,1,O
01/30/2026,DET,Jalen Duren,29.23314095,16.5,16.78231049,5.478652954,0.732223332,1,O
01/30/2026,DET,Isaiah Stewart,21.84267044,7.5,9.613844872,5.997369766,0.668182373,1,O
01/30/2026,DET,Duncan Robinson,28.52332497,9.5,11.37452888,6.486090183,0.816302776,1,O
01/30/2026,DET,Ausar Thompson,26.5065136,8.5,9.093986511,3.713975668,0.71352154,1,O
01/30/2026,DEN,Tim Hardaway Jr.,27.0585537,11.5,13.0119133,4.641494274,0.767626822,1,O
01/30/2026,DEN,Peyton Watson,34.67193222,13.5,18.22846222,4.29975605,0.632282197,1,O
01/30/2026,DEN,Nikola Jokic,32.70972061,21.5,27.9547863,4.515259743,0.608786106,1,O
01/30/2026,DEN,Jonas Valanciunas,18.01953506,10.5,10.69097424,5.03313446,0.806703269,1,O
01/30/2026,DEN,Jamal Murray,37.27132797,23.5,25.60453415,5.025732994,0.693265915,1,O
01/30/2026,DEN,Jalen Pickett,27.39570808,6.5,7.582084656,6.440421581,0.841676056,1,O
01/30/2026,DEN,Bruce Brown,23.89858437,6.5,8.733428955,5.071099758,0.616482258,1,O
01/30/2026,CLE,Sam Merrill,26.18404198,10.5,12.51089001,5.355255127,0.756430864,1,O
01/30/2026,CLE,Dean Wade,27.51397705,5.5,7.583256721,5.432941437,0.691391945,1,O
01/30/2026,CLE,De'Andre Hunter,21.86751556,11.5,11.5892458,3.346170425,0.661367178,1,O
01/30/2026,BRK,Nolan Traore,28.16625023,8.5,11.58272076,6.915338516,0.838024616,1,O
01/30/2026,BOS,Sam Hauser,28.77161598,11.5,13.5924263,6.074929237,0.846489489,1,O
01/30/2026,BOS,Baylor Scheierman,25.17473412,5.5,6.074786186,5.989512444,0.730744302,1,O
01/30/2026,WAS,Will Riley,18.34981537,9.5,6.52923727,5.628473759,0.810176373,1,-
01/30/2026,WAS,Justin Champagnie,29.85178185,11.5,10.9676218,5.457558155,0.905624747,1,-
01/30/2026,WAS,Bilal Coulibaly,27.2823925,10.5,8.573882103,3.440143108,0.654866874,1,-
01/30/2026,UTA,Kyle Filipowski,27.43704224,14.5,11.58804417,3.813177586,0.748403609,1,-
01/30/2026,UTA,Ace Bailey,29.95906258,15.5,14.84369946,1.981797218,0.68250984,1,-
01/30/2026,TOR,Immanuel Quickley,32.49168396,16.5,15.84873676,5.484797955,0.736672163,1,-
01/30/2026,TOR,Collin Murray-Boyles,28.03183556,8.5,7.732458115,5.524338722,0.724096417,1,-
01/30/2026,TOR,Brandon Ingram,34.76680374,20.5,21.55963898,3.336845875,0.493485212,0,-
01/30/2026,SAC,Nique Clifford,22.24769783,7.5,7.184520245,6.067028999,0.725942135,1,-
01/30/2026,SAC,Maxime Raynaud,26.41832542,9.5,8.650476456,3.975123644,0.60572964,1,-
01/30/2026,SAC,Malik Monk,24.59316254,13.5,13.34076405,6.373893738,0.895460904,1,-
01/30/2026,POR,Shaedon Sharpe,32.96747971,21.5,20.78699684,3.677014351,0.621464968,1,-
01/30/2026,PHO,Oso Ighodaro,20.86124229,6.5,5.649044037,6.82212162,0.79897958,1,-
01/30/2026,PHO,Jalen Green,15.55522346,13.5,5.48582983,6.277397633,0.796908915,1,-
01/30/2026,ORL,Jalen Suggs,27.25374031,14.5,14.14583492,4.928521156,0.88307184,1,-
01/30/2026,ORL,Desmond Bane,35.47879791,19.5,18.66528511,4.114722252,0.704053581,1,-
01/30/2026,NYK,Mitchell Robinson,19.31269073,5.5,5.124327183,6.772665977,0.851836562,1,-
01/30/2026,NYK,Karl-Anthony Towns,30.89109993,19.5,17.40032005,5.547746181,0.808431447,1,-
01/30/2026,NYK,Jalen Brunson,34.57962036,26.5,25.88162231,2.903353214,0.621262491,1,-
01/30/2026,NOP,Trey Murphy III,35.75583267,23.5,22.7013588,7.359197617,0.660891593,1,-
01/30/2026,NOP,Herbert Jones,29.01941299,9.5,8.39865303,6.088568211,0.78695178,1,-
01/30/2026,MEM,Vince Williams Jr.,19.76027107,7.5,7.494363308,3.811248064,0.542979479,1,-
01/30/2026,MEM,Kentavious Caldwell-Pope,20.27321434,8.5,8.005972862,4.246211529,0.794026256,1,-
01/30/2026,MEM,Jock Landale,26.42557526,14.5,14.42996883,5.646531582,0.733843267,1,-
01/30/2026,MEM,Jaylen Wells,27.31459045,12.5,11.66819286,5.5769701,0.791778147,1,-
01/30/2026,MEM,Jaren Jackson Jr.,31.80437469,22.5,21.62619591,4.357820988,0.68390429,1,-
01/30/2026,MEM,Cam Spencer,29.05784798,12.5,11.66633606,6.892330647,0.799143255,1,-
01/30/2026,LAL,Luka Doncic,36.19384003,34.5,32.4223671,4.140758038,0.738389313,1,-
01/30/2026,LAL,LeBron James,33.56041336,22.5,21.29658508,6.319898605,0.860823572,1,-
01/30/2026,LAL,Jaxson Hayes,17.38128662,6.5,6.023226261,7.228004932,0.980723977,1,-
01/30/2026,LAL,Deandre Ayton,27.37669373,11.5,10.85928917,5.83056736,0.759653211,1,-
01/30/2026,GSW,Stephen Curry,32.74821091,28.5,27.69962311,5.19138813,0.811411023,1,-
01/30/2026,GSW,Quinten Post,17.36469269,7.5,6.931595325,6.751920223,0.881834686,1,-
01/30/2026,GSW,Draymond Green,28.29447746,7.5,7.133057594,4.627862453,0.701943398,1,-
01/30/2026,GSW,De'Anthony Melton,21.81299973,12.5,12.46252918,6.36728096,0.794689476,1,-
01/30/2026,DET,Cade Cunningham,35.99289322,24.5,24.16350365,0.580399811,0.679718494,1,-
01/30/2026,CLE,Jaylon Tyson,30.75289345,16.5,16.31813622,5.793149471,0.82661581,1,-
01/30/2026,CLE,Jarrett Allen,29.79687691,15.5,13.20933914,3.00048542,0.532393098,1,-
01/30/2026,CLE,Donovan Mitchell,34.1909523,30.5,28.58046341,1.202805519,0.500209153,1,-
01/30/2026,CLE,Craig Porter Jr.,18.99451637,5.5,4.70161581,5.138471127,0.676588833,1,-
01/30/2026,BRK,Terance Mann,27.68522453,9.5,8.980639458,5.424368382,0.70622915,1,-
01/30/2026,BRK,Drake Powell,19.89334488,8.5,6.475364685,6.258141041,0.776250362,1,-
01/30/2026,BRK,Day'Ron Sharpe,19.86686516,9.5,9.118819237,6.88667202,0.818232298,1,-
01/30/2026,BRK,Danny Wolf,26.5493412,13.5,11.98222637,6.943639278,0.848642468,1,-
01/30/2026,BOS,Payton Pritchard,33.04321671,22.5,18.4404335,6.020467281,0.649693429,1,-
01/30/2026,BOS,Neemias Queta,25.48683357,11.5,9.022171021,4.5141325,0.848917723,1,-
01/30/2026,BOS,Luka Garza,17.04090309,9.5,9.107725143,6.653809547,0.808212399,1,-
01/30/2026,BOS,Derrick White,34.77045059,22.5,17.58729172,2.265066624,0.458628088,0,-
01/30/2026,BOS,Anfernee Simons,25.22364998,16.5,15.63935184,5.064575195,0.702129662,1,-
01/31/2026,SAS,Keldon Johnson,24.62158585,11.5,14.43799496,9.708273888,0.963514686,1,O
01/31/2026,SAS,Julian Champagnie,29.47879791,9.5,12.57061195,7.696996212,0.809709191,1,O
01/31/2026,SAS,Harrison Barnes,22.9963398,6.5,7.967736721,5.20015955,0.710798383,1,O
01/31/2026,SAS,Dylan Harper,20.70075798,8.5,9.781564713,7.781830311,0.87850517,1,O
01/31/2026,SAS,Devin Vassell,29.99711037,10.5,13.64236641,7.576422215,0.766245484,1,O
01/31/2026,SAS,De'Aaron Fox,32.48780441,17.5,18.15820122,4.475543499,0.66315192,1,O
01/31/2026,PHI,VJ Edgecombe,34.80463409,13.5,14.35298252,4.102051258,0.624269366,1,O
01/31/2026,PHI,Tyrese Maxey,38.10631943,27.5,27.93120956,4.143431664,0.670871794,1,O
01/31/2026,PHI,Quentin Grimes,25.87026596,10.5,10.68803787,4.661988258,0.593723297,1,O
01/31/2026,PHI,Paul George,27.55029488,15.5,15.98066235,5.872289658,0.644144773,1,O
01/31/2026,PHI,Jared McCain,19.77859688,6.5,7.586814404,6.531302452,0.764951587,1,O
01/31/2026,NOP,Trey Murphy III,36.29769516,20.5,22.5691967,7.297969818,0.700929463,1,O
01/31/2026,NOP,Saddiq Bey,32.31737518,15.5,17.82403564,6.875349522,0.871779978,1,O
01/31/2026,NOP,Karlo Matkovic,15.18849659,4.5,5.115485668,7.745575428,0.861708343,1,O
01/31/2026,NOP,Jose Alvarado,20.72039795,6.5,7.88850975,7.898919582,0.889177799,1,O
01/31/2026,NOP,Jeremiah Fears,21.32886696,9.5,10.42927647,6.997938156,0.951034427,1,O
01/31/2026,NOP,Herbert Jones,30.16415405,8.5,9.318172455,6.319188595,0.861798823,1,O
01/31/2026,NOP,Derik Queen,27.88338089,10.5,12.43474007,6.985533714,0.911087215,1,O
01/31/2026,MIN,Rudy Gobert,31.42411423,10.5,11.13560295,3.393312216,0.71628505,1,O
01/31/2026,MIN,Naz Reid,25.89770126,13.5,14.6106081,5.576792717,0.784830809,1,O
01/31/2026,MIN,Julius Randle,32.72369003,20.5,21.20425606,3.496423006,0.653077424,1,O
01/31/2026,MIN,Jaden McDaniels,32.40080261,13.5,13.88204575,4.217906475,0.68690753,1,O
01/31/2026,MIN,Anthony Edwards,36.56642914,28.5,29.78219604,5.630099773,0.718086541,1,O
01/31/2026,MIA,Pelle Larsson,29.19861794,12.5,12.56428909,5.307585239,0.727063775,1,O
01/31/2026,MEM,Vince Williams Jr.,25.58901024,8.5,9.018766403,3.263165712,0.509942293,1,O
01/31/2026,MEM,Ty Jerome,25.04957199,8.5,9.105545044,7.558966637,0.927840114,1,O
01/31/2026,MEM,Santi Aldama,25.39543533,13.5,13.76073933,3.473727942,0.640461922,1,O
01/31/2026,MEM,Cedric Coward,28.82404709,14.5,15.12797928,3.294828892,0.651404798,1,O
01/31/2026,IND,T.J. McConnell,17.68919373,8.5,9.704421997,7.927395344,0.988995552,1,O
01/31/2026,IND,Jarace Walker,27.59095955,10.5,12.21232986,6.633950233,0.817229867,1,O
01/31/2026,IND,Aaron Nesmith,30.68448067,12.5,13.4262619,1.926065564,0.6963346,1,O
01/31/2026,HOU,Tari Eason,27.57520866,12.5,13.24062252,6.871112823,0.950642407,1,O
01/31/2026,HOU,Reed Sheppard,23.5395546,11.5,12.09205532,6.750053406,0.986873209,1,O
01/31/2026,HOU,Kevin Durant,37.85189438,25.5,27.65687943,5.713091373,0.79853338,1,O
01/31/2026,DAL,Max Christie,32.05654144,12.5,13.94941139,4.974164009,0.555583596,1,O
01/31/2026,DAL,Klay Thompson,21.22457886,9.5,9.972344398,7.309737206,0.893943787,1,O
01/31/2026,DAL,Brandon Williams,21.94707298,12.5,12.62299824,5.947226524,0.960113049,1,O
01/31/2026,CHO,Ryan Kalkbrenner,19.68762398,5.5,7.836299896,5.925370693,0.97078687,1,O
01/31/2026,CHO,Moussa Diabate,28.48879814,7.5,8.936828613,4.295332909,0.87374711,1,O
01/31/2026,CHO,Miles Bridges,31.65802002,15.5,15.6065712,1.746800423,0.681963921,1,O
01/31/2026,CHO,Collin Sexton,19.27397537,10.5,11.18019104,6.673346519,0.903506517,1,O
01/31/2026,CHO,Brandon Miller,30.77911377,19.5,19.51533127,5.951454639,0.76482141,1,O
01/31/2026,CHI,Isaac Okoro,29.65941429,10.5,10.83321285,7.458428383,0.772832394,1,O
01/31/2026,ATL,Zaccharie Risacher,25.26208305,9.5,11.92285538,5.449100018,0.738987505,1,O
01/31/2026,ATL,Mouhamed Gueye,23.6308651,6.5,6.71397543,6.614701271,0.746451557,1,O
01/31/2026,ATL,Luke Kennard,21.66967583,7.5,7.852591991,7.524353981,0.838715613,1,O
01/31/2026,ATL,Corey Kispert,20.30804062,8.5,8.754221916,7.829663754,0.850861669,1,O
01/31/2026,SAS,Victor Wembanyama,30.92210197,25.5,24.97559547,9.849785805,0.883425117,1,-
01/31/2026,SAS,Stephon Castle,31.64401817,16.5,16.22566414,3.812429428,0.663185239,1,-
01/31/2026,PHI,Kelly Oubre Jr.,34.62858963,14.5,14.25797558,5.457252979,0.741717696,1,-
01/31/2026,PHI,Joel Embiid,33.02848434,29.5,26.36990547,8.432799339,0.842719674,1,-
01/31/2026,NOP,Zion Williamson,31.49358177,21.5,20.86751747,6.094191551,0.803999484,1,-
01/31/2026,NOP,Yves Missi,21.5526886,6.5,6.041827202,8.297088623,0.918284535,1,-
01/31/2026,MIN,Mike Conley,16.39838982,5.5,3.500225544,6.452974796,0.725355685,1,-
01/31/2026,MIN,Donte DiVincenzo,31.63169098,13.5,12.91772175,3.762851477,0.606753647,1,-
01/31/2026,MIA,Simone Fontecchio,20.77502823,10.5,9.25612545,8.170729637,0.758678138,1,-
01/31/2026,MIA,Nikola Jovic,22.19978905,10.5,10.09390259,7.348846912,0.811792672,1,-
01/31/2026,MIA,Kasparas Jakucionis,25.74832535,6.5,6.114613533,6.096574783,0.735933065,1,-
01/31/2026,MIA,Jaime Jaquez Jr.,30.52913094,17.5,16.71598816,7.070934296,0.724728823,1,-
01/31/2026,MIA,Bam Adebayo,34.11950302,21.5,21.13774872,6.804540157,0.686798573,1,-
01/31/2026,MIA,Andrew Wiggins,32.35414124,17.5,16.38526535,3.903533936,0.583868921,1,-
01/31/2026,MEM,Kentavious Caldwell-Pope,21.37889671,8.5,8.333210945,4.202592373,0.800282359,1,-
01/31/2026,MEM,Jock Landale,27.32261276,15.5,13.58609295,5.218883038,0.689803183,1,-
01/31/2026,MEM,Jaylen Wells,28.36606026,12.5,12.03264904,5.897954464,0.776473343,1,-
01/31/2026,MEM,Jaren Jackson Jr.,28.22971916,20.5,19.06499672,4.7821455,0.702094138,1,-
01/31/2026,MEM,Cam Spencer,24.40037918,12.5,11.33671474,4.744863987,0.741190672,1,-
01/31/2026,IND,Pascal Siakam,33.30499268,23.5,23.39074898,6.402050495,0.821694374,1,-
01/31/2026,IND,Johnny Furphy,23.90870857,6.5,6.07413435,6.268814564,0.849381208,1,-
01/31/2026,IND,Jay Huff,16.99127579,6.5,5.893647671,6.611268044,0.845052481,1,-
01/31/2026,IND,Bennedict Mathurin,23.0390377,16.5,12.83004856,1.777902722,0.665586829,1,-
01/31/2026,IND,Andrew Nembhard,32.11710358,17.5,15.6672163,4.345989704,0.735071778,1,-
01/31/2026,HOU,Jabari Smith Jr.,35.52837372,13.5,13.09543133,4.225209236,0.643681586,1,-
01/31/2026,HOU,Clint Capela,13.29096317,4.5,3.97290802,7.05512476,0.911243737,1,-
01/31/2026,HOU,Amen Thompson,37.30477142,17.5,17.26695061,3.355679512,0.685448527,1,-
01/31/2026,HOU,Alperen Sengun,34.73007202,20.5,20.24489975,5.42637825,0.74259752,1,-
01/31/2026,DAL,P.J. Washington,32.17900467,13.5,13.39041519,3.427178144,0.54798919,1,-
01/31/2026,DAL,Naji Marshall,33.2763176,16.5,15.73663902,5.629179955,0.666870177,1,-
01/31/2026,DAL,Daniel Gafford,23.48065948,8.5,7.932839394,6.294340611,0.617339611,1,-
01/31/2026,DAL,Cooper Flagg,33.37073898,20.5,17.5642662,3.580070019,0.573471367,1,-
01/31/2026,CHO,LaMelo Ball,27.95317459,19.5,17.67580986,6.688597202,0.696589649,1,-
01/31/2026,CHO,Kon Knueppel,31.90583992,17.5,16.87535095,5.887150764,0.726936579,1,-
01/31/2026,CHI,Patrick Williams,30.07015991,11.5,11.02447033,6.065817833,0.735371649,1,-
01/31/2026,CHI,Matas Buzelis,32.11708069,20.5,17.33355331,7.026417255,0.784082115,1,-
01/31/2026,CHI,Kevin Huerter,33.07382584,15.5,11.64372253,5.657317638,0.728171647,1,-
01/31/2026,CHI,Julian Phillips,15.02934551,6.5,3.775498152,7.854734421,0.889771581,1,-
01/31/2026,CHI,Josh Giddey,26.9592247,18.5,16.09052086,4.50045681,0.776895523,1,-
01/31/2026,CHI,Jevon Carter,17.71220207,10.5,6.159857273,8.184292793,0.778547227,1,-
01/31/2026,CHI,Jalen Smith,24.66912651,13.5,13.20225239,7.998686314,0.902980208,1,-
01/31/2026,CHI,Dalen Terry,17.42482376,7.5,5.866221428,7.907576561,0.880560815,1,-
01/31/2026,CHI,Coby White,29.66308212,21.5,20.04692078,4.89631176,0.70089674,1,-
01/31/2026,CHI,Ayo Dosunmu,33.83129883,19.5,18.99414825,8.761548042,0.879250646,1,-
01/31/2026,ATL,Nickeil Alexander-Walker,32.9860611,19.5,18.48320198,7.869838238,0.746076345,1,-
01/31/2026,ATL,Jalen Johnson,35.60581207,23.5,21.75328064,3.689207554,0.560813487,1,-
01/31/2026,ATL,Dyson Daniels,34.43839645,12.5,11.78335094,5.707226753,0.574242651,1,-
01/31/2026,ATL,CJ McCollum,26.98134422,17.5,17.32673454,7.158762455,0.825484514,1,-
02/01/2026,UTA,Lauri Markkanen,35.57032013,24.5,24.82585144,4.492343426,0.729139864,1,O
02/01/2026,UTA,Jusuf Nurkic,28.36758423,11.5,13.59440804,7.67655611,0.937389195,1,O
02/01/2026,UTA,Cody Williams,25.65651512,7.5,7.758811951,6.918367386,0.778002501,1,O
02/01/2026,UTA,Ace Bailey,29.1779995,13.5,14.69108295,6.372028351,0.796090126,1,O
02/01/2026,TOR,Sandro Mamukelashvili,22.2804451,10.5,10.74424076,5.997862816,1.023997068,1,O
02/01/2026,TOR,Ja'Kobe Walter,19.64809227,6.5,7.228842258,6.563218594,0.810406744,1,O
02/01/2026,TOR,Brandon Ingram,34.17854691,22.5,23.82038116,4.204629421,0.66865021,1,O
02/01/2026,SAS,Victor Wembanyama,31.79280663,23.5,27.54032516,7.815766811,0.87832284,1,O
02/01/2026,SAS,Luke Kornet,20.67990112,5.5,6.146649837,6.053916454,0.865939975,1,O
02/01/2026,SAS,Keldon Johnson,23.97237968,11.5,13.69649982,6.692317486,0.943723083,1,O
02/01/2026,SAS,Julian Champagnie,30.01826096,11.5,11.89504623,6.11946249,0.782069504,1,O
02/01/2026,SAS,Harrison Barnes,28.93400192,8.5,9.073554993,3.956483126,0.620114625,1,O
02/01/2026,SAC,Precious Achiuwa,27.57892799,8.5,8.672564507,6.078409195,0.960568726,1,O
02/01/2026,SAC,Nique Clifford,29.14280128,10.5,10.72157001,7.038794994,0.862418294,1,O
02/01/2026,POR,Toumani Camara,33.65805054,13.5,13.54897213,4.374433517,0.752161503,1,O
02/01/2026,POR,Donovan Clingan,28.26937485,11.5,12.30212593,5.241792679,0.771792412,1,O
02/01/2026,POR,Deni Avdija,32.84241867,21.5,23.4121933,6.520871639,0.736749172,1,O
02/01/2026,PHO,Ryan Dunn,18.43514442,4.5,4.64559269,5.425415039,0.607618749,1,O
02/01/2026,PHO,Royce O'Neale,30.13259506,9.5,10.13156891,3.358909369,0.736811996,1,O
02/01/2026,PHO,Mark Williams,27.31005478,10.5,13.46905899,5.470913887,0.768467784,1,O
02/01/2026,PHO,Dillon Brooks,31.98224831,22.5,22.82290077,6.358478069,0.791242182,1,O
02/01/2026,ORL,Wendell Carter Jr.,31.27052307,11.5,12.52747631,3.02521944,0.722493947,1,O
02/01/2026,ORL,Jonathan Isaac,11.98241234,2.5,2.620213747,6.301978588,0.876531661,1,O
02/01/2026,ORL,Anthony Black,35.09679794,16.5,17.55130959,3.686181545,0.84442842,1,O
02/01/2026,OKC,Shai Gilgeous-Alexander,36.30622482,31.5,32.82775116,6.337366104,0.792540133,1,O
02/01/2026,OKC,Luguentz Dort,31.74670029,9.5,10.21745396,5.065720081,0.82434696,1,O
02/01/2026,OKC,Isaiah Joe,22.11437988,9.5,10.79390621,5.946145535,0.831344485,1,O
02/01/2026,OKC,Cason Wallace,28.38158035,7.5,7.788786411,4.196734905,0.687413454,1,O
02/01/2026,NYK,Mikal Bridges,35.31442261,15.5,15.71379185,4.556970596,0.567171276,1,O
02/01/2026,NYK,Landry Shamet,19.08083725,6.5,8.113513947,5.625797272,0.824555814,1,O
02/01/2026,NYK,Josh Hart,34.02474594,13.5,14.33086967,4.03181076,0.661253333,1,O
02/01/2026,MIL,Myles Turner,31.51389503,14.5,15.61286163,2.869151354,0.676840246,1,O
02/01/2026,MIL,Bobby Portis,31.39489746,17.5,17.79360771,2.896734476,0.780806601,1,O
02/01/2026,MIA,Pelle Larsson,28.65585136,12.5,12.90252972,4.574913979,0.704832315,1,O
02/01/2026,LAL,Jake LaRavia,29.98318672,8.5,8.818516731,5.53364563,0.722149253,1,O
02/01/2026,LAL,Deandre Ayton,28.06238747,10.5,11.64548969,6.068248272,0.671630979,1,O
02/01/2026,LAL,Austin Reaves,23.62747955,14.5,16.52372551,5.932901859,0.659593642,1,O
02/01/2026,DET,Tobias Harris,30.75458527,13.5,13.74302959,4.044223785,0.74780339,1,O
02/01/2026,DET,Jalen Duren,29.09807396,16.5,17.70047569,2.655584097,0.684877098,1,O
02/01/2026,DET,Jaden Ivey,16.98937225,7.5,7.83742094,5.423854351,0.92771709,1,O
02/01/2026,DET,Isaiah Stewart,22.00760651,8.5,9.110612869,4.857958317,0.797790408,1,O
02/01/2026,DET,Duncan Robinson,28.35996056,10.5,11.40404415,3.992161989,0.786669016,1,O
02/01/2026,DET,Cade Cunningham,35.11284256,22.5,23.61538696,0.317099154,0.667916656,1,O
02/01/2026,DEN,Tim Hardaway Jr.,27.50939751,12.5,14.46647549,4.499197483,0.906805158,1,O
02/01/2026,DEN,Peyton Watson,34.8052063,14.5,18.51006699,4.163280964,0.690663457,1,O
02/01/2026,DEN,Nikola Jokic,34.94963074,24.5,27.95407677,7.276399612,0.658519328,1,O
02/01/2026,DEN,Jonas Valanciunas,18.55623817,8.5,10.2648325,7.189580917,0.904988587,1,O
02/01/2026,DEN,Jamal Murray,37.60721207,21.5,23.78894615,3.92001605,0.685441017,1,O
02/01/2026,DEN,Bruce Brown,24.41024399,6.5,8.048700333,4.475093842,0.76803565,1,O
02/01/2026,CLE,Tyrese Proctor,15.20499802,5.5,6.165044785,8.043823242,0.83204329,1,O
02/01/2026,CLE,Thomas Bryant,15.07926559,6.5,6.99489975,7.53394413,0.796696782,1,O
02/01/2026,CLE,Sam Merrill,24.89383125,11.5,11.69479275,7.472179413,0.833559811,1,O
02/01/2026,CLE,Dean Wade,26.51849937,6.5,7.012938499,6.353168488,0.850010574,1,O
02/01/2026,CHI,Ayo Dosunmu,29.53892326,16.5,16.98318481,7.415850163,0.823459208,1,O
02/01/2026,BRK,Terance Mann,28.36977005,7.5,8.601317406,2.554069757,0.56983608,1,O
02/01/2026,BRK,Nolan Traore,28.65692329,8.5,10.12695503,4.275171757,0.598452449,1,O
02/01/2026,BRK,Michael Porter Jr.,28.21587181,23.5,25.0409584,5.269256115,0.826387942,1,O
02/01/2026,BRK,Drake Powell,20.10583115,5.5,5.792227745,4.569113731,0.663827538,1,O
02/01/2026,BRK,Day'Ron Sharpe,19.60980415,7.5,8.222139359,5.997546673,0.580674887,1,O
02/01/2026,BOS,Sam Hauser,28.76021767,10.5,11.84140778,5.972036839,0.799470901,1,O
02/01/2026,BOS,Neemias Queta,25.78904152,9.5,9.612410545,6.047355175,0.819754004,1,O
02/01/2026,BOS,Luka Garza,17.16280174,7.5,8.109057426,8.374878883,0.994955599,1,O
02/01/2026,WAS,Will Riley,18.27476692,9.5,7.17302227,5.665576458,0.792795241,1,-
02/01/2026,WAS,Kyshawn George,31.56739998,18.5,17.93257904,5.09245491,0.67840755,1,-
02/01/2026,WAS,Khris Middleton,25.76444435,13.5,11.93962097,6.181466103,0.822817147,1,-
02/01/2026,WAS,Justin Champagnie,21.7961216,9.5,7.684105873,4.470005989,0.711301029,1,-
02/01/2026,WAS,Bilal Coulibaly,27.81267929,10.5,9.05095768,3.72120738,0.615743577,1,-
02/01/2026,UTA,Svi Mykhailiuk,21.02073669,6.5,6.12419796,6.476168633,0.870030403,1,-
02/01/2026,UTA,Isaiah Collier,27.63875771,11.5,10.84963322,5.885614395,0.866435766,1,-
02/01/2026,UTA,Brice Sensabaugh,23.29170799,13.5,13.29976654,7.165219307,0.991399109,1,-
02/01/2026,TOR,Scottie Barnes,32.78042984,18.5,18.36222076,5.632704258,0.789019108,1,-
02/01/2026,TOR,RJ Barrett,28.63478661,18.5,18.29995918,7.247493267,0.833682835,1,-
02/01/2026,TOR,Jamal Shead,22.26762199,6.5,6.33817625,6.777811527,0.936245501,1,-
02/01/2026,TOR,Immanuel Quickley,31.76111794,17.5,17.00341606,3.452999592,0.759022236,1,-
02/01/2026,TOR,Collin Murray-Boyles,28.96160698,10.5,9.840146065,4.900620937,0.868521273,1,-
02/01/2026,SAS,Stephon Castle,32.3873024,16.5,14.99374866,2.726574898,0.606119335,1,-
02/01/2026,SAS,Dylan Harper,21.29053688,11.5,9.946000099,5.635053635,0.82052505,1,-
02/01/2026,SAS,Devin Vassell,25.69842529,12.5,11.80981159,5.100673676,0.697242796,1,-
02/01/2026,SAS,De'Aaron Fox,33.11154938,19.5,19.00420189,5.918262959,0.800282478,1,-
02/01/2026,SAC,Zach LaVine,32.47186279,21.5,19.1621933,6.046102047,0.653599501,1,-
02/01/2026,SAC,Russell Westbrook,26.48135757,16.5,16.07457161,8.447325706,0.943377972,1,-
02/01/2026,SAC,Maxime Raynaud,26.9329071,12.5,9.209814072,6.16246891,0.877744317,1,-
02/01/2026,SAC,Malik Monk,25.09350204,16.5,14.76136303,8.45402813,0.937839448,1,-
02/01/2026,SAC,Domantas Sabonis,26.29854965,18.5,14.32543945,8.08216095,0.843221426,1,-
02/01/2026,SAC,DeMar DeRozan,34.08251953,21.5,20.46814728,7.501407623,0.801997542,1,-
02/01/2026,POR,Shaedon Sharpe,32.65655136,24.5,23.19687843,5.605680466,0.841841221,1,-
02/01/2026,POR,Robert Williams,18.64669037,6.5,6.313779354,6.814275742,0.915566504,1,-
02/01/2026,POR,Jerami Grant,27.4516449,18.5,16.80949402,5.378526688,0.777644336,1,-
02/01/2026,PHO,Oso Ighodaro,20.4682312,5.5,5.130782604,5.496614933,0.796301007,1,-
02/01/2026,PHO,Jordan Goodwin,21.93249893,8.5,7.761293411,3.913985968,0.652498722,1,-
02/01/2026,PHO,Jalen Green,18.98598862,12.5,8.666423798,6.139604092,0.722910821,1,-
02/01/2026,PHO,Grayson Allen,32.55567932,18.5,17.3281498,4.469801903,0.701586604,1,-
02/01/2026,PHO,Collin Gillespie,28.41443825,14.5,14.01251316,4.303361416,0.874128163,1,-
02/01/2026,ORL,Paolo Banchero,36.82075119,22.5,23.00079346,0.827389121,0.369543999,0,-
02/01/2026,ORL,Jalen Suggs,28.20620728,15.5,14.63230896,4.352040291,0.729852259,1,-
02/01/2026,ORL,Desmond Bane,35.52257156,19.5,19.10651207,2.156924009,0.500505269,1,-
02/01/2026,OKC,Isaiah Hartenstein,19.48827171,8.5,8.164611816,7.275852203,0.893138051,1,-
02/01/2026,OKC,Chet Holmgren,31.00652885,18.5,17.72693062,4.806024075,0.849554896,1,-
02/01/2026,OKC,Aaron Wiggins,23.25021362,11.5,10.05995846,4.656439781,0.723274589,1,-
02/01/2026,NYK,Tyler Kolek,14.39483166,5.5,5.116167545,5.919332981,0.866604924,1,-
02/01/2026,NYK,OG Anunoby,34.42817688,17.5,16.08442497,3.981042147,0.663522959,1,-
02/01/2026,NYK,Mitchell Robinson,19.87368011,5.5,5.356835365,3.631403685,0.733503222,1,-
02/01/2026,NYK,Karl-Anthony Towns,31.52334213,18.5,17.35191536,3.226160049,0.695043147,1,-
02/01/2026,NYK,Jalen Brunson,34.97492981,26.5,24.20679092,2.492028236,0.504741549,1,-
02/01/2026,MIL,Ryan Rollins,33.01523209,17.5,17.18093109,0.865031958,0.533089519,1,-
02/01/2026,MIL,Kyle Kuzma,31.98020554,15.5,15.39083576,3.199740171,0.630120337,1,-
02/01/2026,MIL,Gary Trent Jr.,21.63370323,7.5,5.765442848,3.621950388,0.726591885,1,-
02/01/2026,MIL,Cole Anthony,19.56719971,8.5,7.936995983,5.805419922,0.792530596,1,-
02/01/2026,MIA,Simone Fontecchio,26.14892769,12.5,10.79336548,5.917533398,0.754638791,1,-
02/01/2026,MIA,Norman Powell,25.94202042,21.5,19.69143867,5.388216019,0.513855577,1,-
02/01/2026,MIA,Kasparas Jakucionis,18.83928871,4.5,3.885310173,7.07084465,0.774501324,1,-
02/01/2026,MIA,Jaime Jaquez Jr.,29.08312607,17.5,15.57701206,5.455133915,0.780597508,1,-
02/01/2026,MIA,Davion Mitchell,26.71198654,8.5,8.053421021,4.733665943,0.682728112,1,-
02/01/2026,MIA,Bam Adebayo,34.26325226,21.5,20.90312576,3.545110941,0.617514193,1,-
02/01/2026,MIA,Andrew Wiggins,32.47017288,16.5,15.75148773,3.31781292,0.608536065,1,-
02/01/2026,LAL,Rui Hachimura,23.42352104,11.5,9.827216148,5.585398197,0.821235895,1,-
02/01/2026,LAL,Marcus Smart,29.36346436,9.5,8.713807106,5.950251102,0.714277267,1,-
02/01/2026,LAL,Luka Doncic,36.37395477,33.5,30.67300224,3.702456713,0.648026645,1,-
02/01/2026,LAL,LeBron James,34.24956894,21.5,20.38346672,5.93615818,0.743245065,1,-
02/01/2026,LAL,Jaxson Hayes,16.41892815,5.5,5.479604244,7.71259737,0.879250705,1,-
02/01/2026,LAC,Nicolas Batum,19.32507896,4.5,3.810626268,3.918733835,0.90956527,1,-
02/01/2026,LAC,Kris Dunn,28.48224449,8.5,7.578463078,3.276896477,0.793831944,1,-
02/01/2026,LAC,Kawhi Leonard,32.66120529,25.5,24.89352989,6.047551632,0.65623486,1,-
02/01/2026,LAC,John Collins,29.6137886,14.5,14.30706024,4.97843647,0.804323733,1,-
02/01/2026,LAC,James Harden,29.1620121,23.5,21.74455833,0.539591789,0.590275466,1,-
02/01/2026,LAC,Ivica Zubac,30.98552895,13.5,13.26525021,1.792580009,0.561204612,1,-
02/01/2026,LAC,Brook Lopez,17.14314079,5.5,4.638688564,2.476270199,0.682563305,1,-
02/01/2026,LAC,Bogdan Bogdanovic,15.96392822,7.5,5.147062778,4.201991081,0.77523464,1,-
02/01/2026,DET,Ausar Thompson,26.51585579,10.5,9.527097702,2.078394651,0.59853673,1,-
02/01/2026,CLE,Jaylon Tyson,29.85540009,16.5,16.26774788,6.128725529,0.798750162,1,-
02/01/2026,CLE,Jarrett Allen,28.87244797,14.5,13.76654339,3.633141279,0.503665268,1,-
02/01/2026,CLE,Donovan Mitchell,33.28184128,30.5,29.95763588,1.56082058,0.535150886,1,-
02/01/2026,CLE,Craig Porter Jr.,18.27991295,5.5,4.837875366,6.547555447,0.766155005,1,-
02/01/2026,CHI,Nikola Vucevic,32.23387146,18.5,17.58742905,6.460543156,0.628672004,1,-
02/01/2026,CHI,Matas Buzelis,29.61319351,17.5,14.64299297,5.034941196,0.828420639,1,-
02/01/2026,CHI,Kevin Huerter,24.73865128,11.5,9.921414375,5.684608936,0.643196464,1,-
02/01/2026,CHI,Isaac Okoro,26.36492729,9.5,9.147698402,6.638953209,0.715448916,1,-
02/01/2026,CHI,Coby White,32.26462555,20.5,18.99674034,5.927106857,0.742113292,1,-
02/01/2026,BRK,Jalen Wilson,19.99874687,7.5,7.257567883,5.373009682,0.656427801,1,-
02/01/2026,BRK,Danny Wolf,27.30758095,11.5,9.898900986,3.576389074,0.703816772,1,-
02/01/2026,BOS,Payton Pritchard,32.6629982,16.5,15.99738026,4.86379528,0.680437326,1,-
02/01/2026,BOS,Jaylen Brown,35.49864578,28.5,27.92010307,4.765725613,0.758182883,1,-
02/01/2026,BOS,Derrick White,34.52714539,16.5,14.99358368,2.75991559,0.632047892,1,-
02/01/2026,BOS,Anfernee Simons,24.7795372,14.5,14.35610867,6.770486832,0.859703064,1,-
02/02/2026,PHI,VJ Edgecombe,36.04539871,13.5,13.89826965,3.623618841,0.782419562,1,O
02/02/2026,PHI,Tyrese Maxey,39.11147308,26.5,27.08491707,2.029513597,0.76871568,1,O
02/02/2026,PHI,Quentin Grimes,25.94195175,7.5,9.488494873,4.643375874,0.723334193,1,O
02/02/2026,PHI,Kelly Oubre Jr.,35.40267944,13.5,13.52557468,6.152348995,0.910036027,1,O
02/02/2026,PHI,Jared McCain,19.54839516,5.5,6.69571352,4.128956795,0.720344543,1,O
02/02/2026,NOP,Saddiq Bey,31.28268814,17.5,18.60614777,10.35821342,0.909569919,1,O
02/02/2026,NOP,Jose Alvarado,20.89009666,6.5,8.24145031,7.037696362,0.866648912,1,O
02/02/2026,NOP,Jeremiah Fears,20.68309212,9.5,9.653280258,7.405794144,0.86403656,1,O
02/02/2026,NOP,Herbert Jones,29.25759125,8.5,8.998905182,5.438952923,0.671241522,1,O
02/02/2026,NOP,Derik Queen,27.57358932,10.5,11.8969841,7.718373299,0.856417477,1,O
02/02/2026,MIN,Rudy Gobert,31.27015495,9.5,10.85429192,4.416679859,0.8252455,1,O
02/02/2026,MIN,Naz Reid,26.59419441,14.5,15.14945793,6.265824318,0.847635269,1,O
02/02/2026,MIN,Donte DiVincenzo,30.43516159,12.5,12.9506588,4.586609364,0.77203542,1,O
02/02/2026,MEM,Vince Williams Jr.,20.82297134,7.5,7.781674385,3.817208767,0.620396435,1,O
02/02/2026,MEM,Jaylen Wells,27.06770897,10.5,10.7910862,6.250704288,0.839520216,1,O
02/02/2026,MEM,Cedric Coward,27.12719727,12.5,12.83773613,5.666656494,0.652900398,1,O
02/02/2026,MEM,Cam Spencer,22.86330032,9.5,10.01195908,5.429739475,0.817121387,1,O
02/02/2026,IND,T.J. McConnell,17.61329079,7.5,8.932396889,6.51483345,0.767994702,1,O
02/02/2026,IND,Johnny Furphy,22.5314579,4.5,5.741809845,4.888924122,0.710276246,1,O
02/02/2026,IND,Jay Huff,24.38760567,8.5,9.147313118,7.951785088,0.754664063,1,O
02/02/2026,IND,Jarace Walker,22.04295349,8.5,9.658283234,7.608948708,0.835123301,1,O
02/02/2026,IND,Aaron Nesmith,31.40578651,12.5,12.87100124,3.035535574,0.556280494,1,O
02/02/2026,HOU,Tari Eason,29.42187309,14.5,14.61535072,6.66790247,0.776268065,1,O
02/02/2026,HOU,Jabari Smith Jr.,35.76821518,15.5,15.59534168,3.975923061,0.71247673,1,O
02/02/2026,HOU,Amen Thompson,37.66094208,18.5,19.11338997,3.221481085,0.713052273,1,O
02/02/2026,HOU,Alperen Sengun,35.16627121,22.5,22.77458382,4.380371094,0.763582528,1,O
02/02/2026,CHO,Ryan Kalkbrenner,17.98655701,5.5,7.669546604,8.121723175,0.892718852,1,O
02/02/2026,CHO,Miles Bridges,31.37911415,16.5,17.26074982,3.96880126,0.570593536,1,O
02/02/2026,CHO,Kon Knueppel,31.80177307,17.5,18.25155067,6.665692806,0.787372291,1,O
02/02/2026,CHO,Grant Williams,18.75829506,5.5,6.002045631,7.861036777,0.802765012,1,O
02/02/2026,CHO,Collin Sexton,19.02223015,11.5,12.72689819,9.447429657,0.922507465,1,O
02/02/2026,PHI,Joel Embiid,34.26422882,29.5,28.29776955,7.348465443,1.000264287,1,-
02/02/2026,NOP,Zion Williamson,30.66625214,21.5,21.09270096,7.029442787,0.732634723,1,-
02/02/2026,NOP,Yves Missi,21.53949356,6.5,5.903330326,7.148563862,0.881790102,1,-
02/02/2026,NOP,Trey Murphy III,34.8747406,21.5,20.99495506,6.276778698,0.799213767,1,-
02/02/2026,MIN,Julius Randle,32.95554352,21.5,21.39875031,3.957825899,0.730494857,1,-
02/02/2026,MIN,Jaden McDaniels,32.304245,14.5,14.36123943,4.936600208,0.78238374,1,-
02/02/2026,MIN,Anthony Edwards,36.56088257,29.5,29.37539482,7.846945763,0.689612746,1,-
02/02/2026,MEM,Ty Jerome,25.57351685,11.5,9.480733871,6.739037514,0.704356372,1,-
02/02/2026,MEM,Kentavious Caldwell-Pope,20.4222393,7.5,7.40079689,6.240265846,0.852896631,1,-
02/02/2026,MEM,Jock Landale,26.20675659,11.5,11.45156193,6.731064796,0.746718884,1,-
02/02/2026,MEM,Jaren Jackson Jr.,31.98859215,19.5,18.91319084,5.365080833,0.692519367,1,-
02/02/2026,LAC,Kris Dunn,29.57680321,9.5,8.569671631,3.501785278,0.743547797,1,-
02/02/2026,LAC,Kawhi Leonard,33.3722229,25.5,24.87472153,5.940508366,0.757979631,1,-
02/02/2026,LAC,John Collins,30.27421188,15.5,14.47290134,5.683477879,0.78689754,1,-
02/02/2026,LAC,James Harden,29.11762047,24.5,21.19908524,0.495230645,0.566477418,1,-
02/02/2026,LAC,Ivica Zubac,31.83877182,14.5,14.01187897,3.222431183,0.53131938,1,-
02/02/2026,LAC,Brook Lopez,17.07059479,6.5,5.451798916,6.002084255,0.664359927,1,-
02/02/2026,IND,Pascal Siakam,34.0432663,22.5,21.59222031,3.621179342,0.685658097,1,-
02/02/2026,IND,Bennedict Mathurin,24.52266884,15.5,12.40523338,1.561385512,0.403817087,0,-
02/02/2026,IND,Andrew Nembhard,32.69251251,16.5,15.74128437,5.251183033,0.625580072,1,-
02/02/2026,HOU,Reed Sheppard,30.00541496,16.5,14.65657234,8.106682777,0.772202432,1,-
02/02/2026,HOU,Josh Okogie,22.02275467,6.5,5.999539852,4.8937397,0.714969039,1,-
02/02/2026,CHO,Moussa Diabate,29.71582794,10.5,10.19648075,5.382058144,0.874705434,1,-
02/02/2026,CHO,LaMelo Ball,28.47226524,19.5,18.83188629,6.494737625,0.689670384,1,-
02/02/2026,CHO,Brandon Miller,31.37982368,22.5,21.65488625,7.393487453,0.672732174,1,-
02/03/2026,WAS,Khris Middleton,25.50545311,10.5,11.25680542,6.509344101,0.801330388,1,O
02/03/2026,UTA,Lauri Markkanen,36.54251862,27.5,29.54466057,4.730538368,0.766924977,1,O
02/03/2026,UTA,Jusuf Nurkic,23.65781212,12.5,12.57573795,8.130261421,0.864541709,1,O
02/03/2026,UTA,Ace Bailey,30.28068161,14.5,14.91801071,4.144449234,0.723450899,1,O
02/03/2026,POR,Toumani Camara,33.02571487,11.5,12.59794521,2.920560122,0.635473669,1,O
02/03/2026,POR,Robert Williams,17.77789307,5.5,6.319653034,6.976167202,0.916319191,1,O
02/03/2026,POR,Donovan Clingan,27.11255836,10.5,10.91057777,5.188107967,0.743200243,1,O
02/03/2026,POR,Blake Wesley,17.02326202,3.5,5.45263958,7.533371925,1.009574056,1,O
02/03/2026,PHO,Royce O'Neale,29.82600403,9.5,10.41676331,5.46752882,0.787722766,1,O
02/03/2026,PHO,Oso Ighodaro,20.19820976,5.5,5.553834438,6.451069355,0.828846097,1,O
02/03/2026,PHO,Mark Williams,26.2281456,12.5,13.41517448,7.272172928,0.937678933,1,O
02/03/2026,PHO,Jordan Goodwin,21.56999397,8.5,9.164110184,5.750080585,0.801177919,1,O
02/03/2026,PHO,Grayson Allen,32.32203674,18.5,21.04543877,5.936590672,0.68691659,1,O
02/03/2026,PHO,Collin Gillespie,28.08901596,14.5,15.04725647,7.630033016,0.790965319,1,O
02/03/2026,PHI,Quentin Grimes,27.67075729,11.5,11.75620651,2.679270506,0.510812342,1,O
02/03/2026,ORL,Wendell Carter Jr.,30.06033134,10.5,11.75486088,5.293191433,0.777426243,1,O
02/03/2026,ORL,Anthony Black,34.82408142,14.5,15.55620861,3.586696148,0.828019381,1,O
02/03/2026,OKC,Shai Gilgeous-Alexander,36.15491486,32.5,33.72229767,7.099163055,0.68820864,1,O
02/03/2026,OKC,Luguentz Dort,31.4863224,8.5,10.07192516,4.473415375,0.798732758,1,O
02/03/2026,OKC,Isaiah Joe,21.79160118,9.5,9.792750359,6.103138924,0.744114995,1,O
02/03/2026,OKC,Isaiah Hartenstein,25.92263222,8.5,8.951826096,5.58975029,0.715399504,1,O
02/03/2026,OKC,Chet Holmgren,30.73277092,16.5,17.15092468,4.213101864,0.674716711,1,O
02/03/2026,OKC,Cason Wallace,28.04341316,7.5,9.706328392,5.357356548,0.693855286,1,O
02/03/2026,NYK,OG Anunoby,33.73571396,16.5,16.70806122,4.756145477,0.791984856,1,O
02/03/2026,NYK,Mikal Bridges,34.04996872,15.5,15.96905708,4.084215164,0.792808414,1,O
02/03/2026,NYK,Landry Shamet,20.65745354,8.5,9.935900688,7.57513237,0.858516455,1,O
02/03/2026,NYK,Josh Hart,33.74320984,12.5,14.26802826,5.97632122,0.792188048,1,O
02/03/2026,MIA,Davion Mitchell,29.14789581,9.5,9.819087982,5.5236063,0.650606692,1,O
02/03/2026,LAL,Rui Hachimura,23.5868969,9.5,9.968029022,5.106181622,0.731275976,1,O
02/03/2026,LAL,Marcus Smart,29.04737091,7.5,9.137203217,5.784402847,0.743568957,1,O
02/03/2026,LAL,Jake LaRavia,29.1596489,7.5,9.081216812,3.108282089,0.689427435,1,O
02/03/2026,LAL,Deandre Ayton,28.87547684,10.5,12.43570232,3.13089633,0.701945126,1,O
02/03/2026,LAL,Austin Reaves,22.73177528,14.5,17.936203,3.897350073,0.638135552,1,O
02/03/2026,IND,T.J. McConnell,21.99957466,8.5,12.20616341,9.528589249,0.897824585,1,O
02/03/2026,IND,Pascal Siakam,29.11745834,24.5,26.96110916,6.975651741,0.810468495,1,O
02/03/2026,IND,Andrew Nembhard,28.78355026,17.5,19.00197792,6.962636471,0.684312701,1,O
02/03/2026,IND,Aaron Nesmith,28.03235817,14.5,14.50820065,2.905868053,0.701689661,1,O
02/03/2026,GSW,Quinten Post,18.28363228,7.5,9.398920059,8.662566185,0.848080993,1,O
02/03/2026,GSW,Gui Santos,25.74983597,9.5,11.95086384,7.433912754,0.794326067,1,O
02/03/2026,GSW,Al Horford,27.36652756,8.5,10.64803219,4.887229443,0.761468053,1,O
02/03/2026,DET,Jalen Duren,28.78988457,16.5,16.64819717,3.243951559,0.78779304,1,O
02/03/2026,DET,Jaden Ivey,16.89308929,7.5,8.334697723,6.18377924,0.885157526,1,O
02/03/2026,DET,Isaiah Stewart,22.01295853,8.5,9.396845818,6.198906898,0.753851295,1,O
02/03/2026,DET,Duncan Robinson,28.61459732,10.5,11.14961243,5.802717686,0.794467032,1,O
02/03/2026,DET,Cade Cunningham,36.12994003,24.5,24.62193108,2.303830624,0.650325596,1,O
02/03/2026,DEN,Tim Hardaway Jr.,26.65546036,11.5,12.75918388,5.74582243,0.848971009,1,O
02/03/2026,DEN,Peyton Watson,34.77507019,15.5,18.14169121,6.330278873,0.669298112,1,O
02/03/2026,DEN,Nikola Jokic,34.93390274,24.5,29.01151085,6.751856804,0.659859836,1,O
02/03/2026,DEN,Jonas Valanciunas,16.25629044,7.5,10.8194685,8.775001526,0.956235707,1,O
02/03/2026,DEN,Jamal Murray,37.36179352,22.5,24.96919441,7.847254276,0.690526545,1,O
02/03/2026,DEN,Jalen Pickett,25.52324867,5.5,5.713983059,6.746442318,0.835599422,1,O
02/03/2026,DEN,Christian Braun,30.26251602,7.5,8.502797127,5.609717846,0.685099781,1,O
02/03/2026,DEN,Bruce Brown,24.54294014,6.5,7.150905132,4.634396553,0.843300819,1,O
02/03/2026,DAL,Max Christie,31.37233543,13.5,14.30893993,3.952902079,0.593535006,1,O
02/03/2026,DAL,Caleb Martin,26.31467247,6.5,7.464322567,4.362118244,0.65232116,1,O
02/03/2026,CHI,Nikola Vucevic,26.16113281,15.5,16.42136002,7.457085133,0.768296957,1,O
02/03/2026,BRK,Ziaire Williams,22.29531097,6.5,10.17516232,3.470245361,0.615300953,1,O
02/03/2026,BRK,Nolan Traore,26.47979546,6.5,7.823437691,4.500840187,0.724847198,1,O
02/03/2026,BRK,Noah Clowney,29.47303772,10.5,13.57798862,3.273161173,0.665898085,1,O
02/03/2026,BRK,Day'Ron Sharpe,18.81245995,6.5,9.098196983,5.471666336,0.805776596,1,O
02/03/2026,BOS,Sam Hauser,27.88624001,11.5,11.51231194,6.219648361,0.781432867,1,O
02/03/2026,BOS,Payton Pritchard,28.73205566,15.5,15.8652935,7.932517052,0.719577849,1,O
02/03/2026,BOS,Hugo Gonzalez,19.47329903,4.5,4.600318909,7.813092232,0.836413264,1,O
02/03/2026,BOS,Baylor Scheierman,25.94098854,5.5,7.138243198,5.924315453,0.79681313,1,O
02/03/2026,BOS,Anfernee Simons,24.99958611,13.5,15.49325752,6.982651234,0.835688114,1,O
02/03/2026,ATL,Zaccharie Risacher,25.05997849,9.5,12.5043869,5.264063358,0.806955159,1,O
02/03/2026,ATL,Nickeil Alexander-Walker,33.49422073,19.5,22.03746986,7.5048666,0.77284801,1,O
02/03/2026,ATL,Luke Kennard,21.77101517,6.5,7.73170805,5.936426163,0.819170713,1,O
02/03/2026,ATL,Jalen Johnson,35.83226776,23.5,24.29737854,6.217955112,0.603415549,1,O
02/03/2026,ATL,Dyson Daniels,34.15325928,11.5,11.83765602,4.73868084,0.671106815,1,O
02/03/2026,ATL,Corey Kispert,21.43254471,8.5,11.93159866,7.988759995,0.900145113,1,O
02/03/2026,ATL,CJ McCollum,27.70627403,18.5,19.94026375,8.361349106,0.758716941,1,O
02/03/2026,WAS,Will Riley,20.60276413,8.5,7.778868198,6.154296398,0.726628661,1,-
02/03/2026,WAS,Kyshawn George,31.04625511,16.5,15.7788496,5.307743073,0.643690348,1,-
02/03/2026,WAS,Justin Champagnie,20.44189453,8.5,6.64311552,7.134473801,0.658218026,1,-
02/03/2026,WAS,Bilal Coulibaly,28.28141785,9.5,9.326401711,5.441816807,0.60826093,1,-
02/03/2026,UTA,Kyle Filipowski,27.37400246,14.5,12.01945972,4.783158302,0.666815221,1,-
02/03/2026,UTA,Isaiah Collier,29.07945061,15.5,12.44062901,5.203395367,0.814312577,1,-
02/03/2026,UTA,Cody Williams,26.27007675,9.5,8.876537323,4.805246353,0.719447911,1,-
02/03/2026,UTA,Brice Sensabaugh,24.12119102,17.5,17.30558586,8.884336472,0.793623507,1,-
02/03/2026,POR,Vit Krejci,13.2716589,4.5,3.859632015,5.237892628,0.792223394,1,-
02/03/2026,POR,Shaedon Sharpe,31.38589096,22.5,21.94120789,1.85211277,0.616842151,1,-
02/03/2026,POR,Jrue Holiday,27.97636414,12.5,11.95540524,5.349019051,0.739000857,1,-
02/03/2026,POR,Jerami Grant,26.50069809,16.5,15.79530144,4.87645483,0.675988913,1,-
02/03/2026,PHO,Jalen Green,18.04013824,12.5,7.006095409,7.414874077,0.852073789,1,-
02/03/2026,PHO,Dillon Brooks,31.52572823,22.5,22.32881546,6.676893711,0.780924976,1,-
02/03/2026,PHI,VJ Edgecombe,35.77732468,15.5,14.76344872,3.943520069,0.735467553,1,-
02/03/2026,PHI,Tyrese Maxey,38.82679749,29.5,29.11270714,1.391940713,0.58372426,1,-
02/03/2026,PHI,Kelly Oubre Jr.,35.75609589,15.5,13.90572453,6.275286198,0.757768571,1,-
02/03/2026,PHI,Jared McCain,19.46644402,7.5,6.730703354,5.54728651,0.737936676,1,-
02/03/2026,PHI,Andre Drummond,26.28515625,7.5,7.395158291,3.097717285,0.640087903,1,-
02/03/2026,PHI,Adem Bona,18.97414398,5.5,4.225575447,4.328848362,0.755733073,1,-
02/03/2026,ORL,Paolo Banchero,37.16900253,21.5,20.0789566,1.406549573,0.410622537,0,-
02/03/2026,ORL,Jalen Suggs,29.21244431,14.5,13.68010044,3.326695681,0.629749954,1,-
02/03/2026,ORL,Desmond Bane,35.6161499,18.5,17.37980461,1.769814849,0.564373612,1,-
02/03/2026,OKC,Aaron Wiggins,22.97082329,10.5,10.21129513,5.275863647,0.594799995,1,-
02/03/2026,NYK,Tyler Kolek,15.32183647,7.5,5.817579746,8.215208054,0.912397087,1,-
02/03/2026,NYK,Karl-Anthony Towns,31.82106781,21.5,17.94865036,3.966956615,0.793620706,1,-
02/03/2026,NYK,Jalen Brunson,34.58137894,25.5,24.34578896,3.951154709,0.663645923,1,-
02/03/2026,MIL,Ryan Rollins,33.33340073,22.5,18.59648514,5.354475498,0.73078239,1,-
02/03/2026,MIL,Myles Turner,31.87283516,18.5,15.83474255,6.128607273,0.670178592,1,-
02/03/2026,MIL,Kyle Kuzma,32.22605133,18.5,15.63187218,4.769137859,0.608840525,1,-
02/03/2026,MIL,Gary Trent Jr.,23.18761826,9.5,7.895706654,4.696762562,0.602840126,1,-
02/03/2026,MIL,Cole Anthony,19.77277184,8.5,8.140220642,7.182491302,0.79153347,1,-
02/03/2026,MIL,Bobby Portis,27.40221786,19.5,16.48389053,7.638100624,0.816185594,1,-
02/03/2026,MIL,Amir Coffey,23.60163689,8.5,6.601975918,1.928402901,0.687187552,1,-
02/03/2026,MIA,Simone Fontecchio,25.60821152,12.5,9.737084389,5.38991785,0.768594325,1,-
02/03/2026,MIA,Pelle Larsson,28.57926369,14.5,13.85935593,6.083584785,0.766506314,1,-
02/03/2026,MIA,Norman Powell,26.05510712,22.5,21.40563965,6.40643549,0.645922542,1,-
02/03/2026,MIA,Nikola Jovic,20.18984795,11.5,8.503904343,7.892120361,0.780071616,1,-
02/03/2026,MIA,Jaime Jaquez Jr.,29.63840485,17.5,16.43955994,6.851419926,0.841383755,1,-
02/03/2026,MIA,Bam Adebayo,33.50483322,21.5,20.49237442,6.186274052,0.757733524,1,-
02/03/2026,MIA,Andrew Wiggins,27.98774529,15.5,14.69472313,5.302135944,0.69556725,1,-
02/03/2026,LAL,Luka Doncic,35.40285492,30.5,29.52698898,3.901395559,0.511953056,1,-
02/03/2026,LAL,LeBron James,33.12212753,20.5,19.18426895,4.489193916,0.690047264,1,-
02/03/2026,IND,Johnny Furphy,25.83843994,11.5,7.32263279,5.725334167,0.747446299,1,-
02/03/2026,IND,Jay Huff,26.89277649,13.5,11.63533115,8.007789612,0.771734178,1,-
02/03/2026,IND,Jarace Walker,30.86572266,18.5,15.93633175,6.64107132,0.769171178,1,-
02/03/2026,IND,Isaiah Jackson,20.81518745,9.5,6.83151722,5.962762833,0.755896032,1,-
02/03/2026,IND,Bennedict Mathurin,28.23693848,17.5,19.39251709,2.268457413,0.482237965,0,-
02/03/2026,IND,Ben Sheppard,28.85614586,10.5,9.496014595,3.283018112,0.708727181,1,-
02/03/2026,GSW,Will Richard,21.0255394,7.5,6.733822346,6.091828823,0.708095372,1,-
02/03/2026,GSW,Moses Moody,28.17398262,14.5,14.01394463,7.507628441,0.73754549,1,-
02/03/2026,GSW,Draymond Green,30.0324955,9.5,9.173772812,4.65742588,0.774588525,1,-
02/03/2026,GSW,De'Anthony Melton,23.35798264,15.5,14.45790291,8.452775002,0.734399259,1,-
02/03/2026,GSW,Buddy Hield,20.78460884,10.5,9.844279289,6.503712654,0.745432973,1,-
02/03/2026,GSW,Brandin Podziemski,31.18777275,15.5,14.32960892,5.427744389,0.735808074,1,-
02/03/2026,DET,Tobias Harris,31.06357193,13.5,12.987113,6.429924965,0.782073796,1,-
02/03/2026,DET,Ausar Thompson,26.92873383,10.5,9.733121872,4.021075726,0.648320377,1,-
02/03/2026,DAL,Naji Marshall,33.27894211,17.5,16.81679153,4.349504948,0.803896248,1,-
02/03/2026,DAL,Klay Thompson,21.75039673,12.5,9.912675858,7.660092831,0.80381453,1,-
02/03/2026,DAL,Daniel Gafford,24.34573364,9.5,8.254433632,4.515799999,0.676345944,1,-
02/03/2026,DAL,Cooper Flagg,34.7530098,22.5,21.29806137,3.654727459,0.505431771,1,-
02/03/2026,DAL,Brandon Williams,20.83789825,12.5,10.68485355,5.497191906,0.890313447,1,-
02/03/2026,CHI,Patrick Williams,21.69785881,11.5,8.009783745,5.685035229,0.879062116,1,-
02/03/2026,CHI,Matas Buzelis,29.65970039,18.5,15.28720951,5.962144375,0.862577975,1,-
02/03/2026,CHI,Jalen Smith,26.7626152,11.5,11.02647591,6.666601181,0.978563607,1,-
02/03/2026,CHI,Isaac Okoro,26.69937134,9.5,9.281257629,6.542082787,0.780243695,1,-
02/03/2026,CHI,Dalen Terry,17.77181244,7.5,5.291940689,7.230026245,0.937189102,1,-
02/03/2026,CHI,Coby White,32.34177399,20.5,19.4000206,5.034872055,0.837801099,1,-
02/03/2026,CHI,Ayo Dosunmu,29.94476128,17.5,16.10225105,6.634780884,0.912087619,1,-
02/03/2026,BRK,Terance Mann,21.90226364,6.5,6.361800194,4.520045757,0.724215686,1,-
02/03/2026,BRK,Michael Porter Jr.,33.26240921,23.5,23.29919052,5.339071274,0.803342938,1,-
02/03/2026,BOS,Neemias Queta,26.27127075,11.5,10.12663746,6.082391262,0.840708494,1,-
02/03/2026,BOS,Luka Garza,17.04766464,8.5,7.665730953,6.946939945,0.866159678,1,-
02/03/2026,BOS,Jaylen Brown,34.65225983,30.5,28.18914604,1.74577415,0.688884616,1,-
02/03/2026,BOS,Derrick White,34.74203873,17.5,15.30684853,3.509748697,0.646050572,1,-
02/03/2026,ATL,Mouhamed Gueye,19.94107437,8.5,6.282866478,6.181372643,0.764710844,1,-
02/03/2026,ATL,Kristaps Porzingis,17.56807518,12.5,11.84421062,7.553290844,0.851425469,1,-
02/04/2026,TOR,Sandro Mamukelashvili,22.5096817,10.5,10.992383,5.769142151,0.901639879,1,O
02/04/2026,TOR,Jamal Shead,21.66707039,5.5,8.140018463,5.656919003,0.790806413,1,O
02/04/2026,TOR,Ja'Kobe Walter,18.16246796,5.5,8.398322105,5.541122437,0.760488629,1,O
02/04/2026,TOR,Collin Murray-Boyles,28.7840023,8.5,9.680408478,4.362499237,0.697770894,1,O
02/04/2026,SAS,Julian Champagnie,29.38827324,10.5,11.56959152,6.364813805,0.897070527,1,O
02/04/2026,SAS,Harrison Barnes,23.62952614,8.5,9.790336609,3.578099251,0.809595048,1,O
02/04/2026,SAS,Dylan Harper,21.87888336,9.5,10.63509846,5.307248592,0.85987103,1,O
02/04/2026,SAC,Precious Achiuwa,19.66163254,6.5,8.624423027,7.562406063,0.871639132,1,O
02/04/2026,SAC,Nique Clifford,21.46053314,6.5,8.556294441,6.480003357,0.837700665,1,O
02/04/2026,SAC,Malik Monk,23.79682922,10.5,11.55144119,8.348497391,1.033087969,1,O
02/04/2026,OKC,Luguentz Dort,28.34843254,9.5,9.854687691,4.685523987,0.764134169,1,O
02/04/2026,OKC,Isaiah Hartenstein,24.06050873,8.5,9.996296883,6.417669773,0.802387118,1,O
02/04/2026,NYK,Tyler Kolek,16.80770874,7.5,8.429679871,7.668159962,0.90407294,1,O
02/04/2026,NYK,Mitchell Robinson,19.54683113,5.5,7.567196369,5.035655022,0.793333828,1,O
02/04/2026,NYK,Miles McBride,22.8109417,10.5,10.82342911,7.236971378,0.834744692,1,O
02/04/2026,NYK,Landry Shamet,21.57798767,8.5,9.991535187,6.827021122,0.891836345,1,O
02/04/2026,NYK,Jordan Clarkson,25.7625351,9.5,9.694890022,5.51492548,0.895630062,1,O
02/04/2026,NOP,Yves Missi,20.65252686,5.5,7.920076847,8.313077927,0.886170924,1,O
02/04/2026,NOP,Jose Alvarado,21.89288902,7.5,9.394756317,7.098024845,0.887651563,1,O
02/04/2026,NOP,Jeremiah Fears,20.67585945,9.5,10.94432735,7.64010191,1.01675427,1,O
02/04/2026,NOP,Herbert Jones,30.92527962,9.5,9.848722458,5.29602766,0.768295228,1,O
02/04/2026,NOP,Derik Queen,29.06111145,11.5,11.75574398,6.6273489,0.916970015,1,O
02/04/2026,MIN,Rudy Gobert,31.42736816,9.5,10.73033237,4.526098251,0.75347507,1,O
02/04/2026,MIL,Cole Anthony,17.50770187,7.5,8.472557068,7.879420757,0.904340744,1,O
02/04/2026,LAC,Yanic Konan Niederhauser,10.800354,6.5,6.648195744,6.978898048,0.839165926,1,O
02/04/2026,LAC,Nicolas Batum,19.91239548,4.5,7.36026001,6.17848587,0.880244911,1,O
02/04/2026,LAC,Kris Dunn,29.10781097,8.5,9.690524101,5.152900696,0.766026497,1,O
02/04/2026,LAC,Derrick Jones Jr.,16.30052567,6.5,8.718307495,7.317575455,0.887723148,1,O
02/04/2026,LAC,Brook Lopez,27.13264847,9.5,9.756790161,6.345454693,0.730381668,1,O
02/04/2026,HOU,Reed Sheppard,23.19670105,10.5,11.23379898,6.760047436,0.741965353,1,O
02/04/2026,HOU,Josh Okogie,19.39024734,3.5,7.524124146,5.495371342,0.736263633,1,O
02/04/2026,DEN,Tim Hardaway Jr.,25.82956505,10.5,11.73161602,7.304437637,0.78200531,1,O
02/04/2026,DEN,Julian Strawther,15.41017818,5.5,7.377105713,8.948781967,0.772581279,1,O
02/04/2026,DEN,Jonas Valanciunas,16.06320763,8.5,9.095854759,8.883598328,0.89490062,1,O
02/04/2026,DEN,Christian Braun,32.19810867,7.5,10.15926838,7.773061275,0.705005646,1,O
02/04/2026,DEN,Bruce Brown,23.37794495,5.5,9.046056747,6.342586517,0.679962933,1,O
02/04/2026,CLE,Sam Merrill,26.38625145,11.5,11.88901615,6.852647305,0.850503027,1,O
02/04/2026,CLE,Dennis Schroder,19.37658119,7.5,9.241658211,6.642945766,0.749335408,1,O
02/04/2026,CLE,Dean Wade,25.93341064,5.5,8.276141167,4.095767498,0.799441099,1,O
02/04/2026,CLE,Craig Porter Jr.,18.85891533,4.5,7.406999111,3.996272564,0.748043716,1,O
02/04/2026,BOS,Sam Hauser,24.69301414,9.5,10.36176014,6.987627029,0.673287809,1,O
02/04/2026,BOS,Luka Garza,26.03832817,9.5,9.916918755,5.783689499,0.769215703,1,O
02/04/2026,BOS,Jordan Walsh,17.35962677,6.5,7.376463413,6.221134186,0.70660001,1,O
02/04/2026,BOS,Hugo Gonzalez,20.15276909,6.5,7.358410835,7.106619835,0.777104139,1,O
02/04/2026,BOS,Baylor Scheierman,26.87569427,8.5,9.051525116,5.568742275,0.630385578,1,O
02/04/2026,TOR,Scottie Barnes,33.96142578,17.5,15.04853153,4.042944431,0.705734789,1,-
02/04/2026,TOR,RJ Barrett,29.51570129,18.5,15.38611031,5.511040211,0.738602281,1,-
02/04/2026,TOR,Immanuel Quickley,32.38414001,16.5,13.72806549,4.393760681,0.75914675,1,-
02/04/2026,TOR,Brandon Ingram,35.02565765,21.5,17.10666084,4.471179008,0.551014423,1,-
02/04/2026,SAS,Victor Wembanyama,30.5519352,22.5,17.51341248,6.047278881,0.850034297,1,-
02/04/2026,SAS,Stephon Castle,31.53689957,16.5,13.59794712,4.144091129,0.696615815,1,-
02/04/2026,SAS,Keldon Johnson,23.57738876,13.5,11.99537849,8.138900757,0.971806169,1,-
02/04/2026,SAS,Devin Vassell,30.31010056,13.5,12.6726923,5.183656216,0.822734177,1,-
02/04/2026,SAS,De'Aaron Fox,32.41957092,16.5,14.77626133,2.345722198,0.684048414,1,-
02/04/2026,SAC,Zach LaVine,32.895504,19.5,15.60365295,7.189755917,0.686920822,1,-
02/04/2026,SAC,Russell Westbrook,30.07356071,15.5,13.95152664,6.759904861,0.764785886,1,-
02/04/2026,SAC,Domantas Sabonis,32.53290939,15.5,12.94300461,7.032634735,0.722550988,1,-
02/04/2026,SAC,DeMar DeRozan,33.39597702,19.5,15.72490788,6.257300377,0.730841219,1,-
02/04/2026,SAC,De'Andre Hunter,26.47490692,14.5,10.40152359,7.802693367,0.797941387,1,-
02/04/2026,OKC,Shai Gilgeous-Alexander,30.59708977,31.5,21.6401577,3.842136145,0.590334952,1,-
02/04/2026,OKC,Kenrich Williams,30.28870583,13.5,11.18074608,5.648707867,0.680996835,1,-
02/04/2026,OKC,Isaiah Joe,30.82074356,17.5,11.62872314,3.540137291,0.582571268,1,-
02/04/2026,OKC,Chet Holmgren,28.12347603,16.5,13.24481583,2.095454693,0.694428623,1,-
02/04/2026,OKC,Cason Wallace,32.769104,13.5,10.42731094,4.471676826,0.528473794,1,-
02/04/2026,OKC,Aaron Wiggins,31.21494293,19.5,11.76399899,1.401023388,0.501291633,1,-
02/04/2026,NYK,OG Anunoby,35.36938858,17.5,14.11538315,5.365481853,0.856486261,1,-
02/04/2026,NYK,Mikal Bridges,35.32889557,16.5,13.57571697,3.755445004,0.709628582,1,-
02/04/2026,NYK,Karl-Anthony Towns,32.6356163,18.5,14.98942184,2.671763659,0.670260608,1,-
02/04/2026,NYK,Josh Hart,29.72953796,12.5,12.0167675,5.353449345,0.841026008,1,-
02/04/2026,NYK,Jalen Brunson,36.00839996,25.5,19.92633247,0.483085781,0.487267524,0,-
02/04/2026,NOP,Zion Williamson,30.64645004,22.5,16.44212341,5.772645473,0.801844835,1,-
02/04/2026,NOP,Trey Murphy III,36.08616257,22.5,16.99573326,4.599036694,0.676391721,1,-
02/04/2026,NOP,Saddiq Bey,32.4680748,17.5,14.93980885,8.521147728,0.855025113,1,-
02/04/2026,MIN,Naz Reid,27.09084129,13.5,12.84874535,5.863950253,0.883547068,1,-
02/04/2026,MIN,Julius Randle,34.09073257,20.5,16.45082283,5.774079323,0.718798578,1,-
02/04/2026,MIN,Jaden McDaniels,32.94952011,13.5,13.25547123,5.690832138,0.75235492,1,-
02/04/2026,MIN,Donte DiVincenzo,30.88534546,12.5,11.94912243,4.335836411,0.696460485,1,-
02/04/2026,MIN,Anthony Edwards,37.05036163,28.5,20.43137932,5.689561367,0.759050012,1,-
02/04/2026,MIL,Ryan Rollins,32.26469421,19.5,14.94496536,4.126378059,0.713726997,1,-
02/04/2026,MIL,Myles Turner,30.20118904,16.5,12.33322906,5.336852551,0.794965029,1,-
02/04/2026,MIL,Kyle Kuzma,31.65395737,17.5,13.33770657,4.602685928,0.682321072,1,-
02/04/2026,MIL,Kevin Porter Jr.,22.85060692,13.5,10.45339203,4.113156796,0.714948177,1,-
02/04/2026,MIL,Gary Trent Jr.,23.29418564,9.5,9.248130798,5.731832027,0.761016965,1,-
02/04/2026,MIL,Bobby Portis,26.25745773,18.5,12.86398983,6.360791683,0.824380577,1,-
02/04/2026,MEM,Ty Jerome,25.68184853,14.5,12.65017891,6.545682907,0.698932827,1,-
02/04/2026,MEM,Santi Aldama,24.57137489,13.5,12.09147644,4.593334675,0.760061264,1,-
02/04/2026,MEM,Kentavious Caldwell-Pope,21.07745552,9.5,9.460824013,4.54574585,0.735737979,1,-
02/04/2026,MEM,Jaylen Wells,27.64658165,13.5,11.77951241,5.561051846,0.778968811,1,-
02/04/2026,MEM,Cedric Coward,27.70236397,15.5,12.18563557,4.810168743,0.64881295,1,-
02/04/2026,MEM,Cam Spencer,22.49204826,11.5,10.98557281,6.414684296,0.841702938,1,-
02/04/2026,LAC,Kawhi Leonard,32.9769249,28.5,19.33477211,6.595416546,0.880698144,1,-
02/04/2026,LAC,John Collins,30.89676476,15.5,12.88599491,5.166667461,0.728020251,1,-
02/04/2026,LAC,Ivica Zubac,27.89766312,13.5,11.71727753,4.180327415,0.655487299,1,-
02/04/2026,HOU,Tari Eason,28.55450249,13.5,11.79888248,5.665870667,0.711150885,1,-
02/04/2026,HOU,Kevin Durant,37.61966324,23.5,18.83430862,4.206875801,0.552014947,1,-
02/04/2026,HOU,Jabari Smith Jr.,35.35157776,13.5,13.03980064,2.658951759,0.640044868,1,-
02/04/2026,HOU,Amen Thompson,37.43212509,15.5,14.38859272,1.62444973,0.544594586,1,-
02/04/2026,HOU,Alperen Sengun,34.77023697,19.5,16.53586578,3.103787184,0.57937628,1,-
02/04/2026,DEN,Peyton Watson,35.35616302,15.5,15.20584011,7.927949905,0.691142857,1,-
02/04/2026,DEN,Nikola Jokic,35.4799614,23.5,20.62677765,5.167897701,0.55801177,1,-
02/04/2026,DEN,Jamal Murray,37.55323792,21.5,18.66256332,7.608271122,0.684322119,1,-
02/04/2026,CLE,Jaylon Tyson,29.0865097,15.5,13.53435993,6.690572739,0.901390314,1,-
02/04/2026,CLE,Jarrett Allen,28.33386421,16.5,12.46139145,3.573304176,0.69910115,1,-
02/04/2026,CLE,Donovan Mitchell,33.45182037,29.5,19.68768501,4.346898079,0.71693927,1,-
02/04/2026,BOS,Payton Pritchard,29.19005013,21.5,14.44958496,2.809841633,0.470489293,0,-
02/04/2026,BOS,Neemias Queta,27.95624542,12.5,10.80459404,4.586906433,0.640868247,1,-
02/04/2026,BOS,Jaylen Brown,29.56623459,28.5,20.04960442,1.326649666,0.501205862,1,-
02/04/2026,BOS,Derrick White,36.05388641,18.5,14.34376717,2.191073418,0.449158102,0,-
02/09/2026,UTA,Lauri Markkanen,34.4178581237793,21.5,27.645177841186523,4.663354873657227,0.7398446798324585,1,O
02/09/2026,UTA,Jusuf Nurkic,28.334455490112305,9.5,12.560226440429688,7.759262561798096,0.8531681895256042,1,O
02/09/2026,UTA,Isaiah Collier,32.785160064697266,15.5,18.07856750488281,5.690521240234375,0.6537408828735352,1,O
02/09/2026,UTA,Brice Sensabaugh,24.67916488647461,13.5,15.706010818481444,6.647979259490967,0.9176027178764344,1,O
02/09/2026,UTA,Ace Bailey,31.94694900512696,13.5,16.100784301757812,4.223385334014893,0.6899408102035522,1,O
02/09/2026,SAC,Russell Westbrook,30.262327194213867,16.5,17.176319122314453,6.098295211791992,0.8342554569244385,1,O
02/09/2026,SAC,Precious Achiuwa,27.621585845947266,7.5,9.337268829345703,7.246596813201904,0.7919110655784607,1,O
02/09/2026,SAC,Dylan Cardwell,24.589874267578125,8.5,8.771300315856934,6.958185195922852,0.8074501156806946,1,O
02/09/2026,SAC,DeMar DeRozan,33.02580261230469,17.5,20.06259536743164,6.8757100105285645,0.7522310018539429,1,O
02/09/2026,POR,Toumani Camara,33.8132209777832,12.5,13.556936264038086,4.610662937164307,0.7953473925590515,1,O
02/09/2026,POR,Robert Williams,17.065322875976562,6.5,6.940793037414551,7.856050491333008,0.911915123462677,1,O
02/09/2026,POR,Donovan Clingan,27.82681655883789,11.5,12.023641586303713,6.661595821380615,0.8040363788604736,1,O
02/09/2026,POR,Deni Avdija,31.74921417236328,21.5,22.34518814086914,5.571359157562256,0.764659583568573,1,O
02/09/2026,POR,Blake Wesley,18.244609832763672,4.5,6.251516819000244,6.477833271026611,0.7869900465011597,1,O
02/09/2026,PHI,VJ Edgecombe,36.03493881225586,14.5,15.765090942382812,3.849788427352905,0.6731517910957336,1,O
02/09/2026,PHI,Trendon Watford,28.58391189575196,7.5,12.040549278259276,7.20999002456665,0.7792436480522156,1,O
02/09/2026,PHI,Quentin Grimes,28.893749237060547,10.5,12.177260398864746,2.9099578857421875,0.5830971002578735,1,O
02/09/2026,PHI,Kelly Oubre Jr.,36.18824768066406,14.5,16.531198501586914,5.964386940002441,0.7377532124519348,1,O
02/09/2026,PHI,Dominick Barlow,23.249914169311523,8.5,9.769901275634766,7.0206298828125,0.7425197958946228,1,O
02/09/2026,ORL,Wendell Carter Jr.,29.357973098754883,9.5,10.111793518066406,5.656007766723633,0.8797187209129333,1,O
02/09/2026,ORL,Paolo Banchero,35.34977340698242,21.5,22.79072380065918,3.4544389247894287,0.6121985912322998,1,O
02/09/2026,ORL,Franz Wagner,21.64352798461914,13.5,16.58749771118164,5.93337345123291,0.7918636798858643,1,O
02/09/2026,ORL,Desmond Bane,34.078311920166016,18.5,18.67124938964844,4.731667518615723,0.7034488320350647,1,O
02/09/2026,ORL,Anthony Black,33.5019416809082,15.5,16.988744735717773,5.95212984085083,0.9518044590950012,1,O
02/09/2026,OKC,Luguentz Dort,30.98222923278809,9.5,9.743021965026855,4.971969127655029,0.7421301007270813,1,O
02/09/2026,OKC,Isaiah Joe,23.19254302978516,10.5,11.273763656616213,4.44424295425415,0.6447821259498596,1,O
02/09/2026,OKC,Cason Wallace,28.77952003479004,9.5,10.038163185119627,4.611899375915527,0.5384559631347656,1,O
02/09/2026,OKC,Alex Caruso,18.99130249023437,6.5,6.861837387084961,6.450614929199219,0.768282949924469,1,O
02/09/2026,NOP,Trey Murphy III,36.19265365600586,23.5,23.625253677368164,4.759365081787109,0.7419707179069519,1,O
02/09/2026,NOP,Saddiq Bey,32.94256591796875,18.5,21.15153312683105,6.711085796356201,0.8599950671195984,1,O
02/09/2026,NOP,Derik Queen,28.735498428344727,12.5,12.743793487548828,5.815105438232422,0.860896646976471,1,O
02/09/2026,MIN,Rudy Gobert,31.485519409179688,10.5,10.554827690124512,2.5838866233825684,0.7939374446868896,1,O
02/09/2026,MIN,Naz Reid,26.118791580200195,13.5,14.638102531433104,4.650506973266602,0.8923850655555725,1,O
02/09/2026,MIN,Julius Randle,34.26041412353516,20.5,22.075607299804688,4.953590393066406,0.6869039535522461,1,O
02/09/2026,MIN,Jaden McDaniels,32.085906982421875,14.5,14.60576343536377,5.322729110717773,0.6739891767501831,1,O
02/09/2026,MIN,Donte DiVincenzo,29.97934913635254,11.5,11.67039680480957,5.332131862640381,0.720845639705658,1,O
02/09/2026,MIN,Anthony Edwards,36.49995422363281,29.5,32.10774230957031,5.92368745803833,0.7677153944969177,1,O
02/09/2026,MIL,Myles Turner,29.06449508666992,11.5,12.859976768493652,5.231150150299072,0.7118909955024719,1,O
02/09/2026,MIL,Kyle Kuzma,29.97602272033692,11.5,13.134318351745604,2.1337099075317383,0.5386359691619873,1,O
02/09/2026,MIL,Bobby Portis,25.613847732543945,12.5,13.891124725341797,3.968816757202149,0.7395415306091309,1,O
02/09/2026,MIA,Simone Fontecchio,27.50491714477539,10.5,12.834343910217283,6.999050617218018,0.7460715770721436,1,O
02/09/2026,MIA,Bam Adebayo,33.114803314208984,21.5,22.133520126342773,6.066526412963867,0.6607879400253296,1,O
02/09/2026,MIA,Andrew Wiggins,32.513031005859375,17.5,17.916540145874023,5.311325550079346,0.6325322389602661,1,O
02/09/2026,MEM,Kyle Anderson,25.5520076751709,7.5,10.519400596618652,7.043510437011719,0.781083345413208,1,O
02/09/2026,MEM,Kentavious Caldwell-Pope,20.47352600097656,7.5,8.161785125732422,5.2778401374816895,0.8828832507133484,1,O
02/09/2026,MEM,Cedric Coward,27.00457191467285,11.5,11.839815139770508,4.293192386627197,0.7289418578147888,1,O
02/09/2026,LAL,Jaxson Hayes,15.994217872619627,4.5,5.824116230010986,5.216390132904053,0.9384381771087646,1,O
02/09/2026,LAL,Jarred Vanderbilt,18.33795547485352,4.5,6.067447185516357,5.334190368652344,0.8167439699172974,1,O
02/09/2026,LAL,Deandre Ayton,28.68551254272461,10.5,11.046832084655762,4.627156734466553,0.7662985920906067,1,O
02/09/2026,GSW,Gui Santos,26.064285278320312,11.5,12.052553176879885,7.636652946472168,0.7191084027290344,1,O
02/09/2026,GSW,Draymond Green,30.06436538696289,9.5,9.719493865966797,6.08220911026001,0.6870347857475281,1,O
02/09/2026,GSW,De'Anthony Melton,27.324037551879883,14.5,14.705008506774902,5.943987846374512,0.7141628861427307,1,O
02/09/2026,DET,Kevin Huerter,17.549501419067383,5.5,6.354298114776611,7.813022136688232,0.8591169118881226,1,O
02/09/2026,DET,Javonte Green,16.48563575744629,4.5,5.731692314147949,7.576906681060791,0.8915514349937439,1,O
02/09/2026,DET,Jalen Duren,28.18436813354492,15.5,17.272687911987305,4.23782205581665,0.8935182094573975,1,O
02/09/2026,DET,Isaiah Stewart,22.177534103393555,8.5,8.876177787780762,3.5779826641082764,0.7775177955627441,1,O
02/09/2026,DET,Daniss Jenkins,18.30367660522461,7.5,7.590548038482666,6.237135410308838,0.8986280560493469,1,O
02/09/2026,DET,Caris LeVert,19.413572311401367,6.5,6.763709545135498,5.304789066314697,0.8074406385421753,1,O
02/09/2026,DEN,Tim Hardaway Jr.,30.09944725036621,12.5,15.327356338500977,6.777678489685059,0.8652420043945312,1,O
02/09/2026,DEN,Julian Strawther,27.174043655395508,10.5,11.725057601928713,7.737212657928467,0.7619010806083679,1,O
02/09/2026,DEN,Jonas Valanciunas,17.303958892822266,7.5,9.47535800933838,6.784420967102051,0.9935372471809388,1,O
02/09/2026,DEN,Jamal Murray,37.97877502441406,25.5,27.98664665222168,7.553589344024658,0.7341964244842529,1,O
02/09/2026,DEN,Cameron Johnson,31.40152359008789,11.5,12.960285186767578,5.070696830749512,0.6611066460609436,1,O
02/09/2026,DEN,Bruce Brown,27.5410385131836,7.5,8.755576133728027,5.343023777008057,0.7990075945854187,1,O
02/09/2026,CLE,Sam Merrill,27.85228729248047,10.5,12.421919822692873,7.118453979492188,0.7243744134902954,1,O
02/09/2026,CLE,Keon Ellis,19.25801658630371,4.5,7.497507572174072,5.636369705200195,0.8948146104812622,1,O
02/09/2026,CLE,Jaylon Tyson,30.226884841918945,12.5,15.241424560546877,7.1468119621276855,0.936418354511261,1,O
02/09/2026,CLE,Jarrett Allen,30.19254302978516,15.5,16.7689266204834,3.464693307876587,0.5654419660568237,1,O
02/09/2026,CLE,Donovan Mitchell,34.356441497802734,27.5,30.118358612060547,4.49699592590332,0.6636878848075867,1,O
02/09/2026,CLE,Craig Porter Jr.,21.705678939819336,5.5,6.040541648864746,5.466165542602539,0.793283998966217,1,O
02/09/2026,CHO,Tre Mann,15.489049911499023,5.5,5.545722007751465,7.763307094573975,0.8377740383148193,1,O
02/09/2026,CHO,Ryan Kalkbrenner,18.16631317138672,5.5,6.782253742218018,6.585124969482422,0.9060674905776978,1,O
02/09/2026,CHO,Moussa Diabate,29.761808395385746,8.5,9.078791618347168,4.693166255950928,0.8691757917404175,1,O
02/09/2026,CHO,Miles Bridges,32.926063537597656,15.5,17.270071029663086,4.077033996582031,0.6620449423789978,1,O
02/09/2026,CHO,LaMelo Ball,29.65069961547852,19.5,21.52304077148437,9.288823127746582,0.7002096772193909,1,O
02/09/2026,CHO,Kon Knueppel,33.66017532348633,17.5,19.16115379333496,7.049372673034668,0.7743515372276306,1,O
02/09/2026,CHO,Josh Green,16.55083465576172,3.5,4.407897472381592,6.401584148406982,0.711138129234314,1,O
02/09/2026,CHO,Grant Williams,18.4482536315918,5.5,6.177044868469238,7.6283979415893555,0.8488599061965942,1,O
02/09/2026,CHO,Brandon Miller,31.98439216613769,20.5,21.445512771606445,5.27218770980835,0.7343745231628418,1,O
02/09/2026,CHI,Patrick Williams,23.34351348876953,7.5,9.450397491455078,6.414907455444336,0.8256579637527466,1,O
02/09/2026,CHI,Matas Buzelis,31.04491233825684,17.5,17.57159996032715,5.694071292877197,0.7411376237869263,1,O
02/09/2026,CHI,Jalen Smith,21.191875457763672,11.5,12.182236671447754,6.7033891677856445,0.9634645581245422,1,O
02/09/2026,CHI,Isaac Okoro,28.881000518798828,8.5,10.156865119934082,4.481965065002441,0.649415135383606,1,O
02/09/2026,ATL,Zaccharie Risacher,26.64901733398437,10.5,10.922354698181152,6.02496337890625,0.7611737251281738,1,O
02/09/2026,ATL,Onyeka Okongwu,34.59134292602539,15.5,18.20224380493164,3.890310049057007,0.660923182964325,1,O
02/09/2026,ATL,Nickeil Alexander-Walker,34.589481353759766,20.5,23.00519180297852,8.638715744018555,0.7788269519805908,1,O
02/09/2026,ATL,Corey Kispert,23.073314666748047,11.5,12.722639083862305,6.023404598236084,0.7638595700263977,1,O
02/09/2026,UTA,Jaren Jackson Jr.,30.810522079467773,17.5,14.098109245300291,5.50633430480957,0.702394962310791,1,-
02/09/2026,SAC,Nique Clifford,30.110132217407227,15.5,13.59664249420166,4.9325995445251465,0.7161592841148376,1,-
02/09/2026,SAC,Maxime Raynaud,27.86798858642578,12.5,12.263506889343262,4.765134811401367,0.6421599984169006,1,-
02/09/2026,SAC,Domantas Sabonis,25.328310012817383,14.5,14.183632850646973,6.889858245849609,0.79011070728302,1,-
02/09/2026,SAC,Devin Carter,19.298946380615234,13.5,10.870705604553224,7.121510028839111,0.7236971855163574,1,-
02/09/2026,POR,Scoot Henderson,13.069860458374023,10.5,4.894684314727783,8.120444297790527,0.8147284984588623,1,-
02/09/2026,POR,Jrue Holiday,28.96532821655273,14.5,13.82564640045166,6.4930620193481445,0.7799670100212097,1,-
02/09/2026,POR,Jerami Grant,31.702367782592773,17.5,17.454931259155273,3.970702648162842,0.7133041620254517,1,-
02/09/2026,PHI,Tyrese Maxey,38.57087707519531,26.5,24.986202239990234,3.686190605163574,0.6924249529838562,1,-
02/09/2026,PHI,Joel Embiid,29.42474365234375,29.5,28.34137725830078,7.837049961090088,0.8149587512016296,1,-
02/09/2026,ORL,Jalen Suggs,28.85445213317871,14.5,13.590821266174316,5.108893871307373,0.6963525414466858,1,-
02/09/2026,OKC,Jared McCain,14.838238716125488,6.5,5.803268909454346,6.793022632598877,0.8414270877838135,1,-
02/09/2026,OKC,Jalen Williams,29.44965171813965,19.5,15.445072174072266,4.145118713378906,0.6593844294548035,1,-
02/09/2026,OKC,Isaiah Hartenstein,25.86800193786621,9.5,9.268442153930664,6.429669380187988,0.7452495098114014,1,-
02/09/2026,OKC,Chet Holmgren,30.65618324279785,18.5,18.26853370666504,3.958308935165405,0.7479597926139832,1,-
02/09/2026,OKC,Aaron Wiggins,22.110849380493164,13.5,11.328495979309082,3.933114767074585,0.7488111257553101,1,-
02/09/2026,NOP,Zion Williamson,31.80022621154785,23.5,21.78189849853516,4.730431079864502,0.7117182016372681,1,-
02/09/2026,NOP,Yves Missi,20.878807067871094,5.5,5.253114223480225,5.899684906005859,0.8861297369003296,1,-
02/09/2026,NOP,Jeremiah Fears,21.47989654541016,12.5,10.03609561920166,5.896683692932129,0.8954627513885498,1,-
02/09/2026,NOP,Herbert Jones,31.262435913085938,9.5,8.399418830871582,5.1419291496276855,0.7661327123641968,1,-
02/09/2026,MIN,Ayo Dosunmu,13.673858642578123,11.5,4.83608341217041,6.983205318450928,0.7800564765930176,1,-
02/09/2026,MIL,Ryan Rollins,33.146080017089844,18.5,16.859806060791016,3.279949903488159,0.5218587517738342,1,-
02/09/2026,MIL,Kevin Porter Jr.,33.82042694091797,17.5,15.205686569213867,1.3159157037734983,0.6451351642608643,1,-
02/09/2026,MIA,Pelle Larsson,22.2950496673584,12.5,11.90998649597168,8.736374855041504,0.7530085444450378,1,-
02/09/2026,MIA,Norman Powell,27.890981674194336,22.5,21.07071113586425,7.27154016494751,0.5420261025428772,1,-
02/09/2026,MIA,Jaime Jaquez Jr.,28.99655532836914,17.5,16.309749603271484,9.229039192199709,0.7950513362884521,1,-
02/09/2026,MIA,Davion Mitchell,31.514528274536133,10.5,8.956093788146973,5.061917781829834,0.6525195837020874,1,-
02/09/2026,MEM,Ty Jerome,25.745895385742188,13.5,11.622481346130373,6.919248104095459,0.7388291954994202,1,-
02/09/2026,MEM,Scotty Pippen Jr.,16.253856658935547,9.5,5.363403797149658,6.429910182952881,0.8161383271217346,1,-
02/09/2026,MEM,Jaylen Wells,27.14219093322754,12.5,11.894596099853516,4.456621170043945,0.816807210445404,1,-
02/09/2026,MEM,Cam Spencer,21.800514221191406,11.5,11.4498872756958,4.951863765716553,0.8379338979721069,1,-
02/09/2026,LAL,Rui Hachimura,30.485254287719727,12.5,10.432120323181152,3.1593596935272217,0.6542712450027466,1,-
02/09/2026,LAL,Marcus Smart,29.29174995422364,9.5,8.427627563476562,2.7143471240997314,0.7125356793403625,1,-
02/09/2026,LAL,Luke Kennard,17.542680740356445,8.5,6.280529022216797,5.281317710876465,0.7572848200798035,1,-
02/09/2026,LAL,LeBron James,34.17561721801758,21.5,19.083457946777344,2.9593026638031006,0.5896769762039185,1,-
02/09/2026,LAL,Jake LaRavia,28.88892936706543,9.5,8.98347282409668,4.059427261352539,0.7371926307678223,1,-
02/09/2026,LAL,Austin Reaves,25.84228515625,19.5,17.785964965820312,3.2437000274658203,0.6541533470153809,1,-
02/09/2026,GSW,Pat Spencer,26.253829956054688,13.5,10.974796295166016,8.208593368530273,0.7767205834388733,1,-
02/09/2026,GSW,Moses Moody,29.09070205688477,16.5,14.41425609588623,5.679563999176025,0.7572120428085327,1,-
02/09/2026,GSW,Gary Payton II,16.224132537841797,7.5,7.141369819641113,8.394387245178223,0.8245323300361633,1,-
02/09/2026,GSW,Brandin Podziemski,26.01100730895996,14.5,11.499692916870115,6.923501014709473,0.8236991167068481,1,-
02/09/2026,GSW,Al Horford,23.85775375366211,9.5,9.304183959960938,6.592348575592041,0.8307164311408997,1,-
02/09/2026,DET,Tobias Harris,30.338886260986328,13.5,13.000789642333984,5.607383728027344,0.8376080989837646,1,-
02/09/2026,DET,Duncan Robinson,28.28102302551269,11.5,11.323816299438477,5.059302806854248,0.7603505253791809,1,-
02/09/2026,DET,Cade Cunningham,35.065956115722656,24.5,22.451335906982425,3.3967032432556152,0.7147087454795837,1,-
02/09/2026,DET,Ausar Thompson,27.317625045776367,9.5,8.73143196105957,2.9611117839813232,0.6600635647773743,1,-
02/09/2026,DEN,Nikola Jokic,36.87873840332031,28.5,25.754756927490234,6.013547897338867,0.6608753204345703,1,-
02/09/2026,DEN,Christian Braun,35.517822265625,10.5,10.031105041503906,7.539309501647949,0.7296146154403687,1,-
02/09/2026,CLE,James Harden,34.19633102416992,20.5,16.61855125427246,7.980117321014404,0.6721053123474121,1,-
02/09/2026,CLE,Dennis Schroder,20.20004653930664,8.5,7.88009786605835,8.297745704650879,0.8084262013435364,1,-
02/09/2026,CHO,Sion James,19.38778305053711,4.5,4.053505420684815,5.327664852142334,0.7835266590118408,1,-
02/09/2026,CHI,Nick Richards,16.386999130249023,7.5,6.604776382446289,8.257575988769531,0.8558751940727234,1,-
02/09/2026,CHI,Jaden Ivey,26.87533187866211,13.5,11.42529010772705,4.304715633392334,0.6186336874961853,1,-
02/09/2026,CHI,Guerschon Yabusele,17.218730926513672,10.5,7.33582592010498,6.824455261230469,0.7957570552825928,1,-
02/09/2026,CHI,Collin Sexton,16.292644500732422,15.5,6.829921245574951,9.204816818237305,0.7120361924171448,1,-
02/09/2026,CHI,Anfernee Simons,26.87533187866211,18.5,11.42529010772705,6.429276466369629,0.8064594864845276,1,-
02/09/2026,BRK,Terance Mann,26.85040283203125,8.5,7.870552539825439,1.9530222415924072,0.5349234342575073,1,-
02/09/2026,BRK,Nolan Traore,27.55056953430176,12.5,11.491732597351074,5.022012233734131,0.6495137810707092,1,-
02/09/2026,BRK,Noah Clowney,28.601781845092773,14.5,12.656311988830566,5.115507125854492,0.6511130928993225,1,-
02/09/2026,BRK,Day'Ron Sharpe,19.06434440612793,10.5,10.169474601745604,4.730656147003174,0.7599448561668396,1,-
02/09/2026,BRK,Danny Wolf,26.137285232543945,12.5,11.952725410461426,3.2560598850250244,0.6146412491798401,1,-
02/09/2026,ATL,Jock Landale,16.331851959228516,10.5,5.242350101470947,9.46005630493164,0.8945781588554382,1,-
02/09/2026,ATL,Jalen Johnson,31.34555053710937,23.5,22.83154296875,5.106963157653809,0.608845055103302,1,-
02/09/2026,ATL,Dyson Daniels,28.9859619140625,10.5,10.403604507446287,4.5448808670043945,0.6888846158981323,1,-
02/09/2026,ATL,CJ McCollum,32.40228271484375,19.5,18.375059127807617,6.0221147537231445,0.842984139919281,1,-
02/10/2026,HOU,Dorian Finney-Smith,18.57660675048828,3.5,2.8352644443511963,7.098323345184326,0.9114511013031006,1,-
02/10/2026,SAS,Victor Wembanyama,30.64126968383789,22.5,22.66825485229492,4.609184741973877,0.8147727251052856,1,O
02/10/2026,SAS,Stephon Castle,30.85564613342285,16.5,17.753902435302734,2.0510599613189697,0.6404920816421509,1,O
02/10/2026,SAS,Keldon Johnson,23.0903377532959,11.5,14.131098747253418,6.822959899902344,0.9778737425804138,1,O
02/10/2026,SAS,Julian Champagnie,29.04376220703125,9.5,10.757370948791504,6.395027160644531,0.885529637336731,1,O
02/10/2026,SAS,Harrison Barnes,24.809438705444336,7.5,8.774078369140625,4.236254692077637,0.7671970725059509,1,O
02/10/2026,SAS,Devin Vassell,30.449811935424805,12.5,13.439772605895996,3.8124337196350098,0.7120890617370605,1,O
02/10/2026,PHO,Royce O'Neale,31.22678565979004,9.5,10.880974769592283,3.5795769691467285,0.8174099326133728,1,O
02/10/2026,PHO,Mark Williams,27.10259246826172,12.5,13.523634910583496,7.383342742919922,0.899172842502594,1,O
02/10/2026,PHO,Jordan Goodwin,22.453876495361328,8.5,9.882498741149902,4.681480407714844,0.8134483098983765,1,O
02/10/2026,PHO,Dillon Brooks,32.89322662353516,20.5,22.883941650390625,4.452347278594971,0.8424919843673706,1,O
02/10/2026,PHO,Devin Booker,35.1116828918457,25.5,25.74696159362793,3.285522222518921,0.6369035243988037,1,O
02/10/2026,PHO,Collin Gillespie,27.83647727966309,12.5,14.735688209533691,6.52331018447876,0.8479099273681641,1,O
02/10/2026,NYK,OG Anunoby,35.24321365356445,15.5,18.416528701782227,3.32008695602417,0.7183956503868103,1,O
02/10/2026,NYK,Mikal Bridges,35.37852478027344,15.5,16.547691345214844,2.0648794174194336,0.6103782057762146,1,O
02/10/2026,LAL,Maxi Kleber,23.54109764099121,4.5,5.271778583526611,5.136768341064453,0.8255003094673157,1,O
02/10/2026,LAL,Marcus Smart,34.004276275634766,10.5,12.434391021728516,2.451641798019409,0.6569937467575073,1,O
02/10/2026,LAL,LeBron James,37.3537712097168,21.5,23.42312812805176,2.9676623344421387,0.6114192008972168,1,O
02/10/2026,LAL,Jaxson Hayes,22.69059944152832,6.5,8.593695640563965,6.083821773529053,0.906158208847046,1,O
02/10/2026,LAL,Jarred Vanderbilt,24.021203994750977,7.5,8.113651275634766,4.7164459228515625,0.7625119686126709,1,O
02/10/2026,LAL,Austin Reaves,37.93793869018555,20.5,24.517637252807617,4.037896633148193,0.6488178372383118,1,O
02/10/2026,LAC,Kris Dunn,29.926082611083984,7.5,8.274083137512207,5.510746002197266,0.7676748037338257,1,O
02/10/2026,LAC,Kobe Sanders,21.931684494018555,5.5,7.344468116760254,6.615232944488525,0.8982206583023071,1,O
02/10/2026,LAC,Kawhi Leonard,33.650569915771484,28.5,28.754697799682617,4.584054946899414,0.640796959400177,1,O
02/10/2026,LAC,John Collins,31.13846015930176,13.5,14.608622550964355,3.936950206756592,0.704986035823822,1,O
02/10/2026,LAC,Derrick Jones Jr.,26.87130546569824,8.5,9.594820022583008,6.459131240844727,0.7860836386680603,1,O
02/10/2026,LAC,Brook Lopez,28.993309020996094,8.5,9.78840160369873,4.313059329986572,0.5603621602058411,1,O
02/10/2026,IND,T.J. McConnell,18.077083587646484,8.5,9.843169212341309,7.407526016235352,0.8928520083427429,1,O
02/10/2026,IND,Pascal Siakam,33.526222229003906,22.5,22.89851760864257,3.2243852615356445,0.7472631335258484,1,O
02/10/2026,IND,Jarace Walker,24.83534812927246,13.5,13.72829818725586,7.521690845489502,0.7275488376617432,1,O
02/10/2026,IND,Ben Sheppard,26.16450500488281,7.5,7.695018291473389,3.5992345809936523,0.6985899209976196,1,O
02/10/2026,IND,Andrew Nembhard,32.884315490722656,16.5,17.11270523071289,4.061285972595215,0.5967434048652649,1,O
02/10/2026,IND,Aaron Nesmith,30.13068580627441,12.5,13.84724235534668,3.945056676864624,0.5730926394462585,1,O
02/10/2026,HOU,Tari Eason,28.28846549987793,13.5,13.635945320129396,5.070425033569336,0.7957655191421509,1,O
02/10/2026,HOU,Kevin Durant,37.61027908325195,23.5,24.29475784301757,6.290753364562988,0.8026328682899475,1,O
02/10/2026,HOU,Amen Thompson,36.14990615844727,15.5,15.945082664489746,2.0953660011291504,0.7406083345413208,1,O
02/10/2026,DAL,P.J. Washington,30.474645614624023,11.5,12.525568008422852,3.261186122894287,0.5326274633407593,1,O
02/10/2026,DAL,Naji Marshall,31.731563568115234,13.5,15.963315963745115,7.446619033813477,0.9468257427215576,1,O
02/10/2026,DAL,Max Christie,30.780630111694336,12.5,14.51281452178955,6.138364315032959,0.8170223236083984,1,O
02/10/2026,DAL,Klay Thompson,21.469623565673828,8.5,10.741047859191896,8.026785850524902,0.9234272837638856,1,O
02/10/2026,DAL,Daniel Gafford,24.841270446777344,8.5,9.476426124572754,4.092771053314209,0.639824628829956,1,O
02/10/2026,SAS,Dylan Harper,21.74368095397949,10.5,10.38978099822998,6.572722434997559,0.8130882382392883,1,-
02/10/2026,SAS,De'Aaron Fox,32.051692962646484,17.5,17.33786964416504,2.3800158500671387,0.6327709555625916,1,-
02/10/2026,PHO,Oso Ighodaro,20.085542678833008,5.5,5.222135066986084,5.836827754974365,0.939367413520813,1,-
02/10/2026,PHO,Jalen Green,28.075233459472656,11.5,9.95553970336914,6.170680999755859,0.8210663199424744,1,-
02/10/2026,NYK,Landry Shamet,22.803220748901367,10.5,9.321274757385254,5.4170403480529785,0.8192626237869263,1,-
02/10/2026,NYK,Karl-Anthony Towns,31.51554298400879,20.5,18.970014572143555,3.719513177871704,0.6688259243965149,1,-
02/10/2026,NYK,Josh Hart,32.346290588378906,12.5,12.40257167816162,2.128738641738892,0.7030494213104248,1,-
02/10/2026,NYK,Jose Alvarado,14.232234001159668,8.5,4.883505344390869,6.056312084197998,0.7973705530166626,1,-
02/10/2026,NYK,Jalen Brunson,35.97541046142578,27.5,27.09339714050293,2.552356243133545,0.5303422808647156,1,-
02/10/2026,LAL,Rui Hachimura,28.721376419067383,16.5,13.13429069519043,2.500288724899292,0.4491671621799469,0,-
02/10/2026,LAL,Luke Kennard,21.08149719238281,12.5,7.238849639892578,5.779976844787598,0.7028816342353821,1,-
02/10/2026,LAL,Jake LaRavia,34.38212203979492,13.5,12.720977783203123,3.441202163696289,0.5749634504318237,1,-
02/10/2026,LAL,Deandre Ayton,33.19607925415039,13.5,13.357870101928713,3.6947696208953857,0.5339634418487549,1,-
02/10/2026,LAL,Dalton Knecht,17.559280395507812,7.5,4.144418239593506,7.007087230682373,0.9006919860839844,1,-
02/10/2026,LAL,Bronny James,15.332430839538574,5.5,3.832332611083984,4.924147605895996,0.7289889454841614,1,-
02/10/2026,LAC,Bennedict Mathurin,16.419435501098633,14.5,6.201119422912598,2.8367648124694824,0.6121875047683716,1,-
02/10/2026,IND,Jay Huff,21.886104583740234,9.5,8.832975387573242,6.772380352020264,0.841555118560791,1,-
02/10/2026,HOU,Reed Sheppard,23.51628494262696,10.5,10.349838256835938,6.269373893737793,0.8758749961853027,1,-
02/10/2026,HOU,Jabari Smith Jr.,35.7535400390625,14.5,13.756258010864258,4.003222465515137,0.6869353652000427,1,-
02/10/2026,HOU,Alperen Sengun,34.853599548339844,19.5,18.99715042114257,3.6864521503448486,0.7021815776824951,1,-
02/10/2026,DAL,Khris Middleton,13.499604225158691,7.5,3.845804691314697,7.87678861618042,0.8947758078575134,1,-
02/10/2026,DAL,Cooper Flagg,34.150054931640625,23.5,22.500244140625,7.409149646759033,0.6534634828567505,1,-
02/10/2026,DAL,Caleb Martin,21.34367561340332,5.5,5.3369646072387695,6.381303310394287,0.7652305364608765,1,-
02/10/2026,DAL,Brandon Williams,20.27330207824707,11.5,11.210622787475586,5.903932571411133,1.003489971160889,1,-
02/11/2026,UTA,Lauri Markkanen,33.923583984375,17.5,27.285118103027344,3.163771867752075,0.6794198751449585,1,O
02/11/2026,UTA,Jusuf Nurkic,28.433727264404297,9.5,12.408596992492676,7.134464263916016,0.851475179195404,1,O
02/11/2026,UTA,Isaiah Collier,33.333770751953125,14.5,16.601179122924805,5.283016681671143,0.729712188243866,1,O
02/11/2026,UTA,Ace Bailey,32.245811462402344,15.5,15.513834953308104,3.238309621810913,0.7699025869369507,1,O
02/11/2026,TOR,Scottie Barnes,34.08680725097656,17.5,18.451316833496094,4.089144229888916,0.6716062426567078,1,O
02/11/2026,TOR,RJ Barrett,29.500356674194336,17.5,17.656005859375,7.168990612030029,0.7326176166534424,1,O
02/11/2026,TOR,Jamal Shead,21.240175247192383,5.5,6.018833637237549,7.395712852478027,0.841600239276886,1,O
02/11/2026,TOR,Jakob Poeltl,24.068941116333008,5.5,7.685559749603271,6.314724445343018,0.8023360967636108,1,O
02/11/2026,TOR,Brandon Ingram,34.446964263916016,20.5,22.11156463623047,4.965213298797607,0.5826671719551086,1,O
02/11/2026,SAS,Victor Wembanyama,30.34916305541992,23.5,24.33424186706543,6.594023704528809,0.861460268497467,1,O
02/11/2026,SAS,Stephon Castle,29.58160400390625,14.5,16.33072853088379,4.171736717224121,0.6973543763160706,1,O
02/11/2026,SAS,Keldon Johnson,22.77530670166016,10.5,12.185964584350586,8.864274024963379,0.9461057782173156,1,O
02/11/2026,SAS,Julian Champagnie,28.20001792907715,8.5,10.547061920166016,8.325581550598145,0.8634090423583984,1,O
02/11/2026,SAS,Harrison Barnes,24.14159202575684,7.5,7.71920919418335,5.0460124015808105,0.7715005874633789,1,O
02/11/2026,SAS,Dylan Harper,21.81757545471192,9.5,9.960600852966309,6.084399700164795,0.8769813179969788,1,O
02/11/2026,SAS,Devin Vassell,30.46791076660156,12.5,12.606590270996094,6.3548736572265625,0.7793020606040955,1,O
02/11/2026,SAS,De'Aaron Fox,30.89940643310547,16.5,17.17927360534668,3.845136642456055,0.6555007696151733,1,O
02/11/2026,SAC,Dylan Cardwell,26.59725379943848,8.5,8.779555320739746,6.333715915679932,0.8654443025588989,1,O
02/11/2026,SAC,Devin Carter,29.775928497314453,14.5,14.894309043884276,5.635715007781982,0.8064987063407898,1,O
02/11/2026,SAC,DeMar DeRozan,33.26324462890625,16.5,19.744155883789062,4.388391494750977,0.7856956124305725,1,O
02/11/2026,POR,Vit Krejci,21.20196914672852,7.5,7.67666482925415,7.308646202087402,0.8597778081893921,1,O
02/11/2026,POR,Toumani Camara,33.32674026489258,11.5,13.323858261108398,4.541856288909912,0.7739030122756958,1,O
02/11/2026,POR,Robert Williams,17.650638580322266,6.5,7.632603645324707,6.400216102600098,0.8905094861984253,1,O
02/11/2026,POR,Jrue Holiday,29.33909034729004,13.5,13.92328643798828,4.348764896392822,0.7416263222694397,1,O
02/11/2026,POR,Jerami Grant,31.94173049926757,17.5,20.58666038513184,2.952642679214477,0.6256661415100098,1,O
02/11/2026,POR,Donovan Clingan,28.326452255249023,10.5,12.07408332824707,4.568626880645752,0.7186715602874756,1,O
02/11/2026,POR,Deni Avdija,32.302181243896484,22.5,25.68218040466309,6.731125831604004,0.8269755244255066,1,O
02/11/2026,PHO,Royce O'Neale,30.643531799316406,10.5,10.614015579223633,2.92199969291687,0.6475929021835327,1,O
02/11/2026,PHO,Oso Ighodaro,21.48228454589844,5.5,6.178793907165527,5.838057518005371,0.7954432368278503,1,O
02/11/2026,PHO,Mark Williams,27.72682762145996,10.5,12.85641098022461,5.366212844848633,0.7565255165100098,1,O
02/11/2026,PHO,Jordan Goodwin,28.447134017944336,11.5,12.035650253295898,2.502232551574707,0.6930885314941406,1,O
02/11/2026,PHI,Dominick Barlow,27.30673217773437,7.5,9.88829231262207,8.015854835510254,0.7507312893867493,1,O
02/11/2026,PHI,Adem Bona,25.92735481262207,5.5,7.138686656951904,6.350812911987305,0.7591008543968201,1,O
02/11/2026,ORL,Wendell Carter Jr.,29.597591400146484,9.5,9.723347663879396,6.366436958312988,0.789021372795105,1,O
02/11/2026,ORL,Paolo Banchero,35.10689163208008,20.5,21.06499481201172,4.274221420288086,0.7091787457466125,1,O
02/11/2026,ORL,Franz Wagner,24.076190948486328,13.5,15.097652435302734,7.456751346588135,0.8015585541725159,1,O
02/11/2026,ORL,Desmond Bane,34.093994140625,17.5,19.986143112182617,5.5340094566345215,0.8276235461235046,1,O
02/11/2026,ORL,Anthony Black,33.52416229248047,16.5,17.84749984741211,6.349777221679688,0.9678956866264344,1,O
02/11/2026,OKC,Luguentz Dort,29.961444854736328,8.5,9.42807388305664,4.138983249664307,0.8086973428726196,1,O
02/11/2026,OKC,Isaiah Hartenstein,26.45376777648925,9.5,10.677369117736816,4.375253200531006,0.8655825853347778,1,O
02/11/2026,OKC,Cason Wallace,30.25040435791016,9.5,10.918217658996582,3.324002504348755,0.6558041572570801,1,O
02/11/2026,OKC,Alex Caruso,22.261110305786133,7.5,8.41561508178711,4.918617248535156,0.7736368179321289,1,O
02/11/2026,OKC,Aaron Wiggins,21.82063674926757,8.5,10.56866455078125,3.5052709579467773,0.7558621764183044,1,O
02/11/2026,NYK,OG Anunoby,28.088171005249023,15.5,16.778114318847656,3.89172625541687,0.8143632411956787,1,O
02/11/2026,NYK,Mitchell Robinson,18.82532501220703,4.5,5.791727542877197,6.7669782638549805,0.8954819440841675,1,O
02/11/2026,NYK,Mikal Bridges,36.09358978271485,14.5,16.725645065307617,2.6228368282318115,0.5682055950164795,1,O
02/11/2026,NYK,Landry Shamet,27.89279556274414,11.5,11.730997085571287,6.08031177520752,0.7439713478088379,1,O
02/11/2026,NYK,Karl-Anthony Towns,32.56304168701172,19.5,20.24186515808105,3.1319239139556885,0.7266539931297302,1,O
02/11/2026,NYK,Josh Hart,34.21050262451172,12.5,14.72095012664795,4.314140796661377,0.6741010546684265,1,O
02/11/2026,NYK,Jalen Brunson,36.902713775634766,26.5,26.78618431091309,1.7310734987258911,0.5767232179641724,1,O
02/11/2026,NOP,Yves Missi,21.712759017944336,5.5,5.6263346672058105,7.656408309936523,0.8923606276512146,1,O
02/11/2026,NOP,Trey Murphy III,35.92148971557617,23.5,23.92786979675293,6.536893367767334,0.6341703534126282,1,O
02/11/2026,NOP,Herbert Jones,30.999725341796875,8.5,9.052568435668944,4.54146146774292,0.6679400205612183,1,O
02/11/2026,MIN,Rudy Gobert,31.73951911926269,10.5,12.252342224121094,4.359821796417236,0.726880669593811,1,O
02/11/2026,MIN,Naz Reid,25.081743240356445,12.5,14.05923080444336,6.825557231903076,0.9972894191741944,1,O
02/11/2026,MIN,Julius Randle,33.88136672973633,20.5,20.9581356048584,5.99345588684082,0.6124454736709595,1,O
02/11/2026,MIN,Jaden McDaniels,31.688173294067383,13.5,15.639595985412598,5.372338771820068,0.754226565361023,1,O
02/11/2026,MIN,Donte DiVincenzo,29.529050827026367,10.5,12.255380630493164,4.812270164489746,0.7390444874763489,1,O
02/11/2026,MIN,Anthony Edwards,36.05983352661133,28.5,30.94646453857422,6.37958574295044,0.7672519683837891,1,O
02/11/2026,MIL,Ryan Rollins,28.841527938842773,16.5,16.83261489868164,2.8880720138549805,0.5571362376213074,1,O
02/11/2026,MIL,Myles Turner,30.309141159057617,12.5,12.949499130249023,5.953406810760498,0.8108600974082947,1,O
02/11/2026,MIL,Kevin Porter Jr.,35.16949462890625,20.5,20.99642372131348,3.622148275375366,0.7041611671447754,1,O
02/11/2026,MIL,Jericho Sims,27.5996208190918,4.5,7.1230292320251465,5.964922904968262,0.7176588177680969,1,O
02/11/2026,MIL,Gary Trent Jr.,22.17854690551757,5.5,7.590187549591064,5.861582279205322,0.7223356366157532,1,O
02/11/2026,MIL,Bobby Portis,26.604755401611328,13.5,14.811907768249512,2.120248317718506,0.7502285838127136,1,O
02/11/2026,MIA,Kasparas Jakucionis,22.13560104370117,8.5,9.364374160766602,6.393688201904297,0.780937135219574,1,O
02/11/2026,MIA,Davion Mitchell,32.138301849365234,10.5,11.03848648071289,3.1904120445251465,0.587965190410614,1,O
02/11/2026,MEM,Taylor Hendricks,20.208223342895508,7.5,8.671833992004395,6.2291579246521,0.8768469095230103,1,O
02/11/2026,MEM,Kyle Anderson,26.13955307006836,7.5,11.23337459564209,6.369284629821777,0.8256695866584778,1,O
02/11/2026,MEM,Kentavious Caldwell-Pope,21.70832252502441,9.5,9.975205421447754,7.066907405853272,0.911110818386078,1,O
02/11/2026,MEM,Cam Spencer,22.32573890686035,10.5,11.275428771972656,5.530672550201416,0.9591549038887024,1,O
02/11/2026,LAC,Kris Dunn,30.15877914428711,7.5,8.12051773071289,5.7973833084106445,0.7023263573646545,1,O
02/11/2026,LAC,Kobe Sanders,21.61215782165528,5.5,7.147938251495361,7.166686534881592,0.8309996128082275,1,O
02/11/2026,LAC,Kawhi Leonard,34.05888366699219,26.5,29.870790481567383,5.217063903808594,0.6889795660972595,1,O
02/11/2026,LAC,John Collins,31.38421440124512,14.5,14.63420295715332,4.266729354858398,0.696742057800293,1,O
02/11/2026,LAC,Derrick Jones Jr.,28.45346069335937,8.5,10.268460273742676,6.044427871704102,0.6864977478981018,1,O
02/11/2026,HOU,Tari Eason,28.63390350341797,11.5,13.86158847808838,6.112297058105469,0.8857911229133606,1,O
02/11/2026,HOU,Reed Sheppard,24.758724212646484,11.5,12.261358261108398,5.828119277954102,0.801490068435669,1,O
02/11/2026,HOU,Jabari Smith Jr.,36.47962188720703,13.5,13.53161334991455,3.789970636367798,0.7264115810394287,1,O
02/11/2026,HOU,Amen Thompson,36.223880767822266,14.5,16.159303665161133,2.823723554611206,0.708199679851532,1,O
02/11/2026,GSW,Gui Santos,25.83333969116211,11.5,12.372980117797852,4.3251824378967285,0.6488937735557556,1,O
02/11/2026,GSW,Al Horford,23.7825984954834,9.5,10.528964042663574,4.202751636505127,0.6551819443702698,1,O
02/11/2026,DET,Duncan Robinson,28.637672424316406,11.5,13.672429084777832,6.176262378692627,0.8802991509437561,1,O
02/11/2026,DET,Daniss Jenkins,19.47260856628418,8.5,8.776128768920898,7.3523640632629395,0.8770585060119629,1,O
02/11/2026,DEN,Tim Hardaway Jr.,29.7435359954834,12.5,16.337175369262695,7.484165191650391,0.8622677326202393,1,O
02/11/2026,DEN,Nikola Jokic,36.72480010986328,27.5,29.825952529907227,6.021921157836914,0.5922126770019531,1,O
02/11/2026,DEN,Julian Strawther,26.88663482666016,13.5,13.789533615112305,6.601720809936523,0.8550015687942505,1,O
02/11/2026,DEN,Jonas Valanciunas,17.023996353149414,8.5,10.175896644592283,8.19852066040039,0.8893670439720154,1,O
02/11/2026,DEN,Jamal Murray,37.658199310302734,23.5,27.168926239013672,6.584367275238037,0.7429995536804199,1,O
02/11/2026,DEN,Christian Braun,34.670753479003906,11.5,12.135224342346191,6.261740684509277,0.7947530746459961,1,O
02/11/2026,DEN,Cameron Johnson,31.44590950012207,10.5,13.61521053314209,3.767313241958618,0.6302697658538818,1,O
02/11/2026,CLE,Thomas Bryant,16.638845443725586,7.5,7.569436073303223,7.880899906158447,0.8504630327224731,1,O
02/11/2026,CLE,Sam Merrill,27.263669967651367,10.5,11.804719924926758,7.059299468994141,0.7461315989494324,1,O
02/11/2026,CLE,Jaylon Tyson,29.57564353942871,13.5,15.359106063842772,6.652805805206299,0.802391767501831,1,O
02/11/2026,CLE,Jarrett Allen,29.79482078552246,16.5,18.869029998779297,4.571031093597412,0.6216549277305603,1,O
02/11/2026,CLE,Donovan Mitchell,33.50323486328125,27.5,30.7219467163086,5.536792278289795,0.7021949291229248,1,O
02/11/2026,CLE,Dennis Schroder,24.1026611328125,8.5,10.376264572143556,7.653388500213623,0.8279014229774475,1,O
02/11/2026,CHO,Tidjane Salaun,15.935669898986816,5.5,6.80843448638916,7.48834753036499,0.8111629486083984,1,O
02/11/2026,CHO,Ryan Kalkbrenner,26.02105140686035,8.5,9.089081764221191,5.8191680908203125,0.916571080684662,1,O
02/11/2026,CHO,LaMelo Ball,30.633106231689453,22.5,22.99377822875977,8.117618560791016,0.7954726815223694,1,O
02/11/2026,CHO,Kon Knueppel,34.152618408203125,20.5,21.313720703125,8.169252395629883,0.7862074375152588,1,O
02/11/2026,CHO,Josh Green,18.85236358642578,5.5,6.564012050628662,8.048972129821777,0.749788224697113,1,O
02/11/2026,CHO,Brandon Miller,31.941633224487305,22.5,22.73816680908203,6.915058135986328,0.8182360529899597,1,O
02/11/2026,CHI,Guerschon Yabusele,27.800817489624023,8.5,10.556455612182615,5.922041416168213,0.6808730959892273,1,O
02/11/2026,BRK,Nolan Traore,29.42401695251465,12.5,12.541964530944824,4.851075649261475,0.7469730377197266,1,O
02/11/2026,BOS,Sam Hauser,28.01397705078125,9.5,10.477621078491213,6.734982013702393,0.7320578098297119,1,O
02/11/2026,BOS,Neemias Queta,26.14280128479004,8.5,8.669519424438477,4.438908100128174,0.6770349740982056,1,O
02/11/2026,BOS,Luka Garza,18.150218963623047,6.5,8.139147758483887,6.958005428314209,0.9644396305084229,1,O
02/11/2026,BOS,Baylor Scheierman,25.66874122619629,5.5,7.065111637115479,4.974162578582764,0.7202246189117432,1,O
02/11/2026,ATL,Zaccharie Risacher,24.61656188964844,8.5,9.655350685119627,7.592628002166748,0.901103973388672,1,O
02/11/2026,ATL,Onyeka Okongwu,32.815677642822266,14.5,14.776812553405762,3.6241745948791504,0.7956908941268921,1,O
02/11/2026,ATL,Nickeil Alexander-Walker,33.20625686645508,18.5,19.49289894104004,8.203009605407715,0.8123517632484436,1,O
02/11/2026,ATL,Jalen Johnson,35.47935485839844,22.5,24.04526901245117,5.509792804718018,0.6198762059211731,1,O
02/11/2026,ATL,Dyson Daniels,32.55632400512695,10.5,11.106363296508787,5.024150371551514,0.6858096122741699,1,O
02/11/2026,ATL,CJ McCollum,27.835350036621094,16.5,17.25375747680664,6.91012716293335,0.800696849822998,1,O
02/11/2026,WAS,Will Riley,23.49503517150879,13.5,11.680399894714355,5.954064846038818,0.8345643281936646,1,-
02/11/2026,WAS,Tre Johnson,26.181215286254883,14.5,13.254433631896973,5.724508762359619,0.8061503767967224,1,-
02/11/2026,WAS,Kyshawn George,24.002620697021484,15.5,11.292838096618652,5.874790191650391,0.7178030014038086,1,-
02/11/2026,WAS,Justin Champagnie,21.301738739013672,10.5,8.95098876953125,5.784168243408203,0.7894715666770935,1,-
02/11/2026,WAS,Bilal Coulibaly,29.027862548828125,10.5,9.498221397399902,2.6267521381378174,0.6812533736228943,1,-
02/11/2026,WAS,Anthony Gill,16.10308265686035,7.5,4.392759323120117,4.864193439483643,0.7423822283744812,1,-
02/11/2026,UTA,Jaren Jackson Jr.,31.15910530090332,17.5,15.885016441345217,5.6212687492370605,0.725429356098175,1,-
02/11/2026,UTA,Brice Sensabaugh,23.991838455200195,13.5,12.916549682617188,5.848700046539307,0.8901470303535461,1,-
02/11/2026,TOR,Sandro Mamukelashvili,22.90103912353516,11.5,10.8900728225708,6.215889930725098,0.9925940036773682,1,-
02/11/2026,TOR,Ja'Kobe Walter,20.93317222595215,6.5,6.398269176483154,7.980496883392334,0.9490451216697692,1,-
02/11/2026,TOR,Immanuel Quickley,32.190242767333984,15.5,15.495421409606934,5.23555326461792,0.727524995803833,1,-
02/11/2026,SAC,Precious Achiuwa,27.19269180297852,8.5,8.233562469482422,5.637382984161377,0.9237793684005736,1,-
02/11/2026,SAC,Nique Clifford,30.552675247192383,16.5,16.168453216552734,4.004085540771484,0.72749924659729,1,-
02/11/2026,SAC,Maxime Raynaud,30.66883087158203,15.5,14.304475784301758,4.719187736511231,0.7896944880485535,1,-
02/11/2026,POR,Scoot Henderson,14.974602699279783,11.5,5.038631439208984,6.763562679290772,0.7724097967147827,1,-
02/11/2026,PHO,Ryan Dunn,17.581275939941406,5.5,5.238818645477295,5.738743782043457,0.8126994371414185,1,-
02/11/2026,PHO,Jalen Green,20.291019439697266,11.5,8.09268856048584,5.9141926765441895,0.871799647808075,1,-
02/11/2026,PHO,Dillon Brooks,32.760398864746094,21.5,18.53465843200684,3.964201211929321,0.7186873555183411,1,-
02/11/2026,PHO,Devin Booker,28.709217071533203,21.5,18.82826232910156,0.4611391723155975,0.5506009459495544,1,-
02/11/2026,PHO,Collin Gillespie,31.12245750427246,16.5,13.615880012512209,3.696030855178833,0.7337474226951599,1,-
02/11/2026,PHI,VJ Edgecombe,36.24199295043945,17.5,14.237051010131836,5.897539615631104,0.6671944260597229,1,-
02/11/2026,PHI,Tyrese Maxey,39.177345275878906,30.5,30.382280349731445,3.4628138542175293,0.5328609347343445,1,-
02/11/2026,PHI,Trendon Watford,20.0789737701416,8.5,6.588816165924072,8.84019947052002,0.8652693033218384,1,-
02/11/2026,PHI,Quentin Grimes,27.226709365844727,9.5,8.974688529968262,3.661075353622437,0.5988859534263611,1,-
02/11/2026,PHI,Kelly Oubre Jr.,37.15055847167969,16.5,15.560232162475586,4.875861644744873,0.7601449489593506,1,-
02/11/2026,PHI,Joel Embiid,28.01395034790039,28.5,27.44659805297852,10.467763900756836,0.864573061466217,1,-
02/11/2026,PHI,Andre Drummond,18.75227165222168,8.5,6.512923240661621,5.353795051574707,0.7474120259284973,1,-
02/11/2026,ORL,Moritz Wagner,15.651122093200684,9.5,8.124302864074707,7.706354141235352,0.8807358145713806,1,-
02/11/2026,ORL,Jalen Suggs,28.383474349975582,14.5,12.591940879821776,4.312578201293945,0.7000265121459961,1,-
02/11/2026,OKC,Jared McCain,16.422256469726562,6.5,6.461936950683594,6.5715012550354,0.8408536911010742,1,-
02/11/2026,OKC,Jalen Williams,30.0909366607666,18.5,17.26103973388672,3.1875388622283936,0.7881945967674255,1,-
02/11/2026,OKC,Isaiah Joe,24.241050720214844,12.5,11.814580917358398,3.7372233867645264,0.7839145064353943,1,-
02/11/2026,OKC,Chet Holmgren,30.495126724243164,18.5,17.442626953125,3.1508936882019043,0.7078936100006104,1,-
02/11/2026,NYK,Jose Alvarado,15.825493812561035,7.5,5.714588165283203,7.672505378723144,0.8286356925964355,1,-
02/11/2026,NOP,Zion Williamson,30.915889739990234,21.5,20.253467559814453,5.450416564941406,0.624076247215271,1,-
02/11/2026,NOP,Saddiq Bey,32.00846099853516,18.5,17.943580627441406,8.963728904724121,0.95913964509964,1,-
02/11/2026,NOP,Karlo Matkovic,14.639933586120604,5.5,4.819147109985352,8.215332984924316,0.8292416930198669,1,-
02/11/2026,NOP,Jeremiah Fears,23.62393569946289,13.5,11.23194980621338,7.229544639587402,0.8364540934562683,1,-
02/11/2026,NOP,Derik Queen,28.124004364013672,12.5,10.686153411865234,6.565677642822266,0.911972999572754,1,-
02/11/2026,MIN,Ayo Dosunmu,15.595239639282228,12.5,6.707761287689209,5.731782913208008,0.8252564072608948,1,-
02/11/2026,MIL,Kyle Kuzma,30.03346443176269,13.5,13.003029823303224,4.351721286773682,0.7022078633308411,1,-
02/11/2026,MIA,Simone Fontecchio,26.661029815673828,13.5,12.355494499206545,5.59331750869751,0.7420847415924072,1,-
02/11/2026,MIA,Nikola Jovic,19.97572898864746,9.5,6.3956217765808105,6.863668918609619,0.8327080607414246,1,-
02/11/2026,MIA,Kel'el Ware,27.05010223388672,15.5,14.309834480285645,7.466403484344482,0.8715745210647583,1,-
02/11/2026,MIA,Jaime Jaquez Jr.,29.413360595703125,16.5,15.74947738647461,6.688844680786133,0.7076849937438965,1,-
02/11/2026,MIA,Bam Adebayo,33.83313751220703,22.5,21.18758583068848,3.877683401107788,0.6168926954269409,1,-
02/11/2026,MIA,Andrew Wiggins,28.717079162597656,17.5,17.164653778076172,3.5740675926208496,0.6835558414459229,1,-
02/11/2026,MEM,Ty Jerome,25.36178970336914,15.5,11.629938125610352,6.510750770568848,0.7804892063140869,1,-
02/11/2026,MEM,Scotty Pippen Jr.,18.526531219482425,10.5,7.839877128601074,7.563754081726074,0.8517419695854187,1,-
02/11/2026,MEM,Jaylen Wells,27.6318588256836,13.5,12.100643157958984,5.114850044250488,0.841524064540863,1,-
02/11/2026,LAC,Yanic Konan Niederhauser,13.601045608520508,5.5,4.132575511932373,7.45339298248291,0.8395057320594788,1,-
02/11/2026,LAC,Brook Lopez,22.5179443359375,8.5,7.374485015869141,4.707905292510986,0.6847943663597107,1,-
02/11/2026,LAC,Bennedict Mathurin,16.881153106689453,12.5,6.125325679779053,5.414863586425781,0.7134180068969727,1,-
02/11/2026,IND,Kam Jones,28.4177188873291,12.5,9.610390663146973,4.975236415863037,0.5746139287948608,1,-
02/11/2026,IND,Jay Huff,28.10860061645508,12.5,11.728957176208496,5.882303714752197,0.7693259119987488,1,-
02/11/2026,IND,Jarace Walker,30.66389846801757,17.5,17.096784591674805,4.724542140960693,0.7480443120002747,1,-
02/11/2026,IND,Ben Sheppard,27.873289108276367,10.5,10.05278491973877,2.635331392288208,0.7228595614433289,1,-
02/11/2026,HOU,Kevin Durant,37.95442199707031,24.5,23.86011505126953,3.0030055046081543,0.6805976629257202,1,-
02/11/2026,HOU,Josh Okogie,16.541078567504883,5.5,2.8335955142974854,4.553218364715576,0.8553931713104248,1,-
02/11/2026,HOU,Clint Capela,13.614456176757812,3.5,3.063713550567627,6.356198787689209,0.8458536267280579,1,-
02/11/2026,HOU,Alperen Sengun,34.708709716796875,18.5,17.094205856323242,4.762697219848633,0.7430633902549744,1,-
02/11/2026,GSW,Pat Spencer,26.985929489135746,13.5,12.627835273742676,4.503214359283447,0.6623749732971191,1,-
02/11/2026,GSW,Moses Moody,28.504846572875977,14.5,13.461590766906738,3.109267234802246,0.5727197527885437,1,-
02/11/2026,GSW,Draymond Green,29.103933334350582,8.5,8.023972511291504,5.115175247192383,0.6556660532951355,1,-
02/11/2026,GSW,De'Anthony Melton,26.51659202575684,14.5,12.806354522705078,4.070528507232666,0.6611320972442627,1,-
02/11/2026,GSW,Brandin Podziemski,25.260948181152344,13.5,11.357413291931152,4.494025230407715,0.7951036691665649,1,-
02/11/2026,DET,Tobias Harris,31.862319946289062,15.5,14.042506217956545,5.216175079345703,0.7511731386184692,1,-
02/11/2026,DET,Paul Reed,25.064706802368164,11.5,9.520956039428713,6.757954120635986,0.8272440433502197,1,-
02/11/2026,DET,Kevin Huerter,16.493694305419922,5.5,4.126650333404541,7.841399669647217,0.8883969187736511,1,-
02/11/2026,DET,Caris LeVert,20.2627010345459,7.5,6.8324737548828125,5.455719947814941,0.7946318984031677,1,-
02/11/2026,DET,Cade Cunningham,35.463924407958984,25.5,24.947410583496094,4.240158557891846,0.699999213218689,1,-
02/11/2026,DET,Ausar Thompson,27.90949058532715,10.5,10.070157051086426,3.4360580444335938,0.6055068969726562,1,-
02/11/2026,DEN,Bruce Brown,27.18939208984375,8.5,8.494171142578125,5.547970294952393,0.7533437013626099,1,-
02/11/2026,CLE,James Harden,32.947906494140625,21.5,15.366510391235352,8.016258239746094,0.7696884274482727,1,-
02/11/2026,CHO,Sion James,22.343564987182617,5.5,5.407990455627441,5.562385559082031,0.7749033570289612,1,-
02/11/2026,CHO,Grant Williams,27.03213119506836,10.5,9.614222526550291,6.719025135040283,0.7725299596786499,1,-
02/11/2026,CHI,Rob Dillingham,17.694307327270508,8.5,6.806864261627197,7.392866611480713,0.7973209023475647,1,-
02/11/2026,CHI,Patrick Williams,22.51303100585937,8.5,8.234082221984863,5.469271659851074,0.7214380502700806,1,-
02/11/2026,CHI,Nick Richards,17.694307327270508,8.5,6.738474845886231,6.862806797027588,0.7179094552993774,1,-
02/11/2026,CHI,Matas Buzelis,30.85549736022949,16.5,16.22349739074707,4.14439582824707,0.7814948558807373,1,-
02/11/2026,CHI,Jaden Ivey,22.513782501220703,11.5,8.864643096923828,6.635978221893311,0.6742682456970215,1,-
02/11/2026,CHI,Isaac Okoro,26.23487663269043,9.5,8.701072692871094,4.492405891418457,0.5814814567565918,1,-
02/11/2026,CHI,Collin Sexton,27.374496459960938,16.5,11.64864730834961,4.528940677642822,0.6107222437858582,1,-
02/11/2026,CHI,Anfernee Simons,28.863603591918945,17.5,15.322881698608398,2.7219126224517822,0.5713297128677368,1,-
02/11/2026,BRK,Ziaire Williams,27.68041610717773,12.5,11.3136568069458,4.50476598739624,0.7892486453056335,1,-
02/11/2026,BRK,Noah Clowney,26.63056755065918,14.5,12.73333740234375,7.829391956329346,0.8909079432487488,1,-
02/11/2026,BRK,Drake Powell,21.412559509277344,8.5,7.95002555847168,5.746898651123047,0.7625759243965149,1,-
02/11/2026,BRK,Day'Ron Sharpe,25.875757217407227,15.5,12.134017944335938,6.6602783203125,0.7497422695159912,1,-
02/11/2026,BRK,Danny Wolf,21.89592742919922,14.5,11.453471183776855,4.285810470581055,0.7846664786338806,1,-
02/11/2026,BOS,Payton Pritchard,29.0835018157959,17.5,16.096586227416992,5.872873306274414,0.6411000490188599,1,-
02/11/2026,BOS,Nikola Vucevic,18.24818992614746,14.5,6.853056907653809,6.277745246887207,0.7779773473739624,1,-
02/11/2026,BOS,Jaylen Brown,34.35999298095703,29.5,27.75358009338379,2.5888595581054688,0.6419244408607483,1,-
02/11/2026,BOS,Derrick White,34.9747314453125,17.5,17.61313247680664,2.4209673404693604,0.4197129905223846,0,-
02/11/2026,ATL,Jock Landale,20.206802368164062,7.5,7.099647045135498,9.230616569519045,0.8702008724212646,1,-
02/11/2026,ATL,Corey Kispert,22.103633880615234,9.5,9.414756774902344,9.255267143249512,0.943400502204895,1,-
02/12/2026,UTA,Jusuf Nurkic,24.5028076171875,10.5,12.683624267578123,7.795608997344971,0.972765564918518,1,O
02/12/2026,POR,Vit Krejci,21.41338539123535,9.5,9.60869598388672,7.401565074920654,0.9529443383216858,1,O
02/12/2026,POR,Toumani Camara,33.32541275024414,14.5,15.166337966918944,4.607846736907959,0.8039148449897766,1,O
02/12/2026,POR,Deni Avdija,27.19455909729004,23.5,24.134265899658203,5.293445110321045,0.8690025210380554,1,O
02/12/2026,POR,Blake Wesley,19.083341598510746,5.5,8.104467391967773,6.075692653656006,0.9428061246871948,1,O
02/12/2026,OKC,Kenrich Williams,27.21612548828125,8.5,11.02498722076416,5.859792709350586,0.8112553954124451,1,O
02/12/2026,OKC,Isaiah Joe,29.34810256958008,13.5,15.121353149414062,4.05481481552124,0.667355477809906,1,O
02/12/2026,MIL,Kyle Kuzma,30.31950569152832,12.5,13.68199348449707,5.796273708343506,0.6825953125953674,1,O
02/12/2026,MIL,Jericho Sims,28.186288833618164,5.5,9.223902702331545,6.019380569458008,0.8257573843002319,1,O
02/12/2026,MIL,Bobby Portis,24.58033561706543,11.5,14.844907760620115,5.931759357452393,0.9305197596549988,1,O
02/12/2026,LAL,Jake LaRavia,28.816558837890625,9.5,9.705440521240234,5.913569450378418,0.8371809720993042,1,O
02/12/2026,DAL,Naji Marshall,33.99620056152344,18.5,20.056785583496094,8.516412734985352,0.991558313369751,1,O
02/12/2026,DAL,Max Christie,32.00642776489258,14.5,15.03732967376709,7.322919845581055,0.856423020362854,1,O
02/12/2026,DAL,Klay Thompson,21.44759559631348,11.5,12.102730751037598,8.352534294128418,0.9741535782814026,1,O
02/12/2026,DAL,Daniel Gafford,25.61052703857422,8.5,10.288230895996094,5.68717622756958,0.8127493262290955,1,O
02/12/2026,UTA,Vince Williams Jr.,17.556884765625,11.5,6.50254487991333,7.810990810394287,0.9167657494544984,1,-
02/12/2026,UTA,Kyle Filipowski,28.074535369873047,15.5,13.885918617248535,5.078977584838867,0.7077909708023071,1,-
02/12/2026,UTA,Isaiah Collier,32.204742431640625,16.5,14.931219100952148,5.464857578277588,0.7957761287689209,1,-
02/12/2026,UTA,Cody Williams,27.32878303527832,9.5,8.643471717834473,4.1312665939331055,0.7035424709320068,1,-
02/12/2026,UTA,Brice Sensabaugh,29.611007690429688,19.5,18.218870162963867,5.6899943351745605,0.8497598767280579,1,-
02/12/2026,UTA,Ace Bailey,31.925722122192383,16.5,15.425649642944336,3.6732873916625977,0.8056185245513916,1,-
02/12/2026,POR,Scoot Henderson,19.589017868041992,11.5,10.27475357055664,7.868889808654785,0.9297338128089904,1,-
02/12/2026,POR,Jrue Holiday,29.573137283325195,17.5,17.275577545166016,5.646470546722412,0.7548362016677856,1,-
02/12/2026,POR,Jerami Grant,31.95364570617676,22.5,21.57405471801757,6.410704612731934,0.7619910836219788,1,-
02/12/2026,POR,Donovan Clingan,28.877748489379883,14.5,14.427618026733398,6.312021732330322,0.7770261168479919,1,-
02/12/2026,OKC,Luguentz Dort,31.038806915283203,10.5,9.855396270751951,4.306146144866943,0.8212714195251465,1,-
02/12/2026,OKC,Jared McCain,20.252016067504883,10.5,8.653556823730469,7.493845462799072,0.895014762878418,1,-
02/12/2026,OKC,Isaiah Hartenstein,23.84918975830078,10.5,10.277246475219728,5.804126739501953,0.860219419002533,1,-
02/12/2026,OKC,Chet Holmgren,31.503177642822266,18.5,18.380449295043945,3.688433408737183,0.7336692810058594,1,-
02/12/2026,OKC,Cason Wallace,31.6781005859375,12.5,11.094564437866213,4.375936031341553,0.8087999820709229,1,-
02/12/2026,OKC,Aaron Wiggins,22.655242919921875,16.5,12.287972450256348,5.205942153930664,0.7741339206695557,1,-
02/12/2026,MIL,Ryan Rollins,27.80123710632324,16.5,15.391160011291504,1.339330554008484,0.5731921195983887,1,-
02/12/2026,MIL,Myles Turner,27.21683120727539,12.5,11.516878128051758,5.08330774307251,0.7661949992179871,1,-
02/12/2026,MIL,Kevin Porter Jr.,35.990684509277344,17.5,18.38490104675293,-0.2933146953582763,0.4950956702232361,0,-
02/12/2026,LAL,Rui Hachimura,31.2064151763916,12.5,12.19659423828125,4.750697612762451,0.7292159795761108,1,-
02/12/2026,LAL,Maxi Kleber,16.12266731262207,4.5,2.680222272872925,7.894443988800049,0.8967319130897522,1,-
02/12/2026,LAL,Marcus Smart,30.506166458129883,11.5,11.42695140838623,4.390425682067871,0.8789058923721313,1,-
02/12/2026,LAL,Luke Kennard,22.554170608520508,9.5,7.671141147613525,7.894443988800049,0.8871683478355408,1,-
02/12/2026,LAL,LeBron James,34.599937438964844,24.5,22.232215881347656,4.861324310302734,0.7660853266716003,1,-
02/12/2026,LAL,Jaxson Hayes,23.13560485839844,9.5,8.272662162780762,6.3648858070373535,0.8914097547531128,1,-
02/12/2026,LAL,Jarred Vanderbilt,17.97284507751465,5.5,5.12135648727417,5.471570014953613,0.8510372638702393,1,-
02/12/2026,LAL,Deandre Ayton,23.79686546325684,12.5,9.601146697998049,5.4223456382751465,0.8088182806968689,1,-
02/12/2026,LAL,Austin Reaves,26.497817993164062,25.5,21.272741317749023,4.660909652709961,0.7697633504867554,1,-
02/12/2026,DAL,P.J. Washington,31.219764709472656,13.5,12.75231647491455,2.908166646957397,0.7199875116348267,1,-
02/12/2026,DAL,Khris Middleton,15.393913269042969,9.5,5.023730754852295,7.866203784942627,0.8652045130729675,1,-
02/12/2026,DAL,Caleb Martin,21.38637351989746,6.5,5.17496395111084,6.993508815765381,0.9307292699813844,1,-
02/12/2026,DAL,Brandon Williams,27.186908721923828,14.5,14.409363746643066,5.272003650665283,0.8984230160713196,1,-
02/19/2026,PHO,Devin Booker,34.52980422973633,25.5,23.971967697143555,-0.5674629211425781,0.4577285051345825,0,U
02/19/2026,WAS,Will Riley,24.60592460632324,11.5,12.224536895751951,5.086590766906738,0.8730291128158569,1,O
02/19/2026,WAS,Kyshawn George,29.206541061401367,13.5,14.796974182128906,5.205158233642578,0.7080158591270447,1,O
02/19/2026,WAS,Justin Champagnie,21.10519027709961,9.5,9.92417335510254,5.685561180114746,0.908128023147583,1,O
02/19/2026,TOR,Sandro Mamukelashvili,21.797861099243164,8.5,12.697291374206545,5.7043137550354,0.9217950701713562,1,O
02/19/2026,TOR,RJ Barrett,28.18876266479492,18.5,19.446014404296875,5.415029525756836,0.7764135003089905,1,O
02/19/2026,TOR,Ja'Kobe Walter,20.391393661499023,5.5,6.299986362457275,5.923421859741211,0.7686946392059326,1,O
02/19/2026,TOR,Immanuel Quickley,31.36575698852539,16.5,18.00673484802246,4.086983680725098,0.7942201495170593,1,O
02/19/2026,TOR,Collin Murray-Boyles,25.97977828979492,8.5,9.030631065368652,2.953741788864136,0.837665319442749,1,O
02/19/2026,SAS,Victor Wembanyama,30.34774208068848,22.5,23.692005157470703,5.987425327301025,0.8781474232673645,1,O
02/19/2026,SAS,Stephon Castle,28.59624481201172,15.5,16.095468521118164,2.7124361991882324,0.6098266839981079,1,O
02/19/2026,SAS,Keldon Johnson,23.191246032714844,11.5,12.578903198242188,6.685457229614258,0.9164197444915771,1,O
02/19/2026,SAS,Julian Champagnie,27.285268783569336,6.5,8.269964218139648,5.896730899810791,0.8426284790039062,1,O
02/19/2026,SAS,Harrison Barnes,23.040117263793945,7.5,7.895757675170898,5.161399841308594,0.7416265606880188,1,O
02/19/2026,SAS,Devin Vassell,30.123594284057617,11.5,12.32346248626709,4.418844699859619,0.7443921566009521,1,O
02/19/2026,SAS,De'Aaron Fox,30.455368041992188,16.5,17.77562141418457,3.422985553741455,0.7814050912857056,1,O
02/19/2026,SAC,Russell Westbrook,29.723766326904297,14.5,14.51034164428711,6.660482883453369,0.7633494138717651,1,O
02/19/2026,SAC,Malik Monk,20.90754127502441,11.5,11.79466724395752,7.665455341339111,0.9906249642372132,1,O
02/19/2026,SAC,Keegan Murray,32.007347106933594,12.5,12.856781959533691,3.034955739974976,0.537574827671051,1,O
02/19/2026,SAC,Devin Carter,22.258167266845703,11.5,11.851893424987791,7.126232147216797,0.8075132966041565,1,O
02/19/2026,SAC,DeMar DeRozan,32.86187744140625,16.5,17.299205780029297,4.678840637207031,0.7425257563591003,1,O
02/19/2026,PHO,Royce O'Neale,29.5183162689209,9.5,10.329075813293455,3.229105234146118,0.7674893140792847,1,O
02/19/2026,PHO,Mark Williams,26.08865547180176,11.5,12.313803672790527,7.498065948486328,0.9314083456993104,1,O
02/19/2026,PHO,Grayson Allen,22.61492156982422,13.5,16.806245803833008,6.608023166656494,0.7126995921134949,1,O
02/19/2026,PHI,Tyrese Maxey,37.64168548583984,30.5,32.202171325683594,3.043447732925415,0.6334449648857117,1,O
02/19/2026,PHI,Dominick Barlow,28.28658103942871,10.5,10.908928871154783,6.409398078918457,0.7580962777137756,1,O
02/19/2026,PHI,Adem Bona,21.11989974975586,5.5,6.219604015350342,5.203985214233398,0.8412922620773315,1,O
02/19/2026,ORL,Wendell Carter Jr.,30.295520782470703,9.5,9.587748527526855,5.026515960693359,0.8224210739135742,1,O
02/19/2026,ORL,Moritz Wagner,17.207658767700195,9.5,10.782779693603516,7.258805751800537,0.8585060834884644,1,O
02/19/2026,ORL,Desmond Bane,35.14637756347656,20.5,21.19194793701172,4.434181213378906,0.7886720895767212,1,O
02/19/2026,ORL,Anthony Black,33.89994430541992,16.5,17.981218338012695,6.1042680740356445,0.9794355630874634,1,O
02/19/2026,NYK,Mitchell Robinson,18.663000106811523,4.5,5.107032775878906,4.96146821975708,0.884470522403717,1,O
02/19/2026,NYK,Landry Shamet,23.291126251220703,8.5,8.819758415222168,8.280562400817871,0.8148382902145386,1,O
02/19/2026,NYK,Jose Alvarado,19.661407470703125,6.5,7.796862602233887,8.29279613494873,0.8433418273925781,1,O
02/19/2026,LAC,Kobe Sanders,20.3234977722168,5.5,6.630403995513916,7.793370723724365,0.9079518914222716,1,O
02/19/2026,LAC,Kawhi Leonard,34.266387939453125,27.5,30.111547470092773,6.15048360824585,0.7701432108879089,1,O
02/19/2026,LAC,John Collins,32.00634002685547,14.5,14.565065383911133,5.326049327850342,0.8119838237762451,1,O
02/19/2026,IND,T.J. McConnell,16.761777877807617,8.5,9.050798416137695,8.541991233825684,0.9873848557472228,1,O
02/19/2026,HOU,Tari Eason,29.3322696685791,13.5,14.55099105834961,6.66581392288208,0.7458454370498657,1,O
02/19/2026,HOU,Reed Sheppard,24.27574348449707,10.5,11.884909629821776,7.000094413757324,0.8266659379005432,1,O
02/19/2026,HOU,Jabari Smith Jr.,35.388389587402344,13.5,15.273090362548828,4.240861892700195,0.6272023320198059,1,O
02/19/2026,GSW,Pat Spencer,28.31144142150879,10.5,11.011682510375977,4.970825672149658,0.6859241724014282,1,O
02/19/2026,GSW,Moses Moody,29.519163131713867,13.5,13.604738235473633,3.109032154083252,0.7094942331314087,1,O
02/19/2026,GSW,Gui Santos,25.662879943847656,10.5,10.849828720092772,4.896763324737549,0.6797850131988525,1,O
02/19/2026,GSW,Gary Payton II,16.971059799194336,6.5,6.883459091186523,5.539083003997803,0.815412700176239,1,O
02/19/2026,GSW,Draymond Green,29.376129150390625,8.5,9.261099815368652,3.181724786758423,0.6972463130950928,1,O
02/19/2026,GSW,Al Horford,23.823959350585938,8.5,9.148380279541016,3.401174545288086,0.7410017848014832,1,O
02/19/2026,DET,Tobias Harris,32.10295867919922,13.5,14.03148078918457,4.705824851989746,0.6374833583831787,1,O
02/19/2026,DET,Duncan Robinson,28.511445999145508,10.5,11.992836952209473,6.0948166847229,0.7429403066635132,1,O
02/19/2026,DET,Daniss Jenkins,17.9295597076416,7.5,7.886236190795898,7.730698585510254,0.817142128944397,1,O
02/19/2026,DET,Caris LeVert,20.54202079772949,6.5,6.749233245849609,4.691780090332031,0.745890736579895,1,O
02/19/2026,DET,Cade Cunningham,35.716026306152344,25.5,25.572492599487305,2.598557710647583,0.5943806767463684,1,O
02/19/2026,DEN,Tim Hardaway Jr.,29.46501350402832,11.5,15.872241973876951,6.9019975662231445,0.8285788893699646,1,O
02/19/2026,DEN,Nikola Jokic,37.20444488525391,26.5,28.54168510437012,4.965192794799805,0.6305487751960754,1,O
02/19/2026,DEN,Julian Strawther,27.761444091796875,8.5,11.470775604248049,7.254059314727783,0.7919395565986633,1,O
02/19/2026,DEN,Jonas Valanciunas,14.979443550109863,7.5,8.578659057617188,6.903483867645264,0.9653143286705016,1,O
02/19/2026,DEN,Jamal Murray,37.914794921875,23.5,25.59447479248047,5.261804103851318,0.6798946261405945,1,O
02/19/2026,DEN,Christian Braun,35.96567153930664,10.5,11.33993148803711,6.378589630126953,0.7570858597755432,1,O
02/19/2026,DEN,Cameron Johnson,32.169677734375,10.5,10.95000457763672,2.452073097229004,0.6838520765304565,1,O
02/19/2026,DEN,Bruce Brown,26.686771392822266,6.5,7.321710109710693,3.807116508483887,0.7994971871376038,1,O
02/19/2026,CLE,Sam Merrill,22.91382598876953,10.5,11.883922576904297,5.947690486907959,0.7288349270820618,1,O
02/19/2026,CLE,Jarrett Allen,29.11969375610352,14.5,15.290678977966309,3.5913643836975098,0.5933709740638733,1,O
02/19/2026,CLE,Evan Mobley,28.796363830566406,14.5,16.651870727539062,4.253759384155273,0.6144454479217529,1,O
02/19/2026,CLE,Donovan Mitchell,32.42068099975586,26.5,27.072322845458984,0.9395556449890136,0.5916245579719543,1,O
02/19/2026,CLE,Dennis Schroder,22.64966011047364,7.5,8.410514831542969,6.681309700012207,0.8199910521507263,1,O
02/19/2026,CLE,Dean Wade,23.866872787475582,5.5,6.090240478515625,3.437806367874145,0.7778694033622742,1,O
02/19/2026,CHO,Tidjane Salaun,16.9145450592041,5.5,5.986624240875244,7.448616504669189,0.8474091291427612,1,O
02/19/2026,CHO,Ryan Kalkbrenner,25.91652107238769,7.5,8.60923957824707,5.418559551239014,0.8934388160705566,1,O
02/19/2026,CHO,LaMelo Ball,30.95358085632324,19.5,20.50531768798828,4.2884602546691895,0.7434449195861816,1,O
02/19/2026,CHO,Kon Knueppel,34.07549285888672,18.5,19.3721981048584,5.186727523803711,0.6933842301368713,1,O
02/19/2026,CHO,Josh Green,18.6434383392334,4.5,4.8097920417785645,6.760251998901367,0.8345531225204468,1,O
02/19/2026,CHO,Grant Williams,27.56940650939941,9.5,10.699592590332031,6.468660831451416,0.7360174059867859,1,O
02/19/2026,CHI,Tre Jones,21.928022384643555,8.5,9.623504638671877,6.211899757385254,0.9812713265419006,1,O
02/19/2026,CHI,Patrick Williams,21.503496170043945,6.5,6.7337822914123535,6.763554573059082,0.9509196877479552,1,O
02/19/2026,CHI,Matas Buzelis,29.500720977783203,14.5,15.015143394470217,4.6623616218566895,0.9286096692085266,1,O
02/19/2026,CHI,Josh Giddey,29.06625747680664,12.5,15.03514003753662,5.493249416351318,0.8668888807296753,1,O
02/19/2026,CHI,Jaden Ivey,22.651010513305664,8.5,9.141281127929688,7.964329242706299,0.9349422454833984,1,O
02/19/2026,BRK,Noah Clowney,29.25532913208008,12.5,12.592397689819336,5.288370132446289,0.7507766485214233,1,O
02/19/2026,BRK,Michael Porter Jr.,31.861026763916016,23.5,24.04082298278809,5.442354202270508,0.815250039100647,1,O
02/19/2026,BRK,Day'Ron Sharpe,25.20771789550781,11.5,11.532150268554688,5.832220554351807,0.8013524413108826,1,O
02/19/2026,BOS,Payton Pritchard,28.978694915771484,16.5,16.521671295166016,4.384645938873291,0.6181545257568359,1,O
02/19/2026,BOS,Neemias Queta,24.720706939697266,6.5,7.064089775085449,3.778749227523804,0.6788482666015625,1,O
02/19/2026,BOS,Jaylen Brown,34.5409049987793,27.5,29.80443000793457,2.1539511680603027,0.6837353706359863,1,O
02/19/2026,BOS,Baylor Scheierman,25.883140563964844,5.5,6.854864120483398,5.475109577178955,0.7021053433418274,1,O
02/19/2026,ATL,Zaccharie Risacher,25.42989730834961,9.5,10.83151149749756,4.903413772583008,0.7900386452674866,1,O
02/19/2026,ATL,Onyeka Okongwu,33.291019439697266,15.5,16.544780731201172,1.118383526802063,0.7049094438552856,1,O
02/19/2026,ATL,Nickeil Alexander-Walker,34.62254333496094,19.5,20.306528091430664,5.260687351226807,0.7836333513259888,1,O
02/19/2026,ATL,Dyson Daniels,32.742576599121094,10.5,12.418928146362305,3.893357276916504,0.650564968585968,1,O
02/19/2026,ATL,Corey Kispert,22.90966415405273,9.5,10.117927551269531,7.984198093414307,0.974855363368988,1,O
02/19/2026,ATL,CJ McCollum,29.12670516967773,17.5,18.29139709472656,6.135189533233643,0.8575085401535034,1,O
02/19/2026,WAS,Tre Johnson,26.441919326782227,14.5,14.300512313842772,4.575432300567627,0.866691529750824,1,-
02/19/2026,WAS,Bilal Coulibaly,29.08910751342773,10.5,9.364681243896484,3.2902889251708984,0.7411071062088013,1,-
02/19/2026,TOR,Scottie Barnes,32.77272415161133,18.5,18.464111328125,2.8645293712615967,0.7124332785606384,1,-
02/19/2026,TOR,Jamal Shead,20.51904296875,6.5,5.2824320793151855,5.169111728668213,0.7896630764007568,1,-
02/19/2026,TOR,Jakob Poeltl,19.28433609008789,7.5,6.645802974700928,3.280269145965576,0.6964144110679626,1,-
02/19/2026,TOR,Brandon Ingram,33.319068908691406,22.5,20.99756622314453,2.56758451461792,0.5393970012664795,1,-
02/19/2026,SAS,Dylan Harper,23.17260360717773,10.5,9.929303169250488,4.962491989135742,0.8959670662879944,1,-
02/19/2026,SAC,Precious Achiuwa,25.997961044311523,7.5,6.817310333251953,6.466330528259277,0.7885122895240784,1,-
02/19/2026,SAC,Nique Clifford,25.51460838317871,10.5,10.080124855041504,2.01672911643982,0.7121826410293579,1,-
02/19/2026,SAC,Maxime Raynaud,28.181900024414062,12.5,10.544496536254885,3.885810375213623,0.6496078968048096,1,-
02/19/2026,PHO,Oso Ighodaro,19.879138946533203,5.5,5.092651844024658,5.9813551902771,0.919706165790558,1,-
02/19/2026,PHO,Jordan Goodwin,22.940994262695312,10.5,9.452982902526855,3.681580066680908,0.8401522040367126,1,-
02/19/2026,PHO,Jalen Green,27.011369705200195,13.5,11.285035133361816,6.496027946472168,0.7809207439422607,1,-
02/19/2026,PHO,Collin Gillespie,29.32280158996582,13.5,12.380828857421877,5.406988620758057,0.8315762877464294,1,-
02/19/2026,PHI,VJ Edgecombe,35.325199127197266,16.5,16.33757781982422,4.632915496826172,0.6324085593223572,1,-
02/19/2026,PHI,Trendon Watford,22.555206298828125,8.5,8.039630889892578,6.757402420043945,0.897294282913208,1,-
02/19/2026,PHI,Quentin Grimes,25.75997734069824,11.5,9.000107765197754,3.508371591567993,0.6069375276565552,1,-
02/19/2026,PHI,Kelly Oubre Jr.,36.11993789672852,16.5,15.35025691986084,5.165546417236328,0.7956878542900085,1,-
02/19/2026,ORL,Paolo Banchero,36.40032577514648,23.5,21.87290573120117,3.1215946674346924,0.5499204993247986,1,-
02/19/2026,ORL,Jalen Suggs,29.82694625854492,14.5,14.350366592407228,3.90301513671875,0.7795625925064087,1,-
02/19/2026,NYK,OG Anunoby,32.44116973876953,14.5,14.097498893737791,6.036913871765137,0.6912815570831299,1,-
02/19/2026,NYK,Mikal Bridges,36.15685272216797,15.5,14.401185035705566,4.935663223266602,0.6196039319038391,1,-
02/19/2026,NYK,Karl-Anthony Towns,31.50705909729004,17.5,17.05007553100586,4.038998126983643,0.7117491960525513,1,-
02/19/2026,NYK,Josh Hart,33.86064529418945,11.5,11.19649887084961,5.133345603942871,0.7418083548545837,1,-
02/19/2026,NYK,Jalen Brunson,36.663604736328125,26.5,24.046884536743164,1.517067551612854,0.4804295003414154,0,-
02/19/2026,LAC,Yanic Konan Niederhauser,14.726221084594728,4.5,4.083731651306152,7.892775058746338,0.9426582455635072,1,-
02/19/2026,LAC,Kris Dunn,30.23751449584961,7.5,7.493682861328125,3.687650442123413,0.7511568665504456,1,-
02/19/2026,LAC,Jordan Miller,22.387874603271484,9.5,8.67432689666748,7.522152423858643,0.996380627155304,1,-
02/19/2026,LAC,Derrick Jones Jr.,28.394683837890625,10.5,9.944558143615724,7.703982353210449,0.7755705118179321,1,-
02/19/2026,LAC,Brook Lopez,23.317441940307617,9.5,6.969252109527588,5.8156843185424805,0.7322041988372803,1,-
02/19/2026,LAC,Bennedict Mathurin,20.6538143157959,15.5,8.509462356567383,5.613751411437988,0.8074759840965271,1,-
02/19/2026,IND,Jay Huff,25.376440048217773,13.5,10.892412185668944,6.78929615020752,0.8764315843582153,1,-
02/19/2026,IND,Jarace Walker,27.874122619628903,17.5,13.731635093688965,7.793203830718994,0.8253255486488342,1,-
02/19/2026,IND,Ben Sheppard,24.39102363586425,8.5,7.46338939666748,3.08742094039917,0.7376861572265625,1,-
02/19/2026,IND,Andrew Nembhard,31.896961212158203,19.5,17.86510467529297,7.921158313751221,0.8687539100646973,1,-
02/19/2026,IND,Aaron Nesmith,29.81534194946289,16.5,12.871134757995604,2.1688003540039062,0.7121926546096802,1,-
02/19/2026,HOU,Kevin Durant,36.72232818603516,24.5,24.470972061157227,5.30148458480835,0.6345629096031189,1,-
02/19/2026,HOU,Clint Capela,13.655367851257324,3.5,3.212251663208008,7.839571475982666,0.8595250248908997,1,-
02/19/2026,HOU,Amen Thompson,35.50998306274414,15.5,14.863604545593262,1.98000967502594,0.6140387654304504,1,-
02/19/2026,HOU,Alperen Sengun,33.71990203857422,18.5,17.400779724121094,4.275857925415039,0.6645448207855225,1,-
02/19/2026,GSW,Kristaps Porzingis,14.066410064697266,11.5,4.907752990722656,6.136691570281982,0.7578638792037964,1,-
02/19/2026,GSW,De'Anthony Melton,26.490629196166992,13.5,12.811956405639648,5.171395301818848,0.7061141729354858,1,-
02/19/2026,GSW,Brandin Podziemski,27.798799514770508,12.5,11.72819709777832,3.773768901824951,0.6692546010017395,1,-
02/19/2026,DET,Paul Reed,25.43079948425293,12.5,10.968663215637209,7.880066394805908,0.6941083073616028,1,-
02/19/2026,DET,Ausar Thompson,27.69922065734864,8.5,8.211076736450195,2.404614210128784,0.5716685652732849,1,-
02/19/2026,DEN,Spencer Jones,19.398834228515625,5.5,4.27199649810791,6.501616954803467,0.8280288577079773,1,-
02/19/2026,CLE,Jaylon Tyson,23.92678451538086,11.5,11.425103187561035,7.780417442321777,0.938709020614624,1,-
02/19/2026,CLE,James Harden,34.5655632019043,20.5,14.48709487915039,5.527707099914551,0.6722248792648315,1,-
02/19/2026,CHO,Sion James,21.5544548034668,4.5,4.288902282714844,3.3227713108062744,0.7441728711128235,1,-
02/19/2026,CHO,Brandon Miller,33.32646179199219,22.5,21.21738243103028,3.04764986038208,0.7035304307937622,1,-
02/19/2026,CHI,Jalen Smith,19.003604888916016,10.5,9.341733932495115,6.108304023742676,1.0116833448410034,1,-
02/19/2026,CHI,Isaac Okoro,27.68923759460449,8.5,8.089426040649414,6.364531517028809,0.9147939682006836,1,-
02/19/2026,CHI,Collin Sexton,22.83028030395508,14.5,11.391753196716309,7.286403656005859,0.8705326318740845,1,-
02/19/2026,CHI,Anfernee Simons,28.353315353393555,16.5,12.593992233276367,5.017780303955078,0.755276083946228,1,-
02/19/2026,BRK,Nolan Traore,27.532548904418945,10.5,10.18344497680664,3.033738851547241,0.6561229228973389,1,-
02/19/2026,BRK,Danny Wolf,20.402231216430664,10.5,8.477561950683594,3.711653232574463,0.6638005971908569,1,-
02/19/2026,BOS,Sam Hauser,27.309947967529297,9.5,9.267252922058104,5.544131278991699,0.7137672305107117,1,-
02/19/2026,BOS,Nikola Vucevic,23.236875534057617,12.5,9.95372486114502,6.812301635742188,0.7820249795913696,1,-
02/19/2026,BOS,Derrick White,35.49169921875,16.5,17.660551071166992,0.7571160793304443,0.4285626113414764,0,-
02/19/2026,ATL,Jock Landale,19.583648681640625,8.5,7.304794788360596,7.83439826965332,0.862773060798645,1,-
02/19/2026,ATL,Jalen Johnson,35.95255661010742,22.5,21.57147789001465,3.511714220046997,0.5720657706260681,1,-
02/20/2026,WAS,Tre Johnson,26.13047409057617,13.5,14.063860893249512,5.704931735992432,0.8913055062294006,1,O
02/20/2026,UTA,Cody Williams,28.04387092590332,8.5,9.337143898010254,4.971168518066406,0.668114185333252,1,O
02/20/2026,POR,Vit Krejci,21.500619888305664,7.5,8.583303451538086,6.36579704284668,0.9334880709648132,1,O
02/20/2026,POR,Toumani Camara,32.62454605102539,12.5,13.370721817016602,3.436470031738281,0.7922540307044983,1,O
02/20/2026,POR,Robert Williams,15.537582397460938,5.5,5.873179912567139,5.972666263580322,0.9188591241836548,1,O
02/20/2026,POR,Donovan Clingan,28.17207908630371,11.5,12.718730926513672,4.898026466369629,0.8366096019744873,1,O
02/20/2026,OKC,Kenrich Williams,18.650230407714844,7.5,9.643221855163574,5.9782915115356445,0.9161683320999146,1,O
02/20/2026,OKC,Isaiah Joe,22.82912826538086,13.5,14.54188060760498,4.549558639526367,0.7658457159996033,1,O
02/20/2026,OKC,Alex Caruso,20.62986946105957,5.5,7.250840187072754,4.941111087799072,0.8115214109420776,1,O
02/20/2026,NOP,Saddiq Bey,32.48243713378906,19.5,19.96185111999512,7.670907974243164,0.8590628504753113,1,O
02/20/2026,MIN,Rudy Gobert,31.652246475219727,10.5,12.45178508758545,2.8049237728118896,0.7363526821136475,1,O
02/20/2026,MIN,Naz Reid,24.796173095703125,13.5,14.00408935546875,6.342870235443115,0.8956203460693359,1,O
02/20/2026,MIN,Julius Randle,34.40094757080078,21.5,22.71862030029297,3.92342472076416,0.5664412975311279,1,O
02/20/2026,MIN,Jaden McDaniels,32.63063430786133,14.5,15.297618865966797,4.046611785888672,0.7268291711807251,1,O
02/20/2026,MIL,Ryan Rollins,30.64653587341309,17.5,19.79407119750977,5.717637062072754,0.6714141368865967,1,O
02/20/2026,MIL,Kevin Porter Jr.,34.6594352722168,18.5,20.065204620361328,2.899436712265014,0.5485500693321228,1,O
02/20/2026,MIL,Jericho Sims,27.392927169799805,5.5,8.626298904418945,6.6785197257995605,0.8977175951004028,1,O
02/20/2026,MIL,Bobby Portis,23.80344009399414,14.5,14.85072422027588,5.274421215057373,1.00038743019104,1,O
02/20/2026,MIA,Pelle Larsson,26.737546920776367,9.5,11.34000015258789,6.558839321136475,0.8651708364486694,1,O
02/20/2026,MIA,Norman Powell,30.96225929260254,21.5,22.402332305908203,6.141974449157715,0.6015457510948181,1,O
02/20/2026,MIA,Kel'el Ware,18.92717933654785,7.5,9.580887794494627,7.250489711761475,0.9120276570320128,1,O
02/20/2026,MIA,Jaime Jaquez Jr.,28.74280548095703,12.5,14.929296493530272,7.303395748138428,0.8290754556655884,1,O
02/20/2026,MIA,Bam Adebayo,33.81180953979492,18.5,19.705394744873047,5.380871295928955,0.7268149852752686,1,O
02/20/2026,MIA,Andrew Wiggins,31.60650062561035,15.5,16.386890411376953,5.287715435028076,0.7422192692756653,1,O
02/20/2026,LAL,Rui Hachimura,26.39246368408203,9.5,9.523357391357422,4.645810127258301,0.8118542432785034,1,O
02/20/2026,LAL,Marcus Smart,29.49847412109375,8.5,9.424914360046388,4.723970413208008,0.8597943186759949,1,O
02/20/2026,LAL,LeBron James,34.43851852416992,20.5,21.47560310363769,5.693362236022949,0.8207182288169861,1,O
02/20/2026,LAC,Kawhi Leonard,34.01169204711914,26.5,28.08942413330078,5.803236961364746,0.8641209006309509,1,O
02/20/2026,LAC,John Collins,31.71356964111328,14.5,14.877817153930664,4.575301170349121,0.8306633234024048,1,O
02/20/2026,LAC,Derrick Jones Jr.,28.558246612548828,10.5,10.853541374206545,5.6753926277160645,0.7681295871734619,1,O
02/20/2026,IND,T.J. McConnell,28.89341735839844,10.5,13.451014518737791,5.932719707489014,0.9185101389884948,1,O
02/20/2026,IND,Ben Sheppard,27.56818389892578,9.5,10.443140029907228,3.064239025115967,0.7882571816444397,1,O
02/20/2026,IND,Andrew Nembhard,27.11142539978028,15.5,17.96717643737793,7.934411525726318,0.8563776612281799,1,O
02/20/2026,DEN,Tim Hardaway Jr.,26.954723358154297,11.5,15.395012855529783,5.6916046142578125,0.8987614512443542,1,O
02/20/2026,DEN,Nikola Jokic,35.85609817504883,28.5,28.76032447814941,4.283032417297363,0.6474339365959167,1,O
02/20/2026,DEN,Julian Strawther,25.628849029541016,10.5,12.222005844116213,5.661983489990234,0.7579914927482605,1,O
02/20/2026,DEN,Jonas Valanciunas,13.880765914916992,7.5,9.562216758728027,5.868918418884277,1.0052366256713867,1,O
02/20/2026,DEN,Jamal Murray,36.75211334228516,24.5,26.348682403564453,5.630849361419678,0.6596424579620361,1,O
02/20/2026,DEN,Christian Braun,35.5592155456543,10.5,11.458490371704102,5.721090793609619,0.7309108376502991,1,O
02/20/2026,DEN,Cameron Johnson,32.097286224365234,11.5,12.20086669921875,1.9855599403381348,0.55418461561203,1,O
02/20/2026,DEN,Bruce Brown,25.55548477172852,7.5,8.272546768188477,3.66910171508789,0.7286643981933594,1,O
02/20/2026,DAL,Naji Marshall,32.79849624633789,17.5,19.140037536621094,6.201006412506104,0.8764371275901794,1,O
02/20/2026,DAL,Khris Middleton,26.19656181335449,10.5,11.322519302368164,6.825250148773193,0.8524009585380554,1,O
02/20/2026,CLE,Sam Merrill,27.1795654296875,10.5,11.822683334350586,5.866689205169678,0.813546895980835,1,O
02/20/2026,CLE,Jaylon Tyson,24.253324508666992,10.5,13.245050430297852,7.3859543800354,0.9940298199653624,1,O
02/20/2026,CLE,Evan Mobley,25.198211669921875,13.5,14.563812255859377,4.666231155395508,0.6283089518547058,1,O
02/20/2026,CLE,Dennis Schroder,23.40130424499512,8.5,9.96556568145752,7.341880321502685,0.7879533767700195,1,O
02/20/2026,CLE,Dean Wade,24.51284980773925,5.5,6.35054874420166,5.401771068572998,0.6502552032470703,1,O
02/20/2026,CHO,Sion James,28.44359397888184,6.5,7.760188102722168,4.4012980461120605,0.7758650779724121,1,O
02/20/2026,CHO,Ryan Kalkbrenner,26.50582695007324,8.5,8.775313377380371,4.4157795906066895,0.8475832343101501,1,O
02/20/2026,CHO,LaMelo Ball,30.72652244567871,19.5,21.36418914794922,5.824503421783447,0.7842680215835571,1,O
02/20/2026,CHO,Kon Knueppel,33.226253509521484,19.5,19.92201042175293,5.364546775817871,0.7816233038902283,1,O
02/20/2026,CHO,Josh Green,18.51998519897461,5.5,5.735129833221436,6.7600860595703125,0.7975545525550842,1,O
02/20/2026,CHO,Brandon Miller,33.1671142578125,22.5,23.389476776123047,5.981488227844238,0.7245938181877136,1,O
02/20/2026,BRK,Nolan Traore,28.303253173828125,10.5,11.837852478027344,3.222639799118042,0.5982457399368286,1,O
02/20/2026,BRK,Noah Clowney,28.43928909301757,11.5,12.423069953918455,5.290135383605957,0.7442238330841064,1,O
02/20/2026,BRK,Michael Porter Jr.,31.69350242614746,19.5,19.91729164123535,6.696876525878906,0.7745242118835449,1,O
02/20/2026,BRK,Day'Ron Sharpe,25.002147674560547,10.5,10.696535110473633,3.6737656593322754,0.7218760848045349,1,O
02/20/2026,ATL,Onyeka Okongwu,33.33388900756836,14.5,16.75881004333496,3.744105339050293,0.7121549248695374,1,O
02/20/2026,ATL,Jalen Johnson,36.14831161499024,23.5,24.881511688232425,5.580506324768066,0.6206014752388,1,O
02/20/2026,ATL,Corey Kispert,22.20174598693848,8.5,8.948335647583008,6.342943668365479,0.9488149881362916,1,O
02/20/2026,ATL,CJ McCollum,29.799196243286133,18.5,19.937089920043945,5.58021879196167,0.766234815120697,1,O
02/20/2026,WAS,Bilal Coulibaly,28.70678901672364,10.5,10.488588333129885,2.501370906829834,0.6783888339996338,1,-
02/20/2026,UTA,Kyle Filipowski,28.64484405517578,15.5,13.364858627319336,5.467856407165527,0.7018703818321228,1,-
02/20/2026,UTA,Isaiah Collier,32.6876106262207,16.5,16.114110946655273,5.382861614227295,0.7912071347236633,1,-
02/20/2026,UTA,Brice Sensabaugh,25.51140213012696,21.5,16.337114334106445,6.980008602142334,0.9321818351745604,1,-
02/20/2026,UTA,Ace Bailey,32.022640228271484,18.5,16.29413604736328,4.79272985458374,0.852249026298523,1,-
02/20/2026,POR,Scoot Henderson,19.223854064941406,12.5,8.43712043762207,6.323522090911865,0.9100393056869508,1,-
02/20/2026,POR,Jrue Holiday,29.57193374633789,16.5,15.840274810791016,6.902222156524658,0.8674542307853699,1,-
02/20/2026,POR,Jerami Grant,31.28592872619629,17.5,16.744739532470703,3.791372776031494,0.7649965286254883,1,-
02/20/2026,POR,Deni Avdija,31.176013946533203,24.5,23.124168395996094,3.607378244400024,0.8615973591804504,1,-
02/20/2026,OKC,Luguentz Dort,29.43964385986328,9.5,9.068744659423828,4.178389072418213,0.7077654004096985,1,-
02/20/2026,OKC,Jared McCain,20.10160446166992,11.5,10.3053617477417,5.51837158203125,0.8110747337341309,1,-
02/20/2026,OKC,Isaiah Hartenstein,25.601259231567383,10.5,9.707069396972656,3.644266843795776,0.6947268843650818,1,-
02/20/2026,OKC,Chet Holmgren,28.945465087890625,17.5,17.394800186157227,3.516016721725464,0.6504570841789246,1,-
02/20/2026,OKC,Cason Wallace,29.01465034484864,11.5,9.72270679473877,2.937102794647217,0.5890339612960815,1,-
02/20/2026,OKC,Aaron Wiggins,27.10575294494629,14.5,11.852579116821287,3.3419125080108643,0.7780050039291382,1,-
02/20/2026,NOP,Zion Williamson,31.7385196685791,24.5,22.83586502075196,3.8709893226623535,0.698657751083374,1,-
02/20/2026,NOP,Jeremiah Fears,24.434999465942383,14.5,11.718305587768556,5.553539276123047,0.8195688128471375,1,-
02/20/2026,NOP,Herbert Jones,31.09566879272461,9.5,7.601598739624023,3.867269515991211,0.6665201783180237,1,-
02/20/2026,NOP,Derik Queen,29.50381851196289,13.5,11.665721893310549,5.493110656738281,0.8872982859611511,1,-
02/20/2026,NOP,Bryce McGowens,27.162742614746094,9.5,9.33560276031494,7.097110748291016,0.888222336769104,1,-
02/20/2026,MIN,Donte DiVincenzo,29.90765190124512,10.5,9.79069995880127,4.719603061676025,0.7539458274841309,1,-
02/20/2026,MIN,Ayo Dosunmu,22.113414764404297,13.5,8.908650398254395,6.122320175170898,0.7669402956962585,1,-
02/20/2026,MIN,Anthony Edwards,36.8126106262207,28.5,27.04873275756836,6.775230884552002,0.6706786155700684,1,-
02/20/2026,MIL,Kyle Kuzma,27.932586669921875,14.5,14.140707969665527,3.935172080993652,0.7934446930885315,1,-
02/20/2026,MIA,Tyler Herro,24.34454345703125,17.5,13.272530555725098,6.8502068519592285,0.954201877117157,1,-
02/20/2026,MIA,Davion Mitchell,29.954795837402344,8.5,8.236296653747559,3.223249673843384,0.7196537256240845,1,-
02/20/2026,MEM,Taylor Hendricks,26.41593360900879,12.5,11.944571495056152,6.8850297927856445,0.7769613862037659,1,-
02/20/2026,MEM,Kyle Anderson,22.13189125061035,10.5,8.598520278930664,7.4210381507873535,0.8402549028396606,1,-
02/20/2026,MEM,Jaylen Wells,27.34315299987793,16.5,13.59803867340088,4.900013446807861,0.766449511051178,1,-
02/20/2026,MEM,Cam Spencer,22.62504768371582,15.5,11.137261390686035,5.163053035736084,0.900390625,1,-
02/20/2026,LAL,Luka Doncic,33.8326530456543,29.5,26.32630920410156,2.893512010574341,0.7735267281532288,1,-
02/20/2026,LAL,Deandre Ayton,27.560686111450195,11.5,9.300039291381836,4.390140056610107,0.7884899377822876,1,-
02/20/2026,LAL,Austin Reaves,33.16361618041992,20.5,20.33613014221192,4.467621326446533,0.7556507587432861,1,-
02/20/2026,LAC,Kris Dunn,30.42706871032715,8.5,8.211627960205078,3.5585432052612305,0.7505404353141785,1,-
02/20/2026,LAC,Brook Lopez,23.549823760986328,9.5,8.911602973937988,5.163334369659424,0.7098051905632019,1,-
02/20/2026,LAC,Bennedict Mathurin,23.933557510375977,18.5,14.200270652770996,5.683884143829346,0.7364376187324524,1,-
02/20/2026,IND,Kobe Brown,23.072668075561523,11.5,8.964425086975098,7.325699806213379,0.8519851565361023,1,-
02/20/2026,IND,Kam Jones,29.30694007873535,10.5,10.134003639221191,6.662101745605469,0.798810601234436,1,-
02/20/2026,IND,Jay Huff,27.281553268432617,14.5,12.792047500610352,6.816374778747559,0.7900568842887878,1,-
02/20/2026,IND,Jarace Walker,30.020158767700195,19.5,18.824857711791992,8.23564624786377,0.9722360968589784,1,-
02/20/2026,DAL,P.J. Washington,31.86626625061035,15.5,14.28565788269043,4.138823509216309,0.7733888030052185,1,-
02/20/2026,DAL,Max Christie,28.509965896606445,14.5,14.186668395996094,7.712369441986084,0.7580217719078064,1,-
02/20/2026,DAL,Klay Thompson,21.13130187988281,11.5,11.408282279968262,5.69174861907959,0.8989282846450806,1,-
02/20/2026,DAL,Daniel Gafford,25.801225662231445,9.5,8.745806694030762,3.3995566368103027,0.7971665263175964,1,-
02/20/2026,DAL,Caleb Martin,17.828750610351562,6.5,4.2928314208984375,5.901154041290283,0.8825938105583191,1,-
02/20/2026,DAL,Brandon Williams,23.120664596557617,16.5,14.382575035095217,6.08979082107544,1.1114715337753296,1,-
02/20/2026,CLE,Jarrett Allen,28.75127410888672,15.5,14.120450019836426,3.5823984146118164,0.6155627965927124,1,-
02/20/2026,CLE,James Harden,34.4586067199707,20.5,12.970182418823242,7.395624160766602,0.719765841960907,1,-
02/20/2026,CLE,Donovan Mitchell,31.803373336791992,26.5,25.896778106689453,4.528616428375244,0.6748809814453125,1,-
02/20/2026,CHO,Tre Mann,19.30552673339844,8.5,6.56896448135376,6.674688339233398,0.834760308265686,1,-
02/20/2026,CHO,Tidjane Salaun,18.38744163513184,6.5,6.222137451171875,6.7600860595703125,0.8178071975708008,1,-
02/20/2026,CHO,Grant Williams,23.751081466674805,10.5,10.011136054992676,6.468455314636231,0.8045979142189026,1,-
02/20/2026,BRK,Terance Mann,21.494848251342773,6.5,6.113925457000732,4.29685115814209,0.82200026512146,1,-
02/20/2026,BRK,Danny Wolf,20.81102752685547,10.5,9.04014015197754,2.331006050109864,0.7037384510040283,1,-
02/20/2026,ATL,Zaccharie Risacher,24.93891334533692,9.5,9.413325309753418,4.085961818695068,0.7671033143997192,1,-
02/20/2026,ATL,Nickeil Alexander-Walker,34.46249008178711,19.5,18.70997810363769,6.76223087310791,0.8158125281333923,1,-
02/20/2026,ATL,Jock Landale,20.8352279663086,8.5,8.351449966430664,7.440309524536133,0.8456170558929443,1,-
02/20/2026,ATL,Dyson Daniels,32.743690490722656,10.5,12.251514434814451,3.329559803009033,0.4760853052139282,0,-
02/21/2026,SAS,Victor Wembanyama,30.57858657836914,23.5,26.340206146240234,4.375683307647705,0.8453336358070374,1,O
02/21/2026,SAS,Luke Kornet,18.15267372131348,5.5,5.924640655517578,6.747378826141357,0.8855381608009338,1,O
02/21/2026,SAS,Keldon Johnson,22.889198303222656,11.5,12.638360023498535,6.751203536987305,0.9040111303329468,1,O
02/21/2026,SAS,Julian Champagnie,27.63335609436035,7.5,9.277957916259766,5.385709762573242,0.8599899411201477,1,O
02/21/2026,SAS,Harrison Barnes,22.75499153137207,7.5,9.531238555908203,6.660013675689697,0.8017523288726807,1,O
02/21/2026,SAS,Devin Vassell,29.80038452148437,11.5,12.54781436920166,5.146568775177002,0.7459514737129211,1,O
02/21/2026,SAS,De'Aaron Fox,30.009220123291016,16.5,17.522525787353516,3.703294515609741,0.7005796432495117,1,O
02/21/2026,SAS,Carter Bryant,14.178552627563477,5.5,6.587976932525635,6.784517765045166,0.8640320301055908,1,O
02/21/2026,SAC,Russell Westbrook,29.75092124938965,11.5,16.39002227783203,6.938133716583252,0.8578022718429565,1,O
02/21/2026,SAC,Precious Achiuwa,27.67448234558105,7.5,7.864649772644043,5.547362327575684,0.8814325928688049,1,O
02/21/2026,SAC,Nique Clifford,26.788827896118164,10.5,10.502703666687012,2.940723180770874,0.6178714036941528,1,O
02/21/2026,SAC,Malik Monk,21.905946731567383,11.5,13.303709030151367,7.522544384002685,0.960375726222992,1,O
02/21/2026,SAC,Keegan Murray,35.75688171386719,14.5,16.162824630737305,0.32324880361557,0.5098320245742798,1,O
02/21/2026,SAC,Devin Carter,24.546920776367188,11.5,13.109127044677734,6.072626113891602,0.766566276550293,1,O
02/21/2026,SAC,DeMar DeRozan,33.27028274536133,13.5,20.06876945495605,5.270890712738037,0.8123534917831421,1,O
02/21/2026,PHO,Royce O'Neale,28.965763092041016,9.5,9.814193725585938,5.20703125,0.8665713667869568,1,O
02/21/2026,PHO,Mark Williams,25.859413146972656,10.5,10.855061531066896,8.019824981689453,0.9546736478805542,1,O
02/21/2026,PHO,Jordan Goodwin,22.096630096435547,8.5,9.215527534484863,6.528072834014893,0.8396283984184265,1,O
02/21/2026,PHO,Grayson Allen,22.839296340942383,14.5,14.705856323242188,5.977809906005859,0.7863494753837585,1,O
02/21/2026,PHI,VJ Edgecombe,35.34366989135742,16.5,18.811752319335938,3.92716383934021,0.7502684593200684,1,O
02/21/2026,PHI,Trendon Watford,20.809629440307617,7.5,8.45030689239502,7.535998344421387,0.9394078850746156,1,O
02/21/2026,PHI,Dominick Barlow,27.696346282958984,8.5,10.337356567382812,6.691371440887451,0.773963987827301,1,O
02/21/2026,PHI,Adem Bona,20.51126289367676,6.5,6.709980010986328,6.357595443725586,0.9357541799545288,1,O
02/21/2026,ORL,Moritz Wagner,18.13494873046875,9.5,9.569414138793944,6.276102542877197,0.9108434915542604,1,O
02/21/2026,ORL,Anthony Black,32.81352233886719,16.5,16.94422721862793,2.1152713298797607,0.7843708992004395,1,O
02/21/2026,NYK,OG Anunoby,34.54656219482422,15.5,15.65839385986328,5.646853923797607,0.7921329736709595,1,O
02/21/2026,NYK,Mitchell Robinson,19.11665153503418,4.5,5.7814812660217285,5.769044876098633,0.8895525336265564,1,O
02/21/2026,NYK,Landry Shamet,24.6306209564209,8.5,10.448294639587402,7.136930465698242,0.8512497544288635,1,O
02/21/2026,NYK,Josh Hart,33.81010055541992,12.5,13.611889839172363,4.968310832977295,0.8034170866012573,1,O
02/21/2026,NYK,Jose Alvarado,20.35236930847168,6.5,8.658769607543945,7.822957515716553,0.9842302203178406,1,O
02/21/2026,NOP,Zion Williamson,31.90357780456543,21.5,21.96239852905273,3.618192434310913,0.6873560547828674,1,O
02/21/2026,NOP,Saddiq Bey,32.61823654174805,18.5,19.661760330200195,8.539056777954102,0.8541048765182495,1,O
02/21/2026,NOP,Jordan Poole,21.48614501953125,11.5,11.544527053833008,6.871663570404053,0.9799019694328308,1,O
02/21/2026,NOP,Herbert Jones,31.74140357971192,9.5,9.548750877380373,3.7228503227233887,0.6322016716003418,1,O
02/21/2026,NOP,Derik Queen,29.09196853637696,12.5,12.816303253173828,5.747632026672363,0.8309184908866882,1,O
02/21/2026,MIA,Pelle Larsson,26.85372734069824,10.5,10.927021026611328,5.405500888824463,0.819092869758606,1,O
02/21/2026,MIA,Norman Powell,30.74720573425293,20.5,20.55583572387696,5.512676239013672,0.676396906375885,1,O
02/21/2026,MIA,Kel'el Ware,19.063941955566406,8.5,10.859563827514648,7.3031535148620605,0.9684047698974608,1,O
02/21/2026,MIA,Kasparas Jakucionis,27.22024154663086,7.5,9.733126640319824,5.894720554351807,0.7918061017990112,1,O
02/21/2026,MIA,Jaime Jaquez Jr.,29.185571670532227,12.5,16.193649291992188,6.130489826202393,0.907395362854004,1,O
02/21/2026,MIA,Davion Mitchell,27.62420463562012,7.5,9.283337593078612,4.145813465118408,0.7584952712059021,1,O
02/21/2026,MIA,Bam Adebayo,33.34453582763672,19.5,20.225526809692383,7.337796211242676,0.8709395527839661,1,O
02/21/2026,MIA,Andrew Wiggins,31.62834930419922,14.5,17.308008193969727,5.167256832122803,0.7694458365440369,1,O
02/21/2026,MEM,Taylor Hendricks,26.190963745117188,9.5,11.689859390258787,7.774412631988525,0.7907910346984863,1,O
02/21/2026,HOU,Reed Sheppard,24.16678047180176,11.5,11.933032035827637,6.3983659744262695,0.7858443856239319,1,O
02/21/2026,HOU,Kevin Durant,37.960411071777344,24.5,25.52471351623535,4.672595024108887,0.6799210906028748,1,O
02/21/2026,HOU,Jabari Smith Jr.,36.019405364990234,13.5,13.762032508850098,4.629977703094482,0.7440911531448364,1,O
02/21/2026,HOU,Alperen Sengun,34.27650833129883,17.5,19.382259368896484,3.6960196495056152,0.6050150394439697,1,O
02/21/2026,DET,Javonte Green,17.908226013183594,5.5,5.63704252243042,8.352579116821289,0.912521481513977,1,O
02/21/2026,DET,Duncan Robinson,28.11285781860352,10.5,12.707844734191896,5.120508670806885,0.8600596785545349,1,O
02/21/2026,DET,Caris LeVert,20.96381187438965,7.5,7.502011299133301,6.294669628143311,0.7219784259796143,1,O
02/21/2026,DET,Cade Cunningham,35.48493576049805,26.5,26.93376922607422,1.470664620399475,0.7189810276031494,1,O
02/21/2026,CHI,Tre Jones,22.2995834350586,8.5,10.345529556274414,6.700919151306152,0.934514820575714,1,O
02/21/2026,CHI,Patrick Williams,22.17185401916504,6.5,6.91453742980957,7.73826265335083,0.8721376061439514,1,O
02/21/2026,CHI,Isaac Okoro,27.50581741333008,8.5,8.56559944152832,5.74376916885376,0.7317019104957581,1,O
02/21/2026,CHI,Guerschon Yabusele,26.832738876342773,8.5,9.986083984375,8.020403861999512,0.7632516622543335,1,O
02/21/2026,SAS,Stephon Castle,28.551137924194336,15.5,15.487022399902344,3.549288511276245,0.6918405294418335,1,-
02/21/2026,SAS,Dylan Harper,23.68307876586914,12.5,11.398736000061035,5.730520725250244,0.9116433262825012,1,-
02/21/2026,SAC,Maxime Raynaud,30.57563209533692,13.5,13.162260055541992,3.920729875564575,0.6016449332237244,1,-
02/21/2026,PHO,Oso Ighodaro,19.44293785095215,5.5,5.4375081062316895,7.6201019287109375,0.7881178259849548,1,-
02/21/2026,PHO,Jalen Green,25.58809471130371,17.5,11.688169479370115,6.856508731842041,0.8465529680252075,1,-
02/21/2026,PHO,Dillon Brooks,31.593055725097656,22.5,19.92155265808105,5.73656177520752,0.803668200969696,1,-
02/21/2026,PHO,Collin Gillespie,28.7696475982666,13.5,11.19630527496338,6.029845714569092,0.9580711126327516,1,-
02/21/2026,PHI,Tyrese Maxey,38.0245246887207,30.5,28.4868392944336,2.2154877185821533,0.6476444602012634,1,-
02/21/2026,PHI,Quentin Grimes,27.298583984375,12.5,11.393638610839844,4.137021064758301,0.6917147040367126,1,-
02/21/2026,PHI,Kelly Oubre Jr.,35.11856842041016,17.5,16.783489227294922,4.430586338043213,0.7246038913726807,1,-
02/21/2026,PHI,Andre Drummond,27.81071853637696,9.5,9.357242584228516,4.521048069000244,0.6843611001968384,1,-
02/21/2026,ORL,Wendell Carter Jr.,30.582252502441406,10.5,9.367380142211914,3.5345282554626465,0.6691617965698242,1,-
02/21/2026,ORL,Paolo Banchero,35.97886657714844,21.5,21.193986892700195,0.462241530418396,0.5781705975532532,1,-
02/21/2026,ORL,Jalen Suggs,25.10954475402832,13.5,11.823524475097656,3.56706976890564,0.7966244220733643,1,-
02/21/2026,ORL,Desmond Bane,34.910343170166016,18.5,17.890411376953125,0.8483201861381531,0.6644825339317322,1,-
02/21/2026,NYK,Mikal Bridges,35.12946701049805,14.5,14.434978485107422,4.41693639755249,0.6594976186752319,1,-
02/21/2026,NYK,Karl-Anthony Towns,32.36498260498047,17.5,17.17530632019043,4.7101874351501465,0.7835708856582642,1,-
02/21/2026,NYK,Jalen Brunson,36.38241958618164,26.5,23.3672103881836,3.7159175872802734,0.594796895980835,1,-
02/21/2026,NOP,Trey Murphy III,27.01024436950684,21.5,18.93276023864746,4.884664058685303,0.7478100657463074,1,-
02/21/2026,NOP,Karlo Matkovic,16.03426170349121,6.5,5.817203044891357,7.679354190826416,0.814452588558197,1,-
02/21/2026,NOP,Jeremiah Fears,24.656911849975582,14.5,13.416343688964844,7.241593837738037,0.8513149619102478,1,-
02/21/2026,NOP,Bryce McGowens,21.9530029296875,9.5,8.558187484741211,7.40373420715332,0.7829151153564453,1,-
02/21/2026,MIA,Tyler Herro,26.341598510742188,17.5,15.025557518005373,5.683858394622803,0.8959665894508362,1,-
02/21/2026,MEM,Ty Jerome,24.808517456054688,17.5,12.990609169006348,7.0786452293396,0.838714599609375,1,-
02/21/2026,MEM,Scotty Pippen Jr.,19.7049560546875,10.5,8.719685554504395,8.76477336883545,0.8584825992584229,1,-
02/21/2026,MEM,Santi Aldama,23.877504348754883,13.5,12.84554958343506,6.570559978485107,0.7974667549133301,1,-
02/21/2026,MEM,Jaylen Wells,26.967744827270508,12.5,12.46196746826172,6.604331016540527,0.8223839402198792,1,-
02/21/2026,MEM,Cedric Coward,21.53862190246582,10.5,9.263965606689451,5.701862812042236,0.7200335264205933,1,-
02/21/2026,MEM,Cam Spencer,21.536767959594727,9.5,9.202102661132812,7.246766567230225,0.9354581832885742,1,-
02/21/2026,HOU,Tari Eason,29.98552703857422,12.5,11.494377136230469,4.759637832641602,0.7462301850318909,1,-
02/21/2026,HOU,Dorian Finney-Smith,18.41958999633789,5.5,3.20906949043274,7.80431318283081,0.890017032623291,1,-
02/21/2026,HOU,Amen Thompson,36.85407638549805,15.5,14.152764320373535,0.9705921411514282,0.5950075387954712,1,-
02/21/2026,DET,Tobias Harris,32.02211380004883,14.5,13.948604583740234,4.104502201080322,0.6288555860519409,1,-
02/21/2026,DET,Jalen Duren,26.28633499145508,18.5,15.277578353881836,5.409720420837402,0.863750696182251,1,-
02/21/2026,DET,Daniss Jenkins,18.864307403564453,9.5,8.066650390625,8.075494766235352,0.8740319013595581,1,-
02/21/2026,DET,Ausar Thompson,27.358774185180664,9.5,9.04246425628662,2.431025743484497,0.6691418290138245,1,-
02/21/2026,CHI,Matas Buzelis,29.34432601928711,15.5,13.801215171813965,5.73262882232666,0.7911442518234253,1,-
02/21/2026,CHI,Josh Giddey,30.22611427307129,14.5,13.922398567199709,3.739419221878052,0.7999057173728943,1,-
02/21/2026,CHI,Jalen Smith,26.495210647583008,11.5,11.359874725341797,6.963426113128662,0.9124768376350404,1,-
02/21/2026,CHI,Collin Sexton,22.017911911010746,11.5,9.926340103149414,8.033096313476562,0.86778324842453,1,-
02/21/2026,CHI,Anfernee Simons,23.770612716674805,14.5,9.706501007080078,7.375612735748291,0.8192031979560852,1,-
02/22/2026,WAS,Tre Johnson,26.170848846435547,12.5,13.221813201904297,5.167873382568359,0.8108430504798889,1,O
02/22/2026,WAS,Kyshawn George,27.97330093383789,12.5,12.985916137695312,4.208126068115234,0.7538220286369324,1,O
02/22/2026,WAS,Bilal Coulibaly,27.493650436401367,9.5,9.615234375,3.402528047561645,0.6639328002929688,1,O
02/22/2026,WAS,Anthony Gill,26.52786445617676,8.5,8.780364036560059,5.913128852844238,0.6539198160171509,1,O
02/22/2026,TOR,Jakob Poeltl,25.93842887878418,7.5,9.33002471923828,3.048642158508301,0.8134133815765381,1,O
02/22/2026,TOR,Ja'Kobe Walter,27.784255981445312,8.5,9.149086952209473,6.565281867980957,0.7914696335792542,1,O
02/22/2026,POR,Vit Krejci,20.654277801513672,7.5,9.52646255493164,7.141680717468262,0.9932023882865906,1,O
02/22/2026,POR,Toumani Camara,31.545398712158203,11.5,12.152446746826172,3.930370807647705,0.846350371837616,1,O
02/22/2026,POR,Jrue Holiday,29.658018112182617,15.5,16.71002769470215,5.0963897705078125,0.7792960405349731,1,O
02/22/2026,POR,Donovan Clingan,27.86785888671875,11.5,11.754981994628906,5.639373302459717,0.7765125632286072,1,O
02/22/2026,PHO,Ryan Dunn,27.880046844482425,8.5,9.335135459899902,4.081921100616455,0.8431957364082336,1,O
02/22/2026,PHO,Royce O'Neale,31.078706741333008,11.5,12.066768646240234,4.85431432723999,0.7914552688598633,1,O
02/22/2026,PHO,Oso Ighodaro,21.874698638916016,7.5,8.10511589050293,6.6950554847717285,0.8487177491188049,1,O
02/22/2026,PHO,Mark Williams,27.09190559387207,11.5,15.177056312561035,8.546085357666016,0.9930340051651,1,O
02/22/2026,PHI,Tyrese Maxey,39.48711013793945,30.5,31.719188690185547,2.759418249130249,0.6098596453666687,1,O
02/22/2026,PHI,Quentin Grimes,28.441869735717773,11.5,11.91482925415039,2.164624214172364,0.643060564994812,1,O
02/22/2026,PHI,Kelly Oubre Jr.,36.608131408691406,15.5,16.753253936767578,3.2651755809783936,0.7235831022262573,1,O
02/22/2026,PHI,Dominick Barlow,29.54574203491211,9.5,10.055584907531738,5.2753777503967285,0.7496809959411621,1,O
02/22/2026,PHI,Andre Drummond,28.06246566772461,8.5,9.161746978759766,3.803999185562134,0.7047861814498901,1,O
02/22/2026,PHI,Adem Bona,20.97738075256348,5.5,5.735991477966309,5.165396690368652,0.8706087470054626,1,O
02/22/2026,ORL,Wendell Carter Jr.,31.18105697631836,9.5,9.872769355773926,4.466703414916992,0.7142285704612732,1,O
02/22/2026,ORL,Moritz Wagner,18.613374710083008,8.5,9.407958030700684,5.733947277069092,0.8545756936073303,1,O
02/22/2026,ORL,Desmond Bane,35.85577774047852,18.5,18.72138786315918,2.1352808475494385,0.6154786944389343,1,O
02/22/2026,ORL,Anthony Black,35.14280700683594,15.5,15.98037052154541,3.95224928855896,0.8652034401893616,1,O
02/22/2026,OKC,Luguentz Dort,30.25741195678711,9.5,9.88201141357422,4.053568363189697,0.796654224395752,1,O
02/22/2026,OKC,Isaiah Joe,28.289968490600582,13.5,14.951393127441406,4.020118236541748,0.6943582892417908,1,O
02/22/2026,OKC,Isaiah Hartenstein,26.20729255676269,9.5,10.663902282714844,4.087325096130371,0.7497898936271667,1,O
02/22/2026,NYK,OG Anunoby,34.75857925415039,16.5,18.10803985595703,4.855777740478516,0.667534351348877,1,O
02/22/2026,NYK,Mikal Bridges,34.26681900024414,15.5,16.098934173583984,2.844228506088257,0.6049854755401611,1,O
02/22/2026,NYK,Landry Shamet,23.32798957824707,9.5,10.408929824829102,5.90387487411499,0.8340264558792114,1,O
02/22/2026,NYK,Jose Alvarado,20.96720123291016,8.5,9.058919906616213,7.319883823394775,0.8747720718383789,1,O
02/22/2026,MIN,Julius Randle,34.99811935424805,22.5,22.739625930786133,3.952446460723877,0.6603394150733948,1,O
02/22/2026,MIL,Kyle Kuzma,29.205596923828125,12.5,13.285348892211914,4.140543460845947,0.6527931094169617,1,O
02/22/2026,MIL,Bobby Portis,25.64124870300293,11.5,12.65346622467041,4.8108015060424805,0.92424476146698,1,O
02/22/2026,LAL,Rui Hachimura,26.30290412902832,8.5,11.167956352233888,4.35367488861084,0.765453040599823,1,O
02/22/2026,LAL,Marcus Smart,29.47879409790039,7.5,9.21284008026123,4.213367462158203,0.7146939039230347,1,O
02/22/2026,LAL,Luke Kennard,21.45671272277832,5.5,7.40976619720459,7.817646026611328,0.9153360724449158,1,O
02/22/2026,LAL,LeBron James,34.480064392089844,18.5,21.230342864990234,4.157393932342529,0.7483255863189697,1,O
02/22/2026,LAL,Deandre Ayton,28.10382461547852,9.5,11.675639152526855,4.062644481658936,0.7463393807411194,1,O
02/22/2026,LAL,Austin Reaves,33.80966567993164,20.5,22.36336708068848,5.617772102355957,0.5829619765281677,1,O
02/22/2026,LAC,Kobe Sanders,26.448022842407227,8.5,8.582842826843262,6.455076217651367,0.725329577922821,1,O
02/22/2026,LAC,Kawhi Leonard,33.651947021484375,29.5,29.82902336120605,6.896955490112305,0.7653270363807678,1,O
02/22/2026,LAC,Derrick Jones Jr.,30.53801918029785,11.5,11.80648708343506,7.338570117950439,0.8013975620269775,1,O
02/22/2026,IND,Pascal Siakam,31.86398124694824,21.5,23.36651992797852,6.600203990936279,0.855575442314148,1,O
02/22/2026,IND,Ben Sheppard,20.786178588867188,6.5,6.684360027313232,4.025399208068848,0.7657026052474976,1,O
02/22/2026,GSW,Draymond Green,25.57152938842773,8.5,8.726836204528809,4.694364547729492,0.8049105405807495,1,O
02/22/2026,GSW,De'Anthony Melton,27.58001708984375,14.5,14.77806568145752,6.453344821929932,0.8254686594009399,1,O
02/22/2026,DEN,Tim Hardaway Jr.,26.43476676940918,10.5,12.677783012390137,6.924700736999512,0.8559648394584656,1,O
02/22/2026,DEN,Nikola Jokic,36.47628402709961,28.5,29.11709213256836,7.108678340911865,0.5489605665206909,1,O
02/22/2026,DEN,Julian Strawther,27.414613723754883,11.5,12.16994571685791,6.996320724487305,0.8469381332397461,1,O
02/22/2026,DEN,Jonas Valanciunas,14.638646125793455,7.5,8.543015480041504,7.728390693664551,1.1214338541030884,1,O
02/22/2026,DEN,Jamal Murray,36.8694953918457,24.5,27.16962432861328,6.629505634307861,0.6870144605636597,1,O
02/22/2026,DEN,Cameron Johnson,32.32047653198242,11.5,13.03685188293457,3.019787311553955,0.6846840977668762,1,O
02/22/2026,DEN,Bruce Brown,25.13435935974121,7.5,8.004303932189941,5.167072296142578,0.7664549350738525,1,O
02/22/2026,DAL,Naji Marshall,31.760160446166992,17.5,19.871597290039062,8.61495304107666,0.8335188031196594,1,O
02/22/2026,DAL,Max Christie,29.21525001525879,13.5,14.028800010681152,7.0714850425720215,0.7860769033432007,1,O
02/22/2026,CLE,Sam Merrill,22.408891677856445,8.5,9.128572463989258,5.997239112854004,0.7728689312934875,1,O
02/22/2026,CLE,Jaylon Tyson,22.397661209106445,9.5,9.86256217956543,7.929075717926025,1.0396242141723633,1,O
02/22/2026,CLE,Jarrett Allen,28.480846405029297,14.5,14.883864402770996,4.146062850952148,0.7421515583992004,1,O
02/22/2026,CLE,Evan Mobley,30.83684539794922,12.5,14.614733695983888,4.378047943115234,0.6271321773529053,1,O
02/22/2026,CLE,Dennis Schroder,23.40116310119629,7.5,8.845105171203613,6.379265785217285,0.8836807608604431,1,O
02/22/2026,CLE,Dean Wade,25.22354316711425,5.5,6.283218383789063,4.434330463409424,0.7647913694381714,1,O
02/22/2026,CHO,Tidjane Salaun,18.625646591186523,5.5,6.634810924530029,6.714757919311523,0.914417803287506,1,O
02/22/2026,CHO,LaMelo Ball,29.53347969055176,21.5,21.74629020690918,6.663057327270508,0.7995374202728271,1,O
02/22/2026,CHO,Josh Green,16.790428161621094,4.5,6.03068208694458,6.817924499511719,0.8976531028747559,1,O
02/22/2026,CHO,Grant Williams,27.23731803894043,10.5,11.85774040222168,5.660927295684815,0.7973690032958984,1,O
02/22/2026,CHI,Tre Jones,22.85921669006348,9.5,9.67222023010254,6.794146060943604,0.883017361164093,1,O
02/22/2026,CHI,Josh Giddey,30.41246795654297,14.5,15.744318008422852,4.740803241729736,0.7591027021408081,1,O
02/22/2026,CHI,Jalen Smith,25.600341796875,10.5,11.26456069946289,6.58229398727417,0.8749308586120605,1,O
02/22/2026,CHI,Guerschon Yabusele,26.02570343017578,9.5,10.726770401000977,6.528002738952637,0.8134346604347229,1,O
02/22/2026,BRK,Nolan Traore,27.19944953918457,10.5,11.905977249145508,4.344566822052002,0.7222566604614258,1,O
02/22/2026,BRK,Noah Clowney,28.51781272888184,11.5,12.439201354980469,4.1992621421813965,0.77858966588974,1,O
02/22/2026,BRK,Michael Porter Jr.,31.682693481445312,23.5,23.754226684570312,6.380115985870361,0.8696004152297974,1,O
02/22/2026,BRK,Danny Wolf,20.870512008666992,9.5,9.542829513549805,5.795011520385742,0.8913296461105347,1,O
02/22/2026,BOS,Sam Hauser,27.226964950561523,9.5,11.157509803771973,3.910061836242676,0.7595153450965881,1,O
02/22/2026,BOS,Neemias Queta,24.911453247070312,6.5,8.96493911743164,4.58447265625,0.7381453514099121,1,O
02/22/2026,BOS,Baylor Scheierman,26.59390449523925,6.5,9.307565689086914,5.0646162033081055,0.820815920829773,1,O
02/22/2026,ATL,Zaccharie Risacher,22.6572208404541,7.5,8.776126861572266,3.9280331134796143,0.918485462665558,1,O
02/22/2026,ATL,Onyeka Okongwu,31.49489974975586,14.5,15.07540798187256,1.6339486837387085,0.6821274757385254,1,O
02/22/2026,ATL,Jock Landale,20.001670837402344,7.5,8.09073257446289,6.539787769317627,0.8951592445373535,1,O
02/22/2026,ATL,Jalen Johnson,34.81846237182617,23.5,25.164857864379883,4.250528335571289,0.5835044384002686,1,O
02/22/2026,ATL,Dyson Daniels,31.864614486694336,10.5,11.86751937866211,0.9679458141326904,0.5662343502044678,1,O
02/22/2026,ATL,CJ McCollum,30.590576171875,18.5,20.35285186767578,4.655668258666992,0.7843262553215027,1,O
02/22/2026,WAS,Will Riley,19.45095634460449,9.5,8.38424301147461,5.779627323150635,0.8482472896575928,1,-
02/22/2026,WAS,Jaden Hardy,13.418893814086914,7.5,6.634154796600342,7.313093662261963,0.793759822845459,1,-
02/22/2026,TOR,RJ Barrett,30.02696228027344,18.5,17.135698318481445,6.96044397354126,0.7437852025032043,1,-
02/22/2026,TOR,Jamal Shead,21.020586013793945,7.5,5.41402006149292,6.804361820220947,0.9476056098937988,1,-
02/22/2026,TOR,Immanuel Quickley,32.082942962646484,17.5,17.222217559814453,4.050249576568604,0.8070399761199951,1,-
02/22/2026,TOR,Collin Murray-Boyles,21.152061462402344,9.5,6.982434749603272,4.915530681610107,0.8374476432800293,1,-
02/22/2026,TOR,Brandon Ingram,34.073184967041016,22.5,21.95088005065918,5.177064418792725,0.7012925148010254,1,-
02/22/2026,POR,Scoot Henderson,20.346885681152344,11.5,9.243776321411133,6.784627437591553,0.8943923115730286,1,-
02/22/2026,POR,Jerami Grant,31.302026748657227,16.5,16.11630630493164,3.803727865219116,0.754063606262207,1,-
02/22/2026,POR,Deni Avdija,31.96169090270996,23.5,22.80051040649414,3.9291672706604,0.8175519108772278,1,-
02/22/2026,PHO,Jalen Green,27.903608322143555,23.5,18.33434295654297,6.993187427520752,0.7898575663566589,1,-
02/22/2026,PHO,Grayson Allen,25.545072555541992,18.5,18.460901260375977,5.740949630737305,0.7526860237121582,1,-
02/22/2026,PHO,Collin Gillespie,31.22445106506348,19.5,16.702939987182617,7.563467025756836,0.8962723612785339,1,-
02/22/2026,PHI,VJ Edgecombe,36.68786239624024,16.5,15.87368106842041,4.703952789306641,0.7448262572288513,1,-
02/22/2026,PHI,Joel Embiid,24.58144187927246,27.5,25.593748092651367,7.57020378112793,0.8476252555847168,1,-
02/22/2026,ORL,Paolo Banchero,37.16011428833008,21.5,20.82330322265625,1.4024547338485718,0.4153668284416199,0,-
02/22/2026,ORL,Jevon Carter,20.02003288269043,8.5,7.90746545791626,6.698333263397217,0.774899423122406,1,-
02/22/2026,ORL,Jett Howard,15.110589981079102,5.5,5.135271072387695,7.293259143829346,0.7622619867324829,1,-
02/22/2026,ORL,Jalen Suggs,24.2080307006836,13.5,11.677477836608888,3.427906513214112,0.7798287272453308,1,-
02/22/2026,OKC,Jared McCain,20.65816879272461,11.5,9.786184310913086,6.5543742179870605,0.8478631973266602,1,-
02/22/2026,OKC,Chet Holmgren,30.111469268798828,18.5,17.15706443786621,4.081864833831787,0.7264284491539001,1,-
02/22/2026,OKC,Cason Wallace,28.946075439453125,11.5,8.884077072143555,2.6689021587371826,0.7125899195671082,1,-
02/22/2026,OKC,Aaron Wiggins,22.35567855834961,13.5,10.71541976928711,1.976631045341492,0.8026781678199768,1,-
02/22/2026,NYK,Karl-Anthony Towns,32.005245208740234,20.5,18.770362854003903,5.413900852203369,0.6797049641609192,1,-
02/22/2026,NYK,Josh Hart,33.00738906860352,12.5,12.114546775817873,4.643804550170898,0.7718311548233032,1,-
02/22/2026,NYK,Jalen Brunson,35.91934585571289,27.5,25.04149055480957,3.212296724319458,0.5162169933319092,1,-
02/22/2026,MIN,Naz Reid,25.548236846923828,16.5,13.732012748718262,6.744258403778076,0.932815968990326,1,-
02/22/2026,MIN,Joan Beringer,22.43589210510254,10.5,6.3144941329956055,6.7795939445495605,0.7345081567764282,1,-
02/22/2026,MIN,Jaden McDaniels,33.50160217285156,15.5,15.403861045837402,5.0815253257751465,0.7355403900146484,1,-
02/22/2026,MIN,Donte DiVincenzo,30.703269958496094,10.5,10.113202095031738,4.61765718460083,0.7357994914054871,1,-
02/22/2026,MIN,Ayo Dosunmu,22.69676780700684,13.5,9.62745475769043,7.237118244171143,0.8139352202415466,1,-
02/22/2026,MIN,Anthony Edwards,37.28841018676758,30.5,28.7221794128418,7.164445400238037,0.7246180772781372,1,-
02/22/2026,MIL,Ryan Rollins,31.91400146484375,17.5,16.169689178466797,2.1530723571777344,0.6521998047828674,1,-
02/22/2026,MIL,Myles Turner,27.294418334960938,11.5,11.177970886230469,5.098130226135254,0.7720979452133179,1,-
02/22/2026,MIL,Kevin Porter Jr.,35.22871017456055,17.5,16.736312866210938,1.126926302909851,0.5975261926651001,1,-
02/22/2026,LAL,Luka Doncic,34.75753402709961,29.5,27.62777328491211,2.6105453968048096,0.7107335925102234,1,-
02/22/2026,LAC,Yanic Konan Niederhauser,13.568344116210938,4.5,3.8000895977020255,7.9056572914123535,0.9473736882209778,1,-
02/22/2026,LAC,Nicolas Batum,18.26683235168457,3.5,3.2802295684814453,7.228787422180176,0.8547135591506958,1,-
02/22/2026,LAC,Kris Dunn,31.123056411743164,8.5,7.535244464874268,4.027414321899414,0.5341726541519165,1,-
02/22/2026,LAC,Brook Lopez,29.94452857971192,10.5,9.970355987548828,5.947211265563965,0.6160674691200256,1,-
02/22/2026,LAC,Bennedict Mathurin,26.51839065551757,19.5,17.02669906616211,7.859065055847168,0.7887997031211853,1,-
02/22/2026,IND,Kobe Brown,23.74552345275879,9.5,9.007125854492188,7.034725666046143,0.8073635101318359,1,-
02/22/2026,IND,Kam Jones,25.830078125,8.5,7.91837739944458,5.9513702392578125,0.7189677953720093,1,-
02/22/2026,IND,Jay Huff,24.28899383544922,11.5,11.181604385375977,7.5339813232421875,0.768153190612793,1,-
02/22/2026,IND,Jarace Walker,29.188465118408203,15.5,14.909363746643066,5.290884017944336,0.8298059701919556,1,-
02/22/2026,IND,Andrew Nembhard,31.336463928222656,16.5,15.996169090270996,5.448893070220947,0.7864581942558289,1,-
02/22/2026,GSW,Pat Spencer,29.51002693176269,11.5,11.096443176269531,5.695892333984375,0.8177493214607239,1,-
02/22/2026,GSW,Moses Moody,28.96211624145508,14.5,13.42688274383545,4.167230129241943,0.764499306678772,1,-
02/22/2026,GSW,Kristaps Porzingis,16.954330444335938,12.5,8.266212463378906,6.780924320220947,0.8382982611656189,1,-
02/22/2026,GSW,Gui Santos,28.08917617797852,13.5,13.082701683044434,6.543027400970459,0.8329864144325256,1,-
02/22/2026,GSW,Brandin Podziemski,27.93851852416992,13.5,13.427083015441896,4.516574859619141,0.7143692970275879,1,-
02/22/2026,GSW,Al Horford,29.54374885559082,10.5,10.463411331176758,4.578202724456787,0.7520106434822083,1,-
02/22/2026,DEN,Christian Braun,36.190956115722656,11.5,10.610912322998049,6.117734909057617,0.7417427897453308,1,-
02/22/2026,DAL,P.J. Washington,32.11738204956055,15.5,14.611039161682127,4.475949764251709,0.6292113661766052,1,-
02/22/2026,DAL,Klay Thompson,20.929718017578125,12.5,11.22817611694336,7.6985368728637695,0.981666386127472,1,-
02/22/2026,DAL,Khris Middleton,26.116823196411133,13.5,11.749322891235352,6.822909355163574,0.8110936880111694,1,-
02/22/2026,DAL,Daniel Gafford,23.77336502075196,8.5,8.035201072692871,5.878746509552002,0.7456259727478027,1,-
02/22/2026,CLE,James Harden,35.44681930541992,18.5,13.613557815551758,5.3670196533203125,0.7339120507240295,1,-
02/22/2026,CLE,Donovan Mitchell,32.05387496948242,25.5,24.221599578857425,3.709869384765625,0.6900880336761475,1,-
02/22/2026,CHO,Sion James,21.78968620300293,5.5,5.433191776275635,4.283583164215088,0.7831411361694336,1,-
02/22/2026,CHO,Ryan Kalkbrenner,27.40746116638184,10.5,9.781970977783203,6.184298515319824,0.9732540845870972,1,-
02/22/2026,CHO,Kon Knueppel,32.17229080200195,20.5,20.224693298339844,7.099206447601318,0.8291653394699097,1,-
02/22/2026,CHO,Brandon Miller,31.66869735717773,23.5,21.72442626953125,4.726682662963867,0.7215984463691711,1,-
02/22/2026,CHI,Patrick Williams,21.499217987060547,7.5,6.818722724914551,6.856212139129639,0.8099764585494995,1,-
02/22/2026,CHI,Nick Richards,18.824939727783203,7.5,6.353503704071045,6.919936180114746,0.8431564569473267,1,-
02/22/2026,CHI,Matas Buzelis,29.24993705749512,15.5,14.334507942199709,5.797835826873779,0.8280407786369324,1,-
02/22/2026,CHI,Isaac Okoro,28.00205612182617,9.5,9.404603958129885,6.178696155548096,0.5958184003829956,1,-
02/22/2026,CHI,Collin Sexton,20.94725799560547,13.5,8.736199378967285,7.067762851715088,0.8767076730728149,1,-
02/22/2026,BRK,Day'Ron Sharpe,20.351055145263672,9.5,8.808826446533203,6.465917587280273,0.8330038785934448,1,-
02/22/2026,BOS,Payton Pritchard,29.312658309936523,18.5,16.374834060668945,6.134880065917969,0.7913901805877686,1,-
02/22/2026,BOS,Nikola Vucevic,22.89706039428711,12.5,9.674808502197266,6.233952045440674,0.8684172630310059,1,-
02/22/2026,BOS,Jaylen Brown,34.740135192871094,28.5,27.36522483825684,2.57558012008667,0.7132439613342285,1,-
02/22/2026,BOS,Derrick White,35.2896614074707,17.5,15.468087196350098,1.136681318283081,0.6197493076324463,1,-
02/22/2026,ATL,Nickeil Alexander-Walker,33.51596450805664,18.5,18.07813835144043,5.986789226531982,0.8785111904144287,1,-
02/22/2026,ATL,Corey Kispert,21.869739532470703,9.5,7.938045501708984,7.103341579437256,0.929421603679657,1,-
02/23/2026,UTA,Lauri Markkanen,31.300811767578125,18.5,22.351381301879883,3.701681613922119,0.7454537749290466,1,O
02/23/2026,UTA,Keyonte George,24.37745475769043,15.5,16.861146926879883,5.621719837188721,0.6820317506790161,1,O
02/23/2026,UTA,John Konchar,20.951595306396484,3.5,6.860280513763428,6.1776275634765625,0.8894988894462585,1,O
02/23/2026,UTA,Isaiah Collier,31.26866340637207,13.5,14.025808334350586,3.896950483322144,0.6965590715408325,1,O
02/23/2026,UTA,Cody Williams,28.48827362060547,7.5,7.782501697540283,4.198688507080078,0.6371705532073975,1,O
02/23/2026,SAS,Victor Wembanyama,30.151517868041992,23.5,23.91344451904297,7.626760482788086,0.8898150324821472,1,O
02/23/2026,SAS,Keldon Johnson,22.86844253540039,10.5,11.833386421203612,9.383699417114258,1.0111156702041626,1,O
02/23/2026,SAS,Julian Champagnie,28.060211181640625,7.5,9.073429107666016,8.886775970458984,0.8321563601493835,1,O
02/23/2026,SAS,Harrison Barnes,22.69234085083008,7.5,9.323384284973145,6.937361717224121,0.8085583448410034,1,O
02/23/2026,SAC,Russell Westbrook,28.326749801635746,11.5,15.350238800048828,6.062401294708252,0.8465882539749146,1,O
02/23/2026,SAC,Precious Achiuwa,27.759286880493164,7.5,9.165118217468262,7.3017354011535645,0.988093078136444,1,O
02/23/2026,SAC,Malik Monk,23.78481674194336,13.5,15.21986961364746,7.810832977294922,1.0679718255996704,1,O
02/23/2026,SAC,DeMar DeRozan,32.68532180786133,16.5,19.22054481506348,7.298163414001465,0.8635886907577515,1,O
02/23/2026,MEM,Cam Spencer,27.71690368652344,11.5,11.885986328125,3.864159345626831,0.8759996294975281,1,O
02/23/2026,HOU,Kevin Durant,37.726863861083984,24.5,28.62759590148925,3.721147298812866,0.7168079614639282,1,O
02/23/2026,HOU,Jabari Smith Jr.,35.19478225708008,15.5,15.54775333404541,4.492476940155029,0.5468884706497192,1,O
02/23/2026,HOU,Amen Thompson,37.24308013916016,16.5,16.510435104370117,2.950030565261841,0.7888425588607788,1,O
02/23/2026,HOU,Alperen Sengun,33.562103271484375,20.5,20.94786262512207,4.48988676071167,0.662707507610321,1,O
02/23/2026,DET,Tobias Harris,31.52775382995605,13.5,13.603068351745604,4.441372871398926,0.6210314631462097,1,O
02/23/2026,DET,Paul Reed,19.65039253234864,8.5,9.33417510986328,6.03486967086792,0.8037025928497314,1,O
02/23/2026,DET,Duncan Robinson,27.19068717956543,10.5,12.218402862548828,4.618462562561035,0.8673546314239502,1,O
02/23/2026,DET,Caris LeVert,19.42390823364257,6.5,6.958836555480957,3.890236616134644,0.8055464029312134,1,O
02/23/2026,UTA,Vince Williams Jr.,18.62783432006836,6.5,6.494417190551758,6.829478740692139,0.8184953927993774,1,-
02/23/2026,UTA,Kyle Filipowski,26.9387264251709,12.5,11.603099822998049,3.933059692382813,0.7149075865745544,1,-
02/23/2026,UTA,Brice Sensabaugh,24.377180099487305,14.5,13.000588417053224,5.71943998336792,0.890029788017273,1,-
02/23/2026,UTA,Ace Bailey,31.664281845092773,14.5,13.994695663452148,3.39526915550232,0.7255155444145203,1,-
02/23/2026,SAS,Stephon Castle,28.82771682739257,15.5,15.29652976989746,5.4034857749938965,0.617231011390686,1,-
02/23/2026,SAS,Dylan Harper,22.83243560791016,10.5,9.74637508392334,5.905902862548828,0.8898007869720459,1,-
02/23/2026,SAS,Devin Vassell,29.51737403869629,11.5,11.268792152404783,6.858715534210205,0.7118555903434753,1,-
02/23/2026,SAS,De'Aaron Fox,30.36585807800293,16.5,16.210220336914062,4.057861328125,0.6983381509780884,1,-
02/23/2026,SAC,Nique Clifford,25.66970634460449,10.5,10.221034049987791,5.758192539215088,0.6632972955703735,1,-
02/23/2026,SAC,Maxime Raynaud,29.857702255249023,15.5,14.088085174560549,5.414726734161377,0.7787793874740601,1,-
02/23/2026,SAC,Keegan Murray,35.89973068237305,17.5,16.78314971923828,3.173447608947754,0.6949753761291504,1,-
02/23/2026,MEM,Ty Jerome,18.818862915039062,17.5,11.372191429138184,7.114144802093506,0.8276617527008057,1,-
02/23/2026,MEM,Taylor Hendricks,21.28013610839844,10.5,9.014655113220217,7.00917387008667,0.8011295795440674,1,-
02/23/2026,MEM,Jaylen Wells,27.130504608154297,14.5,13.140772819519045,4.845012187957764,0.9074058532714844,1,-
02/23/2026,HOU,Tari Eason,30.7439022064209,14.5,14.415693283081056,3.949486494064331,0.8219856023788452,1,-
02/23/2026,HOU,Reed Sheppard,23.45037651062012,12.5,12.251410484313965,4.131498336791992,0.7537018060684204,1,-
02/23/2026,HOU,Dorian Finney-Smith,19.627668380737305,5.5,3.966195821762085,6.6998443603515625,0.8763847947120667,1,-
02/23/2026,HOU,Clint Capela,13.50063705444336,4.5,4.199833393096924,6.5396833419799805,0.8720187544822693,1,-
02/23/2026,DET,Jalen Duren,27.5910701751709,16.5,15.013463020324709,3.5875110626220703,0.8220919966697693,1,-
02/23/2026,DET,Daniss Jenkins,17.979040145874023,8.5,7.268595695495605,6.569555282592773,0.8331000208854675,1,-
02/23/2026,DET,Cade Cunningham,35.01837539672852,26.5,23.894086837768555,3.3148553371429443,0.7354013919830322,1,-
02/23/2026,DET,Ausar Thompson,27.3100528717041,9.5,8.396040916442871,3.826537132263184,0.524587094783783,1,-
02/24/2026,WAS,Tre Johnson,26.78323554992676,11.5,13.34955883026123,4.836426734924316,0.9725955724716188,1,O
02/24/2026,WAS,Kyshawn George,28.3560848236084,10.5,13.124045372009276,4.728186130523682,0.7979769706726074,1,O
02/24/2026,WAS,Justin Champagnie,17.772897720336914,6.5,8.15044116973877,6.597550392150879,0.9648691415786744,1,O
02/24/2026,WAS,Bilal Coulibaly,27.186038970947266,9.5,10.834012985229492,4.3201398849487305,0.7675623893737793,1,O
02/24/2026,TOR,Jamal Shead,20.496227264404297,5.5,5.866883277893066,7.772886276245117,0.8968493938446045,1,O
02/24/2026,TOR,Ja'Kobe Walter,20.286922454833984,6.5,6.885344982147217,5.597442150115967,0.9171899557113647,1,O
02/24/2026,TOR,Collin Murray-Boyles,27.40516662597656,8.5,8.527753829956055,3.998280286788941,0.839065432548523,1,O
02/24/2026,POR,Sidy Cissoko,21.3276481628418,4.5,5.479996681213379,7.937003135681152,0.7569957971572876,1,O
02/24/2026,POR,Kris Murray,27.70734024047852,6.5,7.034970283508301,3.68450927734375,0.6746141314506531,1,O
02/24/2026,POR,Jerami Grant,32.29535675048828,19.5,19.923141479492188,4.676111698150635,0.6359803676605225,1,O
02/24/2026,POR,Donovan Clingan,29.18113136291504,13.5,14.05943202972412,6.192411422729492,0.7060660123825073,1,O
02/24/2026,PHO,Ryan Dunn,26.715255737304688,6.5,7.275010108947754,2.729310274124145,0.635675311088562,1,O
02/24/2026,PHO,Royce O'Neale,31.79251289367676,9.5,10.181528091430664,3.0747053623199463,0.6875793933868408,1,O
02/24/2026,PHO,Oso Ighodaro,21.42254638671875,5.5,6.340737819671631,4.380741596221924,0.7903855443000793,1,O
02/24/2026,PHO,Mark Williams,27.23787307739257,10.5,12.228699684143066,5.057171821594238,0.6476237177848816,1,O
02/24/2026,PHO,Grayson Allen,24.90684127807617,14.5,15.696142196655272,5.136111736297607,0.7678709626197815,1,O
02/24/2026,PHI,VJ Edgecombe,35.19975662231445,14.5,15.53225326538086,3.158750534057617,0.7199071049690247,1,O
02/24/2026,PHI,Tyrese Maxey,37.37371444702149,27.5,31.61344146728516,5.433757305145264,0.6862503290176392,1,O
02/24/2026,PHI,Kelly Oubre Jr.,35.37013626098633,13.5,17.179183959960938,4.818066596984863,0.8179991841316223,1,O
02/24/2026,PHI,Joel Embiid,30.56801414489746,26.5,30.909229278564453,7.707121849060059,0.835930585861206,1,O
02/24/2026,ORL,Wendell Carter Jr.,31.351215362548828,9.5,11.46929168701172,4.489115715026856,0.7351541519165039,1,O
02/24/2026,ORL,Moritz Wagner,15.954926490783691,9.5,10.189797401428224,6.785250186920166,0.8661085367202759,1,O
02/24/2026,ORL,Jevon Carter,21.69446563720703,5.5,8.35618782043457,7.4036149978637695,0.805273175239563,1,O
02/24/2026,ORL,Desmond Bane,35.186988830566406,20.5,23.52535629272461,7.5307416915893555,0.7427362203598022,1,O
02/24/2026,OKC,Luguentz Dort,31.76006126403809,10.5,10.885643005371094,3.857910871505737,0.7903746366500854,1,O
02/24/2026,OKC,Isaiah Joe,28.2098331451416,14.5,16.210542678833008,2.799212694168091,0.749817430973053,1,O
02/24/2026,OKC,Isaiah Hartenstein,26.777318954467773,10.5,10.591100692749023,4.201906681060791,0.7837433815002441,1,O
02/24/2026,OKC,Chet Holmgren,31.1032829284668,16.5,17.355283737182617,1.4343786239624023,0.656691312789917,1,O
02/24/2026,NYK,Mitchell Robinson,17.837919235229492,4.5,5.195854187011719,4.70705509185791,0.7883229851722717,1,O
02/24/2026,NYK,Mikal Bridges,34.00163650512695,14.5,15.070631980895996,4.292721748352051,0.6353164911270142,1,O
02/24/2026,NYK,Landry Shamet,23.18285369873047,9.5,10.070319175720217,6.760128498077393,0.8328705430030823,1,O
02/24/2026,NYK,Karl-Anthony Towns,32.49407958984375,18.5,18.58503150939941,3.8919389247894287,0.7043930292129517,1,O
02/24/2026,NYK,Josh Hart,33.102081298828125,11.5,12.15268611907959,4.297677516937256,0.7159378528594971,1,O
02/24/2026,NOP,Saddiq Bey,32.42074966430664,17.5,20.448013305664062,6.48942756652832,0.8554816842079163,1,O
02/24/2026,NOP,Jeremiah Fears,24.94496154785156,11.5,12.236482620239258,5.934314727783203,0.9169846773147584,1,O
02/24/2026,NOP,Herbert Jones,31.399343490600582,9.5,9.553062438964844,4.407879829406738,0.6501461267471313,1,O
02/24/2026,NOP,Bryce McGowens,22.57357788085937,8.5,10.379578590393066,6.979343414306641,0.7521401047706604,1,O
02/24/2026,MIN,Rudy Gobert,29.71097183227539,11.5,12.821874618530272,4.174265861511231,0.8632038235664368,1,O
02/24/2026,MIN,Naz Reid,23.47244453430176,12.5,14.661697387695312,5.842731475830078,0.933036208152771,1,O
02/24/2026,MIN,Julius Randle,33.49469375610352,20.5,22.73540496826172,4.388810157775879,0.6568417549133301,1,O
02/24/2026,MIN,Jaden McDaniels,32.73595428466797,13.5,16.36634635925293,5.475427627563477,0.8252942562103271,1,O
02/24/2026,MIN,Anthony Edwards,35.831825256347656,28.5,28.72223854064941,4.201598644256592,0.7176226377487183,1,O
02/24/2026,MIL,Ryan Rollins,32.04609298706055,17.5,18.319801330566406,5.924534320831299,0.7721526026725769,1,O
02/24/2026,MIL,Myles Turner,28.17153549194336,11.5,11.943486213684082,5.103530406951904,0.8335393667221069,1,O
02/24/2026,MIL,Kyle Kuzma,27.88447380065918,10.5,11.89101219177246,5.252264499664307,0.774147629737854,1,O
02/24/2026,MIL,Jericho Sims,20.10679626464844,3.5,4.502322196960449,6.833676338195801,0.8027936220169067,1,O
02/24/2026,MIL,Bobby Portis,23.54481506347656,10.5,12.450583457946776,6.487844944000244,0.929831862449646,1,O
02/24/2026,MIA,Norman Powell,29.4674015045166,19.5,20.068817138671875,5.306083679199219,0.5762611627578735,1,O
02/24/2026,MIA,Kel'el Ware,19.20050811767578,7.5,10.403751373291016,8.050168991088867,0.9826540350914,1,O
02/24/2026,MIA,Jaime Jaquez Jr.,27.7407341003418,11.5,13.351072311401367,5.870577335357666,0.8262599110603333,1,O
02/24/2026,MIA,Davion Mitchell,28.8676986694336,7.5,8.094269752502441,3.9007210731506334,0.6544185876846313,1,O
02/24/2026,MIA,Bam Adebayo,32.65889358520508,17.5,18.51425170898437,5.653520584106445,0.8709078431129456,1,O
02/24/2026,MIA,Andrew Wiggins,30.69578742980957,14.5,16.444671630859375,4.904701232910156,0.7047522068023682,1,O
02/24/2026,LAL,Rui Hachimura,25.69122314453125,8.5,9.2067289352417,5.966528415679932,0.7864665985107422,1,O
02/24/2026,LAL,Marcus Smart,29.24578285217285,7.5,8.945469856262207,6.3354268074035645,0.7519146203994751,1,O
02/24/2026,LAL,Luke Kennard,21.41951942443848,6.5,6.521724700927734,6.618986129760742,0.8233195543289185,1,O
02/24/2026,LAL,LeBron James,34.744388580322266,19.5,20.41272354125977,5.6398515701293945,0.7409339547157288,1,O
02/24/2026,LAL,Jake LaRavia,23.1176872253418,5.5,5.792078495025635,4.298795223236084,0.8263451457023621,1,O
02/24/2026,LAL,Deandre Ayton,29.29378700256348,9.5,10.964679718017578,3.7406117916107178,0.7575360536575317,1,O
02/24/2026,IND,T.J. McConnell,19.4323787689209,9.5,10.176655769348145,7.727642059326172,0.9022846817970276,1,O
02/24/2026,IND,Kobe Brown,23.347919464111328,9.5,11.684086799621582,7.683434009552002,0.7287799715995789,1,O
02/24/2026,IND,Jay Huff,25.600875854492188,12.5,13.126397132873535,5.975978851318359,0.6984409093856812,1,O
02/24/2026,IND,Ben Sheppard,28.58622169494629,9.5,10.909887313842772,5.479869365692139,0.6973918080329895,1,O
02/24/2026,IND,Andrew Nembhard,32.77610778808594,16.5,19.02859306335449,5.5557146072387695,0.7845534086227417,1,O
02/24/2026,GSW,Gui Santos,26.587696075439453,13.5,14.21906852722168,6.350113391876221,0.7888875603675842,1,O
02/24/2026,GSW,Gary Payton II,16.59758949279785,8.5,9.80074405670166,6.722082138061523,0.7522481083869934,1,O
02/24/2026,GSW,Draymond Green,27.348594665527344,9.5,9.54242706298828,4.012884616851807,0.7216169238090515,1,O
02/24/2026,GSW,De'Anthony Melton,26.343536376953125,15.5,16.07761573791504,6.877997875213623,0.7245109677314758,1,O
02/24/2026,GSW,Al Horford,24.657211303710938,10.5,11.040037155151367,5.580023288726807,0.7326101064682007,1,O
02/24/2026,DAL,P.J. Washington,32.36408615112305,15.5,16.092880249023438,4.085281848907471,0.6740640997886658,1,O
02/24/2026,DAL,Klay Thompson,22.30658721923828,10.5,12.26620864868164,7.144230365753174,0.8632418513298035,1,O
02/24/2026,DAL,Daniel Gafford,24.467702865600582,8.5,9.304922103881836,5.546612739562988,0.7440505027770996,1,O
02/24/2026,DAL,Brandon Williams,22.772003173828125,13.5,14.805936813354492,6.316385746002197,0.9584068655967712,1,O
02/24/2026,CLE,Sam Merrill,23.247936248779297,9.5,11.241183280944824,8.818242073059082,0.8533456921577454,1,O
02/24/2026,CLE,Jaylon Tyson,21.398725509643555,7.5,9.074124336242676,8.138124465942383,0.9545932412147522,1,O
02/24/2026,CLE,Jarrett Allen,28.28121757507324,13.5,14.994187355041504,4.924009323120117,0.6812465190887451,1,O
02/24/2026,CLE,Evan Mobley,31.69442367553711,13.5,15.440396308898926,4.909415721893311,0.6861480474472046,1,O
02/24/2026,CLE,Dean Wade,25.591773986816406,4.5,5.714749336242676,6.272800922393799,0.7075220346450806,1,O
02/24/2026,CHO,Sion James,20.879901885986328,3.5,3.722038507461548,4.917609691619873,0.7289952039718628,1,O
02/24/2026,CHO,Ryan Kalkbrenner,20.67268180847168,5.5,6.940560340881348,6.35213041305542,0.8948524594306946,1,O
02/24/2026,CHO,Miles Bridges,30.664825439453125,15.5,16.86606788635254,4.088165760040283,0.6617127656936646,1,O
02/24/2026,CHO,Kon Knueppel,32.685829162597656,18.5,21.90000534057617,6.499744892120361,0.7458763122558594,1,O
02/24/2026,CHO,Grant Williams,20.72098731994629,6.5,7.705645561218262,6.736254692077637,0.7445767521858215,1,O
02/24/2026,CHO,Brandon Miller,31.2318058013916,21.5,21.77486991882324,5.165241718292236,0.6822305917739868,1,O
02/24/2026,CHI,Tre Jones,23.15541648864746,10.5,11.056241989135742,6.518429279327393,0.8743603825569153,1,O
02/24/2026,CHI,Josh Giddey,29.97444725036621,15.5,17.76886558532715,5.530280113220215,0.7883374691009521,1,O
02/24/2026,CHI,Isaac Okoro,28.631919860839844,9.5,11.273900985717772,5.049243927001953,0.7733495831489563,1,O
02/24/2026,BRK,Nolan Traore,29.157909393310547,11.5,12.324053764343262,5.374016284942627,0.7863534688949585,1,O
02/24/2026,BRK,Day'Ron Sharpe,19.03978538513184,8.5,9.620315551757812,8.716403007507324,0.9804717898368835,1,O
02/24/2026,BRK,Danny Wolf,20.487133026123047,8.5,9.69010066986084,7.628049373626709,0.8520684242248535,1,O
02/24/2026,BOS,Sam Hauser,27.426738739013672,10.5,11.33319854736328,3.5981719493865967,0.6334267258644104,1,O
02/24/2026,BOS,Baylor Scheierman,27.236143112182617,7.5,8.64689826965332,4.593764781951904,0.6918500065803528,1,O
02/24/2026,ATL,Zaccharie Risacher,21.770729064941406,7.5,8.528695106506348,6.696576118469238,0.9215343594551086,1,O
02/24/2026,ATL,Onyeka Okongwu,31.94729995727539,14.5,14.732573509216309,3.1020092964172363,0.7727658748626709,1,O
02/24/2026,ATL,Nickeil Alexander-Walker,33.40255355834961,17.5,18.648759841918945,7.495220184326172,0.7681571245193481,1,O
02/24/2026,ATL,Jock Landale,19.481107711791992,8.5,8.54580020904541,6.8998613357543945,0.8626115918159485,1,O
02/24/2026,ATL,Jalen Johnson,35.138221740722656,23.5,24.25107383728028,5.421336650848389,0.6889572143554688,1,O
02/24/2026,ATL,Dyson Daniels,32.394718170166016,10.5,11.50540542602539,4.732133388519287,0.6828157305717468,1,O
02/24/2026,ATL,CJ McCollum,30.00916862487793,18.5,18.60085678100586,6.272114276885986,0.8338508009910583,1,O
02/24/2026,WAS,Will Riley,19.90497398376465,9.5,9.02568244934082,6.651535987854004,0.8989743590354919,1,-
02/24/2026,WAS,Tristan Vukcevic,21.698598861694336,12.5,10.596738815307615,6.460653781890869,0.7455841898918152,1,-
02/24/2026,WAS,Anthony Gill,20.97355842590332,7.5,6.735495567321777,6.228411674499512,0.7764634490013123,1,-
02/24/2026,TOR,Scottie Barnes,31.513885498046875,16.5,16.05115509033203,3.868438482284546,0.682097852230072,1,-
02/24/2026,TOR,Sandro Mamukelashvili,20.639583587646484,10.5,10.437747955322266,5.418954849243164,1.0336105823516846,1,-
02/24/2026,TOR,RJ Barrett,28.25326919555664,16.5,14.806859970092772,5.134863376617432,0.6629682779312134,1,-
02/24/2026,TOR,Immanuel Quickley,31.08040428161621,15.5,15.0418701171875,5.558923244476318,0.7859586477279663,1,-
02/24/2026,TOR,Brandon Ingram,33.314064025878906,20.5,18.19318199157715,3.3403093814849854,0.5804956555366516,1,-
02/24/2026,POR,Vit Krejci,20.608701705932617,8.5,8.378266334533691,7.120181560516357,0.8170742392539978,1,-
02/24/2026,POR,Toumani Camara,33.2859001159668,13.5,13.2681884765625,3.583434581756592,0.746558666229248,1,-
02/24/2026,POR,Scoot Henderson,21.370105743408203,16.5,10.561241149902344,6.888947486877441,0.7261538505554199,1,-
02/24/2026,POR,Jrue Holiday,30.715049743652344,18.5,16.725238800048828,6.944601535797119,0.7461878657341003,1,-
02/24/2026,PHO,Jalen Green,29.264066696166992,20.5,16.9141788482666,3.2371599674224854,0.5694040060043335,1,-
02/24/2026,PHO,Collin Gillespie,32.0655403137207,15.5,14.891145706176758,3.4819321632385254,0.6289110779762268,1,-
02/24/2026,PHI,Quentin Grimes,27.19402313232422,10.5,10.375516891479492,1.796990990638733,0.6363946795463562,1,-
02/24/2026,PHI,Dominick Barlow,26.949678421020508,8.5,8.268843650817871,5.503928184509277,0.7730205059051514,1,-
02/24/2026,ORL,Paolo Banchero,36.71157836914063,22.5,22.66869735717773,1.3548483848571775,0.4643595814704895,0,-
02/24/2026,ORL,Jalen Suggs,23.43096351623535,13.5,12.074339866638184,3.8302855491638175,0.7104551792144775,1,-
02/24/2026,ORL,Anthony Black,34.97883605957031,16.5,15.94582462310791,6.288217067718506,0.8677648901939392,1,-
02/24/2026,OKC,Jared McCain,20.504018783569336,10.5,10.320178031921388,5.738560199737549,0.745755136013031,1,-
02/24/2026,OKC,Cason Wallace,30.664884567260746,11.5,10.82340145111084,2.4972517490386963,0.6097745895385742,1,-
02/24/2026,OKC,Aaron Wiggins,22.1357479095459,13.5,9.843070030212402,3.670247077941896,0.6387367248535156,1,-
02/24/2026,NYK,OG Anunoby,34.942901611328125,16.5,16.090900421142578,5.502479076385498,0.6911320686340332,1,-
02/24/2026,NYK,Jose Alvarado,20.998592376708984,8.5,7.782005786895752,7.041765213012695,0.7338038682937622,1,-
02/24/2026,NYK,Jalen Brunson,36.02102279663086,25.5,24.935096740722656,2.719034433364868,0.4627016186714172,0,-
02/24/2026,NOP,Zion Williamson,31.743526458740234,23.5,22.96857261657715,5.002734184265137,0.7250732779502869,1,-
02/24/2026,NOP,Derik Queen,25.684112548828125,11.5,10.28494930267334,5.696947574615479,0.8413208723068237,1,-
02/24/2026,NOP,Dejounte Murray,25.263885498046875,11.5,10.041239738464355,4.127893447875977,0.7252435684204102,1,-
02/24/2026,MIN,Donte DiVincenzo,29.662425994873047,10.5,10.18369960784912,4.20123815536499,0.7476498484611511,1,-
02/24/2026,MIN,Ayo Dosunmu,22.79673957824707,12.5,8.8417387008667,4.886593341827393,0.7674381732940674,1,-
02/24/2026,MIL,Kevin Porter Jr.,34.67717361450195,18.5,17.120691299438477,3.977993965148926,0.6767740845680237,1,-
02/24/2026,MIA,Tyler Herro,26.47340965270996,18.5,13.865522384643556,7.448534488677978,0.9467427730560304,1,-
02/24/2026,MIA,Pelle Larsson,27.18924331665039,10.5,9.275547981262209,6.504349231719971,0.8149544596672058,1,-
02/24/2026,LAL,Luka Doncic,35.93696212768555,31.5,31.45953941345215,4.340592384338379,0.6927717924118042,1,-
02/24/2026,LAL,Austin Reaves,34.19547653198242,21.5,21.28067970275879,3.713522434234619,0.6013389229774475,1,-
02/24/2026,IND,Kam Jones,28.281471252441406,9.5,8.231413841247559,7.143129825592041,0.7290464043617249,1,-
02/24/2026,IND,Jarace Walker,31.177875518798828,17.5,17.366121292114258,6.80821418762207,0.8144159317016602,1,-
02/24/2026,GSW,Will Richard,19.798324584960938,9.5,7.687285423278809,3.56640100479126,0.6940134763717651,1,-
02/24/2026,GSW,Quinten Post,13.655887603759766,8.5,5.106101036071777,6.355729103088379,0.8984955549240112,1,-
02/24/2026,GSW,Pat Spencer,27.007797241210938,11.5,9.30023193359375,6.199029445648193,0.7561017274856567,1,-
02/24/2026,GSW,Moses Moody,29.08928680419922,16.5,14.703429222106934,4.330237865447998,0.6719367504119873,1,-
02/24/2026,GSW,Brandin Podziemski,28.14141845703125,16.5,14.489672660827637,5.729433536529541,0.7246587872505188,1,-
02/24/2026,DAL,Naji Marshall,30.45713424682617,18.5,17.634593963623047,5.2367682456970215,0.7983381748199463,1,-
02/24/2026,DAL,Max Christie,30.488285064697266,14.5,13.29633617401123,4.601949214935303,0.5944787859916687,1,-
02/24/2026,DAL,Khris Middleton,26.79721069335937,14.5,13.345311164855955,5.4767746925354,0.6755728721618652,1,-
02/24/2026,CLE,James Harden,35.76283645629883,19.5,13.361495018005373,7.964050769805908,0.7163123488426208,1,-
02/24/2026,CLE,Donovan Mitchell,32.67256164550781,27.5,27.48489570617676,5.605442047119141,0.7068179249763489,1,-
02/24/2026,CLE,Dennis Schroder,23.421083450317383,9.5,9.281426429748535,7.778529644012451,0.7685787081718445,1,-
02/24/2026,CHO,Moussa Diabate,27.665651321411133,8.5,8.09980297088623,6.815813064575195,0.8998150825500488,1,-
02/24/2026,CHO,LaMelo Ball,28.83405494689941,20.5,19.21385955810547,6.2142252922058105,0.7399560213088989,1,-
02/24/2026,CHO,Coby White,14.492165565490724,12.5,5.804637908935547,4.757914543151856,0.6447525024414062,1,-
02/24/2026,CHI,Rob Dillingham,17.763362884521484,9.5,6.452883243560791,7.383173942565918,0.8000211119651794,1,-
02/24/2026,CHI,Patrick Williams,26.26516914367676,10.5,8.821355819702148,6.264045238494873,0.8040328025817871,1,-
02/24/2026,CHI,Nick Richards,19.57554817199707,8.5,7.260055065155029,6.665703296661377,0.8136391639709473,1,-
02/24/2026,CHI,Matas Buzelis,28.7601375579834,15.5,14.789280891418455,5.88733434677124,0.8293434977531433,1,-
02/24/2026,CHI,Jalen Smith,20.597394943237305,11.5,10.041167259216309,6.858609199523926,1.0971856117248535,1,-
02/24/2026,CHI,Guerschon Yabusele,25.73489570617676,10.5,10.205042839050291,6.271184921264648,0.7583116888999939,1,-
02/24/2026,CHI,Collin Sexton,18.73176956176757,14.5,7.596271991729736,6.893365859985352,0.8017153739929199,1,-
02/24/2026,BRK,Noah Clowney,29.10554313659668,12.5,11.871806144714355,6.474100112915039,0.8400304317474365,1,-
02/24/2026,BRK,Michael Porter Jr.,32.7121467590332,24.5,22.905235290527344,7.381639957427978,0.9368288516998292,1,-
02/24/2026,BOS,Payton Pritchard,30.275802612304688,22.5,17.287744522094727,3.220879554748535,0.6634611487388611,1,-
02/24/2026,BOS,Nikola Vucevic,23.961429595947266,13.5,10.39206886291504,4.690691947937012,0.7135628461837769,1,-
02/24/2026,BOS,Neemias Queta,25.2391300201416,9.5,9.027173042297363,2.7386765480041504,0.6718222498893738,1,-
02/24/2026,BOS,Jaylen Brown,29.66386985778809,28.5,24.853057861328125,3.91923189163208,0.6489881277084351,1,-
02/24/2026,BOS,Derrick White,35.59009552001953,20.5,16.679759979248047,1.336238145828247,0.4751087129116058,0,-
02/24/2026,ATL,Jonathan Kuminga,17.5775146484375,10.5,7.18603515625,6.838028907775879,0.8542394638061523,1,-
02/25/2026,TOR,Jamal Shead,20.106821060180664,5.5,6.22518253326416,6.198481559753418,0.8931605815887451,1,O
02/25/2026,TOR,Collin Murray-Boyles,27.53597068786621,7.5,8.710652351379395,5.408166885375977,0.8593671917915344,1,O
02/25/2026,SAS,Victor Wembanyama,30.549060821533203,22.5,23.84380340576172,6.74934720993042,0.8780285716056824,1,O
02/25/2026,SAS,Luke Kornet,17.731962203979492,4.5,4.72251558303833,7.30314826965332,0.9526569843292236,1,O
02/25/2026,SAS,Keldon Johnson,22.9869384765625,11.5,11.579471588134766,9.51448917388916,0.9694923162460328,1,O
02/25/2026,SAS,Julian Champagnie,29.08916473388672,9.5,10.636974334716797,6.3440022468566895,0.8729349374771118,1,O
02/25/2026,SAS,Harrison Barnes,22.46991920471192,7.5,7.983155250549316,6.74104642868042,0.9087471961975098,1,O
02/25/2026,SAS,Devin Vassell,30.04033851623535,12.5,13.409882545471191,6.612473487854004,0.7413389682769775,1,O
02/25/2026,SAC,Russell Westbrook,30.760547637939453,12.5,14.66274642944336,6.98653507232666,0.7744899988174438,1,O
02/25/2026,SAC,Precious Achiuwa,29.48887062072754,8.5,10.104802131652832,4.725485801696777,0.9039940237998962,1,O
02/25/2026,SAC,Nique Clifford,26.290143966674805,8.5,9.96465015411377,3.211386203765869,0.7192288637161255,1,O
02/25/2026,SAC,Maxime Raynaud,29.88591766357422,12.5,12.624570846557615,4.574995517730713,0.6510239839553833,1,O
02/25/2026,SAC,Malik Monk,24.2122745513916,10.5,14.09220027923584,6.893131732940674,0.95396625995636,1,O
02/25/2026,SAC,DeMar DeRozan,33.441192626953125,14.5,17.345800399780273,3.8776893615722656,0.7063465714454651,1,O
02/25/2026,OKC,Luguentz Dort,34.584686279296875,10.5,11.730186462402344,3.113875150680542,0.6704316735267639,1,O
02/25/2026,OKC,Isaiah Joe,31.846643447875977,14.5,16.5683536529541,1.985965251922608,0.6608866453170776,1,O
02/25/2026,OKC,Cason Wallace,33.42314147949219,12.5,12.590865135192873,2.5230700969696045,0.5123567581176758,1,O
02/25/2026,MIL,Kyle Kuzma,27.87715148925781,11.5,11.867039680480955,6.120753765106201,0.8280674815177917,1,O
02/25/2026,MIL,Bobby Portis,23.727481842041016,10.5,11.411965370178224,4.202052593231201,0.8115648627281189,1,O
02/25/2026,HOU,Kevin Durant,37.03175735473633,24.5,26.50727081298828,3.612837314605713,0.6168996095657349,1,O
02/25/2026,HOU,Jabari Smith Jr.,34.92776870727539,15.5,15.990062713623049,3.759480237960816,0.6338168978691101,1,O
02/25/2026,GSW,Al Horford,28.1346435546875,11.5,12.070417404174805,3.6644091606140137,0.8326119780540466,1,O
02/25/2026,DET,Duncan Robinson,27.266481399536133,10.5,11.937535285949709,6.595269203186035,0.8243368268013,1,O
02/25/2026,DET,Caris LeVert,20.33878517150879,6.5,6.923051834106445,4.402982711791992,0.7994651198387146,1,O
02/25/2026,DEN,Tim Hardaway Jr.,25.69596672058105,10.5,12.42144775390625,5.326486110687256,0.9005271196365356,1,O
02/25/2026,DEN,Julian Strawther,26.61530113220215,9.5,11.738411903381348,7.386023998260498,0.7487435340881348,1,O
02/25/2026,DEN,Jonas Valanciunas,14.273929595947266,6.5,8.456014633178711,7.213047504425049,1.0045348405838013,1,O
02/25/2026,DEN,Jamal Murray,36.341453552246094,23.5,25.67139434814453,5.67267370223999,0.61543869972229,1,O
02/25/2026,DEN,Bruce Brown,24.74334144592285,7.5,7.592422485351562,4.329492092132568,0.7144694924354553,1,O
02/25/2026,CLE,Donovan Mitchell,29.15702247619629,26.5,26.627973556518555,4.605489730834961,0.7211589217185974,1,O
02/25/2026,CLE,Dean Wade,26.980499267578125,6.5,6.834250926971436,5.492420673370361,0.7731781005859375,1,O
02/25/2026,BOS,Sam Hauser,27.80948257446289,9.5,10.994254112243652,4.206018924713135,0.723809003829956,1,O
02/25/2026,BOS,Neemias Queta,25.6948471069336,8.5,9.685307502746582,4.943342208862305,0.7369900345802307,1,O
02/25/2026,BOS,Jaylen Brown,35.349422454833984,29.5,29.652130126953125,3.867882490158081,0.675363302230835,1,O
02/25/2026,BOS,Baylor Scheierman,27.17137908935547,6.5,8.401512145996094,5.310470104217529,0.7642574906349182,1,O
02/25/2026,TOR,Scottie Barnes,33.30519104003906,16.5,16.42351722717285,2.486133575439453,0.610205352306366,1,-
02/25/2026,TOR,RJ Barrett,29.02851867675781,16.5,16.332775115966797,5.517369270324707,0.7013406753540039,1,-
02/25/2026,TOR,Jakob Poeltl,19.6357421875,7.5,6.1163763999938965,3.643743515014648,0.7797114253044128,1,-
02/25/2026,TOR,Immanuel Quickley,31.602163314819336,16.5,15.378934860229492,4.580381870269775,0.7386808395385742,1,-
02/25/2026,TOR,Brandon Ingram,33.67232131958008,21.5,19.097023010253903,2.9971187114715576,0.576451301574707,1,-
02/25/2026,SAS,Stephon Castle,29.103759765625,15.5,15.038593292236328,3.5921273231506348,0.6213657259941101,1,-
02/25/2026,SAS,Dylan Harper,22.22094345092773,10.5,10.482501983642578,6.517501354217529,0.8890398144721985,1,-
02/25/2026,SAS,De'Aaron Fox,30.166927337646484,16.5,15.584842681884766,3.854791402816773,0.7154726386070251,1,-
02/25/2026,SAC,Keegan Murray,37.40110778808594,14.5,14.967909812927246,1.895768165588379,0.4605038464069366,0,-
02/25/2026,OKC,Jared McCain,22.66632080078125,11.5,9.41558837890625,5.647740840911865,0.708914577960968,1,-
02/25/2026,OKC,Chet Holmgren,28.48335838317871,16.5,16.201904296875,2.223954200744629,0.6643772125244141,1,-
02/25/2026,OKC,Aaron Wiggins,31.13074493408203,14.5,13.194463729858398,2.906364917755127,0.6220381855964661,1,-
02/25/2026,MIL,Ryan Rollins,32.64694595336914,17.5,17.03313446044922,3.1697137355804443,0.6431699991226196,1,-
02/25/2026,MIL,Myles Turner,27.98038482666016,10.5,10.07751750946045,7.648108005523682,0.815046489238739,1,-
02/25/2026,MIL,Kevin Porter Jr.,34.51798629760742,19.5,19.12074089050293,1.866121768951416,0.6917018294334412,1,-
02/25/2026,MEM,Ty Jerome,23.733139038085938,16.5,14.319665908813477,6.008611679077148,0.7782397270202637,1,-
02/25/2026,MEM,Taylor Hendricks,21.37547874450684,9.5,8.767297744750977,6.871529579162598,0.8405716419219971,1,-
02/25/2026,MEM,Scotty Pippen Jr.,22.11502456665039,10.5,10.044886589050291,7.250143527984619,0.8439741730690002,1,-
02/25/2026,MEM,Jaylen Wells,27.05699157714844,12.5,12.186224937438965,5.397506237030029,0.7678314447402954,1,-
02/25/2026,MEM,Cam Spencer,21.885448455810547,8.5,8.048279762268066,5.023065567016602,0.8003489971160889,1,-
02/25/2026,HOU,Tari Eason,31.02442741394043,15.5,12.773890495300291,4.51093864440918,0.7266861796379089,1,-
02/25/2026,HOU,Reed Sheppard,28.99315643310547,15.5,13.300025939941406,5.363024711608887,0.7292337417602539,1,-
02/25/2026,HOU,Josh Okogie,15.828765869140623,5.5,2.3398590087890625,4.748719215393066,0.6900787353515625,1,-
02/25/2026,HOU,Dorian Finney-Smith,21.091684341430664,5.5,4.301138401031494,6.385608673095703,0.8695995211601257,1,-
02/25/2026,HOU,Alperen Sengun,34.56862258911133,20.5,19.3000545501709,4.163405418395996,0.6792963743209839,1,-
02/25/2026,GSW,Will Richard,25.732654571533203,9.5,9.094512939453123,5.315712928771973,0.8109857439994812,1,-
02/25/2026,GSW,Quinten Post,18.80019187927246,10.5,5.801768779754639,6.738824367523193,0.958138942718506,1,-
02/25/2026,GSW,Pat Spencer,21.621910095214844,12.5,6.699108123779297,6.782881736755371,0.8514885902404785,1,-
02/25/2026,GSW,Moses Moody,29.54836654663086,17.5,15.274312019348145,4.447607040405273,0.7643678188323975,1,-
02/25/2026,GSW,Gui Santos,28.51233291625977,16.5,13.450501441955566,6.113939762115479,0.8127267360687256,1,-
02/25/2026,GSW,Gary Payton II,18.14613151550293,9.5,8.730826377868652,6.274272918701172,0.8397755026817322,1,-
02/25/2026,GSW,Brandin Podziemski,32.26889419555664,17.5,14.671642303466797,3.2703793048858643,0.7469351291656494,1,-
02/25/2026,DET,Tobias Harris,31.28571128845215,13.5,12.534076690673828,6.423646450042725,0.791529655456543,1,-
02/25/2026,DET,Jalen Duren,28.536380767822266,16.5,16.405378341674805,5.543333530426025,0.8229883909225464,1,-
02/25/2026,DET,Daniss Jenkins,19.302953720092773,8.5,7.34934663772583,7.612462997436523,0.8570069074630737,1,-
02/25/2026,DET,Cade Cunningham,35.424468994140625,24.5,22.10881423950196,3.9544427394866943,0.702410876750946,1,-
02/25/2026,DET,Ausar Thompson,26.944419860839844,9.5,8.788717269897461,3.5251903533935547,0.6671954393386841,1,-
02/25/2026,DEN,Nikola Jokic,36.60124588012695,27.5,26.673734664916992,5.628381252288818,0.5263318419456482,1,-
02/25/2026,DEN,Christian Braun,35.72794723510742,11.5,10.74630641937256,4.255133628845215,0.6376397609710693,1,-
02/25/2026,DEN,Cameron Johnson,33.141998291015625,11.5,12.78371238708496,1.6845320463180542,0.4793142080307007,0,-
02/25/2026,CLE,Sam Merrill,28.59459686279297,14.5,13.190698623657228,7.596879005432129,0.7891222238540649,1,-
02/25/2026,CLE,Jaylon Tyson,29.156967163085938,17.5,13.99827766418457,9.077624320983888,0.8240374326705933,1,-
02/25/2026,CLE,Jarrett Allen,29.87970924377441,18.5,16.964614868164062,4.859591484069824,0.6039387583732605,1,-
02/25/2026,CLE,James Harden,30.06993865966797,22.5,16.622190475463867,7.786194801330566,0.7756848335266113,1,-
02/25/2026,CLE,Dennis Schroder,29.447208404541016,16.5,12.25230884552002,6.501901149749756,0.7314958572387695,1,-
02/25/2026,BOS,Payton Pritchard,29.718053817749023,17.5,15.182482719421388,5.821471214294434,0.7481131553649902,1,-
02/25/2026,BOS,Nikola Vucevic,23.183767318725582,12.5,9.57912826538086,7.190069198608398,0.8121992945671082,1,-
02/25/2026,BOS,Derrick White,36.06709289550781,17.5,14.945677757263184,2.302476167678833,0.516447901725769,1,-
02/26/2026,WAS,Will Riley,27.29554557800293,12.5,13.198474884033203,5.204129695892334,0.8605031371116638,1,O
02/26/2026,WAS,Tre Johnson,26.77046775817871,12.5,13.354647636413574,5.949258804321289,0.8633329272270203,1,O
02/26/2026,WAS,Kyshawn George,22.78080177307129,11.5,11.969935417175291,6.196880340576172,0.8648550510406494,1,O
02/26/2026,UTA,Kyle Filipowski,29.404268264770508,15.5,16.387115478515625,4.31988525390625,0.6635605692863464,1,O
02/26/2026,UTA,John Konchar,27.7607536315918,6.5,10.40212059020996,6.836986064910889,0.6882425546646118,1,O
02/26/2026,UTA,Isaiah Collier,31.83837890625,16.5,17.939064025878906,5.688764572143555,0.6686736345291138,1,O
02/26/2026,UTA,Brice Sensabaugh,26.46379470825196,18.5,20.69400215148925,7.100925922393799,0.8898932337760925,1,O
02/26/2026,SAS,Stephon Castle,29.35517883300781,14.5,15.87115478515625,2.8013508319854736,0.6688203811645508,1,O
02/26/2026,SAS,Julian Champagnie,28.748477935791016,8.5,10.134747505187988,4.719019412994385,0.7758058309555054,1,O
02/26/2026,SAS,Harrison Barnes,21.90324592590332,7.5,7.839742660522461,5.216035842895508,0.8201667666435242,1,O
02/26/2026,SAS,Devin Vassell,29.81454086303711,12.5,12.82320785522461,3.980092763900757,0.5813604593276978,1,O
02/26/2026,SAS,De'Aaron Fox,30.57643318176269,15.5,16.889095306396484,1.0454055070877075,0.6369901895523071,1,O
02/26/2026,SAC,Russell Westbrook,27.90950584411621,14.5,16.220359802246094,7.840561866760254,0.8898190259933472,1,O
02/26/2026,SAC,Precious Achiuwa,29.633878707885746,10.5,11.537059783935549,6.8738274574279785,0.904859185218811,1,O
02/26/2026,SAC,Malik Monk,26.069860458374023,13.5,15.36707592010498,9.017559051513672,0.9882495403289796,1,O
02/26/2026,SAC,Devin Carter,28.30349540710449,9.5,12.19847583770752,7.317516803741455,0.7759678959846497,1,O
02/26/2026,SAC,DeMar DeRozan,35.035247802734375,17.5,18.86846351623535,5.750279426574707,0.8250573873519897,1,O
02/26/2026,POR,Vit Krejci,20.91673851013184,8.5,9.090534210205078,6.352261543273926,0.9126198291778564,1,O
02/26/2026,POR,Toumani Camara,33.4906005859375,14.5,14.94879150390625,2.7952799797058105,0.6370291113853455,1,O
02/26/2026,POR,Kris Murray,28.09297180175781,8.5,8.571993827819824,3.590416193008423,0.6589128971099854,1,O
02/26/2026,POR,Donovan Clingan,26.6002140045166,14.5,14.668706893920898,5.004441738128662,0.7252371907234192,1,O
02/26/2026,PHO,Ryan Dunn,26.993444442749023,7.5,8.916041374206543,4.366897106170654,0.7040749192237854,1,O
02/26/2026,PHO,Royce O'Neale,31.007110595703125,9.5,10.345582008361816,2.7471065521240234,0.6752562522888184,1,O
02/26/2026,PHO,Oso Ighodaro,22.152732849121094,5.5,6.2959747314453125,4.80103063583374,0.9145757555961608,1,O
02/26/2026,PHO,Mark Williams,26.384620666503903,11.5,11.763579368591309,7.360033988952637,0.8590911030769348,1,O
02/26/2026,PHO,Grayson Allen,26.450603485107425,17.5,18.049707412719727,5.410782337188721,0.6604746580123901,1,O
02/26/2026,PHO,Collin Gillespie,31.439023971557617,15.5,16.61964225769043,5.244229793548584,0.7785133123397827,1,O
02/26/2026,PHO,Amir Coffey,19.068601608276367,5.5,6.487126350402832,4.128311634063721,0.6537845730781555,1,O
02/26/2026,PHI,VJ Edgecombe,35.046363830566406,14.5,16.119762420654297,4.819426536560059,0.5917503237724304,1,O
02/26/2026,PHI,Tyrese Maxey,37.06607055664063,27.5,29.13692855834961,5.969038963317871,0.6360273957252502,1,O
02/26/2026,PHI,Quentin Grimes,27.996477127075195,10.5,12.023804664611816,4.746857166290283,0.5880830883979797,1,O
02/26/2026,PHI,Kelly Oubre Jr.,34.69160461425781,13.5,16.163330078125,3.86814546585083,0.698720395565033,1,O
02/26/2026,PHI,Joel Embiid,31.633628845214844,27.5,28.314605712890625,7.516325950622559,0.8511145710945129,1,O
02/26/2026,ORL,Wendell Carter Jr.,31.95140838623047,9.5,11.73274040222168,5.222480297088623,0.7412678599357605,1,O
02/26/2026,ORL,Paolo Banchero,37.69854736328125,20.5,22.59401130676269,1.228546977043152,0.5077334046363831,1,O
02/26/2026,ORL,Moritz Wagner,14.27117156982422,7.5,8.085420608520508,6.359720230102539,0.9351576566696168,1,O
02/26/2026,ORL,Jevon Carter,20.633188247680664,5.5,7.209812164306641,6.067490100860596,0.8201740384101868,1,O
02/26/2026,ORL,Desmond Bane,35.420196533203125,18.5,22.659574508666992,3.979991912841797,0.7113562822341919,1,O
02/26/2026,NOP,Zion Williamson,31.9240779876709,24.5,25.1579818725586,4.104995727539063,0.745132327079773,1,O
02/26/2026,NOP,Saddiq Bey,32.072723388671875,18.5,20.016357421875,4.937682151794434,0.8828444480895996,1,O
02/26/2026,NOP,Karlo Matkovic,17.060428619384766,5.5,8.488395690917969,6.408421993255615,0.8432062864303589,1,O
02/26/2026,NOP,Jordan Poole,24.16327857971192,11.5,14.86921501159668,6.890999794006348,0.9388245940208436,1,O
02/26/2026,NOP,Jeremiah Fears,24.464933395385746,11.5,13.160764694213867,5.8831048011779785,0.8485627770423889,1,O
02/26/2026,NOP,Herbert Jones,31.44889068603516,9.5,9.76219654083252,3.0405032634735107,0.6608694791793823,1,O
02/26/2026,NOP,Derik Queen,23.989059448242188,9.5,12.763201713562012,6.870537281036377,0.8500493764877319,1,O
02/26/2026,NOP,DeAndre Jordan,25.427797317504883,6.5,8.583625793457031,6.60430383682251,0.897874116897583,1,O
02/26/2026,MIN,Rudy Gobert,31.20753288269043,9.5,10.435559272766112,3.999280214309693,0.6913155913352966,1,O
02/26/2026,MIN,Naz Reid,23.858142852783203,11.5,11.50940227508545,8.376805305480957,0.8461510539054871,1,O
02/26/2026,MIN,Julius Randle,33.74351501464844,19.5,19.670583724975582,6.423264980316162,0.7165035605430603,1,O
02/26/2026,MIN,Jaden McDaniels,33.75392150878906,13.5,14.276992797851562,5.491936206817627,0.6851875185966492,1,O
02/26/2026,MIN,Anthony Edwards,36.90486145019531,28.5,28.535436630249023,5.72536563873291,0.6388416290283203,1,O
02/26/2026,MIA,Pelle Larsson,29.88614654541016,10.5,12.39726734161377,6.565462112426758,0.6865452527999878,1,O
02/26/2026,MIA,Kel'el Ware,18.087602615356445,8.5,10.197053909301758,6.662982940673828,0.9622821807861328,1,O
02/26/2026,MIA,Jaime Jaquez Jr.,27.219152450561523,11.5,14.250886917114258,8.204277992248535,0.8302837014198303,1,O
02/26/2026,MIA,Davion Mitchell,30.05643844604492,7.5,8.811079978942871,4.7544050216674805,0.6648660898208618,1,O
02/26/2026,MIA,Bam Adebayo,32.73969268798828,16.5,17.512468338012695,4.642054080963135,0.7647727131843567,1,O
02/26/2026,MIA,Andrew Wiggins,31.832677841186523,14.5,16.17251205444336,4.207106590270996,0.7280439138412476,1,O
02/26/2026,LAL,Rui Hachimura,24.927370071411133,7.5,7.572633266448975,3.3282790184021,0.7664247155189514,1,O
02/26/2026,LAL,Marcus Smart,28.44689178466797,6.5,9.049271583557127,4.724526405334473,0.7984884977340698,1,O
02/26/2026,LAL,LeBron James,33.674713134765625,19.5,20.47022819519043,4.646242618560791,0.7764428853988647,1,O
02/26/2026,LAL,Jaxson Hayes,15.310632705688477,4.5,5.483940124511719,5.174473762512207,0.9726657271385192,1,O
02/26/2026,LAL,Deandre Ayton,28.670108795166016,10.5,12.450925827026367,3.838218688964844,0.6782469749450684,1,O
02/26/2026,LAL,Austin Reaves,34.00341796875,20.5,21.41056251525879,4.193760395050049,0.6533106565475464,1,O
02/26/2026,LAC,Nicolas Batum,26.278318405151367,5.5,5.688645362854004,4.650724411010742,0.8141506910324097,1,O
02/26/2026,IND,Obi Toppin,27.36734390258789,10.5,14.126523971557615,3.013291835784912,0.6928775906562805,1,O
02/26/2026,IND,Kobe Brown,23.84973907470703,8.5,9.900766372680664,5.513916015625,0.6606332063674927,1,O
02/26/2026,IND,Kam Jones,23.73869132995605,7.5,8.253782272338867,5.596580028533936,0.6760569214820862,1,O
02/26/2026,IND,Jay Huff,25.521875381469727,10.5,11.426198959350586,5.563061714172363,0.7575315833091736,1,O
02/26/2026,IND,Ben Sheppard,27.749324798583984,7.5,10.496345520019531,4.100685119628906,0.7646741271018982,1,O
02/26/2026,IND,Andrew Nembhard,31.15801239013672,16.5,17.21139144897461,6.566823482513428,0.7077560424804688,1,O
02/26/2026,HOU,Reed Sheppard,24.45256423950196,11.5,11.736945152282717,5.419034957885742,0.6830270886421204,1,O
02/26/2026,HOU,Jabari Smith Jr.,35.453243255615234,13.5,14.700723648071287,3.0968685150146484,0.5358667373657227,1,O
02/26/2026,DAL,Tyus Jones,20.085613250732425,4.5,6.359985828399658,6.10915994644165,0.7316729426383972,1,O
02/26/2026,DAL,Max Christie,31.33095932006836,14.5,14.654451370239258,4.216816425323486,0.6700506806373596,1,O
02/26/2026,DAL,Klay Thompson,24.177005767822266,13.5,13.986169815063477,6.225040435791016,0.8172397017478943,1,O
02/26/2026,DAL,Caleb Martin,26.29037475585937,6.5,8.235973358154297,5.937984466552734,0.7358956336975098,1,O
02/26/2026,CHO,Ryan Kalkbrenner,20.16084098815918,5.5,6.615855693817139,5.969858646392822,0.8981972932815552,1,O
02/26/2026,CHO,Miles Bridges,29.625518798828125,15.5,17.135610580444336,4.355611324310303,0.6952224969863892,1,O
02/26/2026,CHO,LaMelo Ball,28.3192195892334,19.5,19.844560623168945,7.021572113037109,0.7652595043182373,1,O
02/26/2026,CHO,Kon Knueppel,32.19928359985352,17.5,21.806543350219727,5.528428554534912,0.8471546173095703,1,O
02/26/2026,CHO,Grant Williams,20.84204864501953,6.5,8.65380859375,7.628119468688965,0.8334671258926392,1,O
02/26/2026,CHO,Brandon Miller,30.554441452026367,20.5,20.627391815185547,4.610082626342773,0.6920585036277771,1,O
02/26/2026,CHI,Tre Jones,23.1970157623291,9.5,10.153127670288086,7.822005271911621,0.8492302298545837,1,O
02/26/2026,CHI,Josh Giddey,30.42261505126953,15.5,15.97180461883545,5.025619029998779,0.7429727911949158,1,O
02/26/2026,CHI,Isaac Okoro,28.699951171875,10.5,11.008739471435549,5.947800159454346,0.758778989315033,1,O
02/26/2026,BRK,Nolan Traore,28.7405014038086,10.5,10.9630126953125,2.707885503768921,0.6272311806678772,1,O
02/26/2026,BRK,Michael Porter Jr.,33.45663833618164,21.5,23.06313133239746,5.287796497344971,0.61147141456604,1,O
02/26/2026,BRK,Day'Ron Sharpe,18.75124931335449,7.5,8.495265007019043,4.84239387512207,0.8422382473945618,1,O
02/26/2026,ATL,Onyeka Okongwu,31.966014862060547,16.5,17.453166961669922,3.8466544151306152,0.6879242658615112,1,O
02/26/2026,ATL,Nickeil Alexander-Walker,28.96345329284668,18.5,18.581790924072266,5.775804996490479,0.7135326862335205,1,O
02/26/2026,WAS,Tristan Vukcevic,23.87493133544922,12.5,11.380277633666992,5.538335800170898,0.7124325037002563,1,-
02/26/2026,WAS,Justin Champagnie,17.80008888244629,8.5,8.373496055603027,5.992373466491699,0.8398812413215637,1,-
02/26/2026,WAS,Jaden Hardy,15.537891387939451,10.5,8.029621124267578,5.658801078796387,0.7900711894035339,1,-
02/26/2026,WAS,Bilal Coulibaly,27.16744613647461,11.5,10.437259674072266,3.268531322479248,0.7186799645423889,1,-
02/26/2026,UTA,Cody Williams,29.67124366760254,9.5,9.344038963317873,4.399669647216797,0.5859558582305908,1,-
02/26/2026,UTA,Ace Bailey,32.2595100402832,17.5,16.359853744506836,4.383452892303467,0.6872166395187378,1,-
02/26/2026,SAS,Victor Wembanyama,30.627099990844727,23.5,23.434160232543945,5.554288864135742,0.7646447420120239,1,-
02/26/2026,SAS,Dylan Harper,22.18033027648925,12.5,11.131420135498049,6.290706634521484,0.8088260293006897,1,-
02/26/2026,SAC,Nique Clifford,31.7662296295166,13.5,12.29481029510498,2.724855899810791,0.7154403328895569,1,-
02/26/2026,SAC,Maxime Raynaud,30.64516258239746,15.5,13.63650894165039,4.74721097946167,0.7458577156066895,1,-
02/26/2026,POR,Sidy Cissoko,20.981651306152344,5.5,5.220030784606934,6.410674571990967,0.8143909573554993,1,-
02/26/2026,POR,Scoot Henderson,27.615209579467773,17.5,15.153260231018066,4.330143928527832,0.7508336901664734,1,-
02/26/2026,POR,Jrue Holiday,31.033321380615234,19.5,18.248920440673828,4.322038650512695,0.754839301109314,1,-
02/26/2026,POR,Jerami Grant,32.772804260253906,21.5,21.42245864868164,2.84181547164917,0.7246623635292053,1,-
02/26/2026,PHO,Rasheer Fleming,15.79282283782959,5.5,3.9910831451416016,6.0370073318481445,0.76392662525177,1,-
02/26/2026,PHO,Jalen Green,28.66033744812012,21.5,16.826120376586914,4.409298419952393,0.6146518588066101,1,-
02/26/2026,PHI,Dominick Barlow,27.03226089477539,8.5,8.105825424194336,7.008641242980957,0.7599508166313171,1,-
02/26/2026,ORL,Jalen Suggs,20.660240173339844,11.5,10.11630153656006,3.9026153087615967,0.6526784896850586,1,-
02/26/2026,ORL,Anthony Black,35.310848236083984,15.5,15.263203620910645,5.03438663482666,0.7432361245155334,1,-
02/26/2026,NOP,Dejounte Murray,25.752178192138672,14.5,10.906312942504885,5.440245151519775,0.7503572702407837,1,-
02/26/2026,MIN,Donte DiVincenzo,30.37328338623047,10.5,9.690439224243164,2.354765653610229,0.6868664026260376,1,-
02/26/2026,MIN,Ayo Dosunmu,22.6909294128418,11.5,8.031512260437012,6.000814914703369,0.7928924560546875,1,-
02/26/2026,MIA,Tyler Herro,27.00469017028809,18.5,16.79566764831543,7.340060710906982,0.8254519104957581,1,-
02/26/2026,MIA,Norman Powell,30.55548095703125,21.5,20.972286224365234,4.582241535186768,0.5603739023208618,1,-
02/26/2026,LAL,Luke Kennard,20.38278007507324,6.5,5.944946765899658,5.599386692047119,0.8147091269493103,1,-
02/26/2026,LAL,Luka Doncic,35.92888259887695,30.5,30.33281517028809,3.9302005767822266,0.611394464969635,1,-
02/26/2026,LAL,Jake LaRavia,21.894092559814453,6.5,5.451711654663086,4.803993225097656,0.8617066144943237,1,-
02/26/2026,LAC,Yanic Konan Niederhauser,15.880570411682127,7.5,4.286113262176514,4.761284351348877,0.7915214896202087,1,-
02/26/2026,LAC,Kris Dunn,31.454593658447266,9.5,7.753118515014648,2.45417594909668,0.4665551483631134,0,-
02/26/2026,LAC,Kobe Sanders,18.14944839477539,7.5,6.183699607849121,4.5030837059021,0.7203522324562073,1,-
02/26/2026,LAC,Kawhi Leonard,28.29103279113769,28.5,27.66440963745117,4.512507438659668,0.6484779715538025,1,-
02/26/2026,LAC,John Collins,24.0211238861084,15.5,12.756996154785156,4.611661434173584,0.7002211809158325,1,-
02/26/2026,LAC,Derrick Jones Jr.,30.8455753326416,12.5,11.864649772644045,4.299355030059815,0.6990063786506653,1,-
02/26/2026,LAC,Brook Lopez,27.87034034729004,11.5,10.185628890991213,1.343898892402649,0.5080094337463379,1,-
02/26/2026,LAC,Bogdan Bogdanovic,14.694223403930664,7.5,4.462563991546631,3.5647284984588623,0.7062011361122131,1,-
02/26/2026,LAC,Bennedict Mathurin,29.576068878173828,24.5,19.48126983642578,3.308681964874268,0.5878397822380066,1,-
02/26/2026,IND,Jarace Walker,31.06011390686035,16.5,14.533337593078612,5.704306125640869,0.6955994367599487,1,-
02/26/2026,HOU,Tari Eason,30.42489051818848,12.5,11.52690601348877,2.023922204971313,0.5283569693565369,1,-
02/26/2026,HOU,Kevin Durant,37.05826187133789,25.5,25.100879669189453,3.951284646987915,0.5829715728759766,1,-
02/26/2026,HOU,Clint Capela,13.27753448486328,3.5,3.256631851196289,5.8263258934021,0.7647678256034851,1,-
02/26/2026,HOU,Amen Thompson,36.68405151367188,14.5,14.513873100280762,1.521480679512024,0.375039279460907,0,-
02/26/2026,HOU,Alperen Sengun,34.6549186706543,18.5,18.019216537475582,3.05615758895874,0.5584022402763367,1,-
02/26/2026,DAL,Naji Marshall,32.75087356567383,19.5,19.35844039916992,7.222572326660156,0.8039309978485107,1,-
02/26/2026,DAL,Khris Middleton,27.006235122680664,14.5,13.525786399841309,6.677135944366455,0.725863516330719,1,-
02/26/2026,DAL,Dwight Powell,14.535126686096191,3.5,2.1381850242614746,6.688976764678955,0.799103856086731,1,-
02/26/2026,DAL,Brandon Williams,25.214746475219727,16.5,15.776199340820312,5.998046875,1.0028022527694702,1,-
02/26/2026,CHO,Moussa Diabate,28.0935001373291,9.5,7.987923145294189,5.925926685333252,0.8821463584899902,1,-
02/26/2026,CHO,Coby White,15.213912010192873,12.5,6.656855583190918,6.380915641784668,0.7620295882225037,1,-
02/26/2026,CHI,Rob Dillingham,19.597640991210938,9.5,7.815892219543457,7.587087154388428,0.8305053114891052,1,-
02/26/2026,CHI,Matas Buzelis,29.29283332824707,18.5,16.195043563842773,4.182031154632568,0.8629137873649597,1,-
02/26/2026,CHI,Guerschon Yabusele,26.93249893188477,12.5,11.415550231933594,6.827202796936035,0.7900866270065308,1,-
02/26/2026,CHI,Collin Sexton,26.141996383666992,17.5,10.137242317199709,6.190573692321777,0.7398308515548706,1,-
02/26/2026,BRK,Noah Clowney,29.938045501708984,13.5,12.772221565246582,3.918438673019409,0.5947524309158325,1,-
02/26/2026,BRK,Danny Wolf,19.13647651672364,8.5,7.036768436431885,5.297046661376953,0.7644848227500916,1,-
02/26/2026,ATL,Zaccharie Risacher,27.33600425720215,12.5,10.774978637695312,5.1957550048828125,0.7413538694381714,1,-
02/26/2026,ATL,Mouhamed Gueye,17.791650772094727,7.5,4.893971920013428,5.715080738067627,0.8203232288360596,1,-
02/26/2026,ATL,Jonathan Kuminga,27.064159393310547,18.5,11.618135452270508,6.082448959350586,0.715316891670227,1,-
02/26/2026,ATL,Jock Landale,20.25399780273437,10.5,10.115306854248049,7.264724731445312,0.8433456420898438,1,-
02/26/2026,ATL,Jalen Johnson,29.31612014770508,22.5,22.279760360717773,4.167510032653809,0.7877936959266663,1,-
02/26/2026,ATL,Dyson Daniels,32.32320785522461,12.5,10.998553276062012,4.454925537109375,0.7226599454879761,1,-
02/26/2026,ATL,CJ McCollum,30.15436553955078,22.5,20.044998168945312,7.642638683319092,0.8781986236572266,1,-
02/27/2026,OKC,Shai Gilgeous-Alexander,31.736610412597656,28.5,30.76626968383789,6.619298934936523,0.8327527046203613,1,O
02/27/2026,OKC,Luguentz Dort,30.828649520874023,9.5,9.894792556762695,3.9088099002838135,0.7417207956314087,1,O
02/27/2026,OKC,Isaiah Joe,21.41795539855957,9.5,10.643842697143556,6.164345264434815,0.8544313311576843,1,O
02/27/2026,OKC,Cason Wallace,29.23421287536621,10.5,12.857742309570312,5.804197311401367,0.755169689655304,1,O
02/27/2026,NYK,Mitchell Robinson,18.196483612060547,4.5,5.540123462677002,6.872225761413574,0.9036092162132264,1,O
02/27/2026,NYK,Mikal Bridges,33.33174133300781,14.5,15.596868515014648,4.1610107421875,0.6283709406852722,1,O
02/27/2026,NYK,Landry Shamet,21.79571914672852,8.5,9.333903312683104,7.118010997772217,0.8595445156097412,1,O
02/27/2026,NYK,Karl-Anthony Towns,32.40762710571289,18.5,19.14916229248047,4.8287739753723145,0.7230668663978577,1,O
02/27/2026,NYK,Josh Hart,31.78948402404785,10.5,11.375301361083984,3.5507636070251465,0.6196287870407104,1,O
02/27/2026,MIL,Kyle Kuzma,27.60684394836425,11.5,11.941834449768066,6.724315166473389,0.8497582674026489,1,O
02/27/2026,MIL,Bobby Portis,23.22984313964844,9.5,10.76152229309082,5.363809108734131,0.8893570303916931,1,O
02/27/2026,MEM,Scotty Pippen Jr.,28.50258445739746,11.5,11.902632713317873,7.570748805999756,0.8460842370986938,1,O
02/27/2026,DET,Jalen Duren,29.65713119506836,17.5,19.88605499267578,3.5455098152160645,0.7281705737113953,1,O
02/27/2026,DET,Duncan Robinson,28.27960205078125,10.5,12.71074390411377,5.717044830322266,0.7191197276115417,1,O
02/27/2026,DET,Daniss Jenkins,18.49460792541504,7.5,7.623863220214844,7.552285671234131,0.8145127296447754,1,O
02/27/2026,DET,Caris LeVert,19.359525680541992,6.5,7.191026210784912,6.004166126251221,0.7338858246803284,1,O
02/27/2026,DEN,Tim Hardaway Jr.,24.4792709350586,10.5,12.922832489013672,6.2937421798706055,0.7998091578483582,1,O
02/27/2026,DEN,Nikola Jokic,36.09623336791992,26.5,26.677677154541016,5.684619903564453,0.6094750165939331,1,O
02/27/2026,DEN,Julian Strawther,25.3618392944336,9.5,11.43925952911377,5.3743438720703125,0.7783420085906982,1,O
02/27/2026,DEN,Jonas Valanciunas,13.331677436828612,6.5,7.993094444274902,5.947264194488525,1.0220019817352295,1,O
02/27/2026,DEN,Christian Braun,34.28907012939453,10.5,10.76803493499756,2.9213905334472656,0.6348062753677368,1,O
02/27/2026,DAL,Klay Thompson,22.014184951782227,12.5,13.235740661621094,7.719855308532715,0.8552550673484802,1,O
02/27/2026,CLE,Evan Mobley,31.390172958374023,15.5,16.342525482177734,2.9882612228393555,0.5748178958892822,1,O
02/27/2026,BRK,Nolan Traore,28.709613800048828,10.5,10.727407455444336,3.934893846511841,0.6821672916412354,1,O
02/27/2026,BRK,Noah Clowney,30.14958000183105,11.5,11.60468578338623,3.321190595626831,0.6673269867897034,1,O
02/27/2026,BRK,Michael Porter Jr.,33.109493255615234,20.5,22.42154312133789,2.179111957550049,0.6546472907066345,1,O
02/27/2026,BRK,Day'Ron Sharpe,18.41275215148925,7.5,8.036579132080078,5.294835567474365,0.701168417930603,1,O
02/27/2026,BOS,Sam Hauser,27.175411224365234,9.5,10.054101943969728,4.6645684242248535,0.6846103072166443,1,O
02/27/2026,BOS,Neemias Queta,26.1195011138916,9.5,10.127769470214844,3.1011478900909424,0.5948280096054077,1,O
02/27/2026,BOS,Baylor Scheierman,27.564966201782227,7.5,8.836767196655273,5.157554626464844,0.748054563999176,1,O
02/27/2026,OKC,Isaiah Hartenstein,25.546649932861328,9.5,9.319904327392578,5.392675876617432,0.8607558012008667,1,-
02/27/2026,OKC,Chet Holmgren,29.750375747680664,17.5,15.393567085266112,4.131722927093506,0.7990731000900269,1,-
02/27/2026,OKC,Alex Caruso,18.33111953735352,7.5,6.34984827041626,4.233481407165527,0.8285225033760071,1,-
02/27/2026,OKC,Aaron Wiggins,20.2565975189209,9.5,9.081629753112791,3.726954221725464,0.8593640923500061,1,-
02/27/2026,NYK,OG Anunoby,35.42772674560547,15.5,14.713302612304688,5.684086799621582,0.758578896522522,1,-
02/27/2026,NYK,Jose Alvarado,20.90589714050293,7.5,7.403032302856445,7.296689987182617,0.8785400986671448,1,-
02/27/2026,NYK,Jalen Brunson,35.51551818847656,26.5,25.471088409423828,4.025160312652588,0.5076722502708435,1,-
02/27/2026,MIL,Ryan Rollins,33.31157302856445,17.5,16.34617042541504,3.9521565437316895,0.7721219658851624,1,-
02/27/2026,MIL,Myles Turner,27.83129501342773,10.5,10.27720546722412,7.873807907104492,0.8420737981796265,1,-
02/27/2026,MIL,Kevin Porter Jr.,35.68024826049805,19.5,18.000341415405273,2.519932985305786,0.6254580616950989,1,-
02/27/2026,MIL,Jericho Sims,21.59996032714844,4.5,4.208386421203613,7.2877068519592285,0.8205251097679138,1,-
02/27/2026,MEM,Taylor Hendricks,22.11308860778809,10.5,9.935148239135742,7.866761207580566,0.9262364506721495,1,-
02/27/2026,MEM,Jaylen Wells,27.247106552124023,13.5,12.121119499206545,5.09065580368042,0.7570260763168335,1,-
02/27/2026,MEM,Cam Spencer,21.22426986694336,10.5,7.0302276611328125,7.140259265899658,0.908696174621582,1,-
02/27/2026,DET,Tobias Harris,31.11153030395508,12.5,12.343633651733398,4.96471643447876,0.7342024445533752,1,-
02/27/2026,DET,Paul Reed,17.58418083190918,8.5,8.322970390319824,6.983465194702148,0.7766211628913879,1,-
02/27/2026,DET,Javonte Green,17.406686782836914,5.5,5.21779727935791,7.757415771484375,0.9312894940376282,1,-
02/27/2026,DET,Cade Cunningham,35.25014114379883,25.5,22.347564697265625,5.096370220184326,0.753322958946228,1,-
02/27/2026,DET,Ausar Thompson,26.917150497436523,8.5,8.189276695251465,3.59993577003479,0.6717965602874756,1,-
02/27/2026,DEN,Jamal Murray,33.89650344848633,20.5,18.68078994750977,6.279937744140625,0.7661067247390747,1,-
02/27/2026,DEN,Cameron Johnson,32.11096954345703,12.5,11.470575332641602,3.017570734024048,0.5391466021537781,1,-
02/27/2026,DEN,Bruce Brown,24.530593872070312,7.5,7.303167343139648,4.766544818878174,0.8951751589775085,1,-
02/27/2026,DAL,Tyus Jones,19.674217224121094,6.5,4.81962776184082,8.103468894958496,0.8190540075302124,1,-
02/27/2026,DAL,P.J. Washington,26.60152244567871,16.5,14.055225372314451,5.472357749938965,0.6606502532958984,1,-
02/27/2026,DAL,Naji Marshall,32.94635772705078,22.5,19.01260757446289,6.016702651977539,0.8691203594207764,1,-
02/27/2026,DAL,Max Christie,30.83242988586425,15.5,15.374239921569824,6.024331569671631,0.6745951771736145,1,-
02/27/2026,DAL,Khris Middleton,27.14841079711914,14.5,11.868474960327148,6.801209449768066,0.7768097519874573,1,-
02/27/2026,DAL,Daniel Gafford,23.563352584838867,10.5,9.017645835876465,6.042054653167725,0.6906880736351013,1,-
02/27/2026,DAL,Brandon Williams,28.71588134765625,20.5,16.693822860717773,4.895609378814697,0.9574800729751588,1,-
02/27/2026,DAL,AJ Johnson,15.661044120788574,10.5,4.697866916656494,5.354530334472656,0.6638999581336975,1,-
02/27/2026,CLE,Tyrese Proctor,10.62558364868164,7.5,3.3063576221466064,7.428048133850098,0.790027916431427,1,-
02/27/2026,CLE,Sam Merrill,27.2531795501709,12.5,12.183828353881836,5.995777606964111,0.5996474027633667,1,-
02/27/2026,CLE,Jaylon Tyson,28.28786277770996,14.5,13.265762329101562,6.272535800933838,0.8260716199874878,1,-
02/27/2026,CLE,Jarrett Allen,30.190807342529297,16.5,14.99492645263672,3.694401025772095,0.642350435256958,1,-
02/27/2026,CLE,James Harden,29.1494197845459,20.5,13.79868221282959,6.689454555511475,0.7067114114761353,1,-
02/27/2026,CLE,Dennis Schroder,28.5025634765625,16.5,12.8787841796875,4.30007266998291,0.6707032918930054,1,-
02/27/2026,CLE,Dean Wade,22.11190795898437,5.5,4.965506076812744,5.114418029785156,0.7264999747276306,1,-
02/27/2026,CLE,Craig Porter Jr.,18.3465576171875,6.5,3.7354564666748047,5.815443515777588,0.7114391326904297,1,-
02/27/2026,BRK,Danny Wolf,19.609825134277344,7.5,6.2701568603515625,4.567471981048584,0.7251089811325073,1,-
02/27/2026,BOS,Payton Pritchard,29.572662353515625,17.5,16.89609146118164,8.331881523132324,0.7289488911628723,1,-
02/27/2026,BOS,Nikola Vucevic,22.858930587768555,11.5,8.175332069396973,4.912190914154053,0.7892863750457764,1,-
02/27/2026,BOS,Jaylen Brown,34.04452133178711,26.5,26.866378784179688,1.6355557441711426,0.4170228540897369,0,-
02/27/2026,BOS,Derrick White,33.84128189086914,15.5,15.98594856262207,2.1758065223693848,0.3815291225910187,0,-
02/28/2026,WAS,Tristan Vukcevic,23.83965110778809,10.5,10.529099464416504,6.265247344970703,0.7810095548629761,1,O
02/28/2026,WAS,Tre Johnson,26.720457077026367,11.5,12.60128402709961,6.134757518768311,0.8926247358322144,1,O
02/28/2026,WAS,Kyshawn George,27.895158767700195,10.5,13.21747589111328,6.156414985656738,0.7570022344589233,1,O
02/28/2026,WAS,Bilal Coulibaly,27.24075698852539,9.5,10.228397369384766,2.8675343990325928,0.7124348878860474,1,O
02/28/2026,UTA,Kyle Filipowski,27.016281127929688,12.5,13.602181434631348,6.003136157989502,0.7002714276313782,1,O
02/28/2026,UTA,Keyonte George,29.09709548950196,19.5,19.986801147460938,7.347586631774902,0.803755521774292,1,O
02/28/2026,UTA,John Konchar,26.886987686157227,5.5,8.923120498657227,5.953781127929688,0.7911161780357361,1,O
02/28/2026,UTA,Isaiah Collier,25.48383522033692,12.5,13.218178749084473,5.006425380706787,0.7034041285514832,1,O
02/28/2026,TOR,Scottie Barnes,33.06087112426758,17.5,18.345664978027344,5.366244792938232,0.7148752808570862,1,O
02/28/2026,TOR,RJ Barrett,30.21236228942871,17.5,17.980621337890625,6.646282196044922,0.7752403020858765,1,O
02/28/2026,TOR,Jamal Shead,20.971153259277344,6.5,7.175302505493164,6.1299147605896,0.8925219178199768,1,O
02/28/2026,TOR,Ja'Kobe Walter,21.39230728149414,7.5,7.960297584533691,7.072444915771484,0.879885733127594,1,O
02/28/2026,TOR,Immanuel Quickley,32.06444549560547,17.5,18.165367126464844,6.767698287963867,0.8565554022789001,1,O
02/28/2026,TOR,Brandon Ingram,33.779293060302734,21.5,22.24315643310547,5.895032405853272,0.7378639578819275,1,O
02/28/2026,POR,Vit Krejci,19.07900619506836,7.5,7.969882011413574,7.566762447357178,0.8184804916381836,1,O
02/28/2026,POR,Toumani Camara,33.8143196105957,12.5,13.828080177307127,4.936446666717529,0.775730550289154,1,O
02/28/2026,POR,Kris Murray,28.922090530395508,7.5,8.212281227111816,6.122280120849609,0.7228932976722717,1,O
02/28/2026,NOP,Zion Williamson,31.860424041748047,23.5,24.86661529541016,5.019545555114746,0.677706778049469,1,O
02/28/2026,NOP,Yves Missi,19.3942985534668,5.5,6.313507080078125,3.8993477821350098,0.8842280507087708,1,O
02/28/2026,NOP,Saddiq Bey,32.28080368041992,20.5,23.01400375366211,9.112748146057127,0.9021944999694824,1,O
02/28/2026,NOP,Herbert Jones,31.24898147583008,9.5,10.316838264465332,3.780630111694336,0.5498207211494446,1,O
02/28/2026,NOP,Derik Queen,27.48080825805664,10.5,12.843713760375977,5.497973918914795,0.8523855805397034,1,O
02/28/2026,NOP,DeAndre Jordan,19.574106216430664,4.5,6.686002731323242,6.45421838760376,0.8222402334213257,1,O
02/28/2026,NOP,Bryce McGowens,22.70989227294922,9.5,9.793730735778809,5.304929256439209,0.7942022681236267,1,O
02/28/2026,MIA,Kel'el Ware,18.44822120666504,7.5,9.800766944885254,7.856432437896728,0.9930105209350586,1,O
02/28/2026,MIA,Jaime Jaquez Jr.,27.79024314880371,13.5,14.093435287475586,5.79294490814209,0.8313950896263123,1,O
02/28/2026,MIA,Davion Mitchell,30.12591552734375,7.5,7.855278968811035,5.957047462463379,0.735867440700531,1,O
02/28/2026,MIA,Bam Adebayo,33.10281753540039,18.5,19.6982421875,6.441359996795654,0.8264688849449158,1,O
02/28/2026,MIA,Andrew Wiggins,32.38289260864258,15.5,17.397855758666992,4.82770586013794,0.7972120642662048,1,O
02/28/2026,LAL,Marcus Smart,29.155744552612305,7.5,9.68507480621338,5.638886451721191,0.8068346977233887,1,O
02/28/2026,LAL,LeBron James,34.15663146972656,20.5,21.303586959838867,5.553502082824707,0.7773765921592712,1,O
02/28/2026,LAL,Deandre Ayton,29.096649169921875,10.5,11.520024299621582,6.469365119934082,0.6400058269500732,1,O
02/28/2026,LAL,Austin Reaves,34.517337799072266,20.5,22.11984062194824,7.089201927185059,0.5358502864837646,1,O
02/28/2026,HOU,Reed Sheppard,30.11738586425781,15.5,15.749445915222168,6.000921726226807,0.8425529599189758,1,O
02/28/2026,HOU,Kevin Durant,36.86920166015625,26.5,27.11298561096192,5.393999576568604,0.7693198919296265,1,O
02/28/2026,HOU,Amen Thompson,35.52726364135742,15.5,15.926501274108888,2.211999893188477,0.7139936089515686,1,O
02/28/2026,HOU,Alperen Sengun,34.2896728515625,18.5,19.76113510131836,3.907946348190308,0.7507244944572449,1,O
02/28/2026,GSW,Gary Payton II,16.493986129760742,7.5,8.704596519470215,7.608814716339111,0.8287193179130554,1,O
02/28/2026,GSW,Draymond Green,28.88088607788086,8.5,9.050359725952148,4.565854549407959,0.7726214528083801,1,O
02/28/2026,CHO,Ryan Kalkbrenner,18.940370559692383,4.5,6.116097450256348,5.854965686798096,0.9373578429222108,1,O
02/28/2026,CHO,Moussa Diabate,27.886587142944336,8.5,9.07337474822998,5.144520282745361,0.9124739170074464,1,O
02/28/2026,CHO,Miles Bridges,29.81476211547852,14.5,15.421035766601562,3.775503158569336,0.7385419011116028,1,O
02/28/2026,CHO,LaMelo Ball,28.03365898132324,18.5,19.982011795043945,4.983090877532959,0.8553751111030579,1,O
02/28/2026,CHO,Grant Williams,20.80034065246582,6.5,7.367434501647949,7.012874603271484,0.8449079394340515,1,O
02/28/2026,WAS,Will Riley,23.531021118164062,12.5,9.68978786468506,5.01073169708252,0.7418333888053894,1,-
02/28/2026,WAS,Anthony Gill,21.839643478393555,8.5,6.494911193847656,5.611164093017578,0.7798420786857605,1,-
02/28/2026,UTA,Kevin Love,17.63957405090332,6.5,6.181883335113525,6.532633304595947,0.808459997177124,1,-
02/28/2026,UTA,Cody Williams,28.08255386352539,8.5,8.21290397644043,5.555027484893799,0.6071763634681702,1,-
02/28/2026,UTA,Brice Sensabaugh,23.129499435424805,16.5,15.236648559570312,7.363214492797852,0.9169453978538512,1,-
02/28/2026,UTA,Ace Bailey,30.095571517944336,16.5,14.57003688812256,2.8801257610321045,0.7642422318458557,1,-
02/28/2026,TOR,Sandro Mamukelashvili,19.984113693237305,10.5,9.726678848266602,6.981539249420166,1.0147309303283691,1,-
02/28/2026,TOR,Jakob Poeltl,26.457916259765625,10.5,9.653587341308594,3.77996563911438,0.6923738121986389,1,-
02/28/2026,POR,Scoot Henderson,22.283754348754883,15.5,11.33137321472168,6.485057830810547,0.7375352382659912,1,-
02/28/2026,POR,Robert Williams,16.649612426757812,6.5,6.2508864402771,7.432684421539307,0.8250781297683716,1,-
02/28/2026,POR,Jrue Holiday,30.45627784729004,18.5,16.11162567138672,6.508888244628906,0.785702645778656,1,-
02/28/2026,POR,Jerami Grant,31.979692459106445,20.5,18.301193237304688,6.092715740203857,0.6686365008354187,1,-
02/28/2026,POR,Donovan Clingan,28.174903869628903,13.5,13.27674961090088,6.3997802734375,0.7291000485420227,1,-
02/28/2026,NOP,Jordan Poole,22.462947845458984,13.5,12.971447944641112,5.596868991851807,0.9005778431892395,1,-
02/28/2026,NOP,Jeremiah Fears,27.169189453125,14.5,13.77015781402588,4.833616733551025,0.9261870384216307,1,-
02/28/2026,MIA,Tyler Herro,33.086761474609375,20.5,20.40653610229492,6.42704439163208,0.9304976463317872,1,-
02/28/2026,MIA,Pelle Larsson,30.60912322998047,11.5,11.38650894165039,6.066255569458008,0.7562831044197083,1,-
02/28/2026,LAL,Luke Kennard,19.90609169006348,7.5,6.366179943084717,7.289639472961426,0.8810967206954956,1,-
02/28/2026,LAL,Luka Doncic,36.23297882080078,32.5,29.87980079650879,3.886687278747559,0.652404248714447,1,-
02/28/2026,LAL,Jaxson Hayes,15.519619941711426,5.5,5.4169511795043945,8.536772727966309,0.972045600414276,1,-
02/28/2026,LAL,Jake LaRavia,23.58157539367676,6.5,5.71771240234375,6.499514579772949,0.8173403739929199,1,-
02/28/2026,HOU,Tari Eason,30.22084045410156,14.5,10.564376831054688,3.154415845870972,0.7600381374359131,1,-
02/28/2026,HOU,Josh Okogie,17.878376007080078,5.5,4.424724578857422,3.68457555770874,0.7796058654785156,1,-
02/28/2026,HOU,Dorian Finney-Smith,18.99009895324707,5.5,3.4392282962799072,5.987548351287842,0.8178689479827881,1,-
02/28/2026,HOU,Clint Capela,13.773077964782717,4.5,3.774081945419312,5.258042812347412,0.8528590202331543,1,-
02/28/2026,GSW,Will Richard,20.386585235595703,7.5,6.690784931182861,6.07371187210083,0.8032687902450562,1,-
02/28/2026,GSW,Pat Spencer,21.39068603515625,9.5,6.321988582611084,5.935528755187988,0.801292359828949,1,-
02/28/2026,GSW,Moses Moody,28.731847763061523,14.5,14.162017822265623,6.072418212890625,0.7727992534637451,1,-
02/28/2026,GSW,Kristaps Porzingis,13.031707763671877,11.5,4.855099678039551,6.119393825531006,0.7829375267028809,1,-
02/28/2026,GSW,Gui Santos,26.943328857421875,13.5,11.445856094360352,6.845091819763184,0.8728950619697571,1,-
02/28/2026,GSW,De'Anthony Melton,26.30512428283692,16.5,16.223678588867188,7.14924955368042,0.847601592540741,1,-
02/28/2026,GSW,Brandin Podziemski,31.565784454345703,16.5,13.6868314743042,5.8505706787109375,0.8288452625274658,1,-
02/28/2026,GSW,Al Horford,23.024452209472656,9.5,9.387718200683594,4.860860347747803,0.8252065181732178,1,-
02/28/2026,CHO,Kon Knueppel,31.383378982543945,19.5,18.82508087158203,6.702459335327148,0.8258640170097351,1,-
02/28/2026,CHO,Coby White,16.25823974609375,11.5,6.602285861968994,6.4307355880737305,0.7950772047042847,1,-
02/28/2026,CHO,Brandon Miller,29.68347930908203,22.5,19.810964584350582,4.503147125244141,0.7417018413543701,1,-
03/01/2026,SAS,Stephon Castle,30.063995361328125,15.5,15.917218208312988,3.1804754734039307,0.6616978645324707,1,O
03/01/2026,SAS,Keldon Johnson,21.82149314880371,10.5,11.218806266784668,7.850266933441162,0.9577070474624634,1,O
03/01/2026,SAS,Julian Champagnie,29.340557098388672,10.5,10.735087394714355,6.873397350311279,0.880757212638855,1,O
03/01/2026,SAS,De'Aaron Fox,30.87234306335449,15.5,16.09026336669922,4.132929801940918,0.6804805994033813,1,O
03/01/2026,SAC,Russell Westbrook,30.603036880493164,13.5,16.018787384033203,5.168662071228027,0.9266251921653748,1,O
03/01/2026,SAC,Precious Achiuwa,30.41727828979492,11.5,12.436185836791992,7.343703269958496,0.91289222240448,1,O
03/01/2026,SAC,Maxime Raynaud,30.24570083618164,13.5,13.559186935424805,4.375546932220459,0.7418839335441589,1,O
03/01/2026,SAC,Malik Monk,23.304309844970703,11.5,12.51707935333252,7.757788181304932,1.0028564929962158,1,O
03/01/2026,SAC,DeMar DeRozan,33.06986999511719,15.5,16.60371971130371,5.614009857177734,0.7844827175140381,1,O
03/01/2026,POR,Vit Krejci,21.816320419311523,8.5,9.61281681060791,6.9345808029174805,0.9058069586753844,1,O
03/01/2026,POR,Toumani Camara,34.38071060180664,12.5,14.526531219482422,3.537919044494629,0.7066311836242676,1,O
03/01/2026,POR,Kris Murray,28.567358016967773,6.5,8.272737503051758,5.264856815338135,0.8238555192947388,1,O
03/01/2026,PHI,VJ Edgecombe,35.51862335205078,14.5,15.089024543762209,1.4141665697097778,0.5633676052093506,1,O
03/01/2026,PHI,Trendon Watford,16.166990280151367,3.5,5.373194694519043,6.186592102050781,0.7514774799346924,1,O
03/01/2026,PHI,Quentin Grimes,26.95665740966797,10.5,11.273273468017578,1.5766392946243286,0.5053026676177979,1,O
03/01/2026,PHI,Kelly Oubre Jr.,35.02030944824219,14.5,15.117697715759276,0.7835162281990051,0.6425309777259827,1,O
03/01/2026,PHI,Andre Drummond,25.338563919067383,6.5,6.8304853439331055,3.811092376708984,0.6056103706359863,1,O
03/01/2026,ORL,Wendell Carter Jr.,32.65074920654297,10.5,12.850197792053224,5.896607875823975,0.6745746731758118,1,O
03/01/2026,ORL,Paolo Banchero,37.54679107666016,21.5,22.184783935546875,4.67271089553833,0.563447117805481,1,O
03/01/2026,ORL,Moritz Wagner,15.392704963684082,7.5,8.592925071716309,7.25570011138916,0.9035409092903136,1,O
03/01/2026,ORL,Jalen Suggs,27.85129165649414,10.5,12.141515731811523,3.652155876159668,0.6626378893852234,1,O
03/01/2026,ORL,Desmond Bane,36.17755508422852,21.5,22.735870361328125,8.812171936035156,0.768457293510437,1,O
03/01/2026,ORL,Anthony Black,30.47482109069824,13.5,14.038302421569824,5.359655380249023,0.9175518751144408,1,O
03/01/2026,OKC,Shai Gilgeous-Alexander,34.897178649902344,30.5,33.45092010498047,6.549324989318848,0.7431740164756775,1,O
03/01/2026,OKC,Luguentz Dort,30.9953670501709,8.5,9.92496109008789,3.6318976879119873,0.7145628929138184,1,O
03/01/2026,OKC,Isaiah Joe,21.56673240661621,10.5,12.80095386505127,8.528715133666992,0.8889738917350769,1,O
03/01/2026,OKC,Isaiah Hartenstein,26.285377502441406,10.5,10.612068176269531,6.510369777679443,0.7974922060966492,1,O
03/01/2026,OKC,Cason Wallace,30.63408660888672,9.5,13.270628929138184,5.134591579437256,0.6991016268730164,1,O
03/01/2026,NYK,OG Anunoby,35.04380416870117,15.5,15.826355934143066,5.583348274230957,0.7455963492393494,1,O
03/01/2026,NYK,Mitchell Robinson,18.209890365600582,4.5,4.927053451538086,5.028260707855225,0.8983033299446106,1,O
03/01/2026,NYK,Mikal Bridges,33.72130584716797,13.5,14.53769874572754,0.8339325189590454,0.5475358366966248,1,O
03/01/2026,NYK,Landry Shamet,21.695316314697266,8.5,10.359999656677246,5.614148139953613,0.951806664466858,1,O
03/01/2026,NYK,Karl-Anthony Towns,31.983448028564453,18.5,18.52555656433105,3.747305870056152,0.5665934681892395,1,O
03/01/2026,NYK,Josh Hart,32.12929153442383,10.5,11.219063758850098,2.784119844436645,0.6424611210823059,1,O
03/01/2026,NYK,Jose Alvarado,20.722543716430664,6.5,6.655375003814697,5.857152938842773,0.8713419437408447,1,O
03/01/2026,NOP,Trey Murphy III,24.996803283691406,18.5,19.86410903930664,4.241845607757568,0.5620489716529846,1,O
03/01/2026,NOP,Saddiq Bey,33.025856018066406,17.5,19.66479110717773,6.267603397369385,0.8447743058204651,1,O
03/01/2026,NOP,Derik Queen,27.935134887695312,9.5,10.689579010009766,4.300902366638184,0.7250369191169739,1,O
03/01/2026,NOP,DeAndre Jordan,18.636966705322266,2.5,5.184385299682617,5.359885215759277,0.7199475765228271,1,O
03/01/2026,MIN,Rudy Gobert,32.10770797729492,10.5,11.111933708190918,4.22642707824707,0.6456937789916992,1,O
03/01/2026,MIN,Naz Reid,25.049650192260746,13.5,13.611978530883787,4.530536651611328,0.8101556301116943,1,O
03/01/2026,MIN,Jaden McDaniels,33.50646209716797,14.5,16.398229598999023,4.325051784515381,0.7569372653961182,1,O
03/01/2026,MIN,Donte DiVincenzo,30.779340744018555,10.5,12.069169998168944,2.2121071815490723,0.6947416067123413,1,O
03/01/2026,MIN,Anthony Edwards,36.44660949707031,29.5,29.72195625305176,6.510322093963623,0.7587569355964661,1,O
03/01/2026,MIL,Myles Turner,27.737096786499023,12.5,13.022829055786133,5.901612758636475,0.8074288964271545,1,O
03/01/2026,MIL,Kyle Kuzma,27.72877693176269,13.5,13.793828964233398,5.732312679290772,0.8171343207359314,1,O
03/01/2026,MIL,Bobby Portis,22.878522872924805,10.5,13.643157958984377,5.572888851165772,1.0034661293029783,1,O
03/01/2026,LAL,Marcus Smart,29.38508415222168,6.5,9.192928314208984,3.6618714332580566,0.6492422819137573,1,O
03/01/2026,LAL,Luke Kennard,20.937164306640625,7.5,8.119373321533203,5.845542907714844,0.8368640542030334,1,O
03/01/2026,LAL,Luka Doncic,35.95893859863281,32.5,34.26717758178711,5.546266555786133,0.6355979442596436,1,O
03/01/2026,LAL,Jake LaRavia,23.81707572937012,6.5,8.311652183532715,4.560718536376953,0.8572522401809692,1,O
03/01/2026,LAL,Deandre Ayton,28.790225982666016,10.5,11.861494064331056,3.049466848373413,0.7091853618621826,1,O
03/01/2026,LAC,John Collins,29.977022171020508,13.5,13.695808410644531,4.929663181304932,0.8057096004486084,1,O
03/01/2026,LAC,Derrick Jones Jr.,29.63591194152832,11.5,12.536097526550291,5.773056507110596,0.7597058415412903,1,O
03/01/2026,LAC,Brook Lopez,27.96955108642578,9.5,9.55314826965332,4.216977119445801,0.5001266002655029,1,O
03/01/2026,IND,T.J. McConnell,22.895641326904297,9.5,12.392817497253418,6.010855197906494,0.883205235004425,1,O
03/01/2026,IND,Obi Toppin,29.83781814575196,7.5,13.019662857055664,5.116588592529297,0.7686103582382202,1,O
03/01/2026,IND,Kobe Brown,24.689727783203125,10.5,12.047906875610352,5.674285888671875,0.8454754948616028,1,O
03/01/2026,IND,Kam Jones,31.673492431640625,9.5,10.750313758850098,5.372938632965088,0.7758500576019287,1,O
03/01/2026,IND,Ben Sheppard,30.24131965637207,9.5,11.33272933959961,4.760175704956055,0.7491654753684998,1,O
03/01/2026,IND,Andrew Nembhard,28.96899604797364,17.5,19.527219772338867,5.512141227722168,0.8634064197540283,1,O
03/01/2026,DET,Jalen Duren,31.16956329345703,18.5,21.19363784790039,6.608178615570068,0.6974859237670898,1,O
03/01/2026,DET,Duncan Robinson,29.47677421569824,10.5,12.189781188964844,3.966360092163086,0.632280707359314,1,O
03/01/2026,DET,Daniss Jenkins,18.694793701171875,7.5,7.579597473144531,5.483518123626709,0.879005491733551,1,O
03/01/2026,DEN,Tim Hardaway Jr.,27.048471450805664,11.5,14.070963859558104,3.9531712532043457,0.8152883052825928,1,O
03/01/2026,DEN,Nikola Jokic,37.897605895996094,29.5,29.70364189147949,6.0200276374816895,0.5427141785621643,1,O
03/01/2026,DEN,Julian Strawther,24.62155532836914,9.5,10.077919960021973,5.5430989265441895,0.7875102758407593,1,O
03/01/2026,DEN,Jonas Valanciunas,13.158291816711426,6.5,7.891940116882324,5.123631954193115,0.8657740354537964,1,O
03/01/2026,DEN,Jamal Murray,36.29914474487305,25.5,26.32685852050781,6.919006824493408,0.6798923015594482,1,O
03/01/2026,DEN,Christian Braun,36.97544097900391,11.5,13.085229873657228,5.369129657745361,0.5931926369667053,1,O
03/01/2026,DAL,Caleb Martin,25.164215087890625,7.5,7.954022884368896,6.174025535583496,0.8169683218002319,1,O
03/01/2026,CLE,Sam Merrill,29.03509330749512,12.5,15.017505645751951,3.627497673034668,0.6660654544830322,1,O
03/01/2026,CLE,Keon Ellis,21.71512794494629,6.5,8.6937837600708,5.682297706604004,0.7977827191352844,1,O
03/01/2026,CLE,Jaylon Tyson,30.498065948486328,13.5,15.296571731567385,6.268783092498779,0.7573904991149902,1,O
03/01/2026,CLE,Jarrett Allen,30.473920822143555,17.5,18.63496971130371,3.603320598602295,0.6496928930282593,1,O
03/01/2026,CLE,Evan Mobley,31.592214584350582,16.5,18.369909286499023,2.334895372390747,0.6068664193153381,1,O
03/01/2026,CLE,Dennis Schroder,27.396026611328125,10.5,13.737800598144531,4.203329563140869,0.7179731130599976,1,O
03/01/2026,CHI,Tre Jones,28.71915054321289,11.5,12.483805656433104,4.592703819274902,0.8519667983055115,1,O
03/01/2026,BRK,Terance Mann,26.798236846923828,7.5,7.672648429870605,4.549124717712402,0.6515277624130249,1,O
03/01/2026,BOS,Sam Hauser,28.24520492553711,9.5,10.802590370178224,6.510511875152588,0.752026379108429,1,O
03/01/2026,BOS,Payton Pritchard,29.78086853027344,17.5,17.602298736572266,5.988033771514893,0.8068705201148987,1,O
03/01/2026,BOS,Neemias Queta,25.94409942626953,8.5,9.781376838684082,6.422891139984131,0.7725457549095154,1,O
03/01/2026,BOS,Jordan Walsh,15.971325874328612,3.5,3.6912741661071777,7.478516101837158,0.8661125898361206,1,O
03/01/2026,BOS,Jaylen Brown,34.75567626953125,27.5,28.870744705200195,3.790950298309326,0.6207387447357178,1,O
03/01/2026,BOS,Hugo Gonzalez,16.501056671142578,3.5,3.849353551864624,6.414180755615234,0.803606390953064,1,O
03/01/2026,BOS,Baylor Scheierman,27.017183303833008,6.5,8.875943183898926,6.765744686126709,0.8499633073806763,1,O
03/01/2026,ATL,Zaccharie Risacher,22.356428146362305,7.5,9.07532024383545,4.887120723724365,0.839360773563385,1,O
03/01/2026,ATL,Onyeka Okongwu,31.402135848999023,13.5,15.189541816711426,4.705063819885254,0.7732734680175781,1,O
03/01/2026,ATL,Nickeil Alexander-Walker,32.659950256347656,18.5,18.736082077026367,6.828512191772461,0.7354244589805603,1,O
03/01/2026,ATL,Jock Landale,19.327266693115234,7.5,8.008885383605957,6.942269802093506,0.8532464504241943,1,O
03/01/2026,ATL,Jalen Johnson,33.152957916259766,21.5,21.504005432128903,4.623774528503418,0.692948579788208,1,O
03/01/2026,ATL,Corey Kispert,21.88087272644043,7.5,11.02443027496338,7.385161876678467,0.8822323679924011,1,O
03/01/2026,ATL,CJ McCollum,29.244361877441406,17.5,19.45280647277832,6.030916213989258,0.9085330963134766,1,O
03/01/2026,SAS,Victor Wembanyama,30.75454902648925,24.5,20.55683326721192,7.616992473602295,0.82025545835495,1,-
03/01/2026,SAS,Dylan Harper,22.96969223022461,10.5,10.205026626586914,7.585466384887695,0.8133321404457092,1,-
03/01/2026,SAS,Devin Vassell,30.529258728027344,13.5,13.183277130126951,5.295331954956055,0.7390180826187134,1,-
03/01/2026,SAC,Nique Clifford,30.93818092346192,12.5,11.159525871276855,2.698209762573242,0.613977313041687,1,-
03/01/2026,SAC,Devin Carter,22.03914451599121,11.5,10.069814682006836,5.4257330894470215,0.8492221236228943,1,-
03/01/2026,POR,Scoot Henderson,23.065649032592773,14.5,12.76536750793457,6.187057971954346,0.8528733253479004,1,-
03/01/2026,POR,Jrue Holiday,31.98636054992676,17.5,17.378976821899414,4.483325004577637,0.7718214392662048,1,-
03/01/2026,POR,Jerami Grant,33.30958938598633,20.5,20.09368705749512,4.917080402374268,0.7364825010299683,1,-
03/01/2026,POR,Donovan Clingan,29.14390754699707,14.5,13.784000396728516,5.841435432434082,0.7140016555786133,1,-
03/01/2026,POR,Deni Avdija,23.19215965270996,19.5,17.63705825805664,6.014348983764648,0.857189953327179,1,-
03/01/2026,PHI,Tyrese Maxey,38.15425491333008,27.5,27.489315032958984,0.7269980311393738,0.4476476311683655,0,-
03/01/2026,PHI,Jabari Walker,13.516273498535156,2.5,2.353222846984864,6.16615104675293,0.714995801448822,1,-
03/01/2026,PHI,Dominick Barlow,27.701566696166992,8.5,7.992037296295166,4.556584358215332,0.6839587688446045,1,-
03/01/2026,PHI,Cameron Payne,13.940430641174316,5.5,4.3921895027160645,4.244765758514404,0.6770201325416565,1,-
03/01/2026,PHI,Adem Bona,17.534934997558594,5.5,5.097475051879883,4.170278072357178,0.7106091976165771,1,-
03/01/2026,ORL,Jett Howard,19.715606689453125,6.5,5.632480621337891,6.016071796417236,0.8440285325050354,1,-
03/01/2026,OKC,Jared McCain,20.136606216430664,9.5,9.479119300842283,7.2137579917907715,0.8698047995567322,1,-
03/01/2026,OKC,Chet Holmgren,30.619184494018555,18.5,16.857933044433594,5.81715726852417,0.6867012977600098,1,-
03/01/2026,NYK,Jalen Brunson,35.64723587036133,26.5,25.549213409423828,1.8381569385528564,0.4819504022598266,0,-
03/01/2026,NOP,Jeremiah Fears,28.22519493103028,13.5,12.341110229492188,3.467700958251953,0.8080927729606628,1,-
03/01/2026,NOP,Herbert Jones,31.0380916595459,9.5,8.40185832977295,0.947638750076294,0.5417463779449463,1,-
03/01/2026,NOP,Dejounte Murray,13.99655532836914,14.5,4.170789241790772,4.6391191482543945,0.674136757850647,1,-
03/01/2026,MIN,Julius Randle,33.52687454223633,19.5,18.751426696777344,5.983275890350342,0.6472440958023071,1,-
03/01/2026,MIN,Ayo Dosunmu,21.832420349121094,11.5,8.599464416503906,5.567764759063721,0.8245671391487122,1,-
03/01/2026,MIL,Ryan Rollins,32.99694061279297,19.5,16.929929733276367,6.373800754547119,0.7543103098869324,1,-
03/01/2026,MIL,Kevin Porter Jr.,34.38119888305664,20.5,19.50792694091797,4.386983871459961,0.6528714299201965,1,-
03/01/2026,MIL,Jericho Sims,21.88747978210449,5.5,4.980654716491699,6.643126010894775,0.8451071977615356,1,-
03/01/2026,MEM,Taylor Hendricks,22.56171226501465,10.5,9.95844841003418,5.6939191818237305,0.9291902780532836,1,-
03/01/2026,MEM,Scotty Pippen Jr.,26.84295082092285,12.5,11.569923400878906,4.382003784179688,0.7985460758209229,1,-
03/01/2026,MEM,Jaylen Wells,26.70977210998535,13.5,12.76938533782959,4.666563510894775,0.8143951296806335,1,-
03/01/2026,MEM,Cam Spencer,22.565185546875,11.5,10.98946475982666,6.771579742431641,0.7544417977333069,1,-
03/01/2026,LAL,Rui Hachimura,24.19133758544922,9.5,9.489306449890137,3.223449945449829,0.8033069372177124,1,-
03/01/2026,LAL,LeBron James,33.60123825073242,20.5,20.36762428283692,5.327436447143555,0.7780647873878479,1,-
03/01/2026,LAL,Jaxson Hayes,15.988100051879885,5.5,5.429433345794678,6.350362300872803,0.903066635131836,1,-
03/01/2026,LAL,Austin Reaves,34.68513107299805,21.5,21.086257934570312,6.013017177581787,0.5174526572227478,1,-
03/01/2026,LAC,Yanic Konan Niederhauser,15.043375968933104,5.5,5.151773929595947,6.482502937316895,0.8669061064720154,1,-
03/01/2026,LAC,Kris Dunn,30.990209579467773,8.5,7.657788276672363,2.786051273345948,0.5513980984687805,1,-
03/01/2026,LAC,Kawhi Leonard,32.961605072021484,28.5,26.88668632507324,6.14113712310791,0.7992903590202332,1,-
03/01/2026,LAC,Bennedict Mathurin,26.03627586364746,18.5,16.100507736206055,5.113825798034668,0.7582314014434814,1,-
03/01/2026,IND,Jay Huff,28.91983795166016,13.5,12.973124504089355,5.905951023101807,0.7018082737922668,1,-
03/01/2026,IND,Jarace Walker,32.35300064086914,19.5,17.08478355407715,7.837191104888916,0.7034342288970947,1,-
03/01/2026,DET,Tobias Harris,31.937793731689453,13.5,12.190437316894531,4.175355434417725,0.6081708073616028,1,-
03/01/2026,DET,Paul Reed,16.507102966308594,7.5,7.348578929901123,5.938028812408447,0.8648667335510254,1,-
03/01/2026,DET,Cade Cunningham,36.42609405517578,27.5,26.787498474121094,5.047159194946289,0.6917279362678528,1,-
03/01/2026,DET,Ausar Thompson,27.87113380432129,9.5,8.893847465515137,2.4014244079589844,0.5777215361595154,1,-
03/01/2026,DEN,Cameron Johnson,34.83805465698242,12.5,12.907944679260254,3.596538543701172,0.4964665472507477,0,-
03/01/2026,DEN,Bruce Brown,26.959392547607425,8.5,7.803379535675049,2.110258340835572,0.6490908265113831,1,-
03/01/2026,DAL,Naji Marshall,30.0145263671875,17.5,17.205480575561523,8.118752479553223,0.8775961399078369,1,-
03/01/2026,DAL,Max Christie,31.328351974487305,14.5,13.997037887573242,5.963172912597656,0.7752615213394165,1,-
03/01/2026,DAL,Klay Thompson,21.30031967163086,12.5,10.887646675109863,5.918439865112305,0.8367064595222473,1,-
03/01/2026,DAL,Khris Middleton,26.96160125732422,13.5,11.079598426818848,5.519904136657715,0.7535943984985352,1,-
03/01/2026,DAL,Daniel Gafford,19.238468170166016,8.5,8.035277366638184,4.365764617919922,0.8606588244438171,1,-
03/01/2026,DAL,Brandon Williams,28.55683708190918,17.5,14.451462745666504,5.33853816986084,0.8306270241737366,1,-
03/01/2026,DAL,AJ Johnson,19.29973793029785,11.5,7.04142427444458,4.966568470001221,0.6890782713890076,1,-
03/01/2026,CLE,James Harden,34.191627502441406,20.5,17.291006088256836,4.906264781951904,0.6799778938293457,1,-
03/01/2026,CHI,Rob Dillingham,20.02466583251953,8.5,7.581409931182861,6.241419315338135,0.8854410648345947,1,-
03/01/2026,CHI,Nick Richards,20.976465225219727,8.5,7.802643299102783,6.483896732330322,0.876422643661499,1,-
03/01/2026,CHI,Matas Buzelis,29.822301864624023,19.5,16.799646377563477,6.072394847869873,0.8104668855667114,1,-
03/01/2026,CHI,Josh Giddey,30.561731338500977,16.5,14.69501495361328,3.924840450286865,0.8030608296394348,1,-
03/01/2026,CHI,Isaac Okoro,29.486087799072266,11.5,9.538780212402344,5.899679660797119,0.6978266835212708,1,-
03/01/2026,CHI,Guerschon Yabusele,26.889577865600582,10.5,10.118830680847168,5.972686767578125,0.802627444267273,1,-
03/01/2026,CHI,Collin Sexton,19.198097229003903,15.5,8.108842849731445,6.60993242263794,0.8323323130607605,1,-
03/01/2026,BRK,Nolan Traore,28.600292205810547,11.5,10.790424346923828,4.904365062713623,0.702999472618103,1,-
03/01/2026,BRK,Noah Clowney,29.740346908569336,12.5,12.448060035705566,3.913466930389404,0.6161028742790222,1,-
03/01/2026,BRK,Michael Porter Jr.,32.322933197021484,22.5,22.1970157623291,4.272091865539551,0.8004527688026428,1,-
03/01/2026,BRK,Day'Ron Sharpe,25.852542877197266,12.5,10.274053573608398,3.95310378074646,0.7508782744407654,1,-
03/01/2026,BRK,Danny Wolf,19.818435668945312,10.5,7.998834609985352,4.048348426818848,0.8048460483551025,1,-
03/01/2026,BOS,Nikola Vucevic,23.95245933532715,11.5,10.277082443237305,6.976343631744385,0.8048831224441528,1,-
03/01/2026,BOS,Derrick White,35.72125244140625,16.5,16.369333267211914,0.6954907774925232,0.522849977016449,1,-
03/01/2026,ATL,Jonathan Kuminga,19.835281372070312,13.5,8.374326705932617,5.8357367515563965,0.7673949599266052,1,-
03/01/2026,ATL,Dyson Daniels,32.20112228393555,10.5,10.196293830871582,4.002134323120117,0.5995904207229614,1,-
03/02/2026,WAS,Tre Johnson,27.303173065185547,11.5,12.16770839691162,5.791966438293457,0.8604016304016113,1,O
03/02/2026,WAS,Kyshawn George,28.450801849365234,10.5,12.266243934631348,5.310360431671143,0.7935593128204346,1,O
03/02/2026,WAS,Bilal Coulibaly,27.89929580688477,9.5,10.41174602508545,3.670301198959351,0.771685779094696,1,O
03/02/2026,UTA,Kyle Filipowski,28.36326026916504,12.5,13.911039352416992,4.179152488708496,0.6962268948554993,1,O
03/02/2026,UTA,Keyonte George,33.01343536376953,17.5,21.41103172302246,6.722543716430664,0.7428565621376038,1,O
03/02/2026,UTA,John Konchar,21.02230834960937,4.5,6.522522926330566,7.158624649047852,0.8541167974472046,1,O
03/02/2026,UTA,Isaiah Collier,28.03632926940918,13.5,15.483105659484863,5.964205741882324,0.7705610394477844,1,O
03/02/2026,UTA,Ace Bailey,30.754728317260746,15.5,15.835710525512695,4.859952926635742,0.7729621529579163,1,O
03/02/2026,MIL,Myles Turner,27.94248008728028,9.5,10.68475341796875,5.767313480377197,0.8758822679519653,1,O
03/02/2026,MIL,Kyle Kuzma,23.463428497314453,9.5,9.975448608398438,5.558224201202393,0.8619750738143921,1,O
03/02/2026,MIL,Kevin Porter Jr.,34.535064697265625,14.5,15.104902267456056,1.89421820640564,0.5991253852844238,1,O
03/02/2026,MIL,Giannis Antetokounmpo,28.645824432373047,20.5,21.278907775878903,1.917410016059876,0.5989553928375244,1,O
03/02/2026,MIL,Bobby Portis,22.466203689575195,9.5,9.989387512207031,6.9921555519104,1.0241512060165403,1,O
03/02/2026,LAC,Kris Dunn,30.91951560974121,7.5,8.165468215942383,4.521415710449219,0.6113048195838928,1,O
03/02/2026,LAC,Derrick Jones Jr.,30.486387252807617,11.5,11.983059883117676,6.379924297332764,0.7624469995498657,1,O
03/02/2026,LAC,Brook Lopez,27.706275939941406,8.5,10.002341270446776,4.186052322387695,0.535202145576477,1,O
03/02/2026,HOU,Kevin Durant,36.13574981689453,24.5,28.15441131591797,6.395047664642334,0.7446519136428833,1,O
03/02/2026,HOU,Amen Thompson,34.63332748413086,16.5,17.146562576293945,3.75858211517334,0.6062725782394409,1,O
03/02/2026,GSW,Al Horford,27.12829971313477,9.5,9.769262313842772,4.185561180114746,0.7429689168930054,1,O
03/02/2026,DEN,Tim Hardaway Jr.,29.241146087646484,14.5,16.682632446289062,6.678042888641357,0.7615140676498413,1,O
03/02/2026,DEN,Jamal Murray,36.80069351196289,24.5,28.107955932617188,7.433209419250488,0.6657825112342834,1,O
03/02/2026,DEN,Christian Braun,36.67229080200195,12.5,14.672855377197266,3.816913604736328,0.5897893905639648,1,O
03/02/2026,BOS,Sam Hauser,29.26568984985352,11.5,11.790284156799316,5.995965957641602,0.6993237733840942,1,O
03/02/2026,BOS,Neemias Queta,23.70199203491211,8.5,10.951627731323242,6.925897598266602,0.7578204870223999,1,O
03/02/2026,BOS,Jordan Walsh,17.825485229492188,4.5,5.072063446044922,7.681281566619873,0.9108291268348694,1,O
03/02/2026,BOS,Hugo Gonzalez,26.427169799804688,3.5,7.195613384246826,6.35663652420044,0.7536389827728271,1,O
03/02/2026,BOS,Baylor Scheierman,28.04965591430664,8.5,9.89702320098877,6.134433269500732,0.8425721526145935,1,O
03/02/2026,WAS,Tristan Vukcevic,17.178264617919922,10.5,8.636189460754395,6.892640113830566,0.8086581826210022,1,-
03/02/2026,UTA,Cody Williams,27.38454246520996,7.5,7.162062644958496,3.649025678634644,0.6644333004951477,1,-
03/02/2026,UTA,Brice Sensabaugh,25.524492263793945,16.5,16.16999626159668,5.736638069152832,1.021488904953003,1,-
03/02/2026,MIL,Ryan Rollins,28.09195709228516,14.5,12.967792510986328,4.643171310424805,0.6908683180809021,1,-
03/02/2026,LAC,Kawhi Leonard,33.23392868041992,26.5,26.475303649902344,6.8086347579956055,0.7866304516792297,1,-
03/02/2026,LAC,John Collins,24.23175811767578,13.5,13.417343139648438,6.752833366394043,0.8691516518592834,1,-
03/02/2026,LAC,Darius Garland,13.575861930847168,12.5,5.501472473144531,4.618555545806885,0.683953046798706,1,-
03/02/2026,LAC,Bennedict Mathurin,26.591062545776367,17.5,15.054696083068848,6.381478786468506,0.7663295269012451,1,-
03/02/2026,HOU,Tari Eason,30.42926788330078,14.5,10.795683860778809,3.930680990219116,0.6860761046409607,1,-
03/02/2026,HOU,Reed Sheppard,30.93448257446289,16.5,15.387944221496582,8.953375816345215,0.7681146860122681,1,-
03/02/2026,HOU,Clint Capela,14.220959663391112,5.5,4.042032718658447,7.375646114349365,0.8887911438941956,1,-
03/02/2026,HOU,Alperen Sengun,33.328636169433594,19.5,19.41397476196289,3.2013051509857178,0.663457989692688,1,-
03/02/2026,GSW,Pat Spencer,22.125343322753903,8.5,5.704944610595703,5.193250179290772,0.7908480763435364,1,-
03/02/2026,GSW,Moses Moody,28.55835723876953,15.5,11.677245140075684,3.1487557888031006,0.6072095036506653,1,-
03/02/2026,GSW,Gui Santos,22.22467994689941,12.5,9.368978500366213,6.204899787902832,0.9506146311759948,1,-
03/02/2026,GSW,Draymond Green,28.369264602661133,8.5,7.907296180725098,4.108829021453857,0.7287752628326416,1,-
03/02/2026,GSW,De'Anthony Melton,25.985008239746094,16.5,14.73753261566162,5.445766448974609,0.749722957611084,1,-
03/02/2026,GSW,Brandin Podziemski,30.94560432434082,15.5,12.006603240966797,2.701335430145264,0.6756961941719055,1,-
03/02/2026,DEN,Zeke Nnaji,13.95604133605957,5.5,2.740231275558472,6.3469319343566895,0.8333534598350525,1,-
03/02/2026,DEN,Nikola Jokic,37.98332977294922,27.5,30.96055221557617,4.715992450714111,0.4784030020236969,0,-
03/02/2026,DEN,Julian Strawther,25.18212509155273,11.5,10.409642219543455,6.557105541229248,0.7259050011634827,1,-
03/02/2026,DEN,Jonas Valanciunas,25.538000106811523,12.5,11.628910064697266,6.344059944152832,0.8144547343254089,1,-
03/02/2026,DEN,Bruce Brown,27.437931060791016,9.5,9.240693092346191,3.596128463745117,0.6955848932266235,1,-
03/02/2026,BOS,Payton Pritchard,29.79014015197754,21.5,14.798069953918455,6.436007499694824,0.791111409664154,1,-
03/02/2026,BOS,Nikola Vucevic,29.22913360595703,15.5,12.824848175048828,6.264270305633545,0.7029450535774231,1,-
03/02/2026,BOS,Luka Garza,13.146398544311523,8.5,5.122163772583008,6.786966323852539,0.9597473740577698,1,-
03/02/2026,BOS,Jaylen Brown,30.233901977539062,28.5,28.431385040283203,5.775523662567139,0.7948361039161682,1,-
03/02/2026,BOS,Derrick White,35.180328369140625,20.5,17.627355575561523,2.1454288959503174,0.5620653629302979,1,-
03/03/2026,WAS,Bilal Coulibaly,27.97676467895508,10.5,11.736395835876465,3.7485852241516113,0.6619876027107239,1,O
03/03/2026,TOR,Scottie Barnes,33.98060989379883,16.5,17.686019897460938,3.4850027561187744,0.6036748290061951,1,O
03/03/2026,TOR,RJ Barrett,31.09736442565918,17.5,17.588422775268555,6.617240905761719,0.6414923667907715,1,O
03/03/2026,TOR,Jamal Shead,21.341005325317383,5.5,6.37901496887207,8.04112720489502,0.8593696355819702,1,O
03/03/2026,TOR,Jakob Poeltl,26.901689529418945,9.5,10.114115715026855,6.473276138305664,0.7343355417251587,1,O
03/03/2026,TOR,Ja'Kobe Walter,20.95656013488769,6.5,6.771876335144043,7.704119682312012,0.8229080438613892,1,O
03/03/2026,TOR,Immanuel Quickley,33.23455810546875,16.5,18.03439712524414,7.309060096740723,0.7824004292488098,1,O
03/03/2026,TOR,Brandon Ingram,34.944950103759766,20.5,22.09868621826172,6.772181510925293,0.7533854842185974,1,O
03/03/2026,SAS,Stephon Castle,30.332597732543945,16.5,16.7261905670166,3.1914894580841064,0.6147557497024536,1,O
03/03/2026,SAS,Julian Champagnie,28.78138542175293,10.5,11.35500144958496,8.167658805847168,0.8548855185508728,1,O
03/03/2026,SAS,Dylan Harper,23.22150039672852,11.5,11.597688674926758,7.823696136474609,0.782089352607727,1,O
03/03/2026,SAS,Devin Vassell,31.540206909179688,13.5,14.515379905700684,7.490102291107178,0.7236893773078918,1,O
03/03/2026,SAS,De'Aaron Fox,30.79559898376465,16.5,16.754737854003906,3.363657236099243,0.6299818754196167,1,O
03/03/2026,SAC,Russell Westbrook,30.48866081237793,13.5,16.192642211914062,5.817137241363525,0.8018620014190674,1,O
03/03/2026,SAC,Nique Clifford,32.435935974121094,12.5,13.231120109558104,3.919880151748657,0.5737401247024536,1,O
03/03/2026,SAC,Malik Monk,22.55705070495605,10.5,11.751249313354492,8.164619445800781,0.9517808556556702,1,O
03/03/2026,SAC,Devin Carter,21.400190353393555,7.5,8.634906768798828,5.046084403991699,0.8176029324531555,1,O
03/03/2026,SAC,DeMar DeRozan,32.72410583496094,13.5,16.335342407226562,4.85259485244751,0.7225239872932434,1,O
03/03/2026,PHO,Ryan Dunn,21.421520233154297,5.5,5.815158367156982,6.473575115203857,0.7346181869506836,1,O
03/03/2026,PHO,Royce O'Neale,29.280044555664062,8.5,10.111146926879885,3.4271278381347656,0.702148973941803,1,O
03/03/2026,PHO,Grayson Allen,27.658349990844727,16.5,18.5366439819336,5.419362545013428,0.8159061670303345,1,O
03/03/2026,PHO,Collin Gillespie,30.39716911315918,14.5,14.59935474395752,6.998270511627197,0.8466943502426147,1,O
03/03/2026,PHI,Dominick Barlow,29.08481788635254,9.5,10.000459671020508,5.51686429977417,0.7162041664123535,1,O
03/03/2026,PHI,Andre Drummond,27.06444358825684,7.5,8.350972175598145,5.263303279876709,0.7073525190353394,1,O
03/03/2026,ORL,Wendell Carter Jr.,32.1502685546875,11.5,12.051976203918455,6.8411383628845215,0.6969470381736755,1,O
03/03/2026,ORL,Paolo Banchero,36.44478225708008,25.5,25.604944229125977,3.2697689533233643,0.6719652414321899,1,O
03/03/2026,ORL,Jevon Carter,23.81366729736328,9.5,9.587692260742188,6.239457130432129,0.7895315885543823,1,O
03/03/2026,ORL,Jalen Suggs,27.564884185791016,13.5,13.908394813537598,4.322133541107178,0.7640337347984314,1,O
03/03/2026,ORL,Desmond Bane,35.48012161254883,22.5,23.186080932617188,7.911253452301025,0.737212061882019,1,O
03/03/2026,OKC,Luguentz Dort,30.658655166625977,9.5,11.16285514831543,4.432200908660889,0.7954378128051758,1,O
03/03/2026,OKC,Jared McCain,22.993791580200195,12.5,13.157509803771973,6.341019630432129,0.8696975708007812,1,O
03/03/2026,OKC,Alex Caruso,24.2199764251709,8.5,9.583980560302734,5.992653846740723,0.8327428102493286,1,O
03/03/2026,NYK,OG Anunoby,34.96586227416992,15.5,16.455636978149414,5.36091947555542,0.7041923403739929,1,O
03/03/2026,NYK,Mitchell Robinson,18.74971389770508,4.5,4.814255237579346,5.759487152099609,0.8305956125259399,1,O
03/03/2026,NYK,Mikal Bridges,34.393314361572266,14.5,15.72206974029541,4.285036563873291,0.7316752672195435,1,O
03/03/2026,NYK,Landry Shamet,21.758256912231445,8.5,10.097187995910645,8.341437339782715,0.9436752200126648,1,O
03/03/2026,NYK,Josh Hart,31.61711883544922,11.5,12.812335968017578,5.243605136871338,0.7358927726745605,1,O
03/03/2026,NOP,Zion Williamson,29.835283279418945,19.5,20.252531051635746,4.425009250640869,0.7299014925956726,1,O
03/03/2026,NOP,Trey Murphy III,26.50078773498535,20.5,20.527570724487305,5.774806976318359,0.8251343369483948,1,O
03/03/2026,NOP,Saddiq Bey,32.09550857543945,15.5,19.470722198486328,6.497273921966553,0.9074949026107788,1,O
03/03/2026,NOP,Jeremiah Fears,24.55004119873047,10.5,13.318737983703612,5.176401615142822,0.9401177763938904,1,O
03/03/2026,NOP,Derik Queen,27.4819450378418,8.5,11.36132526397705,5.797558784484863,0.833220362663269,1,O
03/03/2026,MIN,Naz Reid,25.223756790161133,13.5,13.804628372192385,6.442950248718262,0.830623209476471,1,O
03/03/2026,MIN,Julius Randle,32.89188003540039,18.5,18.62364196777344,5.1025896072387695,0.6349851489067078,1,O
03/03/2026,MIN,Jaden McDaniels,32.7880973815918,14.5,16.621936798095703,7.030062198638916,0.7463631629943848,1,O
03/03/2026,MIN,Donte DiVincenzo,31.39420509338379,12.5,13.739668846130373,5.853174209594727,0.628268837928772,1,O
03/03/2026,MIN,Anthony Edwards,36.66053009033203,28.5,30.856346130371094,6.02780294418335,0.7598435878753662,1,O
03/03/2026,MIA,Pelle Larsson,30.3349723815918,12.5,12.71922779083252,4.868682861328125,0.6593475937843323,1,O
03/03/2026,MIA,Kel'el Ware,19.870210647583008,10.5,11.425963401794434,6.844843864440918,0.8584375977516174,1,O
03/03/2026,MIA,Jaime Jaquez Jr.,27.74063873291016,13.5,14.153528213500977,5.558507919311523,0.765606164932251,1,O
03/03/2026,MIA,Davion Mitchell,29.045652389526367,7.5,8.304152488708496,3.462120056152344,0.6448656320571899,1,O
03/03/2026,MEM,Santi Aldama,24.35950469970703,10.5,12.797157287597656,6.142876148223877,0.6817826628684998,1,O
03/03/2026,MEM,Jaylen Wells,26.408016204833984,10.5,11.356978416442873,7.028759956359863,0.8493210077285767,1,O
03/03/2026,MEM,Cedric Coward,24.585329055786133,9.5,10.072590827941896,3.55708646774292,0.6999312043190002,1,O
03/03/2026,LAL,Rui Hachimura,24.417659759521484,8.5,10.36046314239502,3.802520751953125,0.8312970995903015,1,O
03/03/2026,LAL,Marcus Smart,28.933603286743164,7.5,9.643092155456545,5.636606216430664,0.753004789352417,1,O
03/03/2026,LAL,Luke Kennard,21.87691307067871,8.5,10.60948371887207,6.444557189941406,0.8522427082061768,1,O
03/03/2026,LAL,Jaxson Hayes,16.450401306152344,5.5,5.790293216705322,7.42143964767456,0.9576125741004944,1,O
03/03/2026,LAL,Jake LaRavia,24.10070037841797,6.5,8.287888526916504,6.27154016494751,0.8894344568252563,1,O
03/03/2026,LAL,Deandre Ayton,27.67531967163086,9.5,11.042343139648438,5.24460506439209,0.8052147626876831,1,O
03/03/2026,DET,Jalen Duren,31.28211784362793,18.5,21.95561981201172,5.990239143371582,0.7060855627059937,1,O
03/03/2026,DET,Duncan Robinson,28.563047409057617,10.5,11.925741195678713,6.337970733642578,0.6001818180084229,1,O
03/03/2026,DET,Daniss Jenkins,18.46696662902832,5.5,7.465019702911377,6.406890869140625,0.7431033849716187,1,O
03/03/2026,DAL,P.J. Washington,31.528514862060547,13.5,14.55436897277832,2.8326776027679443,0.5221026539802551,1,O
03/03/2026,DAL,Daniel Gafford,18.932350158691406,8.5,8.501653671264648,4.00048303604126,0.6883804798126221,1,O
03/03/2026,CLE,Sam Merrill,29.529165267944336,13.5,15.485026359558104,8.131584167480469,0.7354033589363098,1,O
03/03/2026,CLE,Keon Ellis,24.739477157592773,6.5,7.72445011138916,6.888761043548584,0.7716951966285706,1,O
03/03/2026,CLE,Jaylon Tyson,30.9176025390625,12.5,14.853796005249023,8.333250045776367,0.8233855366706848,1,O
03/03/2026,CLE,Jarrett Allen,31.378950119018555,16.5,18.821157455444336,7.100439548492432,0.7906531691551208,1,O
03/03/2026,CLE,Evan Mobley,33.27332305908203,17.5,18.942195892333984,4.568960666656494,0.6953449249267578,1,O
03/03/2026,CLE,Dennis Schroder,27.619112014770508,10.5,12.83014678955078,6.026058673858643,0.6647642254829407,1,O
03/03/2026,CLE,Craig Porter Jr.,22.028139114379883,3.5,5.595877170562744,5.967344760894775,0.6776334047317505,1,O
03/03/2026,CHO,LaMelo Ball,28.699573516845703,19.5,19.83259963989257,6.529472827911377,0.7677789926528931,1,O
03/03/2026,CHO,Kon Knueppel,32.2178840637207,19.5,20.442846298217773,7.372066497802734,0.8089830875396729,1,O
03/03/2026,CHO,Grant Williams,19.977771759033203,6.5,7.169468402862549,6.584762573242188,0.9262616634368896,1,O
03/03/2026,CHI,Isaac Okoro,29.387943267822266,9.5,10.082334518432615,5.89798641204834,0.7307345867156982,1,O
03/03/2026,CHI,Guerschon Yabusele,26.69037818908692,9.5,10.672523498535156,5.678400039672852,0.8729354739189148,1,O
03/03/2026,BRK,Nolan Traore,28.154619216918945,10.5,12.658488273620604,5.059661865234375,0.6949308514595032,1,O
03/03/2026,BRK,Noah Clowney,29.29241943359375,11.5,12.1287260055542,3.322850465774536,0.7045745253562927,1,O
03/03/2026,BRK,Michael Porter Jr.,32.77699661254883,22.5,22.836565017700195,5.21800708770752,0.8041674494743347,1,O
03/03/2026,BRK,Day'Ron Sharpe,18.825040817260746,8.5,9.177796363830566,5.231339454650879,0.7060194611549377,1,O
03/03/2026,WAS,Will Riley,25.778175354003903,15.5,11.87646770477295,5.552987098693848,0.731085479259491,1,-
03/03/2026,WAS,Tre Johnson,27.19776725769043,12.5,10.11108112335205,5.648063659667969,0.7827408313751221,1,-
03/03/2026,WAS,Justin Champagnie,20.984649658203125,10.5,9.665791511535645,5.109230041503906,0.8591325283050537,1,-
03/03/2026,WAS,Jaden Hardy,20.699352264404297,15.5,9.716241836547852,5.480069160461426,0.6594814658164978,1,-
03/03/2026,TOR,Sandro Mamukelashvili,19.406702041625977,7.5,7.495607376098633,8.846562385559082,0.973596692085266,1,-
03/03/2026,SAS,Victor Wembanyama,31.30228614807129,25.5,20.87013816833496,8.011358261108398,0.8357890844345093,1,-
03/03/2026,SAS,Luke Kornet,18.058252334594727,5.5,4.8626251220703125,7.178901195526123,0.9369558095932008,1,-
03/03/2026,SAS,Keldon Johnson,21.24337577819824,11.5,9.76606559753418,9.600640296936035,0.990413784980774,1,-
03/03/2026,SAC,Precious Achiuwa,29.401161193847656,11.5,10.417401313781738,6.60076904296875,0.8346903324127197,1,-
03/03/2026,SAC,Maxime Raynaud,30.281084060668945,12.5,12.382072448730469,3.766733169555664,0.6826534867286682,1,-
03/03/2026,PHO,Oso Ighodaro,21.51243782043457,6.5,6.057929992675781,6.4827399253845215,0.9011555910110474,1,-
03/03/2026,PHO,Mark Williams,24.79579162597656,11.5,9.739538192749023,6.719759941101074,0.9183554649353028,1,-
03/03/2026,PHO,Jalen Green,27.03018569946289,17.5,14.714842796325684,5.20841646194458,0.7045087814331055,1,-
03/03/2026,PHO,Devin Booker,31.097091674804688,23.5,23.140161514282227,2.2495691776275635,0.6413823366165161,1,-
03/03/2026,PHI,VJ Edgecombe,36.43758392333984,18.5,16.710939407348633,4.613667964935303,0.6528595089912415,1,-
03/03/2026,PHI,Tyrese Maxey,38.92612457275391,31.5,29.08477783203125,0.6643846035003662,0.6028023958206177,1,-
03/03/2026,PHI,Trendon Watford,17.99256706237793,7.5,6.0637688636779785,6.630297183990479,0.8626320958137512,1,-
03/03/2026,PHI,Quentin Grimes,27.965192794799805,14.5,11.827007293701172,2.744608163833618,0.5613999962806702,1,-
03/03/2026,PHI,Adem Bona,18.85851287841797,5.5,5.447319984436035,5.732422351837158,0.8414263725280762,1,-
03/03/2026,ORL,Moritz Wagner,18.62147521972656,12.5,9.875258445739746,7.972084045410156,0.8952480554580688,1,-
03/03/2026,ORL,Jett Howard,21.117631912231445,7.5,5.937304496765137,6.593779563903809,0.8338665962219238,1,-
03/03/2026,OKC,Kenrich Williams,19.95493125915528,9.5,6.996139049530029,7.472837448120117,0.906621754169464,1,-
03/03/2026,OKC,Isaiah Joe,27.774412155151367,15.5,14.567110061645508,5.190789699554443,0.7239649295806885,1,-
03/03/2026,OKC,Chet Holmgren,31.526575088500977,19.5,17.82341766357422,3.4236931800842285,0.5671336650848389,1,-
03/03/2026,OKC,Cason Wallace,30.91610717773437,14.5,13.554949760437012,4.47023868560791,0.56546950340271,1,-
03/03/2026,OKC,Aaron Wiggins,20.999454498291016,14.5,9.93668270111084,1.833354353904724,0.758642315864563,1,-
03/03/2026,NYK,Karl-Anthony Towns,31.96833229064941,17.5,16.788135528564453,5.987054824829102,0.6828518509864807,1,-
03/03/2026,NYK,Jose Alvarado,19.96752548217773,6.5,6.378082275390625,7.332993030548096,0.8675973415374756,1,-
03/03/2026,NYK,Jalen Brunson,35.51496124267578,24.5,23.80658912658692,2.4534828662872314,0.5433420538902283,1,-
03/03/2026,NOP,Herbert Jones,30.89080047607422,8.5,8.197186470031738,3.12843656539917,0.649901270866394,1,-
03/03/2026,NOP,Dejounte Murray,26.04938316345215,12.5,11.124446868896484,5.42809009552002,0.8004621267318726,1,-
03/03/2026,MIN,Rudy Gobert,31.920196533203125,10.5,10.475834846496582,4.49114465713501,0.596717119216919,1,-
03/03/2026,MIN,Ayo Dosunmu,21.65316390991211,11.5,8.289383888244629,5.572840690612793,0.7941078543663025,1,-
03/03/2026,MIA,Tyler Herro,32.91094970703125,21.5,19.607261657714844,5.986839294433594,0.8033695816993713,1,-
03/03/2026,MIA,Bam Adebayo,32.57752227783203,19.5,18.660852432250977,5.436574459075928,0.680414617061615,1,-
03/03/2026,MIA,Andrew Wiggins,31.79586601257324,16.5,15.61756706237793,3.152554988861084,0.6196516156196594,1,-
03/03/2026,MEM,Ty Jerome,23.45038414001465,15.5,12.705877304077148,6.309041500091553,0.708434522151947,1,-
03/03/2026,LAL,Luka Doncic,35.60808181762695,30.5,29.528169631958008,4.0356292724609375,0.5787202715873718,1,-
03/03/2026,LAL,LeBron James,32.95682907104492,21.5,20.33917236328125,3.8300490379333496,0.7085325121879578,1,-
03/03/2026,LAL,Austin Reaves,33.92161560058594,20.5,20.10329246520996,4.633061408996582,0.5626464486122131,1,-
03/03/2026,DET,Tobias Harris,31.755517959594727,13.5,12.944379806518556,5.663477897644043,0.6126787066459656,1,-
03/03/2026,DET,Isaiah Stewart,18.11073303222656,7.5,7.259369373321533,5.355741024017334,0.6874392628669739,1,-
03/03/2026,DET,Caris LeVert,19.6895809173584,6.5,6.131773471832275,6.142269611358643,0.6955050230026245,1,-
03/03/2026,DET,Cade Cunningham,35.795040130615234,25.5,24.90974998474121,3.545125722885132,0.5869578123092651,1,-
03/03/2026,DET,Ausar Thompson,27.325834274291992,9.5,9.452177047729492,3.535740375518799,0.5758062601089478,1,-
03/03/2026,DAL,Ryan Nembhard,16.151466369628906,8.5,5.367679595947266,4.886929035186768,0.6819550395011902,1,-
03/03/2026,DAL,Max Christie,31.225934982299805,15.5,13.475773811340332,4.636135578155518,0.5338532328605652,1,-
03/03/2026,DAL,Khris Middleton,26.41368865966797,14.5,10.204120635986328,4.382656097412109,0.6683104038238525,1,-
03/03/2026,DAL,Dwight Powell,17.81783676147461,4.5,4.455926895141602,5.327293872833252,0.7409732341766357,1,-
03/03/2026,DAL,Caleb Martin,19.265411376953125,7.5,7.301692485809326,6.1596784591674805,0.7332096099853516,1,-
03/03/2026,DAL,Brandon Williams,26.661760330200195,16.5,13.852743148803713,4.541118621826172,0.8516831398010254,1,-
03/03/2026,DAL,AJ Johnson,19.4521598815918,9.5,8.540846824645996,3.3788416385650635,0.5447240471839905,1,-
03/03/2026,CLE,James Harden,36.577938079833984,20.5,17.514068603515625,6.958253860473633,0.7018570899963379,1,-
03/03/2026,CLE,Dean Wade,21.06595993041992,5.5,5.1673102378845215,4.833644390106201,0.8642244935035706,1,-
03/03/2026,CHO,Ryan Kalkbrenner,18.36540985107422,5.5,4.79193925857544,6.4400739669799805,0.9813669323921204,1,-
03/03/2026,CHO,Moussa Diabate,30.41792869567871,10.5,9.921310424804688,6.3697710037231445,0.848691999912262,1,-
03/03/2026,CHO,Miles Bridges,30.973783493041992,15.5,15.475629806518556,4.694272994995117,0.6685882210731506,1,-
03/03/2026,CHO,Brandon Miller,30.746904373168945,22.5,22.438610076904297,6.594018459320068,0.748589038848877,1,-
03/03/2026,CHI,Tre Jones,24.327312469482425,11.5,11.277438163757324,6.059852600097656,0.932869553565979,1,-
03/03/2026,CHI,Nick Richards,21.58075714111328,9.5,8.636526107788086,5.728561401367188,0.907419741153717,1,-
03/03/2026,CHI,Matas Buzelis,29.6472225189209,16.5,16.279111862182617,5.886190891265869,0.8643366098403931,1,-
03/03/2026,CHI,Leonard Miller,16.473642349243164,9.5,6.685216903686523,6.741103172302246,0.7973967790603638,1,-
03/03/2026,CHI,Josh Giddey,31.02487564086914,16.5,14.27666473388672,3.844996690750122,0.7236939668655396,1,-
03/03/2026,CHI,Collin Sexton,26.990833282470703,14.5,10.778960227966309,5.634275913238525,0.8215394616127014,1,-
03/03/2026,BRK,Danny Wolf,20.67015838623047,10.5,10.46815013885498,4.717648029327393,0.7176536917686462,1,-
03/04/2026,UTA,Kyle Filipowski,28.598127365112305,13.5,14.466727256774902,5.389717102050781,0.7392990589141846,1,O
03/04/2026,UTA,Keyonte George,33.36259078979492,22.5,23.893444061279297,7.251180648803711,0.6789021492004395,1,O
03/04/2026,UTA,Isaiah Collier,27.04728126525879,12.5,14.833280563354492,7.399944305419922,0.7335350513458252,1,O
03/04/2026,UTA,Brice Sensabaugh,24.901647567749023,14.5,16.463970184326172,10.02586841583252,0.9259955883026124,1,O
03/04/2026,UTA,Ace Bailey,31.12029838562012,15.5,17.342514038085938,3.975735664367676,0.6755743622779846,1,O
03/04/2026,POR,Vit Krejci,23.293107986450195,10.5,10.82889461517334,7.301599502563477,0.9377627968788148,1,O
03/04/2026,POR,Toumani Camara,33.83715057373047,13.5,14.605984687805176,4.466465950012207,0.6470790505409241,1,O
03/04/2026,POR,Robert Williams,17.067636489868164,6.5,7.450788497924805,6.369451999664307,0.8812932968139648,1,O
03/04/2026,POR,Jerami Grant,31.895702362060547,19.5,20.47767448425293,5.253482818603516,0.718950092792511,1,O
03/04/2026,POR,Donovan Clingan,29.324438095092773,13.5,13.941490173339844,5.497602939605713,0.6861984133720398,1,O
03/04/2026,PHI,Adem Bona,22.28877830505371,6.5,7.21730899810791,5.314201354980469,0.8707559108734131,1,O
03/04/2026,OKC,Shai Gilgeous-Alexander,35.34051513671875,30.5,32.31623840332031,8.226456642150879,0.7124941349029541,1,O
03/04/2026,OKC,Luguentz Dort,29.664405822753903,8.5,8.89642333984375,5.367902755737305,0.7369003295898438,1,O
03/04/2026,OKC,Isaiah Hartenstein,25.66372871398925,8.5,8.564253807067871,5.639728546142578,0.7865488529205322,1,O
03/04/2026,OKC,Cason Wallace,29.290515899658203,9.5,10.082420349121094,6.110690593719482,0.6076950430870056,1,O
03/04/2026,OKC,Alex Caruso,21.63080787658692,6.5,6.901679515838623,7.772312164306641,0.773856520652771,1,O
03/04/2026,NYK,Mikal Bridges,33.77772521972656,13.5,14.03237247467041,2.143233060836792,0.6234480738639832,1,O
03/04/2026,NYK,Landry Shamet,21.874515533447266,8.5,9.391789436340332,5.255496025085449,0.9212093353271484,1,O
03/04/2026,NYK,Josh Hart,32.48164749145508,11.5,12.27607250213623,2.6682231426239014,0.6437709927558899,1,O
03/04/2026,MIL,Ousmane Dieng,23.6959171295166,8.5,9.503987312316896,3.919322490692138,0.6044496297836304,1,O
03/04/2026,MIL,Myles Turner,27.55914306640625,9.5,12.747040748596191,5.881269931793213,0.9100156426429749,1,O
03/04/2026,MIL,Kyle Kuzma,23.924701690673828,8.5,12.16701602935791,5.101357460021973,0.828841507434845,1,O
03/04/2026,MIL,Bobby Portis,23.22429275512696,11.5,14.416337013244627,7.03241777420044,1.0892835855484009,1,O
03/04/2026,MEM,Santi Aldama,23.40143394470215,11.5,14.19196891784668,6.857630729675293,0.8232675790786743,1,O
03/04/2026,LAC,Kris Dunn,30.40488243103028,8.5,8.616938591003418,3.995604753494263,0.7014097571372986,1,O
03/04/2026,LAC,Kobe Sanders,25.329858779907227,7.5,8.057774543762207,6.702433109283447,0.839820384979248,1,O
03/04/2026,LAC,Derrick Jones Jr.,29.49444580078125,11.5,12.510112762451172,6.622150421142578,0.8915325403213501,1,O
03/04/2026,IND,T.J. McConnell,17.226028442382812,7.5,8.345108032226562,5.361388683319092,0.8444411754608154,1,O
03/04/2026,IND,Pascal Siakam,32.60115051269531,19.5,22.67401885986328,3.8114075660705566,0.8462766408920288,1,O
03/04/2026,IND,Jarace Walker,28.62761306762696,12.5,13.265165328979492,5.421032428741455,0.8134713172912598,1,O
03/04/2026,IND,Ben Sheppard,21.66301918029785,5.5,6.698423862457275,3.3788650035858154,0.8002160787582397,1,O
03/04/2026,IND,Andrew Nembhard,31.48657417297364,14.5,15.393333435058594,3.7750070095062256,0.7201561331748962,1,O
03/04/2026,CHO,Moussa Diabate,29.705535888671875,7.5,8.572901725769043,4.541483879089356,0.7716475129127502,1,O
03/04/2026,CHO,LaMelo Ball,28.69906044006348,16.5,16.679737091064453,3.2730472087860107,0.7346193790435791,1,O
03/04/2026,CHO,Kon Knueppel,32.1118278503418,16.5,18.117897033691406,4.103215217590332,0.6389243006706238,1,O
03/04/2026,BOS,Sam Hauser,27.602060317993164,9.5,10.065890312194824,6.823775291442871,0.7130410075187683,1,O
03/04/2026,BOS,Neemias Queta,25.605098724365234,9.5,10.2674560546875,5.9963579177856445,0.8275107145309448,1,O
03/04/2026,BOS,Baylor Scheierman,26.890474319458008,7.5,8.429845809936523,7.152932167053223,0.8451926708221436,1,O
03/04/2026,ATL,Onyeka Okongwu,31.431934356689453,14.5,16.127532958984375,1.9514530897140503,0.7783721089363098,1,O
03/04/2026,ATL,Jock Landale,20.027973175048828,8.5,9.013960838317873,7.873590469360352,0.8941231966018677,1,O
03/04/2026,ATL,Dyson Daniels,32.23638153076172,10.5,10.58735466003418,3.6045525074005127,0.6453117728233337,1,O
03/04/2026,ATL,Corey Kispert,21.971820831298828,7.5,10.47652816772461,7.531266212463379,0.8879635334014893,1,O
03/04/2026,ATL,CJ McCollum,29.682653427124023,17.5,17.81378173828125,5.807854175567627,0.8388476967811584,1,O
03/04/2026,POR,Scoot Henderson,28.19964408874512,17.5,14.091989517211914,6.207026481628418,0.7795395851135254,1,-
03/04/2026,POR,Jrue Holiday,31.102893829345703,19.5,18.87827110290528,6.0671257972717285,0.7673774361610413,1,-
03/04/2026,POR,Deni Avdija,22.94946479797364,20.5,17.869861602783203,6.65671968460083,0.7148547172546387,1,-
03/04/2026,PHI,Tyrese Maxey,38.59459686279297,33.5,31.71938705444336,3.7895853519439697,0.6668907999992371,1,-
03/04/2026,PHI,Quentin Grimes,31.62533950805664,17.5,13.365036010742188,2.996957540512085,0.658514678478241,1,-
03/04/2026,PHI,Kelly Oubre Jr.,29.8442497253418,17.5,15.501052856445312,3.5817885398864746,0.7025862336158752,1,-
03/04/2026,PHI,Dominick Barlow,29.11324882507324,10.5,10.248787879943848,6.188420295715332,0.8401541113853455,1,-
03/04/2026,PHI,Cameron Payne,17.489545822143555,9.5,7.062365531921387,5.951654434204102,0.8224226832389832,1,-
03/04/2026,PHI,Andre Drummond,27.18165397644043,9.5,8.963299751281738,3.5519912242889404,0.6990493535995483,1,-
03/04/2026,OKC,Jared McCain,20.60674285888672,9.5,8.57740306854248,8.510320663452148,0.8499576449394226,1,-
03/04/2026,OKC,Isaiah Joe,21.10011482238769,9.5,9.499037742614746,6.583858966827393,0.8322833776473999,1,-
03/04/2026,OKC,Chet Holmgren,30.54910659790039,15.5,15.314732551574709,3.171001672744751,0.6532060503959656,1,-
03/04/2026,NYK,OG Anunoby,34.50691223144531,14.5,13.699679374694824,3.5847177505493164,0.6581761240959167,1,-
03/04/2026,NYK,Mohamed Diawara,14.957736015319824,5.5,5.409456729888916,6.27204704284668,0.8406129479408264,1,-
03/04/2026,NYK,Karl-Anthony Towns,31.53779602050781,16.5,16.3245906829834,2.202119827270508,0.6871198415756226,1,-
03/04/2026,NYK,Jose Alvarado,19.691631317138672,6.5,6.435611724853516,5.6607666015625,0.8690088987350464,1,-
03/04/2026,NYK,Jalen Brunson,35.48554229736328,23.5,22.05599594116211,0.7490463256835938,0.403380423784256,0,-
03/04/2026,MIL,Ryan Rollins,33.210567474365234,16.5,15.21804428100586,5.244355201721191,0.7985957860946655,1,-
03/04/2026,MIL,Kevin Porter Jr.,29.565479278564453,15.5,15.243456840515137,5.638314247131348,0.8473055362701416,1,-
03/04/2026,MIL,Giannis Antetokounmpo,30.91787338256836,25.5,24.61690139770508,3.821908950805664,0.7753788232803345,1,-
03/04/2026,MEM,Taylor Hendricks,22.284717559814453,11.5,10.73701000213623,8.117025375366211,0.8611942529678345,1,-
03/04/2026,MEM,Jaylen Wells,26.10542869567871,15.5,13.042163848876951,6.929877281188965,0.8175320625305176,1,-
03/04/2026,MEM,Cam Spencer,22.305946350097656,13.5,11.382813453674316,5.62415075302124,0.7525967955589294,1,-
03/04/2026,LAC,Yanic Konan Niederhauser,16.578125,8.5,7.424026966094971,7.73287296295166,0.9156579375267028,1,-
03/04/2026,LAC,Kawhi Leonard,33.14713668823242,28.5,28.332046508789062,8.131855010986328,0.8230230212211609,1,-
03/04/2026,LAC,Darius Garland,14.80758571624756,14.5,6.108479499816895,7.113661766052246,0.747612476348877,1,-
03/04/2026,LAC,Brook Lopez,27.03542137145996,10.5,10.119248390197754,4.932729721069336,0.706945538520813,1,-
03/04/2026,LAC,Bennedict Mathurin,26.25603103637696,19.5,14.566594123840332,7.501740455627441,0.7651304006576538,1,-
03/04/2026,IND,Jay Huff,24.70882606506348,9.5,8.877598762512207,4.833047389984131,0.7207783460617065,1,-
03/04/2026,IND,Aaron Nesmith,27.96539878845215,10.5,9.267315864562988,0.9217702150344848,0.5066376328468323,1,-
03/04/2026,CHO,Miles Bridges,31.77865600585937,14.5,14.391645431518556,2.8019349575042725,0.5623825192451477,1,-
03/04/2026,CHO,Coby White,16.262136459350586,11.5,6.852509021759033,6.844551086425781,0.8009839653968811,1,-
03/04/2026,CHO,Brandon Miller,30.385576248168945,19.5,18.51734161376953,2.939750909805298,0.7153714895248413,1,-
03/04/2026,BOS,Payton Pritchard,29.53803825378418,16.5,15.191829681396484,5.21513032913208,0.725654661655426,1,-
03/04/2026,BOS,Nikola Vucevic,22.94784927368164,11.5,10.690134048461914,7.279295444488525,0.7654851078987122,1,-
03/04/2026,BOS,Jaylen Brown,34.197513580322266,28.5,27.860349655151367,3.4384701251983643,0.6353191137313843,1,-
03/04/2026,BOS,Derrick White,34.25730895996094,16.5,15.76196575164795,2.295346260070801,0.533125102519989,1,-
03/04/2026,ATL,Zaccharie Risacher,23.19171524047852,8.5,8.24986743927002,4.641242504119873,0.8502693176269531,1,-
03/04/2026,ATL,Nickeil Alexander-Walker,32.25660705566406,18.5,17.850461959838867,7.003666400909424,0.8264337182044983,1,-
03/04/2026,ATL,Jonathan Kuminga,24.71566200256348,13.5,11.895689010620115,6.991724967956543,0.8621659278869629,1,-
03/04/2026,ATL,Jalen Johnson,33.71867752075195,22.5,20.72459602355957,5.654849529266357,0.743869960308075,1,-
03/05/2026,WAS,Justin Champagnie,22.16915702819824,9.5,10.137824058532717,5.631840229034424,0.9087358117103576,1,O
03/05/2026,WAS,Bilal Coulibaly,28.0391902923584,11.5,13.154633522033691,5.024565696716309,0.781484067440033,1,O
03/05/2026,TOR,Sandro Mamukelashvili,18.9547061920166,7.5,7.559154987335205,7.434540748596191,0.8891123533248901,1,O
03/05/2026,TOR,RJ Barrett,31.64706802368164,18.5,19.13657569885254,5.21091890335083,0.649416446685791,1,O
03/05/2026,TOR,Jamal Shead,21.481210708618164,6.5,6.583380222320557,5.908275604248047,0.8642513751983643,1,O
03/05/2026,TOR,Immanuel Quickley,33.396018981933594,16.5,19.293092727661133,4.404008388519287,0.6856083869934082,1,O
03/05/2026,TOR,Brandon Ingram,35.08419418334961,21.5,23.28864860534668,5.251209259033203,0.5732137560844421,1,O
03/05/2026,SAS,Stephon Castle,30.09086227416992,15.5,16.168842315673828,4.633000373840332,0.8182494640350342,1,O
03/05/2026,SAS,Julian Champagnie,28.298667907714844,10.5,10.60919189453125,7.699668884277344,0.8690418601036072,1,O
03/05/2026,SAS,Dylan Harper,23.02134132385254,10.5,11.058388710021973,7.7131853103637695,0.8477422595024109,1,O
03/05/2026,SAS,Devin Vassell,30.708850860595703,13.5,14.09270477294922,7.729490756988525,0.7710376977920532,1,O
03/05/2026,SAC,Russell Westbrook,29.792001724243164,14.5,15.84662914276123,7.967166423797607,0.8706789016723633,1,O
03/05/2026,SAC,Malik Monk,21.43994903564453,10.5,12.0298490524292,8.518157005310059,1.0150877237319946,1,O
03/05/2026,SAC,DeMar DeRozan,31.877836227416992,15.5,15.642438888549805,7.636307716369629,0.8140634894371033,1,O
03/05/2026,PHO,Ryan Dunn,21.352155685424805,5.5,5.716856479644775,3.6826601028442383,0.7728450894355774,1,O
03/05/2026,PHO,Royce O'Neale,29.87436866760254,9.5,10.487467765808104,3.985561847686768,0.7451543211936951,1,O
03/05/2026,PHO,Oso Ighodaro,27.820674896240234,9.5,9.529398918151855,3.873890161514282,0.8032543063163757,1,O
03/05/2026,PHO,Grayson Allen,27.363807678222656,18.5,19.242441177368164,6.090280055999756,0.8258343935012817,1,O
03/05/2026,PHO,Collin Gillespie,30.53022193908692,14.5,16.418628692626953,5.8623046875,0.8402410745620728,1,O
03/05/2026,ORL,Wendell Carter Jr.,31.16871833801269,10.5,11.277261734008787,5.935795783996582,0.7051725387573242,1,O
03/05/2026,ORL,Paolo Banchero,36.4084358215332,23.5,23.66094970703125,3.5188512802124023,0.5080864429473877,1,O
03/05/2026,ORL,Desmond Bane,35.23356246948242,21.5,21.72763061523437,7.097047805786133,0.7680533528327942,1,O
03/05/2026,ORL,Anthony Black,33.294281005859375,13.5,16.2508602142334,6.794963836669922,0.9124647974967957,1,O
03/05/2026,NOP,Jeremiah Fears,24.317737579345703,12.5,13.67286777496338,6.241321086883545,0.8525228500366211,1,O
03/05/2026,NOP,Derik Queen,23.930463790893555,9.5,10.890921592712402,7.125041484832764,0.8102985620498657,1,O
03/05/2026,MIN,Rudy Gobert,32.141292572021484,9.5,10.353047370910645,5.246426582336426,0.8130447268486023,1,O
03/05/2026,MIN,Naz Reid,25.88866424560547,11.5,13.003722190856934,6.131054878234863,0.9271733164787292,1,O
03/05/2026,MIN,Jaden McDaniels,33.3762321472168,13.5,15.194555282592772,7.160369396209717,0.837058424949646,1,O
03/05/2026,MIN,Donte DiVincenzo,31.678253173828125,11.5,12.674351692199709,5.342112064361572,0.7912216782569885,1,O
03/05/2026,MIA,Pelle Larsson,29.15934562683105,11.5,12.145302772521973,5.765949726104736,0.635737419128418,1,O
03/05/2026,MIA,Davion Mitchell,29.28910255432129,7.5,8.261483192443848,3.150963306427002,0.681124746799469,1,O
03/05/2026,LAL,Rui Hachimura,24.055784225463867,7.5,9.749836921691896,3.564959764480591,0.8770456910133362,1,O
03/05/2026,LAL,Marcus Smart,29.00881004333496,7.5,8.841994285583496,5.070855617523193,0.7361298203468323,1,O
03/05/2026,LAL,Luke Kennard,21.9643783569336,8.5,9.063190460205078,8.660138130187988,0.9305971264839172,1,O
03/05/2026,LAL,Jaxson Hayes,16.628273010253906,5.5,5.972248554229736,9.116643905639648,1.011450171470642,1,O
03/05/2026,LAL,Jake LaRavia,23.19911003112793,5.5,7.447873115539551,7.196181774139404,0.9091941118240356,1,O
03/05/2026,LAL,Deandre Ayton,27.876501083374023,8.5,11.057682991027832,5.104830741882324,0.7671524286270142,1,O
03/05/2026,HOU,Reed Sheppard,26.423126220703125,12.5,12.560487747192385,8.8484468460083,0.8112258911132812,1,O
03/05/2026,HOU,Kevin Durant,37.26482772827149,24.5,26.07986831665039,5.744152545928955,0.7149233222007751,1,O
03/05/2026,HOU,Jabari Smith Jr.,34.41407775878906,13.5,14.499213218688965,3.9753434658050537,0.5770960450172424,1,O
03/05/2026,HOU,Amen Thompson,35.58041763305664,15.5,16.635900497436523,2.9640281200408936,0.726742684841156,1,O
03/05/2026,HOU,Alperen Sengun,34.8380126953125,18.5,19.24664306640625,4.528531551361084,0.629523754119873,1,O
03/05/2026,GSW,Al Horford,27.044544219970703,10.5,11.137235641479492,5.206684589385986,0.7569615840911865,1,O
03/05/2026,DET,Jalen Duren,30.99459648132324,17.5,20.97539329528809,4.7219109535217285,0.6729045510292053,1,O
03/05/2026,DET,Daniss Jenkins,18.18629646301269,5.5,6.860887050628662,5.878230571746826,0.8461562395095825,1,O
03/05/2026,DET,Caris LeVert,19.318946838378903,5.5,5.885721206665039,4.97187614440918,0.7817411422729492,1,O
03/05/2026,DET,Ausar Thompson,27.24678421020508,9.5,9.610198974609377,3.238380193710327,0.5065014362335205,1,O
03/05/2026,DEN,Tim Hardaway Jr.,29.528657913208008,13.5,14.232518196105955,7.612934589385986,0.8508202433586121,1,O
03/05/2026,DEN,Nikola Jokic,37.461524963378906,28.5,28.813888549804688,4.529293060302734,0.5318907499313354,1,O
03/05/2026,DEN,Jamal Murray,37.31742477416992,26.5,27.25609016418457,8.184298515319824,0.7657732963562012,1,O
03/05/2026,DEN,Christian Braun,36.29025650024414,12.5,12.843120574951172,4.65342378616333,0.6894883513450623,1,O
03/05/2026,DAL,P.J. Washington,32.6024284362793,12.5,14.098591804504396,3.789049386978149,0.5471435785293579,1,O
03/05/2026,DAL,Max Christie,31.49307632446289,12.5,13.19696044921875,6.49603271484375,0.5737729072570801,1,O
03/05/2026,DAL,Cooper Flagg,29.987743377685547,16.5,19.470046997070312,8.6529541015625,0.6671176552772522,1,O
03/05/2026,CHI,Tre Jones,30.360960006713867,13.5,13.713116645812988,4.575852870941162,0.7314311265945435,1,O
03/05/2026,CHI,Matas Buzelis,27.330707550048828,16.5,16.536476135253906,4.197698593139648,0.7281086444854736,1,O
03/05/2026,CHI,Josh Giddey,28.849571228027344,15.5,15.528118133544922,2.517235040664673,0.6227968335151672,1,O
03/05/2026,BRK,Terance Mann,25.883752822875977,5.5,7.317039966583252,5.046088695526123,0.7603256702423096,1,O
03/05/2026,BRK,Nolan Traore,27.937633514404297,10.5,12.372709274291992,4.313747406005859,0.7562687397003174,1,O
03/05/2026,BRK,Noah Clowney,29.281814575195312,11.5,12.178919792175291,5.570325374603272,0.7054255604743958,1,O
03/05/2026,BRK,Michael Porter Jr.,32.33578109741211,21.5,22.228769302368164,6.049475193023682,0.8280866742134094,1,O
03/05/2026,BRK,Danny Wolf,20.583885192871094,10.5,10.638463973999023,5.017985820770264,0.8109962940216064,1,O
03/05/2026,WAS,Will Riley,25.8106746673584,15.5,13.21469020843506,6.141433238983154,0.7363809943199158,1,-
03/05/2026,WAS,Tre Johnson,26.908954620361328,13.5,12.646132469177246,6.15377950668335,0.9038088321685792,1,-
03/05/2026,WAS,Trae Young,25.23816680908203,14.5,11.719036102294922,6.431499004364014,0.8414372801780701,1,-
03/05/2026,WAS,Jaden Hardy,21.01036071777344,12.5,10.818357467651367,6.70096492767334,0.7757636308670044,1,-
03/05/2026,UTA,Kyle Filipowski,27.15456771850586,15.5,12.34932804107666,4.952964782714844,0.7935953140258789,1,-
03/05/2026,UTA,Keyonte George,26.13910865783692,25.5,20.064172744750977,8.253801345825195,0.7892852425575256,1,-
03/05/2026,UTA,Isaiah Collier,30.00409507751465,17.5,14.250238418579102,5.653780460357666,0.8062289357185364,1,-
03/05/2026,UTA,Cody Williams,25.808799743652344,8.5,7.009723663330078,3.518141984939575,0.6971521973609924,1,-
03/05/2026,UTA,Brice Sensabaugh,23.309873580932617,16.5,13.012967109680176,9.613129615783691,0.99276864528656,1,-
03/05/2026,UTA,Ace Bailey,29.95698547363281,18.5,15.502204895019531,4.977822780609131,0.7604331374168396,1,-
03/05/2026,TOR,Scottie Barnes,34.21549606323242,17.5,17.488327026367188,3.792039394378662,0.5746743679046631,1,-
03/05/2026,TOR,Jakob Poeltl,27.07017517089844,10.5,10.384268760681152,4.73118782043457,0.625073254108429,1,-
03/05/2026,TOR,Ja'Kobe Walter,19.990407943725582,6.5,6.359781265258789,6.2973737716674805,0.8901301622390747,1,-
03/05/2026,SAS,Victor Wembanyama,31.1026611328125,23.5,20.364261627197266,7.884171009063721,0.7617212533950806,1,-
03/05/2026,SAS,Luke Kornet,17.8018798828125,4.5,4.123629570007324,6.220179080963135,0.8171437978744507,1,-
03/05/2026,SAS,Keldon Johnson,21.84747314453125,11.5,10.062787055969238,8.143126487731934,0.9389368295669556,1,-
03/05/2026,SAS,De'Aaron Fox,30.46200561523437,16.5,15.27599811553955,3.146073579788208,0.6161215901374817,1,-
03/05/2026,SAC,Precious Achiuwa,29.85856056213379,12.5,12.32421875,7.933248519897461,0.7734819650650024,1,-
03/05/2026,SAC,Nique Clifford,32.48858642578125,14.5,13.490880966186523,5.030946254730225,0.5555942058563232,1,-
03/05/2026,SAC,Maxime Raynaud,29.722442626953125,14.5,14.194940567016602,5.652567386627197,0.774308443069458,1,-
03/05/2026,SAC,Devin Carter,20.64253807067871,8.5,8.344237327575684,7.838132858276367,0.8321994543075562,1,-
03/05/2026,PHO,Jalen Green,28.071840286254883,19.5,16.416915893554688,2.943258047103882,0.6865310072898865,1,-
03/05/2026,PHO,Devin Booker,31.945491790771484,24.5,23.8914737701416,3.679153442382813,0.5934791564941406,1,-
03/05/2026,ORL,Jalen Suggs,26.83599090576172,12.5,11.096221923828123,3.80442476272583,0.8121114373207092,1,-
03/05/2026,NOP,Zion Williamson,30.32504844665528,22.5,20.840978622436523,5.805330753326416,0.722240686416626,1,-
03/05/2026,NOP,Trey Murphy III,34.179439544677734,22.5,22.163360595703125,4.956916809082031,0.655071496963501,1,-
03/05/2026,NOP,Saddiq Bey,32.70550537109375,19.5,18.967504501342773,9.135862350463867,0.8220347166061401,1,-
03/05/2026,NOP,Herbert Jones,30.99422264099121,9.5,8.71412181854248,3.298142194747925,0.686797022819519,1,-
03/05/2026,MIN,Julius Randle,33.87527847290039,18.5,18.01987648010254,4.961464405059815,0.7087032794952393,1,-
03/05/2026,MIN,Ayo Dosunmu,21.70965003967285,10.5,7.931806564331055,6.399787902832031,0.8796077966690063,1,-
03/05/2026,MIN,Anthony Edwards,36.9227294921875,28.5,26.64909172058105,5.545204639434815,0.8103284239768982,1,-
03/05/2026,MIA,Tyler Herro,32.87978744506836,21.5,19.708229064941406,4.884073257446289,0.8533199429512024,1,-
03/05/2026,MIA,Kel'el Ware,20.987293243408203,12.5,11.660272598266602,7.225868225097656,0.934380054473877,1,-
03/05/2026,MIA,Jaime Jaquez Jr.,28.16046524047852,14.5,14.157625198364258,4.748350143432617,0.7861814498901367,1,-
03/05/2026,MIA,Bam Adebayo,32.55385208129883,20.5,19.03055953979492,5.015963554382324,0.6515527963638306,1,-
03/05/2026,MIA,Andrew Wiggins,31.932397842407227,15.5,15.168200492858888,4.478945255279541,0.71307373046875,1,-
03/05/2026,LAL,Luka Doncic,36.08238983154297,30.5,30.1809139251709,3.0914344787597656,0.6830430030822754,1,-
03/05/2026,LAL,LeBron James,33.32880783081055,20.5,19.484813690185547,2.8677635192871094,0.6962647438049316,1,-
03/05/2026,LAL,Austin Reaves,34.71614074707031,19.5,17.8375244140625,4.933894157409668,0.6096639037132263,1,-
03/05/2026,HOU,Tari Eason,30.556440353393555,11.5,10.739967346191406,3.6863338947296143,0.7506566047668457,1,-
03/05/2026,HOU,Clint Capela,13.241353034973145,3.5,2.9993062019348145,7.277589797973633,0.8739473819732666,1,-
03/05/2026,GSW,Quinten Post,16.52743911743164,7.5,7.260824680328369,5.685710906982422,0.9086136817932128,1,-
03/05/2026,GSW,Pat Spencer,21.76984214782715,9.5,7.022013187408447,5.061617851257324,0.72259521484375,1,-
03/05/2026,GSW,Gui Santos,27.79224395751953,12.5,11.74058437347412,5.91110897064209,0.7558347582817078,1,-
03/05/2026,GSW,Draymond Green,29.714075088500977,8.5,8.204184532165527,2.4621622562408447,0.7369962334632874,1,-
03/05/2026,GSW,De'Anthony Melton,26.76449012756348,15.5,13.802191734313965,3.3154091835021973,0.7668665647506714,1,-
03/05/2026,GSW,Brandin Podziemski,32.090065002441406,16.5,14.079689025878906,2.60180401802063,0.6787675023078918,1,-
03/05/2026,DET,Tobias Harris,31.647836685180664,13.5,12.54689121246338,4.192081451416016,0.593192458152771,1,-
03/05/2026,DET,Isaiah Stewart,19.6495361328125,7.5,6.717154502868652,7.327437877655029,0.7121152877807617,1,-
03/05/2026,DET,Duncan Robinson,28.72144317626953,11.5,11.139904022216797,4.694506645202637,0.6490631103515625,1,-
03/05/2026,DET,Cade Cunningham,36.23115539550781,25.5,23.83077812194824,1.8648961782455444,0.5694993734359741,1,-
03/05/2026,DEN,Julian Strawther,23.893911361694336,10.5,8.803323745727539,7.730811595916748,0.8753028512001038,1,-
03/05/2026,DEN,Jonas Valanciunas,13.50612735748291,8.5,7.822426319122314,8.303082466125488,0.9553813338279724,1,-
03/05/2026,DEN,Cameron Johnson,27.6075439453125,11.5,9.368816375732422,3.7343828678131104,0.6322844624519348,1,-
03/05/2026,DEN,Bruce Brown,26.781381607055664,8.5,7.675289630889893,4.661746501922607,0.7324543595314026,1,-
03/05/2026,DAL,Naji Marshall,27.207698822021484,14.5,14.23658275604248,9.73996353149414,0.8154498338699341,1,-
03/05/2026,DAL,Khris Middleton,26.51346015930176,11.5,9.577995300292969,7.621358871459961,0.7430590987205505,1,-
03/05/2026,DAL,Daniel Gafford,18.78222846984864,7.5,7.442799091339111,6.60110330581665,0.7671797871589661,1,-
03/05/2026,DAL,Brandon Williams,22.96735191345215,13.5,12.756311416625977,7.366268157958984,0.8236342668533325,1,-
03/05/2026,CHI,Rob Dillingham,21.881675720214844,9.5,7.229620456695557,4.437745571136475,0.7500899434089661,1,-
03/05/2026,CHI,Nick Richards,24.20681381225586,11.5,10.621545791625977,4.437745571136475,0.7496710419654846,1,-
03/05/2026,CHI,Leonard Miller,26.45783042907715,11.5,9.951814651489258,4.350397109985352,0.6759077310562134,1,-
03/05/2026,CHI,Isaac Okoro,30.622499465942383,11.5,9.918438911437988,3.877312660217285,0.6164070963859558,1,-
03/05/2026,CHI,Guerschon Yabusele,28.05414390563965,12.5,11.890609741210938,4.48969030380249,0.7147473096847534,1,-
03/05/2026,CHI,Collin Sexton,29.02675437927246,18.5,13.310667037963867,4.470273017883301,0.7151869535446167,1,-
03/06/2026,SAS,Julian Champagnie,28.54827117919922,9.5,10.55648136138916,6.163870811462402,0.8606441020965576,1,O
03/06/2026,SAS,Devin Vassell,30.64396095275879,12.5,12.96976375579834,7.3239006996154785,0.8025208115577698,1,O
03/06/2026,POR,Vit Krejci,23.49062156677246,7.5,9.19912338256836,6.629096508026123,0.967008650302887,1,O
03/06/2026,POR,Toumani Camara,34.8116340637207,12.5,12.90018367767334,3.147503614425659,0.6228806972503662,1,O
03/06/2026,POR,Robert Williams,19.2197208404541,5.5,9.00572395324707,7.368551731109619,0.8512507081031799,1,O
03/06/2026,POR,Jrue Holiday,31.43671607971192,17.5,18.96679878234864,6.420510292053223,0.7875425815582275,1,O
03/06/2026,POR,Jerami Grant,32.8246955871582,18.5,19.10312843322754,4.123025894165039,0.7719457149505615,1,O
03/06/2026,PHO,Royce O'Neale,29.816551208496094,8.5,10.126185417175291,4.498348236083984,0.8203738331794739,1,O
03/06/2026,PHO,Oso Ighodaro,28.33927726745605,9.5,10.127224922180176,6.265845775604248,0.7494640350341797,1,O
03/06/2026,PHO,Jalen Green,28.87724494934082,18.5,18.695911407470703,5.564493656158447,0.620110034942627,1,O
03/06/2026,PHO,Grayson Allen,28.439661026000977,18.5,20.92169761657715,8.035965919494629,0.7677193284034729,1,O
03/06/2026,PHO,Collin Gillespie,30.640987396240234,13.5,15.186284065246582,5.020397186279297,0.9016048908233644,1,O
03/06/2026,NYK,OG Anunoby,35.412105560302734,16.5,16.503700256347656,3.513380765914917,0.7590335011482239,1,O
03/06/2026,NYK,Mitchell Robinson,17.48874282836914,4.5,4.633792400360107,5.614947319030762,0.8476582169532776,1,O
03/06/2026,NYK,Mikal Bridges,35.53805160522461,14.5,15.457149505615234,2.391927480697632,0.6359789967536926,1,O
03/06/2026,NYK,Landry Shamet,22.874631881713867,8.5,11.091432571411133,7.281440734863281,0.9204602241516112,1,O
03/06/2026,NYK,Josh Hart,31.64820098876953,11.5,12.42563819885254,1.6825058460235596,0.650542676448822,1,O
03/06/2026,NYK,Jalen Brunson,36.4364013671875,25.5,26.20935821533203,3.822343587875366,0.569424033164978,1,O
03/06/2026,NOP,Trey Murphy III,34.57831954956055,19.5,21.34896278381348,5.340835094451904,0.7744136452674866,1,O
03/06/2026,NOP,Saddiq Bey,32.18510055541992,17.5,18.28976058959961,7.890733242034912,0.8361589908599854,1,O
03/06/2026,NOP,Jeremiah Fears,23.91950035095215,10.5,11.2189359664917,5.052093505859375,0.9606998562812804,1,O
03/06/2026,NOP,Derik Queen,24.22844314575196,8.5,9.738398551940918,6.559786319732666,0.8476039171218872,1,O
03/06/2026,MIA,Pelle Larsson,29.67005157470703,11.5,12.177090644836426,4.800418853759766,0.7113974094390869,1,O
03/06/2026,MIA,Jaime Jaquez Jr.,29.03317642211914,14.5,16.131237030029297,6.9804792404174805,0.814345121383667,1,O
03/06/2026,MIA,Davion Mitchell,30.115121841430664,8.5,9.161423683166504,3.6389663219451904,0.7700183391571045,1,O
03/06/2026,MIA,Bam Adebayo,32.59697341918945,19.5,19.69049453735352,6.899628639221191,0.7511346340179443,1,O
03/06/2026,MIA,Andrew Wiggins,28.128511428833008,14.5,14.751750946044922,6.797847270965576,0.7190631628036499,1,O
03/06/2026,LAL,Rui Hachimura,31.521560668945312,12.5,13.744086265563965,2.612191677093506,0.8200603723526001,1,O
03/06/2026,LAL,Marcus Smart,30.39606666564941,9.5,10.190346717834473,4.792275905609131,0.7680590152740479,1,O
03/06/2026,LAL,Luke Kennard,23.203737258911133,9.5,11.716646194458008,6.93988561630249,0.9968823194503784,1,O
03/06/2026,LAL,Jaxson Hayes,27.381498336791992,10.5,11.064952850341797,6.980826377868652,1.0311704874038696,1,O
03/06/2026,LAC,Kris Dunn,28.8034725189209,7.5,7.918274402618408,3.7509396076202393,0.7311741709709167,1,O
03/06/2026,LAC,Kobe Sanders,26.01239776611328,7.5,7.644129753112793,5.470498085021973,0.7419037818908691,1,O
03/06/2026,LAC,Derrick Jones Jr.,28.759033203125,11.5,12.125325202941896,4.977897644042969,0.8216409087181091,1,O
03/06/2026,LAC,Brook Lopez,26.304357528686523,9.5,10.149763107299805,4.351791858673096,0.5924118161201477,1,O
03/06/2026,IND,T.J. McConnell,17.367780685424805,7.5,8.047901153564453,8.566621780395508,0.873965859413147,1,O
03/06/2026,IND,Pascal Siakam,33.2344970703125,22.5,25.0408935546875,5.997485637664795,0.8587617874145508,1,O
03/06/2026,IND,Jay Huff,26.01112174987793,9.5,10.38784122467041,5.815258026123047,0.7283888459205627,1,O
03/06/2026,IND,Jarace Walker,29.284814834594727,12.5,13.304271697998049,4.9484381675720215,0.7611894607543945,1,O
03/06/2026,IND,Ben Sheppard,21.974985122680664,5.5,7.43779993057251,5.571128845214844,0.7919636964797974,1,O
03/06/2026,IND,Andrew Nembhard,31.02904510498047,14.5,16.171865463256836,4.786444664001465,0.7799265384674072,1,O
03/06/2026,IND,Aaron Nesmith,28.31986427307129,9.5,10.427948951721191,2.415004253387451,0.6352826952934265,1,O
03/06/2026,HOU,Reed Sheppard,32.216758728027344,15.5,17.048582077026367,6.935307502746582,0.7927833199501038,1,O
03/06/2026,HOU,Jabari Smith Jr.,28.33126640319824,12.5,15.169629096984863,4.346798419952393,0.6555153727531433,1,O
03/06/2026,HOU,Amen Thompson,36.03356552124024,17.5,19.29265785217285,3.3845996856689453,0.6707201600074768,1,O
03/06/2026,HOU,Alperen Sengun,34.75600051879883,18.5,22.28872299194336,3.130978584289551,0.6941856741905212,1,O
03/06/2026,DEN,Tim Hardaway Jr.,26.91997528076172,10.5,10.7922945022583,7.730111122131348,0.8257268667221069,1,O
03/06/2026,DEN,Jamal Murray,36.80003356933594,23.5,26.531190872192383,8.484047889709473,0.6975274085998535,1,O
03/06/2026,DEN,Christian Braun,35.937355041503906,10.5,10.560643196105955,5.397892475128174,0.5308781266212463,1,O
03/06/2026,DEN,Cameron Johnson,32.366947174072266,9.5,9.789010047912598,2.1330010890960693,0.5382904410362244,1,O
03/06/2026,DEN,Bruce Brown,25.27146339416504,6.5,6.814795017242432,5.712659358978272,0.7827980518341064,1,O
03/06/2026,DEN,Aaron Gordon,28.68142890930176,11.5,13.598522186279297,4.308595657348633,0.6723621487617493,1,O
03/06/2026,DAL,P.J. Washington,32.0656852722168,12.5,13.522536277770996,3.670865774154663,0.6162691116333008,1,O
03/06/2026,DAL,Naji Marshall,27.299724578857425,13.5,14.117581367492676,5.361664295196533,0.7505801320075989,1,O
03/06/2026,DAL,Max Christie,31.16889190673828,10.5,11.642759323120115,4.206268310546875,0.6186661124229431,1,O
03/06/2026,DAL,Khris Middleton,27.34885597229004,10.5,10.676822662353516,2.9304471015930176,0.7073341608047485,1,O
03/06/2026,DAL,Cooper Flagg,32.598052978515625,17.5,21.802690505981445,7.334867000579834,0.7020107507705688,1,O
03/06/2026,DAL,Brandon Williams,22.775650024414062,11.5,12.99982738494873,5.285154819488525,0.8699626922607422,1,O
03/06/2026,CHO,Ryan Kalkbrenner,18.269886016845703,4.5,5.859027862548828,6.413869857788086,0.9120612144470216,1,O
03/06/2026,CHO,Moussa Diabate,29.31048393249512,8.5,8.91203498840332,4.485973834991455,0.8669068217277527,1,O
03/06/2026,CHO,Miles Bridges,32.53525161743164,14.5,16.174238204956055,3.6432406902313232,0.5582242608070374,1,O
03/06/2026,CHO,LaMelo Ball,28.29537773132324,19.5,19.84472846984864,7.337197303771973,0.7433891296386719,1,O
03/06/2026,BOS,Sam Hauser,27.925249099731445,8.5,10.155843734741213,6.105031490325928,0.6607435345649719,1,O
03/06/2026,BOS,Nikola Vucevic,23.06502723693848,10.5,10.999839782714844,5.866479396820068,0.7555866241455078,1,O
03/06/2026,BOS,Neemias Queta,25.49996757507324,9.5,10.144489288330078,5.575314998626709,0.7362467646598816,1,O
03/06/2026,BOS,Jaylen Brown,35.13470458984375,26.5,28.58994483947754,4.54103946685791,0.6156874299049377,1,O
03/06/2026,BOS,Baylor Scheierman,21.61852264404297,6.5,6.812896728515625,7.255286693572998,0.9219342470169068,1,O
03/06/2026,SAS,Victor Wembanyama,30.91587829589844,23.5,21.3433780670166,5.271120071411133,0.7132163047790527,1,-
03/06/2026,SAS,Stephon Castle,30.302135467529297,15.5,15.351571083068848,4.378788948059082,0.6960811614990234,1,-
03/06/2026,SAS,Luke Kornet,17.76106071472168,4.5,4.374101638793945,6.525315284729004,0.8418163061141968,1,-
03/06/2026,SAS,Keldon Johnson,21.462495803833008,11.5,10.030707359313965,7.773195743560791,1.0005836486816406,1,-
03/06/2026,SAS,Dylan Harper,22.387052536010746,11.5,11.17148208618164,6.304555892944336,0.9244805574417114,1,-
03/06/2026,SAS,De'Aaron Fox,30.4620361328125,16.5,15.089735984802246,2.628108501434326,0.6674144864082336,1,-
03/06/2026,SAS,Carter Bryant,13.958696365356444,6.5,3.261260271072388,6.748862266540527,0.8658115267753601,1,-
03/06/2026,POR,Scoot Henderson,27.96929931640625,13.5,12.88100814819336,4.101988315582275,0.752689778804779,1,-
03/06/2026,POR,Donovan Clingan,27.438247680664062,12.5,11.265420913696287,6.927363872528076,0.7978968620300293,1,-
03/06/2026,PHO,Ryan Dunn,21.633928298950195,6.5,5.546281337738037,5.472434997558594,0.7612226605415344,1,-
03/06/2026,PHO,Devin Booker,32.420536041259766,24.5,23.352275848388672,1.4565130472183228,0.6599008440971375,1,-
03/06/2026,NYK,Karl-Anthony Towns,31.99559211730957,16.5,16.252086639404297,3.554771423339844,0.6870824694633484,1,-
03/06/2026,NYK,Jose Alvarado,18.61105155944824,6.5,6.270050048828125,5.726654052734375,0.7897719740867615,1,-
03/06/2026,NOP,Zion Williamson,29.61162757873535,20.5,19.813962936401367,5.207286834716797,0.7799780964851379,1,-
03/06/2026,NOP,Herbert Jones,29.933656692504883,8.5,8.132777214050293,3.775054454803467,0.7180845737457275,1,-
03/06/2026,NOP,Dejounte Murray,26.11078453063965,14.5,12.365981101989746,5.2975616455078125,0.7812163829803467,1,-
03/06/2026,MIA,Tyler Herro,33.45865249633789,21.5,20.045867919921875,7.263578414916992,0.8348833322525024,1,-
03/06/2026,MIA,Kel'el Ware,23.9520320892334,12.5,10.48127555847168,6.551190376281738,0.8267662525177002,1,-
03/06/2026,MIA,Kasparas Jakucionis,19.964954376220703,6.5,5.087760925292969,5.694399356842041,0.7893710732460022,1,-
03/06/2026,LAL,Luka Doncic,37.05727005004883,34.5,33.7611083984375,4.455070972442627,0.6050113439559937,1,-
03/06/2026,LAL,Jake LaRavia,22.28714370727539,8.5,8.120306968688965,5.738950252532959,0.9107664823532104,1,-
03/06/2026,LAL,Austin Reaves,35.82890701293945,24.5,22.24150276184082,5.558537006378174,0.6014359593391418,1,-
03/06/2026,LAC,Kawhi Leonard,32.30018615722656,27.5,24.931377410888672,6.860676765441895,0.6751900315284729,1,-
03/06/2026,LAC,Jordan Miller,24.974441528320312,9.5,9.279376029968262,5.401679039001465,0.7766913771629333,1,-
03/06/2026,LAC,Isaiah Jackson,14.181742668151855,6.5,3.704561471939087,6.069503307342529,0.821844220161438,1,-
03/06/2026,LAC,Bennedict Mathurin,24.95616149902344,18.5,14.87651538848877,5.226512908935547,0.6987854838371277,1,-
03/06/2026,HOU,Tari Eason,30.62296485900879,12.5,11.947222709655762,3.748205184936523,0.6291546821594238,1,-
03/06/2026,HOU,Kevin Durant,37.00254821777344,27.5,27.06959342956543,5.77262544631958,0.71649569272995,1,-
03/06/2026,HOU,Dorian Finney-Smith,18.0146427154541,4.5,3.3579189777374268,7.032497882843018,0.857470691204071,1,-
03/06/2026,HOU,Clint Capela,13.51096248626709,4.5,4.159189224243164,7.148115634918213,0.9146124720573424,1,-
03/06/2026,DEN,Nikola Jokic,36.84181594848633,26.5,29.689075469970703,5.394076824188232,0.4830928146839142,0,-
03/06/2026,DEN,Julian Strawther,18.058801651000977,7.5,7.177173614501953,8.759679794311523,0.9504985809326172,1,-
03/06/2026,DEN,Jonas Valanciunas,12.599431991577148,6.5,5.855192184448242,7.159332275390625,0.95000159740448,1,-
03/06/2026,DAL,Klay Thompson,19.942720413208008,9.5,8.734288215637207,6.405237674713135,0.8357764482498169,1,-
03/06/2026,DAL,Dwight Powell,18.000267028808594,4.5,4.345010757446289,7.639025211334228,0.8049757480621338,1,-
03/06/2026,DAL,Daniel Gafford,19.522979736328125,8.5,7.451277256011963,5.004953384399414,0.8394854664802551,1,-
03/06/2026,CHO,Kon Knueppel,32.21529769897461,19.5,18.19711875915528,7.22491979598999,0.7810096144676208,1,-
03/06/2026,CHO,Coby White,18.854835510253903,13.5,10.727716445922852,6.932436466217041,0.8463706374168396,1,-
03/06/2026,CHO,Brandon Miller,30.05462646484375,21.5,19.14642143249512,6.741732120513916,0.7408056259155273,1,-
03/06/2026,BOS,Payton Pritchard,28.8022689819336,16.5,14.331273078918455,6.574935436248779,0.7448548078536987,1,-
03/06/2026,BOS,Jayson Tatum,26.32264709472656,14.5,11.662148475646973,5.072125434875488,0.6935709118843079,1,-
03/06/2026,BOS,Derrick White,35.04361724853516,15.5,19.17142868041992,2.38460373878479,0.4423879384994507,0,-
03/07/2026,UTA,Keyonte George,33.20001220703125,23.5,26.65587043762207,8.990069389343262,0.686540961265564,1,O
03/07/2026,UTA,John Konchar,23.76189041137696,4.5,5.405002593994141,6.321036338806152,0.8851005434989929,1,O
03/07/2026,UTA,Ace Bailey,30.95134162902832,15.5,16.552888870239258,4.89973783493042,0.7854535579681396,1,O
03/07/2026,PHI,Adem Bona,26.510725021362305,7.5,8.104290962219238,6.387300968170166,0.8788188695907593,1,O
03/07/2026,ORL,Wendell Carter Jr.,30.90878868103028,9.5,10.3092679977417,3.707991600036621,0.608596920967102,1,O
03/07/2026,ORL,Jalen Suggs,27.952503204345703,13.5,13.763968467712402,2.48462438583374,0.6111305356025696,1,O
03/07/2026,ORL,Desmond Bane,35.877349853515625,20.5,21.08411979675293,5.769752025604248,0.6373722553253174,1,O
03/07/2026,ORL,Anthony Black,32.625999450683594,12.5,15.156352996826172,4.588301658630371,0.8128867745399475,1,O
03/07/2026,OKC,Shai Gilgeous-Alexander,36.76685333251953,31.5,31.71389579772949,6.350135803222656,0.574508786201477,1,O
03/07/2026,OKC,Luguentz Dort,31.19931411743164,9.5,10.213471412658691,5.288108825683594,0.7811341285705566,1,O
03/07/2026,OKC,Jared McCain,23.196475982666016,11.5,11.954489707946776,7.788080215454102,0.9664366245269777,1,O
03/07/2026,OKC,Isaiah Joe,29.13865089416504,11.5,14.701871871948242,5.071732044219971,0.7668007612228394,1,O
03/07/2026,OKC,Chet Holmgren,27.556575775146484,16.5,16.67800521850586,4.799027442932129,0.6573752760887146,1,O
03/07/2026,OKC,Cason Wallace,30.685544967651367,10.5,10.703993797302246,6.285188674926758,0.6118836402893066,1,O
03/07/2026,MIN,Rudy Gobert,32.65434646606445,10.5,10.77873420715332,3.4535183906555176,0.570306122303009,1,O
03/07/2026,MIN,Donte DiVincenzo,31.764572143554688,10.5,12.10820484161377,4.006048679351807,0.6799656748771667,1,O
03/07/2026,MIN,Anthony Edwards,37.24267959594727,29.5,29.68722915649414,4.871349334716797,0.6816009879112244,1,O
03/07/2026,MIL,Ousmane Dieng,25.28018951416016,10.5,12.29794216156006,6.093410015106201,0.7499420642852783,1,O
03/07/2026,MIL,Myles Turner,27.666156768798828,9.5,11.435555458068848,5.696938514709473,0.8678442239761353,1,O
03/07/2026,MIL,Kyle Kuzma,28.58937263488769,11.5,14.201687812805176,5.496899127960205,0.8501193523406982,1,O
03/07/2026,MIL,Jericho Sims,22.42372131347656,4.5,5.888731956481934,6.324443340301514,0.8581075072288513,1,O
03/07/2026,MIL,Giannis Antetokounmpo,31.69250869750977,25.5,28.49410629272461,3.5259084701538086,0.6305661797523499,1,O
03/07/2026,MIL,Bobby Portis,24.60112762451172,12.5,15.884726524353027,5.893086910247803,0.9778010249137878,1,O
03/07/2026,MEM,Taylor Hendricks,22.134178161621094,8.5,8.533123970031738,5.978214740753174,0.7802107334136963,1,O
03/07/2026,MEM,Olivier-Maxence Prosper,26.265893936157227,10.5,10.98110294342041,3.922367811203003,0.7412130832672119,1,O
03/07/2026,MEM,Cam Spencer,22.75600242614746,9.5,10.358049392700195,5.626798152923584,0.734061062335968,1,O
03/07/2026,LAC,Kris Dunn,29.174285888671875,6.5,8.188558578491211,4.336990833282471,0.680876612663269,1,O
03/07/2026,LAC,Kawhi Leonard,32.27425765991211,26.5,27.3780574798584,7.156863689422607,0.7040572762489319,1,O
03/07/2026,LAC,Derrick Jones Jr.,28.733776092529297,12.5,12.606500625610352,6.099908828735352,0.8574267625808716,1,O
03/07/2026,LAC,Brook Lopez,26.624998092651367,10.5,11.623393058776855,6.130885124206543,0.6227268576622009,1,O
03/07/2026,GSW,Pat Spencer,27.760560989379883,8.5,10.434290885925291,4.051107883453369,0.7130738496780396,1,O
03/07/2026,GSW,Gui Santos,30.010528564453125,12.5,12.66796588897705,2.8729162216186523,0.8336012363433838,1,O
03/07/2026,GSW,Draymond Green,30.21316719055176,8.5,9.733871459960938,3.812415838241577,0.7133005857467651,1,O
03/07/2026,GSW,Brandin Podziemski,33.78388595581055,15.5,15.661737442016602,3.803799629211426,0.6636117100715637,1,O
03/07/2026,GSW,Al Horford,28.326414108276367,10.5,12.082962989807127,4.93136739730835,0.7832087874412537,1,O
03/07/2026,DET,Tobias Harris,32.19669342041016,13.5,15.517864227294922,4.307077407836914,0.5403124690055847,1,O
03/07/2026,DET,Isaiah Stewart,22.51375961303711,9.5,9.908366203308104,4.828833103179932,0.7318827509880066,1,O
03/07/2026,BRK,Ziaire Williams,23.765512466430664,7.5,8.352986335754395,4.728414535522461,0.7366447448730469,1,O
03/07/2026,BRK,Terance Mann,26.1569881439209,6.5,7.173251152038574,2.6578586101531982,0.6683854460716248,1,O
03/07/2026,BRK,Nolan Traore,27.872350692749023,10.5,11.12247085571289,4.843430995941162,0.7507043480873108,1,O
03/07/2026,BRK,Noah Clowney,29.46076011657715,11.5,11.70472526550293,4.661037921905518,0.6818670034408569,1,O
03/07/2026,BRK,Michael Porter Jr.,32.86676406860352,22.5,23.02121353149414,5.495793342590332,0.7452376484870911,1,O
03/07/2026,BRK,Day'Ron Sharpe,19.19290351867676,7.5,8.325761795043945,6.184285640716553,0.8649909496307373,1,O
03/07/2026,ATL,Zaccharie Risacher,22.60506248474121,8.5,9.04504680633545,6.585336685180664,0.7814920544624329,1,O
03/07/2026,ATL,Onyeka Okongwu,31.655292510986328,15.5,16.10222053527832,3.774108409881592,0.5924866795539856,1,O
03/07/2026,ATL,Nickeil Alexander-Walker,32.402427673339844,17.5,18.020723342895508,5.797455310821533,0.7730163335800171,1,O
03/07/2026,ATL,Jock Landale,18.73188591003418,8.5,9.540822982788086,7.697161674499512,0.8841778635978699,1,O
03/07/2026,ATL,Corey Kispert,21.636688232421875,8.5,11.05690097808838,6.942957401275635,0.842930257320404,1,O
03/07/2026,ATL,CJ McCollum,30.161283493041992,17.5,18.37814140319824,7.879664897918701,0.7934277653694153,1,O
03/07/2026,UTA,Kyle Filipowski,28.854145050048828,13.5,13.427788734436035,5.320383071899414,0.6525192260742188,1,-
03/07/2026,UTA,Cody Williams,28.575597763061523,7.5,7.449545860290527,5.294897079467773,0.6736034750938416,1,-
03/07/2026,UTA,Brice Sensabaugh,23.75253677368164,15.5,14.665420532226562,7.3194169998168945,0.843213677406311,1,-
03/07/2026,PHI,Tyrese Maxey,37.34381866455078,32.5,29.10077476501465,5.029604911804199,0.6362876296043396,1,-
03/07/2026,PHI,Trendon Watford,19.947111129760746,7.5,6.257914543151856,6.478435039520264,0.9031153917312622,1,-
03/07/2026,PHI,Quentin Grimes,30.8562068939209,14.5,11.635534286499023,3.262120485305786,0.5955144166946411,1,-
03/07/2026,PHI,Kelly Oubre Jr.,34.8348503112793,17.5,15.179856300354004,4.824733257293701,0.7202214002609253,1,-
03/07/2026,PHI,Jabari Walker,17.72102165222168,8.5,6.492600917816162,6.695949554443359,0.8117876648902893,1,-
03/07/2026,PHI,Dominick Barlow,27.30251884460449,8.5,8.40140438079834,4.953315258026123,0.8069601655006409,1,-
03/07/2026,ORL,Paolo Banchero,36.777740478515625,22.5,23.42167854309082,1.955673694610596,0.4130125939846039,0,-
03/07/2026,ORL,Moritz Wagner,14.182026863098145,8.5,7.73971700668335,6.347036361694336,0.8516428470611572,1,-
03/07/2026,OKC,Kenrich Williams,18.51670265197754,7.5,6.394319534301758,7.6990251541137695,0.9079551100730896,1,-
03/07/2026,OKC,Aaron Wiggins,22.523895263671875,12.5,10.590115547180176,5.877460479736328,0.7691569328308105,1,-
03/07/2026,MIN,Naz Reid,25.67584228515625,12.5,11.909140586853027,5.761958599090576,0.8493350744247437,1,-
03/07/2026,MIN,Julius Randle,34.412391662597656,18.5,17.664852142333984,2.8512401580810547,0.5360034108161926,1,-
03/07/2026,MIN,Jaden McDaniels,32.57442092895508,13.5,13.42626953125,5.680018424987793,0.7026892900466919,1,-
03/07/2026,MIN,Ayo Dosunmu,23.847251892089844,10.5,10.076141357421877,5.41304349899292,0.7657542824745178,1,-
03/07/2026,MIL,Ryan Rollins,33.01811981201172,17.5,16.510639190673828,6.342806816101074,0.7429096102714539,1,-
03/07/2026,MEM,Ty Jerome,24.02077865600586,16.5,13.721311569213867,5.535346984863281,0.7880341410636902,1,-
03/07/2026,MEM,Scotty Pippen Jr.,26.019079208374023,11.5,10.666717529296877,5.028238773345947,0.7676090598106384,1,-
03/07/2026,MEM,Jaylen Wells,26.92748260498047,12.5,11.709875106811523,4.923583030700684,0.7766101360321045,1,-
03/07/2026,MEM,Cedric Coward,22.061336517333984,11.5,9.547030448913574,5.776828765869141,0.8030279278755188,1,-
03/07/2026,LAC,Kobe Sanders,20.03223991394043,6.5,6.478096961975098,6.840909004211426,0.8313181400299072,1,-
03/07/2026,LAC,Jordan Miller,24.27883720397949,10.5,9.492351531982422,6.768270015716553,0.7727304100990295,1,-
03/07/2026,LAC,Darius Garland,24.716630935668945,15.5,10.365057945251465,5.817480564117432,0.6899774074554443,1,-
03/07/2026,LAC,Bennedict Mathurin,24.969715118408203,17.5,14.208538055419922,6.495455265045166,0.7847474217414856,1,-
03/07/2026,GSW,Kristaps Porzingis,12.092575073242188,11.5,3.9582717418670654,5.16989803314209,0.7290897965431213,1,-
03/07/2026,GSW,De'Anthony Melton,24.89096450805664,16.5,12.82701301574707,2.982827425003052,0.7564382553100586,1,-
03/07/2026,DET,Marcus Sasser,24.9702205657959,9.5,6.725282192230225,4.453880310058594,0.6122676730155945,1,-
03/07/2026,DET,Jalen Duren,30.079998016357425,19.5,18.474613189697266,5.900392532348633,0.768286406993866,1,-
03/07/2026,DET,Duncan Robinson,30.194061279296875,11.5,11.328537940979004,4.135543823242188,0.7504037022590637,1,-
03/07/2026,DET,Daniss Jenkins,26.415950775146484,12.5,9.538333892822266,4.36569356918335,0.6721461415290833,1,-
03/07/2026,DET,Caris LeVert,20.40376091003418,9.5,6.944143295288086,3.3601677417755127,0.6970819234848022,1,-
03/07/2026,DET,Cade Cunningham,30.514549255371094,25.5,21.92351531982422,3.1553940773010254,0.5839974880218506,1,-
03/07/2026,BRK,Danny Wolf,20.09870719909668,9.5,8.695758819580078,4.9022536277771,0.7570365071296692,1,-
03/07/2026,ATL,Jalen Johnson,33.66729736328125,22.5,20.769996643066406,5.400049209594727,0.7498787045478821,1,-
03/07/2026,ATL,Dyson Daniels,33.13460922241211,11.5,11.2269926071167,3.948522329330444,0.6341744065284729,1,-
03/08/2026,WAS,Tre Johnson,26.93208885192871,12.5,13.853937149047852,5.537771224975586,0.8487837910652161,1,O
03/08/2026,WAS,Jaden Hardy,19.38544464111328,9.5,9.951665878295898,6.775331020355225,0.8287902474403381,1,O
03/08/2026,WAS,Bilal Coulibaly,28.84293556213379,11.5,12.468472480773926,5.144629955291748,0.7158587574958801,1,O
03/08/2026,TOR,Jakob Poeltl,27.963754653930664,10.5,11.062169075012209,4.810296535491943,0.6211090087890625,1,O
03/08/2026,TOR,Immanuel Quickley,32.64622116088867,17.5,18.106739044189453,4.717831611633301,0.7142912149429321,1,O
03/08/2026,TOR,Brandon Ingram,34.6318359375,21.5,22.58687210083008,3.712482929229736,0.6133466362953186,1,O
03/08/2026,SAS,Luke Kornet,18.45127487182617,4.5,4.716612815856934,6.907730102539063,0.7762552499771118,1,O
03/08/2026,SAS,Keldon Johnson,22.41869735717773,10.5,11.44187355041504,8.530586242675781,1.0648571252822876,1,O
03/08/2026,SAS,Julian Champagnie,28.743453979492188,10.5,11.267367362976074,7.774421215057373,0.896746039390564,1,O
03/08/2026,SAS,Dylan Harper,22.137096405029297,9.5,10.558894157409668,6.073174476623535,0.8472346663475037,1,O
03/08/2026,SAS,Devin Vassell,31.34385299682617,13.5,13.566697120666504,6.434582710266113,0.762444019317627,1,O
03/08/2026,SAS,De'Aaron Fox,30.725326538085938,16.5,16.609325408935547,4.819170475006104,0.6394872665405273,1,O
03/08/2026,SAC,Russell Westbrook,31.23805046081543,16.5,17.600048065185547,7.708161354064941,0.8887395262718201,1,O
03/08/2026,SAC,Malik Monk,28.05794334411621,13.5,15.54526710510254,5.87885332107544,0.9585970044136048,1,O
03/08/2026,SAC,DeMar DeRozan,28.4609603881836,15.5,17.602914810180664,6.885685920715332,0.8572224378585815,1,O
03/08/2026,POR,Vit Krejci,21.49862289428711,6.5,7.587730407714844,7.072652339935303,0.9382482171058656,1,O
03/08/2026,POR,Toumani Camara,34.02420425415039,12.5,13.629168510437012,3.955862283706665,0.6204298138618469,1,O
03/08/2026,POR,Scoot Henderson,27.05157470703125,11.5,12.651707649230955,4.872318267822266,0.8194882273674011,1,O
03/08/2026,POR,Robert Williams,17.542333602905273,6.5,7.9110894203186035,7.6207146644592285,0.9337190985679626,1,O
03/08/2026,POR,Donovan Clingan,27.12381172180176,13.5,13.559527397155762,6.578159332275391,0.8498496413230896,1,O
03/08/2026,PHO,Ryan Dunn,20.14334297180176,4.5,4.754125595092773,5.69001054763794,0.8188253045082092,1,O
03/08/2026,PHO,Royce O'Neale,29.69618034362793,8.5,8.743420600891113,3.482910394668579,0.7633651494979858,1,O
03/08/2026,PHO,Oso Ighodaro,27.955909729003903,7.5,9.377799987792969,4.111062526702881,0.6776546239852905,1,O
03/08/2026,PHO,Grayson Allen,28.390230178833008,16.5,18.59199333190918,5.791548252105713,0.6786581873893738,1,O
03/08/2026,PHO,Collin Gillespie,30.23295021057129,12.5,13.506253242492676,4.462651252746582,0.7440735101699829,1,O
03/08/2026,ORL,Wendell Carter Jr.,30.39175033569336,9.5,9.806207656860352,5.735273838043213,0.6404651999473572,1,O
03/08/2026,NYK,OG Anunoby,34.37321472167969,16.5,16.89194679260254,4.637356758117676,0.8235543966293335,1,O
03/08/2026,NYK,Mikal Bridges,34.01652526855469,14.5,15.086612701416016,2.16080379486084,0.6043465733528137,1,O
03/08/2026,NYK,Landry Shamet,22.45644760131836,8.5,11.039955139160156,6.975191116333008,0.948670506477356,1,O
03/08/2026,NYK,Josh Hart,31.049222946166992,11.5,12.075152397155762,2.9903903007507324,0.7506559491157532,1,O
03/08/2026,NOP,Zion Williamson,30.86676979064941,22.5,22.636564254760746,4.621752738952637,0.8447423577308655,1,O
03/08/2026,NOP,Trey Murphy III,34.3792610168457,22.5,22.662277221679688,7.134625434875488,0.8300110101699829,1,O
03/08/2026,NOP,Saddiq Bey,32.2486572265625,17.5,19.84559440612793,8.55065631866455,0.9746854901313782,1,O
03/08/2026,NOP,Jeremiah Fears,22.980005264282227,9.5,11.902793884277344,7.490307331085205,1.016853094100952,1,O
03/08/2026,NOP,Herbert Jones,30.36550521850586,8.5,9.687479972839355,4.027029991149902,0.7326841950416565,1,O
03/08/2026,NOP,Derik Queen,22.51469039916992,8.5,9.45034408569336,7.757142543792725,0.951262891292572,1,O
03/08/2026,MIL,Jericho Sims,27.14435386657715,5.5,6.488802909851074,4.86973762512207,0.7660493850708008,1,O
03/08/2026,MIA,Pelle Larsson,29.52614402770996,11.5,12.060450553894045,7.444088935852051,0.7509698867797852,1,O
03/08/2026,MIA,Kasparas Jakucionis,20.17449378967285,5.5,5.64105749130249,5.106293678283691,0.783657968044281,1,O
03/08/2026,MIA,Jaime Jaquez Jr.,29.909404754638672,15.5,16.47382354736328,6.536936283111572,0.8228752613067627,1,O
03/08/2026,MIA,Bam Adebayo,34.02994918823242,21.5,21.61419677734375,6.48392915725708,0.7617336511611938,1,O
03/08/2026,MIA,Andrew Wiggins,28.06005096435547,14.5,14.598990440368652,5.897791862487793,0.8556069731712341,1,O
03/08/2026,LAL,Rui Hachimura,30.128171920776367,9.5,10.689215660095217,5.978559970855713,0.7283287644386292,1,O
03/08/2026,LAL,Deandre Ayton,26.13089179992676,8.5,8.718790054321289,5.786142826080322,0.7973798513412476,1,O
03/08/2026,IND,T.J. McConnell,17.455963134765625,8.5,8.984514236450195,7.741750717163086,0.920388162136078,1,O
03/08/2026,IND,Pascal Siakam,32.17683410644531,20.5,23.22180938720703,3.9003286361694336,0.7915582656860352,1,O
03/08/2026,IND,Jay Huff,24.83562088012696,10.5,11.103460311889648,5.8393144607543945,0.778649628162384,1,O
03/08/2026,IND,Jarace Walker,28.522090911865234,12.5,14.642403602600098,5.78022050857544,0.7813184261322021,1,O
03/08/2026,IND,Ben Sheppard,21.477035522460938,5.5,7.334924221038818,5.046615123748779,0.7948585152626038,1,O
03/08/2026,IND,Andrew Nembhard,30.89335823059082,14.5,16.915678024291992,7.075506210327148,0.7639372944831848,1,O
03/08/2026,IND,Aaron Nesmith,28.202844619750977,10.5,11.649012565612791,4.386683940887451,0.7401290535926819,1,O
03/08/2026,HOU,Reed Sheppard,27.840118408203125,13.5,14.709257125854492,5.3226318359375,0.6926630735397339,1,O
03/08/2026,HOU,Jabari Smith Jr.,34.79450988769531,12.5,13.679052352905272,3.490158796310425,0.527897298336029,1,O
03/08/2026,HOU,Dorian Finney-Smith,19.607669830322266,3.5,3.505132913589477,6.183862209320068,0.8181929588317871,1,O
03/08/2026,HOU,Clint Capela,13.859774589538574,3.5,3.5866034030914307,5.904870510101318,0.8877688050270081,1,O
03/08/2026,HOU,Alperen Sengun,34.35611724853516,17.5,19.39936256408692,2.8013405799865723,0.571069061756134,1,O
03/08/2026,DET,Tobias Harris,31.863754272460938,13.5,13.91676139831543,4.631423473358154,0.6454533338546753,1,O
03/08/2026,DET,Jalen Duren,29.41146469116211,16.5,17.058300018310547,5.906188488006592,0.8214268088340759,1,O
03/08/2026,DAL,P.J. Washington,32.06354141235352,12.5,14.390399932861328,5.804236888885498,0.727327287197113,1,O
03/08/2026,DAL,Naji Marshall,27.26056480407715,13.5,13.90982723236084,9.625349044799805,0.9561898112297058,1,O
03/08/2026,DAL,Max Christie,31.321521759033203,11.5,13.53250217437744,6.674314022064209,0.8339236974716187,1,O
03/08/2026,DAL,Klay Thompson,21.004356384277344,9.5,10.508340835571287,7.096609592437744,0.9512165784835817,1,O
03/08/2026,DAL,Khris Middleton,27.14790344238281,10.5,11.283636093139648,7.125415325164795,0.825903058052063,1,O
03/08/2026,DAL,Daniel Gafford,18.80426025390625,7.5,7.755021572113037,6.091531753540039,0.780362069606781,1,O
03/08/2026,DAL,Cooper Flagg,33.25674819946289,17.5,22.02442741394043,8.577491760253906,0.841577410697937,1,O
03/08/2026,DAL,Brandon Williams,22.81275749206543,11.5,13.906414985656738,7.190517425537109,0.9810500741004944,1,O
03/08/2026,CLE,Sam Merrill,27.33930778503418,9.5,11.745769500732422,5.520515441894531,0.6983656287193298,1,O
03/08/2026,CLE,Keon Ellis,23.029970169067383,5.5,6.647432327270508,6.791342258453369,0.8019139170646667,1,O
03/08/2026,CLE,Jaylon Tyson,25.414587020874023,10.5,10.887463569641112,7.729372024536133,0.7780827283859253,1,O
03/08/2026,CLE,Dennis Schroder,25.635482788085938,8.5,10.362799644470217,6.31826639175415,0.7682980298995972,1,O
03/08/2026,CLE,Dean Wade,24.8396110534668,4.5,6.100742340087891,4.155946254730225,0.789855420589447,1,O
03/08/2026,CHO,Ryan Kalkbrenner,17.8942813873291,4.5,5.00499439239502,5.152192115783691,0.893981397151947,1,O
03/08/2026,CHO,Moussa Diabate,29.039819717407227,8.5,8.761575698852539,4.619911670684815,0.86189866065979,1,O
03/08/2026,CHO,Miles Bridges,31.94889259338379,14.5,15.264348983764648,3.3708720207214355,0.6192242503166199,1,O
03/08/2026,CHO,LaMelo Ball,28.554622650146484,18.5,18.54036331176757,6.192303657531738,0.7038818001747131,1,O
03/08/2026,CHO,Grant Williams,19.405223846435547,5.5,6.670045852661133,6.858559608459473,0.9402642846107484,1,O
03/08/2026,CHI,Tre Jones,28.22391128540039,12.5,12.5209379196167,5.922679424285889,0.8583806753158569,1,O
03/08/2026,CHI,Guerschon Yabusele,28.544055938720703,10.5,12.533629417419434,5.949667930603027,0.9057153463363647,1,O
03/08/2026,BOS,Sam Hauser,27.49563980102539,8.5,9.574801445007324,6.046494960784912,0.7609348893165588,1,O
03/08/2026,BOS,Neemias Queta,25.70109367370605,9.5,9.819029808044434,6.402612686157227,0.7002460956573486,1,O
03/08/2026,BOS,Luka Garza,16.71160888671875,6.5,6.886080741882324,5.850507736206055,0.8874017000198364,1,O
03/08/2026,BOS,Jaylen Brown,34.94786834716797,24.5,24.51588249206543,3.50067138671875,0.598507285118103,1,O
03/08/2026,BOS,Derrick White,34.10429382324219,15.5,17.08983039855957,0.4445931613445282,0.5165966153144836,1,O
03/08/2026,BOS,Baylor Scheierman,20.767826080322266,4.5,5.432852268218994,5.170233249664307,0.961645781993866,1,O
03/08/2026,WAS,Will Riley,24.94076156616211,13.5,12.242356300354004,5.774460792541504,0.7864197492599487,1,-
03/08/2026,WAS,Trae Young,25.614974975585938,14.5,11.332320213317873,5.889827251434326,0.6790532469749451,1,-
03/08/2026,TOR,Scottie Barnes,34.01485824584961,18.5,17.042428970336914,5.170921802520752,0.7278754115104675,1,-
03/08/2026,TOR,Sandro Mamukelashvili,19.43352699279785,9.5,9.05245590209961,7.748288154602051,0.9568099975585938,1,-
03/08/2026,TOR,RJ Barrett,31.506437301635746,19.5,18.28338432312012,4.731361389160156,0.836022675037384,1,-
03/08/2026,TOR,Jamal Shead,21.25719451904297,6.5,6.048507213592529,7.429552555084228,0.9486984610557556,1,-
03/08/2026,SAS,Victor Wembanyama,31.398496627807617,24.5,22.590547561645508,6.666809558868408,0.7685289978981018,1,-
03/08/2026,SAS,Stephon Castle,30.44550132751465,15.5,14.72248077392578,4.622459888458252,0.5970511436462402,1,-
03/08/2026,SAS,Carter Bryant,15.967923164367676,5.5,4.44138240814209,7.119645595550537,0.9090157747268676,1,-
03/08/2026,SAC,Precious Achiuwa,30.4304428100586,14.5,14.305747985839844,7.448624134063721,0.8151132464408875,1,-
03/08/2026,SAC,Nique Clifford,32.3303108215332,13.5,13.222126960754396,4.415727615356445,0.5787611603736877,1,-
03/08/2026,SAC,Maxime Raynaud,30.37248611450196,15.5,13.97551155090332,5.588413715362549,0.6720831990242004,1,-
03/08/2026,POR,Jrue Holiday,26.37042617797852,17.5,15.155930519104004,7.029870986938477,0.8989174962043762,1,-
03/08/2026,POR,Jerami Grant,32.544471740722656,19.5,18.796085357666016,4.910495758056641,0.7191203236579895,1,-
03/08/2026,POR,Deni Avdija,28.465452194213867,19.5,18.39737319946289,6.450421333312988,0.7967932224273682,1,-
03/08/2026,PHO,Jalen Green,29.333208084106445,18.5,17.603105545043945,2.9788951873779297,0.5167178511619568,1,-
03/08/2026,PHO,Devin Booker,34.11259841918945,24.5,23.614959716796875,2.7322943210601807,0.5815411806106567,1,-
03/08/2026,ORL,Paolo Banchero,35.6526985168457,21.5,21.266298294067383,2.2402329444885254,0.4224292933940887,0,-
03/08/2026,ORL,Jevon Carter,21.7837028503418,8.5,6.762750148773193,6.320577144622803,0.8404895067214966,1,-
03/08/2026,ORL,Jalen Suggs,27.24607276916504,14.5,12.331313133239746,4.866668701171875,0.6821924448013306,1,-
03/08/2026,ORL,Desmond Bane,34.87043380737305,20.5,18.730449676513672,8.836568832397461,0.7994019985198975,1,-
03/08/2026,NYK,Mitchell Robinson,18.3752384185791,5.5,4.429557800292969,4.943812370300293,0.814908504486084,1,-
03/08/2026,NYK,Karl-Anthony Towns,31.962526321411133,17.5,16.757654190063477,4.249514579772949,0.704892635345459,1,-
03/08/2026,NYK,Jalen Brunson,35.85215377807617,26.5,24.17367553710937,3.969647645950317,0.5101714730262756,1,-
03/08/2026,NOP,Dejounte Murray,26.58525657653809,16.5,11.556273460388184,5.55527400970459,0.8328384160995483,1,-
03/08/2026,MIL,Ryan Rollins,32.7841682434082,21.5,15.044156074523926,2.994038820266724,0.5306395888328552,1,-
03/08/2026,MIL,Ousmane Dieng,24.86421012878418,12.5,11.30088996887207,4.016274452209473,0.6484179496765137,1,-
03/08/2026,MIL,Myles Turner,27.43537330627441,11.5,10.589367866516112,5.161460876464844,0.8464494347572327,1,-
03/08/2026,MIL,Kyle Kuzma,23.641769409179688,14.5,11.785115242004396,4.267367362976074,0.6527528166770935,1,-
03/08/2026,MIL,Kevin Porter Jr.,29.17510414123535,15.5,15.395147323608398,2.6733434200286865,0.6864593029022217,1,-
03/08/2026,MIL,Giannis Antetokounmpo,25.9847412109375,25.5,24.340351104736328,2.207348585128784,0.5859081745147705,1,-
03/08/2026,MIL,Bobby Portis,22.668222427368164,15.5,12.848979949951172,5.683900356292725,0.7515742182731628,1,-
03/08/2026,MIA,Tyler Herro,34.2802619934082,24.5,22.531831741333008,7.460399150848389,0.8731526136398315,1,-
03/08/2026,MIA,Myron Gardner,20.99338150024414,6.5,4.456601619720459,9.45842456817627,0.9789960384368896,1,-
03/08/2026,MIA,Kel'el Ware,24.453109741210938,13.5,11.093578338623049,8.261468887329102,0.8386943340301514,1,-
03/08/2026,MIA,Davion Mitchell,30.407920837402344,8.5,8.303305625915527,4.035821914672852,0.690940260887146,1,-
03/08/2026,LAL,Marcus Smart,30.0944766998291,8.5,8.311073303222656,5.631754398345947,0.8174479603767395,1,-
03/08/2026,LAL,Luka Doncic,36.82269287109375,31.5,30.357141494750977,4.0829057693481445,0.4181393682956695,0,-
03/08/2026,LAL,LeBron James,27.751758575439453,19.5,18.57940673828125,5.86875581741333,0.6955612897872925,1,-
03/08/2026,LAL,Austin Reaves,35.37735748291016,21.5,20.259450912475582,4.713681221008301,0.5332423448562622,1,-
03/08/2026,HOU,Tari Eason,30.12299346923828,10.5,10.405174255371094,2.002847909927368,0.577263593673706,1,-
03/08/2026,HOU,Kevin Durant,37.598426818847656,24.5,23.946191787719727,2.8235831260681152,0.4914174377918243,0,-
03/08/2026,HOU,Amen Thompson,36.51458358764648,15.5,15.436702728271484,2.033963680267334,0.541155993938446,1,-
03/08/2026,DET,Marcus Sasser,22.390453338623047,9.5,6.071342468261719,5.959816932678223,0.7248830795288086,1,-
03/08/2026,DET,Isaiah Stewart,20.92510414123535,8.5,7.111059188842773,5.400475978851318,0.7170350551605225,1,-
03/08/2026,DET,Duncan Robinson,28.73564720153809,10.5,10.256844520568848,5.617266178131104,0.7687515020370483,1,-
03/08/2026,DET,Daniss Jenkins,16.88446617126465,7.5,5.342734336853027,6.075127601623535,0.7904351353645325,1,-
03/08/2026,DET,Cade Cunningham,36.7713737487793,25.5,23.37579345703125,3.746908903121948,0.6724445819854736,1,-
03/08/2026,CLE,James Harden,35.78645324707031,19.5,17.14364242553711,5.381865978240967,0.710555911064148,1,-
03/08/2026,CLE,Evan Mobley,32.49953079223633,16.5,15.72686767578125,3.0567452907562256,0.6962280869483948,1,-
03/08/2026,CLE,Donovan Mitchell,31.42100524902344,25.5,24.159255981445312,0.974653959274292,0.6537217497825623,1,-
03/08/2026,CHO,Kon Knueppel,32.214256286621094,18.5,17.998788833618164,7.046616077423096,0.7271451354026794,1,-
03/08/2026,CHO,Coby White,18.331298828125,12.5,10.22903537750244,5.911368370056152,0.7918888926506042,1,-
03/08/2026,CHO,Brandon Miller,30.0806884765625,20.5,18.525012969970703,5.103595733642578,0.7773208618164062,1,-
03/08/2026,CHI,Patrick Williams,19.801328659057617,7.5,6.785820484161377,6.252967357635498,0.930073380470276,1,-
03/08/2026,CHI,Matas Buzelis,29.1943359375,18.5,15.931285858154297,5.529743671417236,0.8638865351676941,1,-
03/08/2026,CHI,Josh Giddey,30.9466552734375,17.5,14.64643669128418,4.303509712219238,0.7734485268592834,1,-
03/08/2026,CHI,Jalen Smith,17.845136642456055,10.5,9.713258743286133,6.628795146942139,0.972525417804718,1,-
03/08/2026,CHI,Isaac Okoro,29.088258743286133,10.5,10.258198738098145,4.835419654846191,0.7731820344924927,1,-
03/08/2026,CHI,Collin Sexton,23.23138427734375,13.5,12.801846504211426,5.257021903991699,0.7379941344261169,1,-
03/08/2026,BOS,Payton Pritchard,29.08175277709961,15.5,15.142915725708008,6.166011333465576,0.7211777567863464,1,-
03/08/2026,BOS,Jayson Tatum,26.174789428710938,18.5,10.677079200744627,5.939360618591309,0.6430280804634094,1,-
03/09/2026,UTA,Svi Mykhailiuk,20.67194557189941,5.5,8.84462833404541,6.119305610656738,0.946440815925598,1,O
03/09/2026,UTA,Keyonte George,35.6378173828125,22.5,25.0637264251709,5.710568428039551,0.7176324129104614,1,O
03/09/2026,UTA,Ace Bailey,27.113689422607425,15.5,16.669599533081055,6.582006931304932,0.7070597410202026,1,O
03/09/2026,PHI,Adem Bona,26.90206718444824,7.5,9.12046718597412,3.8751630783081055,0.7312210202217102,1,O
03/09/2026,OKC,Shai Gilgeous-Alexander,36.8357048034668,32.5,32.59113311767578,5.884927272796631,0.6587740182876587,1,O
03/09/2026,OKC,Jared McCain,20.44584274291992,7.5,11.465194702148438,7.125923156738281,0.9706780910491944,1,O
03/09/2026,OKC,Isaiah Joe,28.60285186767578,13.5,15.936854362487791,4.920729160308838,0.7258018851280212,1,O
03/09/2026,OKC,Cason Wallace,30.03646278381348,9.5,11.344871520996094,5.574492931365967,0.6240867972373962,1,O
03/09/2026,NYK,Mikal Bridges,33.79054260253906,13.5,13.64858627319336,3.554838180541992,0.6263080835342407,1,O
03/09/2026,NYK,Josh Hart,30.696813583374023,10.5,11.035515785217283,3.823365688323975,0.6929717063903809,1,O
03/09/2026,LAC,Kris Dunn,29.40471649169922,6.5,7.45463228225708,5.836461544036865,0.7287795543670654,1,O
03/09/2026,LAC,Kawhi Leonard,32.302207946777344,26.5,27.727521896362305,7.606163024902344,0.7302604913711548,1,O
03/09/2026,LAC,Jordan Miller,25.44715118408203,9.5,9.53278350830078,8.312174797058105,0.8024898767471313,1,O
03/09/2026,LAC,Brook Lopez,25.966768264770508,8.5,10.285956382751465,6.892446517944336,0.7803924083709717,1,O
03/09/2026,GSW,Gary Payton II,18.35106468200684,9.5,9.742233276367188,6.8531880378723145,0.8485512137413025,1,O
03/09/2026,DEN,Jonas Valanciunas,11.89631462097168,4.5,6.351171016693115,7.221981048583984,0.9547637701034546,1,O
03/09/2026,DEN,Christian Braun,35.94415664672852,11.5,11.697918891906738,4.393863677978516,0.6716727614402771,1,O
03/09/2026,DEN,Cameron Johnson,31.252477645874023,9.5,10.448171615600586,0.8155515193939209,0.536055326461792,1,O
03/09/2026,DEN,Aaron Gordon,30.34671211242676,12.5,12.784904479980469,1.923017501831055,0.5795122385025024,1,O
03/09/2026,CLE,Sam Merrill,28.040685653686523,11.5,14.055826187133787,6.714646816253662,0.797146737575531,1,O
03/09/2026,CLE,Keon Ellis,24.0986557006836,6.5,7.572977542877197,6.909937858581543,0.7725350856781006,1,O
03/09/2026,CLE,Jaylon Tyson,25.65450668334961,11.5,14.475699424743652,6.802211761474609,0.9083725214004515,1,O
03/09/2026,CLE,Evan Mobley,33.07325744628906,16.5,19.030048370361328,3.238874912261963,0.5672246813774109,1,O
03/09/2026,CLE,Donovan Mitchell,33.48077774047852,26.5,28.58603477478028,3.4352760314941406,0.6444708704948425,1,O
03/09/2026,CLE,Dennis Schroder,24.941062927246094,9.5,11.647760391235352,6.980790615081787,0.8616504669189453,1,O
03/09/2026,CLE,Dean Wade,25.622631072998047,5.5,7.020325183868408,6.317375183105469,0.8066728115081787,1,O
03/09/2026,BRK,Drake Powell,23.491670608520508,5.5,7.411975383758545,7.061052322387695,0.7227476835250854,1,O
03/09/2026,UTA,Kyle Filipowski,30.735010147094727,15.5,13.318839073181152,3.595726490020752,0.6557425856590271,1,-
03/09/2026,UTA,Cody Williams,31.03911590576172,9.5,9.14224910736084,3.292563199996948,0.4612903594970703,0,-
03/09/2026,UTA,Brice Sensabaugh,29.87680435180664,18.5,17.325721740722656,5.5975728034973145,0.973426640033722,1,-
03/09/2026,PHI,VJ Edgecombe,29.199913024902344,18.5,16.686670303344727,2.1449170112609863,0.5445023775100708,1,-
03/09/2026,PHI,Trendon Watford,21.39039421081543,9.5,8.093618392944336,5.364626407623291,0.7512115240097046,1,-
03/09/2026,PHI,Quentin Grimes,32.701358795166016,20.5,15.040749549865724,0.439227283000946,0.4326106905937195,0,-
03/09/2026,PHI,Kelly Oubre Jr.,35.578182220458984,18.5,16.363374710083008,2.222363233566284,0.6177868247032166,1,-
03/09/2026,PHI,Jabari Walker,19.45362663269043,9.5,9.234014511108398,4.972338676452637,0.6525403261184692,1,-
03/09/2026,PHI,Dominick Barlow,28.00675201416016,9.5,9.00417423248291,3.103954076766968,0.6742231249809265,1,-
03/09/2026,PHI,Cameron Payne,24.50808906555176,11.5,9.184651374816896,4.282326698303223,0.6509644985198975,1,-
03/09/2026,PHI,Andre Drummond,18.43502426147461,6.5,5.017587184906006,4.584892749786377,0.5919524431228638,1,-
03/09/2026,OKC,Luguentz Dort,31.922945022583008,10.5,9.95346736907959,5.282776355743408,0.6078583002090454,1,-
03/09/2026,OKC,Chet Holmgren,26.059415817260746,17.5,15.998303413391112,3.664705514907837,0.653780996799469,1,-
03/09/2026,NYK,OG Anunoby,34.83234024047852,16.5,16.277612686157227,4.7360920906066895,0.7568856477737427,1,-
03/09/2026,NYK,Mohamed Diawara,13.675490379333496,5.5,4.052803039550781,6.484786510467529,0.7576796412467957,1,-
03/09/2026,NYK,Landry Shamet,22.336090087890625,9.5,9.343100547790527,7.270261764526367,0.8894321918487549,1,-
03/09/2026,NYK,Karl-Anthony Towns,31.75777816772461,19.5,17.038379669189453,6.237582206726074,0.6997137665748596,1,-
03/09/2026,NYK,Jose Alvarado,17.95039939880371,4.5,4.433157444000244,6.816378116607666,0.7654513716697693,1,-
03/09/2026,NYK,Jalen Brunson,36.29265975952149,24.5,23.21972274780273,4.461609363555908,0.4607069790363312,0,-
03/09/2026,MEM,Olivier-Maxence Prosper,27.157615661621094,15.5,12.579920768737791,4.524499416351318,0.6403005123138428,1,-
03/09/2026,MEM,Jaylen Wells,28.544607162475582,16.5,13.57362174987793,3.541323184967041,0.6349111199378967,1,-
03/09/2026,MEM,Cam Spencer,29.781635284423828,13.5,12.833070755004885,5.263141632080078,0.6220451593399048,1,-
03/09/2026,LAC,Isaiah Jackson,17.94614028930664,6.5,5.822218418121338,7.628227710723877,0.771956205368042,1,-
03/09/2026,LAC,Derrick Jones Jr.,29.31963157653809,11.5,10.820295333862305,6.157923698425293,0.8492075800895691,1,-
03/09/2026,LAC,Darius Garland,26.10683250427246,15.5,11.126875877380373,8.321737289428711,0.7738863825798035,1,-
03/09/2026,LAC,Bennedict Mathurin,24.435869216918945,16.5,14.431238174438477,7.221243858337402,0.7534427046775818,1,-
03/09/2026,GSW,Quinten Post,23.28851318359375,10.5,9.027780532836914,6.668057441711426,0.8280537724494934,1,-
03/09/2026,GSW,Pat Spencer,21.25236701965332,9.5,6.958374500274658,4.237131595611572,0.7472099661827087,1,-
03/09/2026,GSW,Gui Santos,29.64340782165528,15.5,14.649250030517578,7.1905598640441895,0.8851243853569031,1,-
03/09/2026,GSW,Draymond Green,30.572723388671875,9.5,8.883822441101074,4.865518569946289,0.8367499113082886,1,-
03/09/2026,GSW,De'Anthony Melton,25.7375431060791,18.5,16.480194091796875,8.086414337158203,0.8259463906288147,1,-
03/09/2026,GSW,Brandin Podziemski,33.81105422973633,18.5,17.494163513183594,5.647880554199219,0.7309165596961975,1,-
03/09/2026,DEN,Nikola Jokic,36.9185905456543,26.5,24.64176177978516,4.43313455581665,0.56321120262146,1,-
03/09/2026,DEN,Jamal Murray,36.80856704711914,22.5,20.270065307617188,6.162316799163818,0.683544933795929,1,-
03/09/2026,DEN,Bruce Brown,25.009662628173828,6.5,6.403117656707764,4.718134880065918,0.7672017812728882,1,-
03/09/2026,CLE,James Harden,35.88394546508789,20.5,18.98179626464844,5.700638771057129,0.6454924941062927,1,-
03/09/2026,BRK,Ziaire Williams,24.292131423950195,11.5,11.430500984191896,7.689847946166992,0.7675683498382568,1,-
03/09/2026,BRK,Terance Mann,22.822378158569336,8.5,6.748903274536133,4.976767063140869,0.7887606024742126,1,-
03/09/2026,BRK,Ochai Agbaji,17.493118286132812,6.5,5.5666327476501465,7.796415328979492,0.8232059478759766,1,-
03/09/2026,BRK,Nolan Traore,26.58047676086425,12.5,11.468823432922363,7.6149582862854,0.8138195872306824,1,-
03/09/2026,BRK,Noah Clowney,29.84269523620605,15.5,14.32618236541748,9.221251487731934,0.7715027332305908,1,-
03/09/2026,BRK,Day'Ron Sharpe,18.542360305786133,10.5,9.828742027282717,6.729850769042969,0.892662525177002,1,-
03/09/2026,BRK,Danny Wolf,25.61285400390625,13.5,10.601548194885254,5.714807033538818,0.7768831253051758,1,-
03/09/2026,BRK,Ben Saraf,18.551254272460938,5.5,4.802831649780273,6.244885444641113,0.8314757943153381,1,-
03/10/2026,WAS,Tre Johnson,27.198843002319336,13.5,14.189253807067873,6.211065769195557,0.8440605401992798,1,O
03/10/2026,TOR,Sandro Mamukelashvili,28.09674453735352,11.5,12.19484519958496,6.73493242263794,0.940528392791748,1,O
03/10/2026,TOR,Jamal Shead,20.94725799560547,5.5,5.812994956970215,6.231457233428955,0.8976280689239502,1,O
03/10/2026,TOR,Jakob Poeltl,25.53820037841797,10.5,10.726093292236328,3.90358829498291,0.7292906641960144,1,O
03/10/2026,TOR,Immanuel Quickley,33.2035026550293,15.5,16.512052536010742,5.224408149719238,0.7219285368919373,1,O
03/10/2026,TOR,Brandon Ingram,34.67778396606445,19.5,22.319700241088867,2.6329519748687744,0.5372143983840942,1,O
03/10/2026,SAS,Keldon Johnson,22.06602478027344,10.5,11.475028038024902,8.895411491394043,0.9381510615348816,1,O
03/10/2026,SAS,Julian Champagnie,29.03862762451172,9.5,10.554594039916992,7.010663032531738,0.7651082873344421,1,O
03/10/2026,SAS,Dylan Harper,22.24087142944336,9.5,10.242640495300291,6.185905456542969,0.8208656311035156,1,O
03/10/2026,SAS,De'Aaron Fox,31.489049911499023,16.5,17.657203674316406,2.1624670028686523,0.6640607118606567,1,O
03/10/2026,SAC,DeMar DeRozan,32.296512603759766,16.5,19.271350860595703,6.113397598266602,0.8953209519386292,1,O
03/10/2026,POR,Vit Krejci,21.82876777648925,6.5,6.659391403198242,5.275213241577148,0.8763547539710999,1,O
03/10/2026,POR,Toumani Camara,33.818443298339844,11.5,12.643198013305664,5.004213809967041,0.6514533758163452,1,O
03/10/2026,POR,Robert Williams,19.037580490112305,6.5,8.233691215515137,6.199543952941895,0.8641140460968018,1,O
03/10/2026,POR,Jerami Grant,32.72276306152344,18.5,19.0059757232666,4.876525402069092,0.7235633134841919,1,O
03/10/2026,POR,Donovan Clingan,26.6107120513916,10.5,11.159635543823242,7.806596755981445,0.7343178987503052,1,O
03/10/2026,PHO,Royce O'Neale,30.40701484680176,8.5,9.45009994506836,4.52829122543335,0.8603994250297546,1,O
03/10/2026,PHO,Oso Ighodaro,27.85996055603028,8.5,8.565190315246582,4.898489475250244,0.9083333015441896,1,O
03/10/2026,PHO,Jalen Green,29.74767303466797,18.5,19.60721206665039,5.469851970672607,0.7371354103088379,1,O
03/10/2026,PHO,Grayson Allen,28.10661125183105,16.5,19.31382179260254,6.280408382415772,0.7616498470306396,1,O
03/10/2026,PHO,Devin Booker,34.54478454589844,26.5,26.607580184936523,2.627586126327514,0.6058011054992676,1,O
03/10/2026,PHO,Collin Gillespie,30.87002182006836,13.5,15.471883773803713,5.829674243927002,0.9121803641319276,1,O
03/10/2026,PHI,Adem Bona,26.32266426086425,8.5,9.246402740478516,5.493049621582031,0.7561526894569397,1,O
03/10/2026,MIN,Rudy Gobert,32.08414840698242,10.5,10.55955696105957,4.142771720886231,0.6898272633552551,1,O
03/10/2026,MIN,Naz Reid,25.263784408569336,11.5,12.264155387878418,5.07579517364502,0.8805693984031677,1,O
03/10/2026,MIN,Julius Randle,33.587669372558594,18.5,19.98249053955078,3.84518313407898,0.5909870266914368,1,O
03/10/2026,MIN,Donte DiVincenzo,31.16106033325196,10.5,11.33037567138672,4.206038475036621,0.6952789425849915,1,O
03/10/2026,MIN,Anthony Edwards,35.74385070800781,28.5,30.643007278442383,6.572527885437012,0.7461269497871399,1,O
03/10/2026,MIL,Bobby Portis,23.433319091796875,11.5,12.57542610168457,6.223493099212647,1.0674011707305908,1,O
03/10/2026,MIA,Pelle Larsson,30.73476791381836,13.5,14.378259658813477,6.26881217956543,0.7621936798095703,1,O
03/10/2026,MIA,Kel'el Ware,24.86294937133789,13.5,13.577019691467283,7.10298490524292,0.8398066759109497,1,O
03/10/2026,MEM,Taylor Hendricks,27.219263076782227,8.5,10.681833267211914,6.909129142761231,0.8355074524879456,1,O
03/10/2026,MEM,Olivier-Maxence Prosper,26.22894287109375,10.5,11.285454750061035,6.160057067871094,0.7060747742652893,1,O
03/10/2026,MEM,Cedric Coward,24.97482109069824,11.5,11.868454933166504,5.994598388671875,0.7800557017326355,1,O
03/10/2026,MEM,Cam Spencer,22.248985290527344,9.5,9.691617012023926,6.213118076324463,0.7825060486793518,1,O
03/10/2026,LAL,Rui Hachimura,31.63728904724121,10.5,11.230356216430664,3.4474966526031494,0.7439379096031189,1,O
03/10/2026,LAL,Marcus Smart,30.10798454284668,8.5,8.507200241088867,3.8683652877807617,0.7070914506912231,1,O
03/10/2026,LAL,Luke Kennard,24.04819107055664,9.5,10.833379745483398,6.155951023101807,0.885327935218811,1,O
03/10/2026,LAL,LeBron James,27.79805374145508,18.5,19.69639778137207,4.482911109924316,0.7133159041404724,1,O
03/10/2026,LAL,Jaxson Hayes,19.432741165161133,5.5,8.193950653076172,6.065131187438965,1.0039570331573486,1,O
03/10/2026,LAL,Jake LaRavia,19.68581771850586,5.5,5.647397518157959,3.544819593429565,0.8169856667518616,1,O
03/10/2026,LAL,Deandre Ayton,27.3137264251709,8.5,9.415525436401367,3.917664051055908,0.7347474694252014,1,O
03/10/2026,IND,Obi Toppin,25.938196182250977,6.5,7.872466087341309,5.053930759429932,0.632977306842804,1,O
03/10/2026,IND,Jay Huff,26.69614028930664,13.5,13.755611419677734,5.551859855651856,0.6887742877006531,1,O
03/10/2026,IND,Aaron Nesmith,29.35951232910156,12.5,12.603551864624023,3.3275704383850098,0.5864894986152649,1,O
03/10/2026,HOU,Reed Sheppard,28.593032836914062,14.5,15.424216270446776,7.643662452697754,0.8255661725997925,1,O
03/10/2026,HOU,Kevin Durant,37.43619155883789,24.5,25.35761833190918,6.467677116394043,0.7540051937103271,1,O
03/10/2026,HOU,Jabari Smith Jr.,34.47597885131836,13.5,14.341339111328123,5.164273738861084,0.7308839559555054,1,O
03/10/2026,HOU,Amen Thompson,37.30294036865234,16.5,17.50371742248535,3.456372737884521,0.721572995185852,1,O
03/10/2026,HOU,Alperen Sengun,33.44890213012695,18.5,18.503925323486328,3.713610887527466,0.7152528166770935,1,O
03/10/2026,GSW,Gui Santos,29.721630096435547,15.5,16.290842056274414,6.37762975692749,0.8525838255882263,1,O
03/10/2026,GSW,Draymond Green,30.697572708129883,9.5,9.680892944335938,6.0311598777771,0.8043156862258911,1,O
03/10/2026,GSW,De'Anthony Melton,22.983015060424805,14.5,15.757715225219728,7.188169956207275,0.8501077890396118,1,O
03/10/2026,GSW,Al Horford,27.57963752746582,11.5,11.767053604125977,5.613661289215088,0.7959118485450745,1,O
03/10/2026,DET,Tobias Harris,31.54454803466797,12.5,13.55933952331543,4.172282695770264,0.5979543924331665,1,O
03/10/2026,DET,Jalen Duren,29.131977081298828,18.5,19.12214088439941,6.657825469970703,0.7221724390983582,1,O
03/10/2026,DET,Isaiah Stewart,22.4771671295166,8.5,10.35321044921875,5.035058498382568,0.7976922392845154,1,O
03/10/2026,DET,Duncan Robinson,28.44063949584961,10.5,10.920273780822754,3.818007469177246,0.7231096625328064,1,O
03/10/2026,DAL,Naji Marshall,30.133621215820312,13.5,14.690465927124023,7.481661319732666,0.9920767545700072,1,O
03/10/2026,DAL,Max Christie,30.374832153320312,11.5,12.868356704711914,5.081793308258057,0.6921793818473816,1,O
03/10/2026,DAL,Klay Thompson,20.72377586364746,9.5,10.39926528930664,6.907285690307617,0.9014714956283568,1,O
03/10/2026,DAL,Khris Middleton,22.81705665588379,8.5,10.565560340881348,5.874870777130127,0.875706136226654,1,O
03/10/2026,DAL,Daniel Gafford,19.408334732055664,8.5,9.53547191619873,4.7706146240234375,0.8406296372413635,1,O
03/10/2026,DAL,Brandon Williams,22.13036346435547,11.5,13.320798873901367,6.969868183135986,1.0457425117492676,1,O
03/10/2026,CHO,Ryan Kalkbrenner,17.810504913330078,5.5,6.323025226593018,6.230910778045654,0.9475405812263488,1,O
03/10/2026,CHO,Moussa Diabate,29.463171005249023,9.5,9.500154495239258,5.23762321472168,0.8270638585090637,1,O
03/10/2026,CHO,Miles Bridges,31.23229217529297,14.5,15.460951805114746,3.4032962322235107,0.5466675758361816,1,O
03/10/2026,CHO,Grant Williams,19.422178268432617,6.5,7.925065517425537,5.706103801727295,0.8299874663352966,1,O
03/10/2026,CHI,Jalen Smith,25.90011405944824,11.5,12.006699562072754,5.258355140686035,0.9543787240982056,1,O
03/10/2026,CHI,Guerschon Yabusele,28.88710594177246,11.5,11.86248779296875,4.829838275909424,0.8420872092247009,1,O
03/10/2026,CHI,Collin Sexton,23.73151969909668,15.5,17.68018341064453,6.644407749176025,0.7548509240150452,1,O
03/10/2026,BRK,Noah Clowney,30.127710342407227,11.5,12.47509479522705,4.511580467224121,0.6884065270423889,1,O
03/10/2026,BRK,Michael Porter Jr.,32.80465316772461,22.5,24.059024810791016,4.412197589874268,0.8611441254615784,1,O
03/10/2026,BRK,Drake Powell,25.18328285217285,6.5,7.2639970779418945,2.35571837425232,0.6383494138717651,1,O
03/10/2026,BOS,Sam Hauser,27.1495418548584,9.5,9.913561820983888,6.230663776397705,0.7737892270088196,1,O
03/10/2026,BOS,Neemias Queta,25.84271049499512,9.5,9.916693687438965,5.393183708190918,0.6989973783493042,1,O
03/10/2026,BOS,Luka Garza,16.76161003112793,6.5,6.652244091033936,5.620380878448486,0.932603359222412,1,O
03/10/2026,ATL,Onyeka Okongwu,31.450279235839844,15.5,15.578778266906738,2.11159348487854,0.7557583451271057,1,O
03/10/2026,ATL,Corey Kispert,20.33116340637207,8.5,9.902036666870115,5.537755012512207,0.8505441546440125,1,O
03/10/2026,WAS,Will Riley,28.24009132385254,13.5,12.85532283782959,6.833752632141113,0.8106997609138489,1,-
03/10/2026,WAS,Trae Young,16.893226623535156,14.5,7.292903900146484,5.900859832763672,0.772907555103302,1,-
03/10/2026,WAS,Jaden Hardy,19.412803649902344,11.5,9.111669540405272,5.998439788818359,0.8568745851516724,1,-
03/10/2026,WAS,Bilal Coulibaly,28.43854141235352,11.5,11.334715843200684,5.527785301208496,0.6731072664260864,1,-
03/10/2026,TOR,Scottie Barnes,35.00678253173828,16.5,16.599628448486328,2.3716342449188232,0.4871046841144562,0,-
03/10/2026,TOR,RJ Barrett,32.391475677490234,18.5,17.750286102294922,6.5216169357299805,0.8071738481521606,1,-
03/10/2026,TOR,Ja'Kobe Walter,20.864017486572266,6.5,5.99420690536499,5.776683330535889,0.9192572832107544,1,-
03/10/2026,SAS,Victor Wembanyama,30.333250045776367,24.5,21.59903717041016,5.465595245361328,0.7786878943443298,1,-
03/10/2026,SAS,Stephon Castle,30.451095581054688,15.5,13.516768455505373,2.9836792945861816,0.5595223307609558,1,-
03/10/2026,SAS,Devin Vassell,30.929563522338867,13.5,11.54953956604004,5.266216278076172,0.6792380213737488,1,-
03/10/2026,SAS,Carter Bryant,14.373088836669922,5.5,3.689440488815308,6.8952484130859375,0.8686591386795044,1,-
03/10/2026,SAC,Russell Westbrook,31.80708694458008,17.5,15.898847579956056,7.8943328857421875,0.8973935842514038,1,-
03/10/2026,SAC,Precious Achiuwa,31.391765594482425,14.5,12.473027229309082,7.697104454040527,0.7157288193702698,1,-
03/10/2026,SAC,Nique Clifford,30.64371490478516,12.5,10.453680038452148,4.522919654846191,0.7443665862083435,1,-
03/10/2026,SAC,Maxime Raynaud,30.11373519897461,15.5,13.648529052734377,5.837334156036377,0.8286033868789673,1,-
03/10/2026,SAC,Malik Monk,24.44796562194824,15.5,13.253334999084473,8.42440414428711,1.0428873300552368,1,-
03/10/2026,POR,Scoot Henderson,22.917030334472656,11.5,10.856304168701172,4.683021068572998,0.7714494466781616,1,-
03/10/2026,POR,Jrue Holiday,30.43497467041016,16.5,15.979618072509766,7.0422868728637695,0.881985604763031,1,-
03/10/2026,POR,Deni Avdija,28.807241439819336,19.5,19.21224975585937,5.559906005859375,0.690308153629303,1,-
03/10/2026,PHI,VJ Edgecombe,33.60689926147461,19.5,18.759313583374023,5.711352348327637,0.7653880715370178,1,-
03/10/2026,PHI,Trendon Watford,19.82403945922852,8.5,7.454356670379639,5.905588150024414,0.9099380373954772,1,-
03/10/2026,PHI,Quentin Grimes,32.73956298828125,19.5,16.160812377929688,4.966042995452881,0.6562697887420654,1,-
03/10/2026,PHI,Kelly Oubre Jr.,33.536415100097656,18.5,16.468236923217773,3.5975430011749268,0.7905977964401245,1,-
03/10/2026,PHI,Dominick Barlow,27.05796241760254,9.5,8.773578643798828,4.267356395721436,0.7193401455879211,1,-
03/10/2026,PHI,Cameron Payne,16.01476287841797,10.5,6.159428596496582,5.907740592956543,0.8293679356575012,1,-
03/10/2026,PHI,Andre Drummond,18.063018798828125,6.5,5.016919136047363,3.9892327785491934,0.752722442150116,1,-
03/10/2026,MIN,Jaden McDaniels,32.5001335144043,13.5,13.307168006896973,4.910317420959473,0.7715761065483093,1,-
03/10/2026,MIN,Ayo Dosunmu,24.609832763671875,10.5,9.985909461975098,4.359650135040283,0.8172645568847656,1,-
03/10/2026,MIL,Ryan Rollins,31.76158142089844,16.5,14.458772659301758,2.295684337615967,0.7219573259353638,1,-
03/10/2026,MIL,Ousmane Dieng,26.29277229309082,9.5,8.849590301513672,4.418919086456299,0.7415869235992432,1,-
03/10/2026,MIL,Myles Turner,27.098819732666016,10.5,9.119170188903809,5.873766899108887,0.8908685445785522,1,-
03/10/2026,MIL,Kyle Kuzma,27.84406471252441,12.5,11.453520774841309,3.9162747859954834,0.8235443234443665,1,-
03/10/2026,MIL,Giannis Antetokounmpo,29.81403350830078,26.5,25.0922908782959,2.335091590881348,0.6653848886489868,1,-
03/10/2026,MIA,Tyler Herro,30.044307708740234,25.5,24.07590103149414,8.345324516296387,0.9597733020782472,1,-
03/10/2026,MIA,Myron Gardner,21.979644775390625,8.5,6.861099243164063,6.300848007202148,0.7522558569908142,1,-
03/10/2026,MIA,Jaime Jaquez Jr.,30.49514961242676,18.5,18.025495529174805,7.627182960510254,0.9555153846740724,1,-
03/10/2026,MIA,Davion Mitchell,30.24496459960937,9.5,9.187745094299316,4.551514625549316,0.8302335143089294,1,-
03/10/2026,MIA,Bam Adebayo,33.36481475830078,23.5,22.59203338623047,6.8292236328125,0.86446613073349,1,-
03/10/2026,MEM,Ty Jerome,23.657678604125977,17.5,16.490034103393555,7.532390117645264,0.8717095851898193,1,-
03/10/2026,MEM,Scotty Pippen Jr.,20.735654830932617,11.5,10.45411491394043,6.9227495193481445,0.8214889168739319,1,-
03/10/2026,MEM,Jaylen Wells,26.96624565124512,13.5,13.11778736114502,5.927119731903076,0.75440514087677,1,-
03/10/2026,LAL,Luka Doncic,36.81669235229492,33.5,32.085914611816406,3.5913727283477783,0.5611594319343567,1,-
03/10/2026,LAL,Jarred Vanderbilt,16.5437068939209,3.5,2.942203521728516,3.489640712738037,0.7434911131858826,1,-
03/10/2026,LAL,Austin Reaves,35.72076797485352,21.5,23.539291381835938,3.716683864593506,0.4484984278678894,0,-
03/10/2026,IND,Kam Jones,25.74897575378418,9.5,8.311962127685547,4.661801815032959,0.660800039768219,1,-
03/10/2026,IND,Jarace Walker,29.691686630249023,17.5,15.495136260986328,5.198811054229736,0.8489526510238647,1,-
03/10/2026,IND,Ben Sheppard,22.21682357788086,9.5,7.134470939636231,4.456801414489746,0.7299557328224182,1,-
03/10/2026,HOU,Tari Eason,29.20474624633789,10.5,10.162532806396484,3.2843828201293945,0.7604079246520996,1,-
03/10/2026,HOU,Dorian Finney-Smith,20.62006378173828,4.5,4.322179794311523,6.53701639175415,0.8414171934127808,1,-
03/10/2026,HOU,Clint Capela,15.288469314575195,3.5,2.9241714477539062,6.41238260269165,0.9306157231330872,1,-
03/10/2026,GSW,Will Richard,23.62616539001465,9.5,8.621084213256836,4.967258453369141,0.709753692150116,1,-
03/10/2026,GSW,Pat Spencer,19.05925178527832,8.5,6.03743314743042,4.830215930938721,0.7425267696380615,1,-
03/10/2026,GSW,Kristaps Porzingis,12.710466384887695,16.5,4.548651695251465,5.113528728485107,0.6606073379516602,1,-
03/10/2026,GSW,Gary Payton II,17.9244384765625,9.5,8.759490013122559,8.791679382324219,0.8047525882720947,1,-
03/10/2026,GSW,Brandin Podziemski,33.4593391418457,17.5,16.224699020385742,4.9447832107543945,0.6773792505264282,1,-
03/10/2026,DET,Marcus Sasser,23.651796340942383,8.5,6.974164009094238,4.636206150054932,0.6878828406333923,1,-
03/10/2026,DET,Kevin Huerter,18.81502342224121,7.5,6.79127311706543,5.5599541664123535,0.7387383580207825,1,-
03/10/2026,DET,Cade Cunningham,35.84101867675781,24.5,23.242891311645508,1.4873560667037964,0.6693679094314575,1,-
03/10/2026,DAL,P.J. Washington,31.895973205566406,12.5,12.130953788757324,3.7078819274902335,0.7324461340904236,1,-
03/10/2026,DAL,Cooper Flagg,32.11481475830078,21.5,20.37531471252441,6.333003520965576,0.7783468961715698,1,-
03/10/2026,CHO,LaMelo Ball,29.1483211517334,20.5,19.44377899169922,4.895601749420166,0.8139322400093079,1,-
03/10/2026,CHO,Kon Knueppel,32.05854415893555,19.5,18.37458610534668,6.614612579345703,0.7308571338653564,1,-
03/10/2026,CHO,Brandon Miller,30.9721736907959,21.5,20.034500122070312,5.35893440246582,0.7433499097824097,1,-
03/10/2026,CHI,Tre Jones,26.37681007385254,13.5,12.56968879699707,5.838563442230225,0.838807225227356,1,-
03/10/2026,CHI,Rob Dillingham,20.497276306152344,8.5,6.513926982879639,5.5735039710998535,0.8614441752433777,1,-
03/10/2026,CHI,Nick Richards,23.8640193939209,10.5,9.793766975402832,5.29417896270752,0.8014996647834778,1,-
03/10/2026,CHI,Matas Buzelis,29.352367401123047,18.5,17.1949520111084,4.700506687164307,0.8594274520874023,1,-
03/10/2026,CHI,Josh Giddey,32.594974517822266,18.5,16.32621192932129,4.534663677215576,0.6804237365722656,1,-
03/10/2026,CHI,Isaac Okoro,26.3839168548584,10.5,8.334673881530762,4.599992752075195,0.6823652982711792,1,-
03/10/2026,BRK,Nolan Traore,27.6973819732666,10.5,9.782477378845217,6.172791004180908,0.8375939726829529,1,-
03/10/2026,BRK,Danny Wolf,20.04185676574707,8.5,8.109700202941895,4.981537342071533,0.8714637160301208,1,-
03/10/2026,BOS,Jayson Tatum,29.625991821289062,19.5,12.410412788391112,3.894023895263672,0.599780797958374,1,-
03/10/2026,BOS,Jaylen Brown,35.53432083129883,25.5,25.700550079345703,2.223546266555786,0.4842320084571838,0,-
03/10/2026,BOS,Derrick White,34.43160629272461,16.5,16.165929794311523,1.133822679519653,0.3775421380996704,0,-
03/10/2026,BOS,Baylor Scheierman,21.51459503173828,7.5,5.769441604614258,8.083182334899902,0.9436661005020142,1,-
03/10/2026,ATL,Zaccharie Risacher,22.205467224121094,9.5,8.629711151123047,6.35187578201294,0.748440682888031,1,-
03/10/2026,ATL,Nickeil Alexander-Walker,32.67108154296875,18.5,17.997722625732422,5.4233808517456055,0.7068356871604919,1,-
03/10/2026,ATL,Jonathan Kuminga,21.430423736572266,13.5,9.76841640472412,5.444260597229004,0.7698127031326294,1,-
03/10/2026,ATL,Jock Landale,18.788589477539062,9.5,9.035078048706056,6.464315891265869,0.8120842576026917,1,-
03/10/2026,ATL,Jalen Johnson,34.556190490722656,24.5,22.61196517944336,3.8001821041107178,0.5753189325332642,1,-
03/10/2026,ATL,Dyson Daniels,33.13544464111328,11.5,10.760197639465332,4.869562149047852,0.5928218960762024,1,-
03/10/2026,ATL,CJ McCollum,30.24427032470703,18.5,17.822492599487305,6.094249248504639,0.8494299650192261,1,-
03/11/2026,UTA,Kyle Filipowski,27.701078414916992,12.5,13.287616729736328,6.101466178894043,0.6954100728034973,1,O
03/11/2026,UTA,Keyonte George,32.4622917175293,20.5,23.8684139251709,5.708208084106445,0.7275257706642151,1,O
03/11/2026,UTA,Kevin Love,16.562971115112305,4.5,5.363995552062988,7.213044166564941,0.8548054695129395,1,O
03/11/2026,UTA,Isaiah Collier,23.814905166625977,11.5,11.504512786865234,6.884697914123535,0.8790051937103271,1,O
03/11/2026,TOR,Ja'Kobe Walter,19.855865478515625,6.5,7.171955585479736,7.499700546264648,0.8334251046180725,1,O
03/11/2026,TOR,Immanuel Quickley,32.15289688110352,16.5,17.49391746520996,7.04294490814209,0.7676842212677002,1,O
03/11/2026,SAC,Russell Westbrook,28.3897647857666,16.5,16.73836326599121,5.726391315460205,0.8035567402839661,1,O
03/11/2026,SAC,DeMar DeRozan,32.30398178100586,16.5,17.62158966064453,4.762394428253174,0.7901293635368347,1,O
03/11/2026,ORL,Wendell Carter Jr.,29.336549758911133,9.5,10.264893531799316,5.333343029022217,0.7129840850830078,1,O
03/11/2026,ORL,Paolo Banchero,35.508033752441406,23.5,23.74759864807129,3.797893524169922,0.6651286482810974,1,O
03/11/2026,ORL,Desmond Bane,34.77499008178711,20.5,21.01966667175293,5.800153732299805,0.7997956871986389,1,O
03/11/2026,NYK,OG Anunoby,35.28577423095703,17.5,19.46247100830078,4.5197296142578125,0.6693860292434692,1,O
03/11/2026,NYK,Landry Shamet,27.316017150878903,12.5,12.660577774047852,8.229436874389648,0.8552590012550354,1,O
03/11/2026,NYK,Karl-Anthony Towns,32.52042770385742,20.5,21.53951072692871,7.065206527709961,0.703122615814209,1,O
03/11/2026,NYK,Josh Hart,28.747596740722656,11.5,11.538518905639648,4.002017021179199,0.7040274143218994,1,O
03/11/2026,NOP,Jeremiah Fears,23.481306076049805,10.5,11.41617202758789,5.665481090545654,1.0097709894180298,1,O
03/11/2026,NOP,Herbert Jones,29.38573455810547,8.5,8.860527992248535,4.573704719543457,0.6892868876457214,1,O
03/11/2026,NOP,Derik Queen,23.56827735900879,8.5,10.685287475585938,7.948371410369873,0.9323743581771852,1,O
03/11/2026,MIN,Rudy Gobert,31.572134017944336,9.5,9.747259140014648,4.744452476501465,0.7178072333335876,1,O
03/11/2026,MIN,Naz Reid,25.367202758789062,11.5,11.914386749267578,6.124411582946777,0.7992699146270752,1,O
03/11/2026,MIN,Donte DiVincenzo,31.052928924560547,10.5,10.88727569580078,3.5669023990631104,0.7741913199424744,1,O
03/11/2026,MIN,Anthony Edwards,35.86042404174805,27.5,28.68431663513184,7.351047992706299,0.7625659704208374,1,O
03/11/2026,LAC,Kris Dunn,29.36324119567871,6.5,6.96640157699585,4.62462043762207,0.6792951226234436,1,O
03/11/2026,LAC,Kawhi Leonard,32.87236404418945,28.5,29.628076553344727,6.647585391998291,0.7099623084068298,1,O
03/11/2026,LAC,Isaiah Jackson,18.55355834960937,5.5,5.75775671005249,6.689876079559326,0.7503244280815125,1,O
03/11/2026,LAC,Derrick Jones Jr.,30.093652725219727,11.5,12.712449073791504,6.403911113739014,0.9181210398674012,1,O
03/11/2026,LAC,Brook Lopez,26.236347198486328,9.5,11.06794548034668,5.920390129089356,0.6832800507545471,1,O
03/11/2026,LAC,Bennedict Mathurin,27.006202697753903,17.5,19.57627868652344,6.404601573944092,0.760195791721344,1,O
03/11/2026,HOU,Reed Sheppard,27.496471405029297,14.5,16.07514762878418,7.127100467681885,0.8775379061698914,1,O
03/11/2026,HOU,Kevin Durant,37.47410202026367,24.5,24.575109481811523,2.9090754985809326,0.6410204172134399,1,O
03/11/2026,HOU,Jabari Smith Jr.,35.41575241088867,13.5,16.12529182434082,2.666911602020264,0.7278497815132141,1,O
03/11/2026,HOU,Amen Thompson,37.23123550415039,16.5,17.986013412475586,1.5067311525344849,0.7334689497947693,1,O
03/11/2026,HOU,Alperen Sengun,33.09836196899414,17.5,17.802997589111328,2.5489702224731445,0.5805837512016296,1,O
03/11/2026,DEN,Tim Hardaway Jr.,27.4639835357666,10.5,11.622666358947754,6.809277534484863,0.924808144569397,1,O
03/11/2026,DEN,Jamal Murray,36.45566177368164,22.5,24.00263023376465,8.64047908782959,0.7034059762954712,1,O
03/11/2026,DEN,Cameron Johnson,30.57334327697754,8.5,9.149539947509766,3.3715128898620605,0.6182488203048706,1,O
03/11/2026,DEN,Aaron Gordon,31.35346031188965,14.5,15.015864372253418,3.987416505813599,0.6602307558059692,1,O
03/11/2026,CLE,Sam Merrill,27.298402786254883,9.5,10.856521606445312,5.854692459106445,0.6700040698051453,1,O
03/11/2026,CLE,Keon Ellis,24.6081771850586,5.5,8.153718948364258,7.066081523895264,0.7867055535316467,1,O
03/11/2026,CLE,Jaylon Tyson,24.66258430480957,9.5,12.05320167541504,7.516658782958984,0.92629873752594,1,O
03/11/2026,CLE,James Harden,35.58397674560547,19.5,19.74405860900879,4.641085147857666,0.6622699499130249,1,O
03/11/2026,CLE,Evan Mobley,32.697200775146484,15.5,17.33917808532715,3.9874868392944336,0.6665513515472412,1,O
03/11/2026,CLE,Donovan Mitchell,33.253177642822266,28.5,28.818058013916016,5.260787963867188,0.562332272529602,1,O
03/11/2026,CLE,Dennis Schroder,24.9335880279541,8.5,8.966567993164062,6.680084228515625,0.7765240669250488,1,O
03/11/2026,CLE,Dean Wade,25.530168533325195,4.5,6.672667503356934,5.620768070220947,0.7322729229927063,1,O
03/11/2026,CHO,Ryan Kalkbrenner,18.30165100097656,6.5,6.776888847351074,6.586666107177734,0.8369618654251099,1,O
03/11/2026,CHO,Miles Bridges,32.191184997558594,15.5,16.55951499938965,3.86462140083313,0.5847024321556091,1,O
03/11/2026,CHO,LaMelo Ball,29.09244155883789,19.5,21.72681999206543,5.342597007751465,0.7537919282913208,1,O
03/11/2026,UTA,Cody Williams,31.1704330444336,8.5,8.158552169799805,4.365564346313477,0.6027539372444153,1,-
03/11/2026,UTA,Brice Sensabaugh,27.47749328613281,16.5,14.429238319396973,7.713789939880371,0.8529371619224548,1,-
03/11/2026,UTA,Ace Bailey,29.80984878540039,14.5,13.886837005615234,5.09542989730835,0.7624510526657104,1,-
03/11/2026,TOR,Scottie Barnes,34.05463409423828,18.5,17.550556182861328,4.005955219268799,0.5144299864768982,1,-
03/11/2026,TOR,RJ Barrett,30.817663192749023,20.5,18.8941593170166,6.062997341156006,0.6769156455993652,1,-
03/11/2026,TOR,Jakob Poeltl,27.39542388916016,11.5,11.234601974487305,4.780525207519531,0.617354691028595,1,-
03/11/2026,TOR,Brandon Ingram,33.64925765991211,22.5,20.990966796875,5.764104843139648,0.613224983215332,1,-
03/11/2026,SAC,Precious Achiuwa,30.514848709106445,13.5,11.534872055053713,7.133759021759033,0.6975623369216919,1,-
03/11/2026,SAC,Nique Clifford,31.51338768005371,14.5,11.233235359191896,2.9066011905670166,0.5561752915382385,1,-
03/11/2026,SAC,Maxime Raynaud,30.980693817138672,15.5,15.473309516906738,4.832968235015869,0.7720780372619629,1,-
03/11/2026,SAC,Drew Eubanks,15.382261276245115,6.5,5.527965545654297,5.621339321136475,0.8161367774009705,1,-
03/11/2026,SAC,Doug McDermott,13.78790283203125,6.5,3.7511119842529297,5.104034900665283,0.6695488095283508,1,-
03/11/2026,ORL,Moritz Wagner,15.552095413208008,8.5,7.2882256507873535,6.176709175109863,0.8557621836662292,1,-
03/11/2026,ORL,Jevon Carter,21.859525680541992,7.5,6.958712100982666,6.702631950378418,0.8005897402763367,1,-
03/11/2026,ORL,Jalen Suggs,28.34868431091309,13.5,13.132808685302734,3.0591378211975098,0.7344796657562256,1,-
03/11/2026,NYK,Mohamed Diawara,15.292766571044922,7.5,5.424241542816162,6.504082679748535,0.7944367527961731,1,-
03/11/2026,NYK,Mitchell Robinson,18.1442928314209,5.5,5.307318687438965,6.314267158508301,0.7977933287620544,1,-
03/11/2026,NYK,Mikal Bridges,33.32700729370117,14.5,12.93450164794922,3.338472843170166,0.5451235771179199,1,-
03/11/2026,NYK,Jose Alvarado,17.967348098754883,5.5,4.995229721069336,4.812548637390137,0.7281802892684937,1,-
03/11/2026,NYK,Jalen Brunson,36.93710708618164,26.5,23.764497756958008,3.0134193897247314,0.4512985348701477,0,-
03/11/2026,NOP,Zion Williamson,29.91912651062012,21.5,18.97911071777344,4.602262496948242,0.7968023419380188,1,-
03/11/2026,NOP,Trey Murphy III,34.87307357788086,21.5,21.06528854370117,6.763105392456055,0.7437606453895569,1,-
03/11/2026,NOP,Saddiq Bey,32.25031280517578,17.5,17.355243682861328,7.373176574707031,0.8934733867645264,1,-
03/11/2026,NOP,Dejounte Murray,26.60187149047852,15.5,12.878795623779297,6.030914306640625,0.8005098700523376,1,-
03/11/2026,MIN,Julius Randle,32.966346740722656,18.5,17.780214309692383,2.734286069869995,0.682329535484314,1,-
03/11/2026,MIN,Jaden McDaniels,32.25374221801758,13.5,12.013554573059082,5.641300201416016,0.8498802781105042,1,-
03/11/2026,MIN,Ayo Dosunmu,23.79452514648437,9.5,9.17635726928711,4.1473307609558105,0.7801432609558105,1,-
03/11/2026,LAC,Darius Garland,27.464502334594727,17.5,13.610286712646484,6.252200126647949,0.672339916229248,1,-
03/11/2026,HOU,Tari Eason,28.324478149414062,10.5,9.52197551727295,2.262220859527588,0.703852117061615,1,-
03/11/2026,HOU,Dorian Finney-Smith,20.55476188659668,4.5,3.9622864723205566,4.483250141143799,0.7534821629524231,1,-
03/11/2026,HOU,Clint Capela,14.600098609924316,3.5,3.415722608566284,5.321188449859619,0.8014921545982361,1,-
03/11/2026,DEN,Nikola Jokic,37.300968170166016,28.5,26.19552421569824,4.668619632720947,0.6783682107925415,1,-
03/11/2026,DEN,Jonas Valanciunas,11.49440097808838,5.5,5.038832187652588,8.414474487304688,0.915343165397644,1,-
03/11/2026,DEN,Christian Braun,35.94733810424805,10.5,10.32819938659668,5.927186489105225,0.6051831841468811,1,-
03/11/2026,DEN,Bruce Brown,24.013994216918945,6.5,6.443872928619385,6.242061614990234,0.8481166362762451,1,-
03/11/2026,CHO,Moussa Diabate,29.83130073547364,9.5,9.08852195739746,3.5202322006225586,0.8101246356964111,1,-
03/11/2026,CHO,Kon Knueppel,32.49205780029297,19.5,19.35735893249512,7.138224124908447,0.7215887904167175,1,-
03/11/2026,CHO,Coby White,17.778759002685547,13.5,7.851624011993408,6.481870651245117,0.767109215259552,1,-
03/11/2026,CHO,Brandon Miller,31.32088088989257,21.5,21.14063835144043,6.059818267822266,0.7173727750778198,1,-
03/12/2026,WAS,Will Riley,29.14285469055176,12.5,14.9055757522583,6.552420616149902,0.8142982125282288,1,O
03/12/2026,WAS,Tre Johnson,27.4035701751709,11.5,13.32142734527588,4.904493808746338,0.8121494054794312,1,O
03/12/2026,WAS,Bilal Coulibaly,28.93415260314941,9.5,11.15976333618164,4.146927356719971,0.5987626910209656,1,O
03/12/2026,SAS,Keldon Johnson,23.16753578186035,13.5,14.64144802093506,7.004448413848877,0.9064280986785888,1,O
03/12/2026,SAS,Julian Champagnie,29.101696014404297,11.5,12.797800064086914,6.986710071563721,0.8305501937866211,1,O
03/12/2026,PHO,Royce O'Neale,31.86036491394043,9.5,10.28616428375244,4.407176494598389,0.8256632685661316,1,O
03/12/2026,PHO,Oso Ighodaro,26.32009696960449,8.5,8.966696739196777,5.445327281951904,0.8973566293716431,1,O
03/12/2026,PHO,Jordan Goodwin,20.13418960571289,7.5,8.976181983947754,5.086068153381348,0.7575643658638,1,O
03/12/2026,PHO,Jalen Green,30.338518142700195,20.5,20.92715644836425,4.963123798370361,0.7588133215904236,1,O
03/12/2026,PHO,Grayson Allen,28.633140563964844,15.5,19.72935104370117,6.3085784912109375,0.83558589220047,1,O
03/12/2026,PHO,Collin Gillespie,31.853458404541016,14.5,15.135972023010254,7.118636608123779,0.8734368085861206,1,O
03/12/2026,PHI,Justin Edwards,28.99204063415528,8.5,10.836224555969238,5.784537315368652,0.6525120735168457,1,O
03/12/2026,PHI,Adem Bona,22.875452041625977,6.5,7.26786994934082,5.328884601593018,0.8159053325653076,1,O
03/12/2026,OKC,Shai Gilgeous-Alexander,35.71873474121094,29.5,30.473403930664062,6.568810939788818,0.6790531873703003,1,O
03/12/2026,OKC,Jared McCain,19.00103759765625,7.5,8.379741668701172,8.597981452941895,1.0573734045028689,1,O
03/12/2026,MIL,Ryan Rollins,28.016489028930664,12.5,14.613381385803224,6.246759414672852,0.8166757225990295,1,O
03/12/2026,MIL,Myles Turner,27.77457046508789,9.5,12.040445327758787,5.8426384925842285,0.8395333290100098,1,O
03/12/2026,MIL,Kyle Kuzma,28.12875366210937,10.5,14.744235038757324,6.980600833892822,0.8066911697387695,1,O
03/12/2026,MIL,Kevin Porter Jr.,32.75822830200195,13.5,16.561431884765625,4.792179584503174,0.8151458501815796,1,O
03/12/2026,MIL,Bobby Portis,21.846324920654297,9.5,13.073261260986328,8.084595680236816,1.036300539970398,1,O
03/12/2026,MIA,Simone Fontecchio,19.50050163269043,8.5,8.92646598815918,7.848030567169189,0.8362661004066467,1,O
03/12/2026,MIA,Pelle Larsson,30.20713233947754,11.5,12.04262351989746,6.024487495422363,0.650831401348114,1,O
03/12/2026,MIA,Kasparas Jakucionis,25.670551300048828,6.5,8.102559089660645,7.851887226104736,0.7557071447372437,1,O
03/12/2026,MIA,Jaime Jaquez Jr.,29.30793190002441,15.5,15.953728675842283,7.163071155548096,0.8414195775985718,1,O
03/12/2026,MIA,Davion Mitchell,30.17459487915039,9.5,9.83314323425293,4.993918418884277,0.7595773935317993,1,O
03/12/2026,MIA,Bam Adebayo,33.4902458190918,22.5,25.650426864624023,11.04659938812256,0.7625266909599304,1,O
03/12/2026,MEM,Cam Spencer,23.69774627685547,12.5,13.435386657714844,6.110075950622559,0.8458974361419678,1,O
03/12/2026,LAL,Rui Hachimura,30.64138412475586,10.5,11.490884780883787,4.653496265411377,0.7429125905036926,1,O
03/12/2026,LAL,Luke Kennard,23.462623596191406,10.5,10.982027053833008,6.407192707061768,0.8858464956283569,1,O
03/12/2026,LAL,LeBron James,32.53410720825195,18.5,19.780105590820312,3.926524639129639,0.7125054597854614,1,O
03/12/2026,IND,Jay Huff,23.48817253112793,10.5,10.828993797302246,4.927865028381348,0.7947930693626404,1,O
03/12/2026,IND,Ivica Zubac,24.64872932434082,8.5,9.866321563720703,4.696563243865967,0.7029171586036682,1,O
03/12/2026,IND,Andrew Nembhard,31.194494247436523,15.5,15.676714897155762,4.282894611358643,0.6951566934585571,1,O
03/12/2026,DET,Marcus Sasser,24.760847091674805,8.5,9.094374656677246,7.629892349243164,0.754254162311554,1,O
03/12/2026,DET,Javonte Green,19.065813064575195,6.5,7.056556224822998,7.93194055557251,0.9538106322288512,1,O
03/12/2026,DET,Jalen Duren,29.791278839111328,18.5,19.29859161376953,6.258976936340332,0.7575404047966003,1,O
03/12/2026,DET,Isaiah Stewart,22.35888671875,8.5,9.495433807373049,7.228086471557617,0.786249041557312,1,O
03/12/2026,DET,Duncan Robinson,28.18383407592773,10.5,11.716530799865724,5.392405033111572,0.8539536595344543,1,O
03/12/2026,DET,Daniss Jenkins,20.65553855895996,6.5,8.611005783081055,5.852218627929688,0.792652428150177,1,O
03/12/2026,DEN,Tim Hardaway Jr.,26.661901473999023,12.5,13.339774131774902,6.365614891052246,0.8726938962936401,1,O
03/12/2026,DAL,Khris Middleton,22.279333114624023,10.5,11.169166564941406,6.783504009246826,0.8821465969085693,1,O
03/12/2026,DAL,Daniel Gafford,20.55864524841309,9.5,10.441018104553224,6.958790302276611,0.7824214696884155,1,O
03/12/2026,DAL,Brandon Williams,22.057218551635746,12.5,13.336844444274902,7.409934043884277,0.9590986967086792,1,O
03/12/2026,CHI,Tre Jones,31.13855361938477,15.5,16.242799758911133,6.023735523223877,0.833534300327301,1,O
03/12/2026,CHI,Guerschon Yabusele,25.13235282897949,8.5,10.55667781829834,5.3379669189453125,0.8594112992286682,1,O
03/12/2026,CHI,Collin Sexton,23.39127922058105,15.5,17.557708740234375,6.493282318115234,0.7924203276634216,1,O
03/12/2026,BRK,Noah Clowney,29.01802635192871,13.5,14.545157432556152,5.438601970672607,0.7697066068649292,1,O
03/12/2026,BRK,Drake Powell,25.742549896240234,8.5,8.857466697692871,4.589844226837158,0.6665202379226685,1,O
03/12/2026,ATL,Onyeka Okongwu,31.95381164550781,14.5,15.68710231781006,2.912628650665283,0.5898084044456482,1,O
03/12/2026,ATL,Corey Kispert,26.62140846252441,8.5,10.31484317779541,4.007794380187988,0.7556005120277405,1,O
03/12/2026,ATL,CJ McCollum,30.132896423339844,17.5,18.9897689819336,3.7660562992095934,0.7184976935386658,1,O
03/12/2026,WAS,Trae Young,24.49298667907715,13.5,10.668623924255373,5.888225555419922,0.6916464567184448,1,-
03/12/2026,WAS,Jaden Hardy,20.166582107543945,11.5,10.52352809906006,6.620785713195801,0.7983835339546204,1,-
03/12/2026,SAS,Victor Wembanyama,27.02438735961914,24.5,22.930828094482425,6.418388366699219,0.8341888785362244,1,-
03/12/2026,SAS,Stephon Castle,31.62079620361328,17.5,16.715496063232422,1.8958632946014404,0.6372018456459045,1,-
03/12/2026,SAS,Luke Kornet,24.86941909790039,8.5,7.365467548370361,6.097165584564209,0.8220123648643494,1,-
03/12/2026,SAS,Harrison Barnes,17.27935791015625,7.5,6.12325382232666,7.036601066589356,0.8515283465385437,1,-
03/12/2026,SAS,Dylan Harper,23.167701721191406,12.5,12.310876846313477,5.906442642211914,0.9076314568519592,1,-
03/12/2026,SAS,Devin Vassell,31.88785743713379,15.5,15.428389549255373,6.396916389465332,0.7536210417747498,1,-
03/12/2026,SAS,De'Aaron Fox,32.17527389526367,20.5,20.45476150512696,2.842040538787842,0.7027053833007812,1,-
03/12/2026,PHO,Devin Booker,35.14213562011719,27.5,26.72200584411621,2.910822868347168,0.7297375798225403,1,-
03/12/2026,PHI,VJ Edgecombe,36.357643127441406,18.5,17.263906478881836,2.774830341339112,0.5972050428390503,1,-
03/12/2026,PHI,Trendon Watford,28.373016357421875,11.5,10.817903518676758,5.230512619018555,0.7643886804580688,1,-
03/12/2026,PHI,Quentin Grimes,35.374107360839844,17.5,14.398788452148438,2.5141921043396,0.4148144423961639,0,-
03/12/2026,PHI,Jabari Walker,19.216381072998047,10.5,6.907928466796875,5.4217400550842285,0.6579664349555969,1,-
03/12/2026,PHI,Dominick Barlow,30.32203483581543,10.5,9.6964693069458,3.571967840194702,0.5977581143379211,1,-
03/12/2026,PHI,Cameron Payne,21.424793243408203,11.5,9.172101020812988,5.637553215026856,0.7026363611221313,1,-
03/12/2026,PHI,Andre Drummond,19.694225311279297,7.5,5.590124130249023,5.428299903869629,0.7284457087516785,1,-
03/12/2026,ORL,Wendell Carter Jr.,29.802291870117188,11.5,10.678068161010742,4.8158278465271,0.8948661684989929,1,-
03/12/2026,ORL,Paolo Banchero,34.7782096862793,26.5,24.032560348510746,5.475428104400635,0.7545566558837891,1,-
03/12/2026,ORL,Moritz Wagner,15.221856117248535,8.5,8.159244537353516,7.607667446136475,0.9222618341445924,1,-
03/12/2026,ORL,Jevon Carter,22.122976303100582,8.5,7.6054840087890625,7.365593433380127,0.854846715927124,1,-
03/12/2026,ORL,Jett Howard,19.705352783203125,9.5,8.01345157623291,7.491918087005615,0.8551070094108582,1,-
03/12/2026,ORL,Jalen Suggs,28.36159324645996,14.5,13.798555374145508,5.446889400482178,0.8287058472633362,1,-
03/12/2026,ORL,Desmond Bane,34.35310363769531,22.5,22.085044860839844,6.788468360900879,0.8278493285179138,1,-
03/12/2026,OKC,Luguentz Dort,30.74060440063477,8.5,7.9336395263671875,5.509027481079102,0.6446704864501953,1,-
03/12/2026,OKC,Isaiah Joe,22.941558837890625,10.5,10.04946517944336,6.66987419128418,0.7144278883934021,1,-
03/12/2026,OKC,Chet Holmgren,29.72533416748047,15.5,14.976627349853516,5.01077938079834,0.6687921285629272,1,-
03/12/2026,OKC,Cason Wallace,28.00792121887207,8.5,7.723644733428955,6.408675670623779,0.6591485738754272,1,-
03/12/2026,OKC,Ajay Mitchell,28.030670166015625,13.5,11.395206451416016,2.641874074935913,0.7816857099533081,1,-
03/12/2026,MIL,Ousmane Dieng,26.8077335357666,9.5,9.429437637329102,6.558859348297119,0.7885265946388245,1,-
03/12/2026,MIL,Giannis Antetokounmpo,30.96497344970703,26.5,25.7557373046875,3.8530139923095694,0.6934561729431152,1,-
03/12/2026,MIA,Tyler Herro,27.814424514770508,23.5,21.628650665283203,7.82245397567749,0.9143821001052856,1,-
03/12/2026,MIA,Myron Gardner,17.437236785888672,6.5,4.856385707855225,7.400439262390137,0.7953513860702515,1,-
03/12/2026,MEM,Taylor Hendricks,24.503076553344727,11.5,11.469780921936035,7.657756805419922,0.9101443886756896,1,-
03/12/2026,MEM,Olivier-Maxence Prosper,26.545454025268555,17.5,13.26444149017334,6.520561695098877,0.7782682180404663,1,-
03/12/2026,MEM,Jaylen Wells,27.1784782409668,17.5,13.848341941833496,7.203153610229492,0.8260616660118103,1,-
03/12/2026,LAL,Luka Doncic,35.94461441040039,31.5,30.830013275146484,2.298736572265625,0.6103156208992004,1,-
03/12/2026,LAL,Jake LaRavia,20.734798431396484,7.5,7.063448905944824,4.321525573730469,0.7906550765037537,1,-
03/12/2026,LAL,Deandre Ayton,27.730005264282227,11.5,10.888033866882324,3.7221133708953857,0.765177845954895,1,-
03/12/2026,LAL,Austin Reaves,35.221046447753906,20.5,22.5827579498291,3.450007915496826,0.4343781471252441,0,-
03/12/2026,IND,Obi Toppin,18.25284576416016,8.5,7.604999542236328,5.888514518737793,0.7548273801803589,1,-
03/12/2026,IND,Kobe Brown,27.530458450317383,9.5,9.064064025878906,4.274141788482666,0.6759606599807739,1,-
03/12/2026,IND,Kam Jones,19.848243713378903,7.5,5.071599006652832,6.008908748626709,0.8001942038536072,1,-
03/12/2026,IND,Jarace Walker,29.973268508911133,16.5,13.69822120666504,4.4414825439453125,0.7088261246681213,1,-
03/12/2026,IND,Ben Sheppard,21.412372589111328,7.5,6.047584056854248,4.816654205322266,0.755759596824646,1,-
03/12/2026,IND,Aaron Nesmith,25.215763092041016,13.5,11.28574275970459,3.2327821254730225,0.5646058917045593,1,-
03/12/2026,DET,Tobias Harris,31.329545974731445,12.5,12.24813175201416,3.9643497467041016,0.5874680876731873,1,-
03/12/2026,DET,Cade Cunningham,36.52457809448242,24.5,23.84799575805664,2.7315924167633057,0.618311882019043,1,-
03/12/2026,DEN,Spencer Jones,27.62375259399414,6.5,5.960683345794678,7.236537933349609,0.7545230984687805,1,-
03/12/2026,DEN,Nikola Jokic,35.875099182128906,29.5,27.931339263916016,3.729011058807373,0.5038772225379944,1,-
03/12/2026,DEN,Julian Strawther,15.367545127868652,5.5,5.478687763214111,7.815093994140625,0.8361647129058838,1,-
03/12/2026,DEN,Jonas Valanciunas,11.694599151611328,6.5,6.394029140472412,7.195619106292725,0.8704087734222412,1,-
03/12/2026,DEN,Jamal Murray,35.42238235473633,25.5,25.48695373535156,7.085385799407959,0.6399132609367371,1,-
03/12/2026,DEN,Christian Braun,34.68741226196289,11.5,11.06175136566162,3.1752071380615234,0.6209012269973755,1,-
03/12/2026,DEN,Cameron Johnson,30.16990852355957,10.5,10.832178115844728,2.733406782150269,0.4995382726192474,0,-
03/12/2026,DEN,Bruce Brown,23.61995315551757,7.5,7.361763954162598,4.426390647888184,0.739128053188324,1,-
03/12/2026,DEN,Aaron Gordon,25.429418563842773,13.5,12.703579902648926,4.070579528808594,0.5529154539108276,1,-
03/12/2026,DAL,Ryan Nembhard,15.759517669677734,3.5,2.923523187637329,8.634857177734375,0.7805895805358887,1,-
03/12/2026,DAL,P.J. Washington,31.86787796020508,13.5,12.829577445983888,5.111174583435059,0.6941002607345581,1,-
03/12/2026,DAL,Naji Marshall,29.300514221191406,16.5,14.343880653381348,6.459796905517578,0.9402174353599548,1,-
03/12/2026,DAL,Max Christie,29.75352668762207,12.5,11.821051597595217,6.407750606536865,0.6837964653968811,1,-
03/12/2026,DAL,Cooper Flagg,32.46461868286133,22.5,20.776996612548828,6.914032459259033,0.8117920160293579,1,-
03/12/2026,CHI,Rob Dillingham,20.393875122070312,8.5,6.788628101348877,6.713451385498047,0.8335960507392883,1,-
03/12/2026,CHI,Nick Richards,25.83316421508789,11.5,10.542027473449709,6.070436477661133,0.7807432413101196,1,-
03/12/2026,CHI,Matas Buzelis,30.636573791503903,21.5,18.9985408782959,8.274252891540527,0.9036299586296082,1,-
03/12/2026,CHI,Leonard Miller,24.9714298248291,13.5,10.051799774169922,6.505424499511719,0.7715734839439392,1,-
03/12/2026,CHI,Josh Giddey,33.25374984741211,19.5,16.34784698486328,4.602025032043457,0.7876837253570557,1,-
03/12/2026,CHI,Jalen Smith,27.406513214111328,14.5,12.5089111328125,5.504383563995361,0.8060015439987183,1,-
03/12/2026,CHI,Isaac Okoro,25.8030948638916,9.5,8.84814167022705,5.514074325561523,0.7912982106208801,1,-
03/12/2026,BRK,Danny Wolf,27.41317749023437,13.5,11.68319034576416,4.48621940612793,0.756507396697998,1,-
03/12/2026,BRK,Ben Saraf,26.153465270996094,8.5,8.34669303894043,5.1852545738220215,0.6578980684280396,1,-
03/12/2026,BOS,Sam Hauser,27.94524002075196,11.5,10.281402587890623,6.342567920684815,0.6880492568016052,1,-
03/12/2026,BOS,Payton Pritchard,32.76339340209961,17.5,14.078874588012695,2.504245042800904,0.5793883800506592,1,-
03/12/2026,BOS,Neemias Queta,26.6337833404541,10.5,9.292397499084473,4.321318626403809,0.6627016663551331,1,-
03/12/2026,BOS,Luka Garza,18.152894973754883,8.5,6.760579586029053,6.515910625457764,0.889061689376831,1,-
03/12/2026,BOS,Jayson Tatum,23.94685173034668,18.5,13.555267333984377,4.280277252197266,0.7226510643959045,1,-
03/12/2026,BOS,Jaylen Brown,34.13794708251953,27.5,21.76440048217773,1.0041284561157229,0.5250229835510254,1,-
03/12/2026,BOS,Derrick White,29.879562377929688,16.5,15.17624568939209,1.652724027633667,0.5596588253974915,1,-
03/12/2026,BOS,Baylor Scheierman,28.267881393432617,8.5,7.852428436279297,4.8036723136901855,0.8481689691543579,1,-
03/12/2026,ATL,Zaccharie Risacher,21.640548706054688,8.5,7.736542701721191,2.778037071228028,0.6447122097015381,1,-
03/12/2026,ATL,Nickeil Alexander-Walker,33.06791305541992,18.5,17.93549156188965,5.007641792297363,0.6879361867904663,1,-
03/12/2026,ATL,Jonathan Kuminga,20.70957946777344,13.5,11.493820190429688,5.74941873550415,0.74452805519104,1,-
03/12/2026,ATL,Jock Landale,18.603071212768555,8.5,7.802090644836426,6.163878917694092,0.8165044188499451,1,-
03/12/2026,ATL,Jalen Johnson,35.24488830566406,22.5,22.30268669128418,2.2528116703033447,0.6007450819015503,1,-
03/12/2026,ATL,Dyson Daniels,29.190086364746094,11.5,11.467482566833496,4.509883403778076,0.5718443393707275,1,-
03/13/2026,UTA,Kyle Filipowski,28.949161529541016,14.5,16.04214096069336,6.280582904815674,0.708214521408081,1,O
03/13/2026,UTA,Isaiah Collier,29.970928192138672,15.5,17.042375564575195,7.0061750411987305,0.8232220411300659,1,O
03/13/2026,UTA,Ace Bailey,31.05626678466797,16.5,17.783056259155273,5.321216583251953,0.7096929550170898,1,O
03/13/2026,TOR,Sandro Mamukelashvili,21.38095664978028,8.5,9.41491985321045,5.226801872253418,0.8851189613342285,1,O
03/13/2026,TOR,Jakob Poeltl,28.045316696166992,10.5,10.825119018554688,3.320185661315918,0.5306698679924011,1,O
03/13/2026,TOR,Immanuel Quickley,32.79219436645508,15.5,16.29206085205078,4.014491081237793,0.7646281719207764,1,O
03/13/2026,POR,Toumani Camara,34.10716247558594,13.5,13.73031997680664,3.0260496139526367,0.6466513872146606,1,O
03/13/2026,POR,Robert Williams,19.382944107055664,7.5,8.92831039428711,8.338173866271973,0.8813028335571289,1,O
03/13/2026,POR,Jrue Holiday,31.04196548461914,16.5,16.811796188354492,6.997464656829834,0.850088357925415,1,O
03/13/2026,PHO,Royce O'Neale,31.408164978027344,8.5,10.379657745361328,2.5110538005828857,0.7182296514511108,1,O
03/13/2026,PHO,Oso Ighodaro,26.63960838317871,6.5,8.546680450439453,6.184426784515381,0.8852755427360535,1,O
03/13/2026,PHO,Grayson Allen,28.810022354125977,15.5,16.34244728088379,6.628641605377197,0.7493607401847839,1,O
03/13/2026,PHO,Collin Gillespie,31.08485412597656,12.5,13.723729133605955,3.785881996154785,0.752679705619812,1,O
03/13/2026,NYK,OG Anunoby,35.63140869140625,17.5,20.552663803100582,4.20618200302124,0.7529430389404297,1,O
03/13/2026,NYK,Mitchell Robinson,25.217065811157227,6.5,8.706049919128418,5.82657527923584,0.6859188079833984,1,O
03/13/2026,NYK,Karl-Anthony Towns,28.768573760986328,19.5,22.26804542541504,7.358318328857422,0.8138770461082458,1,O
03/13/2026,NYK,Josh Hart,28.10228729248047,11.5,12.853883743286133,3.133532762527466,0.8375422358512878,1,O
03/13/2026,NOP,Trey Murphy III,35.44154739379883,19.5,21.76639938354492,6.374164581298828,0.8825933337211609,1,O
03/13/2026,NOP,Saddiq Bey,32.0800895690918,16.5,18.29991340637207,8.607583999633789,0.9163333773612976,1,O
03/13/2026,NOP,Jeremiah Fears,22.136194229125977,8.5,9.959810256958008,7.786489009857178,1.0533615350723269,1,O
03/13/2026,NOP,Herbert Jones,30.024791717529297,8.5,8.621335983276367,4.839957237243652,0.6986873149871826,1,O
03/13/2026,NOP,Derik Queen,22.20277404785156,7.5,8.013561248779297,8.186555862426758,0.9731478691101074,1,O
03/13/2026,MIN,Rudy Gobert,31.077823638916016,9.5,9.79621696472168,3.920446395874024,0.732977569103241,1,O
03/13/2026,MIN,Naz Reid,25.735620498657227,11.5,13.894638061523438,8.265946388244629,0.8356494307518005,1,O
03/13/2026,MIN,Julius Randle,33.0594367980957,18.5,19.35698127746582,2.917127847671509,0.5423496961593628,1,O
03/13/2026,MIN,Donte DiVincenzo,30.98661422729492,10.5,11.780651092529297,4.941873550415039,0.6939042806625366,1,O
03/13/2026,MIN,Anthony Edwards,35.742584228515625,28.5,30.199434280395508,6.791221618652344,0.7416248917579651,1,O
03/13/2026,MEM,Taylor Hendricks,28.32837677001953,8.5,11.245857238769531,6.120591163635254,0.6501687169075012,1,O
03/13/2026,MEM,Olivier-Maxence Prosper,26.102190017700195,10.5,10.67394733428955,6.493381500244141,0.6697226762771606,1,O
03/13/2026,MEM,Cedric Coward,26.15235710144043,11.5,11.808307647705078,4.696924686431885,0.6640307903289795,1,O
03/13/2026,LAC,Brook Lopez,26.254558563232425,10.5,10.902250289916992,7.040070056915283,0.7504211664199829,1,O
03/13/2026,IND,Pascal Siakam,26.549768447875977,21.5,23.776853561401367,6.129056930541992,0.8981622457504272,1,O
03/13/2026,IND,Ivica Zubac,25.16939353942871,6.5,9.273293495178224,6.085212707519531,0.8131722211837769,1,O
03/13/2026,IND,Andrew Nembhard,30.25350952148437,11.5,16.433319091796875,4.727949142456055,0.751626193523407,1,O
03/13/2026,HOU,Jabari Smith Jr.,33.77231979370117,15.5,17.003786087036133,3.040213823318481,0.612623393535614,1,O
03/13/2026,HOU,Dorian Finney-Smith,25.966028213500977,5.5,7.895735740661621,5.360927104949951,0.6296519041061401,1,O
03/13/2026,GSW,Gui Santos,30.880023956298828,13.5,15.19633960723877,5.391083240509033,0.8437509536743164,1,O
03/13/2026,GSW,De'Anthony Melton,26.095535278320312,15.5,16.46136474609375,5.4405837059021,0.7854650616645813,1,O
03/13/2026,GSW,Al Horford,29.27254104614257,9.5,11.880516052246094,4.330698490142822,0.7331714034080505,1,O
03/13/2026,DET,Tobias Harris,25.628337860107425,12.5,12.584064483642578,6.5721540451049805,0.8191065788269043,1,O
03/13/2026,DET,Jalen Duren,29.344621658325195,19.5,20.76195907592773,5.97943639755249,0.7900429368019104,1,O
03/13/2026,DET,Isaiah Stewart,23.23727798461914,10.5,11.442391395568848,7.931843757629394,0.7374386191368103,1,O
03/13/2026,DET,Duncan Robinson,28.693891525268555,10.5,13.276909828186035,5.877963542938232,0.8418582081794739,1,O
03/13/2026,DET,Cade Cunningham,35.33965301513672,24.5,24.708972930908203,2.019241571426392,0.822046160697937,1,O
03/13/2026,DAL,P.J. Washington,27.32610321044922,11.5,11.903616905212402,5.327116966247559,0.7171021699905396,1,O
03/13/2026,DAL,Khris Middleton,22.020160675048828,10.5,11.723827362060549,7.203588485717773,0.8142997622489929,1,O
03/13/2026,DAL,Daniel Gafford,21.416915893554688,9.5,9.933451652526855,4.84105920791626,0.7768393158912659,1,O
03/13/2026,CLE,Sam Merrill,25.963274002075195,11.5,12.643424987792969,8.689119338989258,0.8017699122428894,1,O
03/13/2026,CLE,Keon Ellis,29.12849998474121,8.5,11.454283714294434,6.977932453155518,0.726913571357727,1,O
03/13/2026,CLE,Evan Mobley,32.89200210571289,18.5,18.94644927978516,4.361594200134277,0.6769166588783264,1,O
03/13/2026,CLE,Dean Wade,25.62425422668457,6.5,7.345553398132324,6.475600242614746,0.7584899067878723,1,O
03/13/2026,CHI,Tre Jones,30.94279861450196,14.5,15.911943435668944,6.435571670532227,0.8054360747337341,1,O
03/13/2026,UTA,Cody Williams,31.64258575439453,9.5,9.450054168701172,3.920539140701294,0.6333895921707153,1,-
03/13/2026,UTA,Brice Sensabaugh,28.640361785888672,19.5,18.84868049621582,9.857138633728027,0.8003551959991455,1,-
03/13/2026,TOR,Scottie Barnes,34.32957077026367,17.5,16.934307098388672,3.0443217754364014,0.5720402002334595,1,-
03/13/2026,TOR,RJ Barrett,31.451295852661133,19.5,19.082927703857425,8.298216819763184,0.7816756367683411,1,-
03/13/2026,TOR,Jamal Shead,20.0179500579834,5.5,4.976231098175049,6.6693501472473145,0.937702476978302,1,-
03/13/2026,TOR,Brandon Ingram,34.519779205322266,20.5,20.069345474243164,2.975260972976685,0.6489825248718262,1,-
03/13/2026,POR,Vit Krejci,21.008909225463867,7.5,6.111959934234619,7.463135719299316,0.8874784111976624,1,-
03/13/2026,POR,Scoot Henderson,22.53224372863769,13.5,12.709418296813965,5.975427627563477,0.8380838632583618,1,-
03/13/2026,POR,Jerami Grant,33.332210540771484,20.5,18.697134017944336,3.923341035842896,0.7137343287467957,1,-
03/13/2026,POR,Donovan Clingan,27.46656036376953,13.5,13.2902193069458,6.465702533721924,0.7579349875450134,1,-
03/13/2026,POR,Deni Avdija,30.217077255249023,22.5,19.460824966430664,4.741669654846191,0.8209719657897949,1,-
03/13/2026,PHO,Jalen Green,30.090097427368164,18.5,17.721948623657227,5.237110614776611,0.6313853859901428,1,-
03/13/2026,PHO,Devin Booker,35.19450759887695,25.5,24.99864959716797,4.365068435668945,0.655078649520874,1,-
03/13/2026,NYK,Mikal Bridges,34.00101852416992,14.5,14.22722053527832,3.24558687210083,0.7663586139678955,1,-
03/13/2026,NYK,Landry Shamet,28.400127410888672,12.5,12.492873191833496,5.991288661956787,0.8383249640464783,1,-
03/13/2026,NYK,Jordan Clarkson,17.3426513671875,11.5,10.375035285949709,6.514616012573242,0.8620155453681946,1,-
03/13/2026,NYK,Jalen Brunson,37.02991485595703,28.5,27.104963302612305,3.497988224029541,0.5990891456604004,1,-
03/13/2026,NOP,Zion Williamson,31.16097068786621,19.5,19.41293716430664,4.542041778564453,0.7481855750083923,1,-
03/13/2026,NOP,Dejounte Murray,26.7041072845459,16.5,13.691020011901855,6.277426719665527,0.7726693749427795,1,-
03/13/2026,MIN,Jaden McDaniels,32.57866287231445,12.5,12.398484230041504,4.19102144241333,0.7685826420783997,1,-
03/13/2026,MIN,Ayo Dosunmu,23.03937339782715,10.5,10.00408935546875,6.37287712097168,0.8170720934867859,1,-
03/13/2026,MEM,Ty Jerome,24.56274604797364,17.5,16.52346420288086,6.770195007324219,0.8144373297691345,1,-
03/13/2026,MEM,Jaylen Wells,23.9361629486084,12.5,10.843278884887695,7.267762184143066,0.7856460213661194,1,-
03/13/2026,LAC,Kris Dunn,28.902324676513672,7.5,6.936030864715576,3.989211320877075,0.7374081611633301,1,-
03/13/2026,LAC,Kobe Sanders,26.09709930419922,8.5,8.336732864379883,6.982432842254639,0.7976328134536743,1,-
03/13/2026,LAC,Kawhi Leonard,32.2615852355957,29.5,28.393415451049805,5.899121284484863,0.7896093726158142,1,-
03/13/2026,LAC,Isaiah Jackson,18.369997024536133,7.5,6.981326580047607,8.571154594421387,0.8471937775611877,1,-
03/13/2026,LAC,Derrick Jones Jr.,29.68265724182129,12.5,12.368545532226562,4.588565349578857,0.933035135269165,1,-
03/13/2026,LAC,Bennedict Mathurin,26.963603973388672,20.5,18.91831398010254,7.286375522613525,0.8564799427986145,1,-
03/13/2026,IND,T.J. McConnell,16.517553329467773,9.5,8.288993835449219,8.494622230529785,0.8997843265533447,1,-
03/13/2026,IND,Jarace Walker,29.9000186920166,13.5,11.88691520690918,4.427979469299316,0.813386857509613,1,-
03/13/2026,IND,Aaron Nesmith,29.346588134765625,13.5,13.27647590637207,2.9279680252075195,0.607513964176178,1,-
03/13/2026,HOU,Tari Eason,28.46625518798828,13.5,10.44112491607666,1.8449217081069944,0.5781611800193787,1,-
03/13/2026,HOU,Reed Sheppard,26.63689994812012,17.5,14.574030876159668,9.008180618286133,0.824090838432312,1,-
03/13/2026,HOU,Kevin Durant,35.81097412109375,27.5,24.06050682067871,2.717569351196289,0.6067431569099426,1,-
03/13/2026,HOU,Clint Capela,15.550976753234863,6.5,4.905990123748779,8.489693641662598,0.8499556183815002,1,-
03/13/2026,HOU,Amen Thompson,36.431243896484375,19.5,19.462133407592773,3.4397225379943848,0.7104926705360413,1,-
03/13/2026,HOU,Alperen Sengun,27.52910423278809,19.5,17.47003936767578,4.5266642570495605,0.7093456387519836,1,-
03/13/2026,GSW,Will Richard,19.688491821289062,8.5,6.719633102416992,4.988922595977783,0.6068796515464783,1,-
03/13/2026,GSW,Kristaps Porzingis,25.864002227783203,14.5,11.1619291305542,5.5636887550354,0.6971100568771362,1,-
03/13/2026,GSW,Draymond Green,26.974740982055664,8.5,8.247318267822266,3.696110963821411,0.6982729434967041,1,-
03/13/2026,GSW,Brandin Podziemski,33.193946838378906,15.5,13.278331756591797,4.06124210357666,0.5959807634353638,1,-
03/13/2026,DET,Marcus Sasser,24.731678009033203,9.5,9.318625450134276,7.236501693725586,0.7734129428863525,1,-
03/13/2026,DET,Kevin Huerter,21.010719299316406,8.5,7.945389270782471,8.362404823303223,0.8208745121955872,1,-
03/13/2026,DAL,Naji Marshall,30.00646209716797,14.5,13.229531288146973,8.71436595916748,0.8813532590866089,1,-
03/13/2026,DAL,Max Christie,29.80986976623535,12.5,11.880369186401367,6.605972290039063,0.6707668304443359,1,-
03/13/2026,DAL,Klay Thompson,21.0866756439209,11.5,10.627045631408691,7.792375087738037,0.859456479549408,1,-
03/13/2026,DAL,Cooper Flagg,33.59687042236328,21.5,21.206504821777344,8.444966316223145,0.7429363131523132,1,-
03/13/2026,CLE,Jaylon Tyson,24.24472999572754,13.5,11.663134574890137,9.591028213500977,0.8758723139762878,1,-
03/13/2026,CLE,James Harden,35.392356872558594,21.5,21.316282272338867,4.032025337219238,0.7320359945297241,1,-
03/13/2026,CLE,Donovan Mitchell,33.94710159301758,27.5,26.622699737548828,3.3854916095733643,0.6035400032997131,1,-
03/13/2026,CLE,Dennis Schroder,23.441234588623047,10.5,8.0761079788208,6.341167449951172,0.8169878125190735,1,-
03/13/2026,CHI,Rob Dillingham,22.03346061706543,9.5,7.252799034118652,7.250115871429443,0.7815687656402588,1,-
03/13/2026,CHI,Matas Buzelis,31.39620590209961,20.5,19.96288299560547,8.797111511230469,0.7763195037841797,1,-
03/13/2026,CHI,Leonard Miller,26.27263069152832,11.5,11.30343246459961,6.448136806488037,0.7459940314292908,1,-
03/13/2026,CHI,Josh Giddey,33.86790084838867,17.5,17.15460968017578,3.9418537616729736,0.6278055310249329,1,-
03/13/2026,CHI,Isaac Okoro,25.60169219970703,9.5,8.214631080627441,5.980066776275635,0.6251272559165955,1,-
03/13/2026,CHI,Guerschon Yabusele,24.341127395629883,10.5,9.63115406036377,6.676286220550537,0.8049483299255371,1,-
03/14/2026,WAS,Will Riley,29.2846908569336,12.5,13.456914901733398,6.336988925933838,0.7165015339851379,1,O
03/14/2026,WAS,Tre Johnson,27.24217987060547,11.5,12.476877212524414,5.524645805358887,0.8115383982658386,1,O
03/14/2026,WAS,Bilal Coulibaly,30.008390426635746,11.5,12.101927757263184,3.5666983127593994,0.5349093675613403,1,O
03/14/2026,SAS,Keldon Johnson,22.21870422363281,11.5,12.387273788452148,8.923025131225586,0.9689870476722716,1,O
03/14/2026,SAS,Dylan Harper,22.60439109802246,9.5,11.224736213684082,8.206086158752441,0.9278602004051208,1,O
03/14/2026,SAS,Devin Vassell,30.848012924194336,13.5,13.741966247558594,6.659223556518555,0.6810407638549805,1,O
03/14/2026,PHI,Cameron Payne,20.37786102294922,12.5,13.532821655273438,5.680513858795166,0.6980534791946411,1,O
03/14/2026,ORL,Wendell Carter Jr.,31.206844329833984,10.5,12.26746654510498,6.001502990722656,0.7750651240348816,1,O
03/14/2026,ORL,Jalen Suggs,28.520029067993164,15.5,16.28168487548828,5.687130451202393,0.7899153828620911,1,O
03/14/2026,ORL,Desmond Bane,35.28612518310547,21.5,23.11446762084961,6.063543319702148,0.6593824625015259,1,O
03/14/2026,MIL,Ryan Rollins,33.36768341064453,15.5,15.952993392944336,4.346831321716309,0.6276886463165283,1,O
03/14/2026,MIL,Myles Turner,29.2836971282959,11.5,12.923867225646973,7.460936069488525,0.87567538022995,1,O
03/14/2026,MIL,Kyle Kuzma,29.809877395629883,12.5,13.912457466125488,6.173833847045898,0.7849377393722534,1,O
03/14/2026,MIL,Jericho Sims,27.26551055908203,5.5,8.02216625213623,7.612951278686523,0.7992581129074097,1,O
03/14/2026,MIL,Bobby Portis,24.27157592773437,13.5,14.20584201812744,6.128715515136719,0.9834798574447632,1,O
03/14/2026,MIA,Tyler Herro,32.91320037841797,21.5,22.250444412231445,6.9046502113342285,0.8593462705612183,1,O
03/14/2026,MIA,Jaime Jaquez Jr.,28.308034896850582,10.5,13.74482250213623,7.46707010269165,0.6268841028213501,1,O
03/14/2026,MIA,Davion Mitchell,29.56631660461425,7.5,8.328354835510254,4.672475337982178,0.795097291469574,1,O
03/14/2026,MIA,Bam Adebayo,33.730316162109375,21.5,22.57752799987793,9.279566764831545,0.7304929494857788,1,O
03/14/2026,LAL,Rui Hachimura,26.857322692871094,9.5,11.053274154663086,4.549520492553711,0.744377851486206,1,O
03/14/2026,LAL,Marcus Smart,29.77223396301269,8.5,9.00395679473877,4.741402626037598,0.8495185375213623,1,O
03/14/2026,LAL,Luke Kennard,22.65793228149414,7.5,9.496996879577637,6.8460235595703125,0.9597926735877992,1,O
03/14/2026,LAL,LeBron James,33.457984924316406,18.5,18.7094955444336,3.318954467773437,0.6502358317375183,1,O
03/14/2026,LAL,Jaxson Hayes,17.55178451538086,6.5,8.029276847839355,8.003133773803711,0.9082388281822203,1,O
03/14/2026,LAL,Deandre Ayton,29.669649124145508,10.5,11.0044584274292,5.22510290145874,0.7793289422988892,1,O
03/14/2026,LAL,Austin Reaves,36.79896926879883,20.5,24.59882926940918,3.3445444107055664,0.5312613248825073,1,O
03/14/2026,LAC,Kris Dunn,25.09365463256836,6.5,6.678391456604004,5.711978912353516,0.778336226940155,1,O
03/14/2026,LAC,Kawhi Leonard,32.902103424072266,27.5,30.35784721374512,7.918045997619629,0.8143163919448853,1,O
03/14/2026,LAC,John Collins,27.54183959960937,11.5,14.696025848388672,6.02191686630249,0.8428298234939575,1,O
03/14/2026,LAC,Derrick Jones Jr.,29.75861549377441,11.5,12.183753967285156,5.956907749176025,0.8435627818107605,1,O
03/14/2026,LAC,Brook Lopez,26.705028533935547,8.5,10.167654991149902,6.112507343292236,0.644294023513794,1,O
03/14/2026,LAC,Bennedict Mathurin,26.3342514038086,17.5,18.0626277923584,4.511470317840576,0.7666429281234741,1,O
03/14/2026,DEN,Tim Hardaway Jr.,25.56221008300781,10.5,12.05158233642578,6.986581325531006,0.9694968461990356,1,O
03/14/2026,DEN,Jonas Valanciunas,12.022737503051758,4.5,6.2688398361206055,8.481460571289062,1.0532150268554688,1,O
03/14/2026,DEN,Christian Braun,35.16404342651367,11.5,11.763949394226074,3.464857339859009,0.671135663986206,1,O
03/14/2026,DEN,Cameron Johnson,30.31727600097656,9.5,10.322465896606444,2.3603861331939697,0.6928751468658447,1,O
03/14/2026,DEN,Bruce Brown,22.948522567749023,6.5,6.504005432128906,4.960367679595947,0.8350449800491333,1,O
03/14/2026,CHO,Ryan Kalkbrenner,17.236024856567383,4.5,7.143442630767822,6.330019950866699,0.9669928550720216,1,O
03/14/2026,CHO,Miles Bridges,32.45537567138672,13.5,16.113359451293945,3.923887729644776,0.5828549265861511,1,O
03/14/2026,CHO,Kon Knueppel,32.784847259521484,17.5,18.487960815429688,6.651542663574219,0.7284358143806458,1,O
03/14/2026,BRK,Ziaire Williams,27.453760147094727,10.5,11.962663650512695,6.125611782073975,0.6210662722587585,1,O
03/14/2026,BRK,Terance Mann,27.188596725463867,7.5,8.27749252319336,3.142479658126831,0.6929479837417603,1,O
03/14/2026,BRK,Noah Clowney,29.117067337036133,12.5,12.630831718444824,8.041305541992188,0.7425832748413086,1,O
03/14/2026,BOS,Sam Hauser,27.17625617980957,9.5,10.944193840026855,7.261330604553223,0.8017658591270447,1,O
03/14/2026,BOS,Payton Pritchard,29.75756454467773,16.5,17.13961410522461,6.844037055969238,0.7893683314323425,1,O
03/14/2026,BOS,Jaylen Brown,34.00887680053711,25.5,26.42991065979004,2.706470966339112,0.665695309638977,1,O
03/14/2026,BOS,Derrick White,33.854496002197266,16.5,19.51150321960449,5.2111101150512695,0.6254477500915527,1,O
03/14/2026,ATL,Zaccharie Risacher,22.0938777923584,8.5,9.238421440124512,6.522427082061768,0.9101487994194032,1,O
03/14/2026,ATL,Onyeka Okongwu,31.840801239013672,14.5,16.060745239257812,4.008779048919678,0.7454479932785034,1,O
03/14/2026,ATL,Nickeil Alexander-Walker,33.485504150390625,18.5,18.63513565063477,6.86488676071167,0.79645836353302,1,O
03/14/2026,ATL,Jalen Johnson,35.23454284667969,22.5,23.182249069213867,6.45202112197876,0.5308341383934021,1,O
03/14/2026,ATL,Dyson Daniels,32.524627685546875,11.5,11.777585983276367,3.666289806365967,0.6805697083473206,1,O
03/14/2026,WAS,Tristan Vukcevic,15.08333683013916,9.5,7.994026660919189,7.3900909423828125,0.7919011116027832,1,-
03/14/2026,WAS,Trae Young,24.85320854187012,12.5,10.139800071716309,6.794683933258057,0.7445676922798157,1,-
03/14/2026,SAS,Victor Wembanyama,30.94524574279785,24.5,23.77971649169922,9.256949424743652,0.8258129954338074,1,-
03/14/2026,SAS,Stephon Castle,31.02175521850586,16.5,15.5328369140625,5.85181999206543,0.7010574340820312,1,-
03/14/2026,SAS,Julian Champagnie,27.927017211914062,9.5,9.257753372192385,9.841874122619627,0.8639705777168274,1,-
03/14/2026,SAS,Harrison Barnes,19.471742630004883,7.5,7.198540687561035,8.43787956237793,0.8105581998825073,1,-
03/14/2026,SAS,De'Aaron Fox,31.863052368164062,18.5,17.146869659423828,7.413565635681152,0.7230638861656189,1,-
03/14/2026,SAC,Russell Westbrook,30.81002616882324,16.5,14.534513473510742,7.026683330535889,0.8451457023620605,1,-
03/14/2026,SAC,Precious Achiuwa,29.30879211425781,10.5,9.544251441955566,9.257740020751951,0.8632593750953674,1,-
03/14/2026,SAC,Nique Clifford,32.693702697753906,12.5,10.782844543457031,5.493205547332764,0.5643195509910583,1,-
03/14/2026,SAC,Maxime Raynaud,29.851661682128903,13.5,11.882200241088867,7.5313825607299805,0.7152708172798157,1,-
03/14/2026,SAC,Dylan Cardwell,20.699201583862305,6.5,4.466092109680176,6.738529682159424,0.7395618557929993,1,-
03/14/2026,SAC,DeMar DeRozan,32.99007797241211,18.5,16.00765609741211,8.72889518737793,0.7602675557136536,1,-
03/14/2026,PHI,VJ Edgecombe,33.970821380615234,20.5,17.528291702270508,4.502695083618164,0.6656031608581543,1,-
03/14/2026,PHI,Trendon Watford,20.702268600463867,9.5,7.889710426330566,4.596450805664063,0.7728213667869568,1,-
03/14/2026,PHI,Quentin Grimes,34.92414855957031,20.5,17.46795654296875,2.496027708053589,0.5105046629905701,1,-
03/14/2026,PHI,Justin Edwards,26.79386138916016,10.5,9.337637901306152,5.055821895599365,0.6518754363059998,1,-
03/14/2026,PHI,Dominick Barlow,29.41304588317871,12.5,9.65377426147461,3.1441686153411865,0.683071494102478,1,-
03/14/2026,PHI,Adem Bona,26.219890594482425,9.5,8.481026649475098,3.537597894668579,0.6918590664863586,1,-
03/14/2026,ORL,Paolo Banchero,36.14876556396485,24.5,22.96880149841309,4.249917030334473,0.6552839279174805,1,-
03/14/2026,ORL,Jevon Carter,21.83521842956543,8.5,7.05420446395874,7.11575984954834,0.8377982378005981,1,-
03/14/2026,ORL,Jett Howard,19.87552261352539,8.5,7.582406997680664,7.065109252929688,0.8554253578186035,1,-
03/14/2026,MIL,Ousmane Dieng,22.756288528442383,9.5,8.474055290222168,7.2839035987854,0.8315825462341309,1,-
03/14/2026,MIL,Kevin Porter Jr.,33.54750442504883,16.5,16.04979133605957,3.178060531616211,0.6035797595977783,1,-
03/14/2026,MIL,Giannis Antetokounmpo,27.147356033325195,27.5,23.11092185974121,4.946868419647217,0.7335613369941711,1,-
03/14/2026,MIA,Pelle Larsson,30.182674407958984,11.5,11.382143020629885,6.138776302337647,0.6802835464477539,1,-
03/14/2026,MIA,Norman Powell,20.46661949157715,17.5,16.288562774658203,5.72308349609375,0.6818873286247253,1,-
03/14/2026,MIA,Kel'el Ware,27.3167724609375,11.5,9.722688674926758,6.549075603485107,0.7421708703041077,1,-
03/14/2026,LAL,Luka Doncic,37.45219802856445,32.5,30.009057998657227,4.053323268890381,0.6541646122932434,1,-
03/14/2026,LAC,Darius Garland,26.945945739746094,17.5,14.059259414672852,6.060436248779297,0.7163611650466919,1,-
03/14/2026,DEN,Nikola Jokic,36.30154800415039,28.5,27.49692344665528,5.10617733001709,0.6691878437995911,1,-
03/14/2026,DEN,Jamal Murray,36.234130859375,25.5,25.08080101013184,7.689949989318848,0.8297346830368042,1,-
03/14/2026,DEN,Aaron Gordon,31.143814086914062,15.5,12.149421691894531,3.464521169662476,0.584449052810669,1,-
03/14/2026,CHO,Moussa Diabate,30.123310089111328,8.5,8.017236709594727,4.375529766082764,0.6839291453361511,1,-
03/14/2026,CHO,LaMelo Ball,28.82760429382324,18.5,17.925626754760742,5.658709526062012,0.7097132802009583,1,-
03/14/2026,CHO,Coby White,18.86314010620117,10.5,8.224000930786133,6.722869396209717,0.8324316740036011,1,-
03/14/2026,CHO,Brandon Miller,31.932804107666016,20.5,19.10915184020996,5.743888378143311,0.5772687196731567,1,-
03/14/2026,BRK,Nolan Traore,26.64922523498535,10.5,9.604654312133787,8.25750732421875,0.8665821552276611,1,-
03/14/2026,BRK,Josh Minott,18.09798812866211,9.5,7.545249938964844,4.609641551971436,0.5110495090484619,1,-
03/14/2026,BRK,Jalen Wilson,18.65882873535156,9.5,5.73888635635376,5.841156005859375,0.6727100610733032,1,-
03/14/2026,BRK,Danny Wolf,26.58801651000977,14.5,10.7685546875,3.860443830490112,0.6928690075874329,1,-
03/14/2026,BRK,Ben Saraf,20.73616600036621,7.5,5.768672943115234,5.256162166595459,0.6607425212860107,1,-
03/14/2026,BOS,Neemias Queta,26.010597229003903,10.5,9.244749069213867,6.563767910003662,0.7956070303916931,1,-
03/14/2026,BOS,Jayson Tatum,29.246994018554688,21.5,16.125057220458984,7.373873710632324,0.7500919103622437,1,-
03/14/2026,BOS,Baylor Scheierman,22.675350189208984,7.5,7.252055644989014,7.739935874938965,0.870229184627533,1,-
03/14/2026,ATL,Jock Landale,18.184112548828125,7.5,5.769349575042725,7.161734580993652,0.974006175994873,1,-
03/14/2026,ATL,CJ McCollum,30.066303253173828,18.5,17.492279052734375,7.269077777862549,0.8265196681022644,1,-
03/15/2026,UTA,Kevin Love,17.7820987701416,6.5,7.695955276489258,6.504748344421387,0.8648266792297363,1,O
03/15/2026,UTA,Isaiah Collier,31.27347946166992,17.5,17.77921485900879,5.774105548858643,0.8285022974014282,1,O
03/15/2026,TOR,Scottie Barnes,34.58414077758789,16.5,17.38677215576172,4.852708339691162,0.6085479259490967,1,O
03/15/2026,TOR,Sandro Mamukelashvili,21.441293716430664,8.5,8.779016494750977,7.047822952270508,0.9381853342056274,1,O
03/15/2026,TOR,Jamal Shead,21.08081817626953,5.5,5.615556240081787,6.656601905822754,0.8995168805122375,1,O
03/15/2026,TOR,Jakob Poeltl,27.95904541015625,9.5,10.161519050598145,4.779693126678467,0.6120262145996094,1,O
03/15/2026,TOR,Immanuel Quickley,33.53418731689453,16.5,17.699138641357422,6.175648212432861,0.7724282145500183,1,O
03/15/2026,TOR,Brandon Ingram,35.29743194580078,21.5,22.296113967895508,5.419081211090088,0.6164277195930481,1,O
03/15/2026,SAC,Russell Westbrook,28.29136657714844,18.5,18.590126037597656,9.083298683166504,0.8590441942214966,1,O
03/15/2026,SAC,Dylan Cardwell,23.23763656616211,6.5,6.646474361419678,6.971496105194092,0.8905929923057556,1,O
03/15/2026,POR,Toumani Camara,33.244022369384766,12.5,12.997414588928224,4.876957893371582,0.7931178212165833,1,O
03/15/2026,POR,Robert Williams,18.000732421875,7.5,7.855295658111572,9.663214683532717,0.9465733766555786,1,O
03/15/2026,POR,Donovan Clingan,27.67755699157715,13.5,13.54098892211914,7.053657531738281,0.7554678320884705,1,O
03/15/2026,PHI,VJ Edgecombe,34.6790771484375,18.5,19.170669555664062,4.991429328918457,0.6941869854927063,1,O
03/15/2026,PHI,Cameron Payne,20.914833068847656,11.5,11.601625442504885,6.3683180809021,0.8678504228591919,1,O
03/15/2026,PHI,Adem Bona,26.84447479248047,8.5,9.575177192687988,5.381643772125244,0.8692151308059692,1,O
03/15/2026,OKC,Shai Gilgeous-Alexander,36.819618225097656,32.5,33.32646560668945,7.718864440917969,0.7316064238548279,1,O
03/15/2026,OKC,Luguentz Dort,30.94752311706543,8.5,8.590621948242188,5.498124122619629,0.7014137506484985,1,O
03/15/2026,OKC,Isaiah Joe,21.680147171020508,7.5,8.912923812866211,5.931503772735596,0.8003731369972229,1,O
03/15/2026,OKC,Chet Holmgren,30.11605453491211,16.5,16.673587799072266,4.763721466064453,0.6550353765487671,1,O
03/15/2026,OKC,Alex Caruso,20.51604080200196,6.5,6.540787220001221,5.737681865692139,0.756576418876648,1,O
03/15/2026,OKC,Ajay Mitchell,28.08935737609864,14.5,14.581993103027344,5.213066101074219,0.7499341368675232,1,O
03/15/2026,OKC,Aaron Wiggins,18.778291702270508,6.5,6.509411811828613,4.296200275421143,0.7897650003433228,1,O
03/15/2026,NYK,OG Anunoby,34.816768646240234,16.5,16.951143264770508,6.045791149139404,0.8051665425300598,1,O
03/15/2026,NYK,Mitchell Robinson,19.568374633789062,4.5,5.558938980102539,5.538422107696533,0.8579651117324829,1,O
03/15/2026,NYK,Landry Shamet,23.31002426147461,9.5,10.121068000793455,7.706027030944824,0.8261256814002991,1,O
03/15/2026,NYK,Karl-Anthony Towns,31.831588745117188,17.5,18.311260223388672,6.4932942390441895,0.8131532669067383,1,O
03/15/2026,NYK,Josh Hart,31.19586944580078,10.5,11.290739059448242,3.758499383926392,0.61595219373703,1,O
03/15/2026,NYK,Jalen Brunson,36.33591079711914,23.5,25.1471004486084,3.0995101928710938,0.5583952069282532,1,O
03/15/2026,MIN,Rudy Gobert,30.910783767700195,8.5,10.664233207702637,4.532764911651611,0.6886501312255859,1,O
03/15/2026,MIN,Naz Reid,25.19565773010254,11.5,12.189453125,6.516951560974121,0.919998824596405,1,O
03/15/2026,MIN,Jaden McDaniels,31.953657150268555,12.5,12.566156387329102,6.188502311706543,0.7563751339912415,1,O
03/15/2026,MIN,Anthony Edwards,35.97641372680664,26.5,27.135656356811523,6.404938697814941,0.7477031350135803,1,O
03/15/2026,MIL,Myles Turner,28.70994758605957,9.5,11.433952331542969,7.00608491897583,0.92205148935318,1,O
03/15/2026,MIL,Kyle Kuzma,29.05094718933105,12.5,14.62841796875,6.688914299011231,0.8486780524253845,1,O
03/15/2026,GSW,Gui Santos,31.721622467041016,14.5,16.590280532836914,6.027997016906738,0.8370053768157959,1,O
03/15/2026,GSW,Gary Payton II,21.08315658569336,8.5,9.337422370910645,6.587897300720215,0.7728685736656189,1,O
03/15/2026,DET,Javonte Green,18.738880157470703,5.5,6.6689066886901855,8.562174797058105,0.966744899749756,1,O
03/15/2026,DET,Duncan Robinson,28.07029151916504,10.5,11.596819877624512,5.9790143966674805,0.8734304904937744,1,O
03/15/2026,DET,Caris LeVert,18.728090286254883,5.5,6.458489418029785,5.675323009490967,0.7667502760887146,1,O
03/15/2026,DET,Ausar Thompson,25.488603591918945,8.5,8.553831100463867,5.77360725402832,0.7923468351364136,1,O
03/15/2026,DAL,Max Christie,29.235519409179688,11.5,12.028525352478027,6.616977214813232,0.6927847862243652,1,O
03/15/2026,DAL,Khris Middleton,22.425514221191406,9.5,11.672253608703612,8.44454574584961,0.7978549003601074,1,O
03/15/2026,CLE,Keon Ellis,28.507617950439453,9.5,12.58724308013916,5.566041469573975,0.7757001519203186,1,O
03/15/2026,CLE,Jaylon Tyson,23.174915313720703,11.5,11.604823112487791,9.788975715637209,0.9898886680603028,1,O
03/15/2026,CLE,James Harden,33.97168731689453,20.5,21.695011138916016,3.106480360031128,0.7308779954910278,1,O
03/15/2026,CLE,Evan Mobley,31.4537410736084,19.5,19.58946418762207,4.217411041259766,0.7214813828468323,1,O
03/15/2026,CLE,Donovan Mitchell,33.18979263305664,26.5,26.70542335510254,4.801915645599365,0.6512495279312134,1,O
03/15/2026,CLE,Dean Wade,25.23396682739257,5.5,6.57120943069458,6.131243705749512,0.8039692640304565,1,O
03/15/2026,UTA,Cody Williams,31.83624649047852,12.5,11.773796081542969,3.1346302032470703,0.6490947604179382,1,-
03/15/2026,UTA,Brice Sensabaugh,30.443340301513672,22.5,21.235639572143555,9.124885559082031,0.8196827173233032,1,-
03/15/2026,TOR,RJ Barrett,31.53335762023925,19.5,18.809755325317383,7.294709205627441,0.8597907423973083,1,-
03/15/2026,TOR,Ja'Kobe Walter,20.116962432861328,6.5,6.056394577026367,6.394804000854492,0.8918142318725586,1,-
03/15/2026,SAC,Precious Achiuwa,30.047163009643555,16.5,12.802433967590332,7.303022861480713,0.7984176874160767,1,-
03/15/2026,SAC,Nique Clifford,33.63026428222656,16.5,12.805378913879396,3.523556470870972,0.5127084851264954,1,-
03/15/2026,SAC,Maxime Raynaud,30.33378791809082,16.5,14.088319778442385,6.472631454467773,0.8271781206130981,1,-
03/15/2026,SAC,Doug McDermott,17.914316177368164,11.5,6.14542818069458,6.44775915145874,0.8103965520858765,1,-
03/15/2026,SAC,DeMar DeRozan,34.812339782714844,22.5,20.66058349609375,6.751542568206787,0.7773756384849548,1,-
03/15/2026,POR,Scoot Henderson,24.36708068847656,13.5,13.042679786682127,7.115678310394287,0.7780815958976746,1,-
03/15/2026,POR,Jrue Holiday,30.88459587097168,16.5,14.98504638671875,6.250528335571289,0.8317177295684814,1,-
03/15/2026,POR,Jerami Grant,32.829917907714844,17.5,15.569450378417969,5.644911289215088,0.7554188370704651,1,-
03/15/2026,POR,Deni Avdija,31.752317428588867,21.5,18.66030502319336,4.869947910308838,0.6692653894424438,1,-
03/15/2026,PHI,Trendon Watford,20.30647850036621,9.5,8.078030586242676,4.634835243225098,0.9400013089179992,1,-
03/15/2026,PHI,Quentin Grimes,34.471466064453125,19.5,18.79320335388184,4.642641544342041,0.6557613611221313,1,-
03/15/2026,PHI,Justin Edwards,26.76666831970215,11.5,10.825865745544434,5.561491012573242,0.8348989486694336,1,-
03/15/2026,PHI,Dominick Barlow,28.97502326965332,10.5,10.425515174865724,4.259436130523682,0.8249590396881104,1,-
03/15/2026,OKC,Isaiah Hartenstein,24.68803977966309,8.5,7.9728193283081055,5.171868324279785,0.7860438823699951,1,-
03/15/2026,OKC,Cason Wallace,24.414793014526367,7.5,6.969997406005859,6.612094879150391,0.7098596692085266,1,-
03/15/2026,NYK,Mikal Bridges,33.23506164550781,12.5,11.852853775024414,4.001643180847168,0.6878904104232788,1,-
03/15/2026,MIN,Julius Randle,32.48688125610352,16.5,15.323817253112791,2.3892598152160645,0.5792834758758545,1,-
03/15/2026,MIN,Donte DiVincenzo,30.58122634887696,10.5,9.712069511413574,5.052588939666748,0.7660096287727356,1,-
03/15/2026,MIN,Ayo Dosunmu,24.154356002807617,10.5,9.59592628479004,5.648470401763916,0.80646151304245,1,-
03/15/2026,MIL,Ryan Rollins,33.25395584106445,17.5,15.56665325164795,5.691333293914795,0.7911584377288818,1,-
03/15/2026,MIL,Giannis Antetokounmpo,31.666189193725582,29.5,28.606454849243164,5.309909343719482,0.7939344644546509,1,-
03/15/2026,IND,Kobe Brown,23.52388572692871,9.5,8.537681579589844,6.017536163330078,0.8519441485404968,1,-
03/15/2026,IND,Kam Jones,19.013158798217773,9.5,6.196478366851807,5.249668598175049,0.8118352293968201,1,-
03/15/2026,IND,Jarace Walker,31.083709716796875,15.5,15.13434600830078,7.029511451721191,0.7029650211334229,1,-
03/15/2026,IND,Ivica Zubac,25.078105926513672,12.5,10.271777153015137,5.100468635559082,0.7278460264205933,1,-
03/15/2026,IND,Andrew Nembhard,26.36601448059082,16.5,15.580312728881836,8.578007698059082,0.823428213596344,1,-
03/15/2026,IND,Aaron Nesmith,31.4277286529541,15.5,15.002768516540527,4.913396835327148,0.6010403633117676,1,-
03/15/2026,GSW,Will Richard,27.123130798339844,10.5,9.855589866638184,6.000850677490234,0.6649399995803833,1,-
03/15/2026,GSW,Quinten Post,24.67288017272949,11.5,10.084049224853516,6.284878253936768,0.7716441750526428,1,-
03/15/2026,GSW,Pat Spencer,22.2219295501709,8.5,8.360119819641113,5.184110641479492,0.6540296077728271,1,-
03/15/2026,GSW,Brandin Podziemski,34.05509948730469,17.5,16.441198348999023,4.890826225280762,0.7420823574066162,1,-
03/15/2026,DET,Tobias Harris,29.86107635498047,12.5,11.61779499053955,4.994009494781494,0.7654812932014465,1,-
03/15/2026,DET,Paul Reed,13.555534362792969,7.5,5.202801704406738,7.16227912902832,0.896443784236908,1,-
03/15/2026,DET,Jalen Duren,28.647390365600582,19.5,17.35312843322754,7.586089611053467,0.8017313480377197,1,-
03/15/2026,DET,Cade Cunningham,34.705474853515625,24.5,19.3007869720459,4.116265773773193,0.7254862189292908,1,-
03/15/2026,DAL,P.J. Washington,25.749238967895508,11.5,10.572041511535645,5.75119161605835,0.696789026260376,1,-
03/15/2026,DAL,Naji Marshall,29.80190086364746,14.5,13.14311695098877,8.932265281677246,0.8489316701889038,1,-
03/15/2026,DAL,Cooper Flagg,32.93973922729492,21.5,19.42475700378418,10.689875602722168,0.8133589029312134,1,-
03/15/2026,DAL,Brandon Williams,22.74757194519043,12.5,12.408966064453123,8.321887016296387,0.8405523896217346,1,-
03/15/2026,CLE,Dennis Schroder,22.96805191040039,9.5,7.953515529632568,6.511594772338867,0.8256567716598511,1,-
03/16/2026,MEM,Olivier-Maxence Prosper,25.143081665039062,12.5,12.70089340209961,6.146474838256836,0.7761030793190002,1,O
03/16/2026,MEM,Taylor Hendricks,23.82621955871582,12.5,11.406853675842283,5.358566284179688,0.9174233675003052,1,-
03/16/2026,MEM,Jaylen Wells,26.57558822631836,15.5,14.438222885131836,6.363121509552002,0.8167117238044739,1,-
03/16/2026,MEM,Cedric Coward,26.12619400024414,14.5,13.252153396606444,4.874988555908203,0.6688976287841797,1,-
03/16/2026,MEM,Cam Spencer,22.49494171142578,11.5,11.157264709472656,6.567397594451904,0.920105278491974,1,-
03/16/2026,WAS,Bilal Coulibaly,29.79030036926269,12.5,12.830055236816406,6.096333026885986,0.7109597325325012,1,O
03/16/2026,SAS,Victor Wembanyama,31.052526473999023,25.5,25.725500106811523,7.688689708709717,0.8578646183013916,1,O
03/16/2026,PHO,Royce O'Neale,29.920360565185547,8.5,9.100183486938477,2.552854061126709,0.6658623814582825,1,O
03/16/2026,PHO,Oso Ighodaro,25.38559532165528,5.5,6.369658946990967,4.798146724700928,0.8428409695625305,1,O
03/16/2026,PHO,Jordan Goodwin,20.720603942871094,5.5,6.356997489929199,4.893890380859375,0.798011064529419,1,O
03/16/2026,PHO,Jalen Green,30.38444709777832,19.5,20.27661323547364,5.179774761199951,0.5927696228027344,1,O
03/16/2026,PHO,Devin Booker,34.599510192871094,23.5,24.94328117370605,4.750462532043457,0.6520525813102722,1,O
03/16/2026,ORL,Wendell Carter Jr.,31.24163818359375,11.5,12.300332069396973,4.292218208312988,0.7735480070114136,1,O
03/16/2026,ORL,Jalen Suggs,29.12407493591309,15.5,15.98964786529541,5.702702045440674,0.7516967058181763,1,O
03/16/2026,ORL,Desmond Bane,35.348079681396484,21.5,22.636045455932617,6.431865692138672,0.6846238970756531,1,O
03/16/2026,NOP,Saddiq Bey,31.097702026367188,18.5,18.782894134521484,7.271514892578125,0.8863583207130432,1,O
03/16/2026,LAL,Rui Hachimura,26.28470993041992,8.5,9.829482078552246,3.519899606704712,0.7590470314025879,1,O
03/16/2026,LAL,Marcus Smart,30.7020206451416,8.5,9.646671295166016,6.113368988037109,0.7651109099388123,1,O
03/16/2026,LAL,Luke Kennard,22.91051483154297,6.5,8.154982566833496,7.593786239624023,1.0080994367599487,1,O
03/16/2026,LAL,Jaxson Hayes,18.14605712890625,5.5,6.42532205581665,9.019457817077637,1.0140572786331177,1,O
03/16/2026,LAL,Deandre Ayton,30.42393493652344,9.5,12.422514915466309,6.2526960372924805,0.8002246022224426,1,O
03/16/2026,LAL,Austin Reaves,37.798072814941406,19.5,23.426544189453125,4.3130717277526855,0.6411762237548828,1,O
03/16/2026,LAC,Kris Dunn,29.21485710144043,7.5,7.553316116333008,3.1579067707061768,0.695601224899292,1,O
03/16/2026,LAC,John Collins,28.25593948364257,13.5,13.69314956665039,6.500003337860107,0.7953625917434692,1,O
03/16/2026,HOU,Jabari Smith Jr.,35.13054275512695,15.5,16.085691452026367,3.2138149738311768,0.7613230347633362,1,O
03/16/2026,HOU,Clint Capela,24.33775520324707,7.5,8.174762725830078,7.341639518737793,0.9035488367080688,1,O
03/16/2026,GSW,Pat Spencer,21.29706382751465,7.5,7.756382465362549,4.969298362731934,0.8364475965499878,1,O
03/16/2026,GSW,Gary Payton II,19.25684356689453,9.5,10.5158109664917,9.373661041259766,0.8882495164871216,1,O
03/16/2026,GSW,Draymond Green,30.207035064697266,9.5,9.991703033447266,6.767183780670166,0.826788604259491,1,O
03/16/2026,DAL,Ryan Nembhard,25.289770126342773,7.5,8.103116035461426,6.754605770111084,0.7710294723510742,1,O
03/16/2026,DAL,P.J. Washington,32.2105598449707,13.5,14.636754989624023,3.133436441421509,0.6423099637031555,1,O
03/16/2026,DAL,Khris Middleton,21.697927474975582,10.5,11.6037015914917,9.48590850830078,0.8638468980789185,1,O
03/16/2026,DAL,Daniel Gafford,20.36034202575684,10.5,11.076162338256836,6.418327331542969,0.8135443329811096,1,O
03/16/2026,DAL,Brandon Williams,22.801532745361328,13.5,13.632108688354492,5.746304988861084,0.8104154467582703,1,O
03/16/2026,CHI,Tre Jones,29.724655151367188,15.5,15.773016929626465,6.606319904327393,0.8748491406440735,1,O
03/16/2026,CHI,Nick Richards,24.884584426879883,9.5,9.999892234802246,6.1470160484313965,0.8440439105033875,1,O
03/16/2026,CHI,Guerschon Yabusele,21.988933563232425,8.5,8.895602226257324,7.923167705535889,0.9977975487709044,1,O
03/16/2026,CHI,Collin Sexton,21.99836540222168,14.5,17.265527725219727,7.391530036926269,0.8303961157798767,1,O
03/16/2026,BRK,Ziaire Williams,27.015687942504883,10.5,12.309236526489258,5.0174174308776855,0.6896865963935852,1,O
03/16/2026,BRK,Nolan Traore,25.612699508666992,10.5,11.75370979309082,5.438751220703125,0.8773120641708374,1,O
03/16/2026,BRK,Drake Powell,26.515640258789062,8.5,9.487713813781738,5.376599788665772,0.6557589173316956,1,O
03/16/2026,BRK,Ben Saraf,22.818134307861328,8.5,8.735615730285645,5.512016296386719,0.734135091304779,1,O
03/16/2026,BOS,Sam Hauser,28.17594146728516,8.5,10.918060302734377,7.446756362915039,0.7141292691230774,1,O
03/16/2026,BOS,Payton Pritchard,30.347936630249023,14.5,15.382525444030762,4.1524152755737305,0.7042074203491211,1,O
03/16/2026,BOS,Luka Garza,18.394607543945312,6.5,6.865542888641357,6.782662391662598,0.9493724703788756,1,O
03/16/2026,BOS,Jaylen Brown,33.98023986816406,23.5,24.67027473449707,3.3483481407165527,0.7422059774398804,1,O
03/16/2026,BOS,Derrick White,34.926753997802734,15.5,18.94448471069336,1.5709950923919678,0.5530803203582764,1,O
03/16/2026,BOS,Baylor Scheierman,22.74707794189453,5.5,6.410965919494629,5.818912506103516,0.7517217993736267,1,O
03/16/2026,ATL,Zaccharie Risacher,22.07269287109375,7.5,8.840070724487305,6.339056491851807,0.7813276648521423,1,O
03/16/2026,ATL,Onyeka Okongwu,32.89120101928711,13.5,13.603271484375,4.7012224197387695,0.7264536619186401,1,O
03/16/2026,ATL,Jalen Johnson,35.9195671081543,21.5,23.28232765197754,2.1631994247436523,0.5331110954284668,1,O
03/16/2026,ATL,Dyson Daniels,32.567813873291016,10.5,10.548474311828612,3.6939871311187744,0.6096566915512085,1,O
03/16/2026,WAS,Will Riley,29.324630737304688,14.5,13.34782600402832,5.439631938934326,0.7058836221694946,1,-
03/16/2026,WAS,Tristan Vukcevic,15.837034225463867,11.5,10.74048137664795,6.180008411407471,0.9188059568405152,1,-
03/16/2026,WAS,Tre Johnson,27.386430740356445,13.5,12.666528701782228,4.263615608215332,0.8198771476745605,1,-
03/16/2026,WAS,Trae Young,25.56458854675293,15.5,10.123867988586426,5.581315994262695,0.7893294095993042,1,-
03/16/2026,SAS,Stephon Castle,31.20378875732422,16.5,15.502296447753906,3.0115721225738525,0.6726248264312744,1,-
03/16/2026,SAS,Keldon Johnson,22.06411361694336,12.5,11.549409866333008,7.51004695892334,0.9769415259361268,1,-
03/16/2026,SAS,Julian Champagnie,28.4137020111084,10.5,9.298118591308594,6.722044467926025,0.8493661880493164,1,-
03/16/2026,SAS,Harrison Barnes,20.63314437866211,8.5,6.739551544189453,4.831020832061768,0.7572759389877319,1,-
03/16/2026,SAS,Devin Vassell,31.22127723693848,13.5,12.956769943237305,8.19308853149414,0.7256143093109131,1,-
03/16/2026,SAS,De'Aaron Fox,32.3041877746582,18.5,18.230865478515625,4.4491777420043945,0.7601619362831116,1,-
03/16/2026,POR,Toumani Camara,32.39302062988281,12.5,12.09275722503662,2.667789936065674,0.6325558423995972,1,-
03/16/2026,POR,Scoot Henderson,23.47455406188965,13.5,13.17198085784912,6.58969259262085,0.7623181939125061,1,-
03/16/2026,POR,Jrue Holiday,30.12287139892578,16.5,15.604239463806152,5.5344977378845215,0.7806931138038635,1,-
03/16/2026,POR,Jerami Grant,31.68955421447754,18.5,16.007850646972656,3.1439387798309326,0.6903985142707825,1,-
03/16/2026,POR,Donovan Clingan,27.77143859863281,14.5,12.918655395507812,4.791862487792969,0.7659139037132263,1,-
03/16/2026,POR,Deni Avdija,32.44498062133789,22.5,21.090635299682617,3.927321672439575,0.672691822052002,1,-
03/16/2026,PHO,Grayson Allen,27.471784591674805,14.5,13.706509590148926,4.0115156173706055,0.6975817680358887,1,-
03/16/2026,PHO,Collin Gillespie,29.850391387939453,10.5,8.651357650756836,2.862168073654175,0.7131670117378235,1,-
03/16/2026,ORL,Paolo Banchero,36.49450302124024,24.5,21.83965492248535,2.063389778137207,0.552661657333374,1,-
03/16/2026,ORL,Jevon Carter,21.11663246154785,7.5,6.367101192474365,6.334932327270508,0.935671091079712,1,-
03/16/2026,ORL,Jett Howard,18.56569480895996,8.5,7.49179220199585,6.93921422958374,0.8984638452529907,1,-
03/16/2026,NOP,Zion Williamson,30.908315658569336,23.5,21.13471221923828,2.715786933898926,0.5812450051307678,1,-
03/16/2026,NOP,Yves Missi,26.170106887817383,8.5,7.397461414337158,5.712188720703125,0.8103675246238708,1,-
03/16/2026,NOP,Trey Murphy III,35.29796600341797,23.5,22.187963485717773,4.033915519714356,0.6874498128890991,1,-
03/16/2026,NOP,Jeremiah Fears,22.079837799072266,12.5,11.928604125976562,5.859582901000977,0.948073148727417,1,-
03/16/2026,NOP,Herbert Jones,30.81626510620117,10.5,9.68112564086914,3.918212413787842,0.6819354891777039,1,-
03/16/2026,NOP,Derik Queen,20.973960876464844,8.5,5.9678826332092285,7.473557949066162,0.9371007680892944,1,-
03/16/2026,NOP,Dejounte Murray,22.73031234741211,17.5,13.911922454833984,6.8119964599609375,0.7814345359802246,1,-
03/16/2026,LAL,Luka Doncic,38.11129379272461,29.5,27.68071174621582,3.988259077072144,0.6081841588020325,1,-
03/16/2026,LAL,LeBron James,34.37004852294922,18.5,16.773601531982422,4.718440532684326,0.7085903882980347,1,-
03/16/2026,LAC,Isaiah Jackson,18.09593963623047,7.5,5.993874549865723,7.838366508483887,0.9427284598350524,1,-
03/16/2026,LAC,Derrick Jones Jr.,29.479537963867188,12.5,10.090466499328612,4.781467914581299,0.7859993577003479,1,-
03/16/2026,LAC,Darius Garland,27.27991104125977,20.5,14.179976463317873,6.112616539001465,0.7574386596679688,1,-
03/16/2026,LAC,Brook Lopez,27.17953109741211,9.5,8.891955375671387,7.423245429992676,0.8156290650367737,1,-
03/16/2026,LAC,Bennedict Mathurin,27.282453536987305,21.5,18.08586883544922,7.237663745880127,0.9232726097106934,1,-
03/16/2026,HOU,Tari Eason,28.849498748779297,10.5,9.879611015319824,4.242626190185547,0.6681909561157227,1,-
03/16/2026,HOU,Reed Sheppard,27.152198791503903,16.5,13.936217308044434,7.372922420501709,0.9255586862564088,1,-
03/16/2026,HOU,Kevin Durant,36.67148208618164,27.5,25.50263214111328,4.349331378936768,0.6285622715950012,1,-
03/16/2026,HOU,Amen Thompson,36.79362869262695,19.5,19.043100357055664,4.023641586303711,0.8039711713790894,1,-
03/16/2026,HOU,Alperen Sengun,27.13351249694824,18.5,18.492111206054688,7.036605358123779,0.7084200382232666,1,-
03/16/2026,GSW,Will Richard,25.58376121520996,9.5,8.303013801574707,5.684385776519775,0.7108016610145569,1,-
03/16/2026,GSW,Kristaps Porzingis,20.12355613708496,16.5,12.215572357177734,6.523982048034668,0.8805420994758606,1,-
03/16/2026,GSW,Gui Santos,29.956031799316406,15.5,14.454693794250488,6.839084148406982,0.9025892615318298,1,-
03/16/2026,GSW,De'Anthony Melton,25.07196044921875,17.5,15.166193008422852,9.263704299926758,0.8335149884223938,1,-
03/16/2026,GSW,Brandin Podziemski,32.442684173583984,17.5,15.073808670043944,5.065391540527344,0.8630143404006958,1,-
03/16/2026,DAL,Naji Marshall,29.709522247314453,16.5,15.22882080078125,7.981142044067383,0.8806596994400024,1,-
03/16/2026,DAL,Max Christie,29.22684860229492,12.5,11.661099433898926,6.078073024749756,0.6076503992080688,1,-
03/16/2026,DAL,Cooper Flagg,33.04100036621094,21.5,19.781078338623047,8.71292495727539,0.6799138188362122,1,-
03/16/2026,CHI,Matas Buzelis,31.224899291992188,21.5,19.973588943481445,6.422724723815918,0.7870595455169678,1,-
03/16/2026,CHI,Leonard Miller,27.568544387817383,13.5,12.985764503479004,6.389072895050049,0.7617791891098022,1,-
03/16/2026,CHI,Josh Giddey,33.92816925048828,21.5,18.086759567260746,4.4258317947387695,0.7064456343650818,1,-
03/16/2026,CHI,Jalen Smith,27.27702522277832,14.5,12.826261520385742,5.094387054443359,0.7956047058105469,1,-
03/16/2026,BRK,Josh Minott,19.50798988342285,10.5,9.689046859741213,5.080358982086182,0.7125211954116821,1,-
03/16/2026,BRK,Danny Wolf,27.706995010375977,12.5,12.07925796508789,4.367527961730957,0.6667024493217468,1,-
03/16/2026,BOS,Neemias Queta,26.74139404296875,9.5,9.328095436096191,6.286632061004639,0.7860609889030457,1,-
03/16/2026,BOS,Jayson Tatum,31.36711883544922,21.5,16.61565399169922,5.883315563201904,0.6759273409843445,1,-
03/16/2026,ATL,Nickeil Alexander-Walker,34.318599700927734,17.5,17.471338272094727,4.97698450088501,0.7282217741012573,1,-
03/16/2026,ATL,Jonathan Kuminga,20.21465301513672,10.5,7.976456642150879,6.854094982147217,0.8835997581481934,1,-
03/16/2026,ATL,CJ McCollum,29.646533966064453,17.5,17.38469696044922,7.641604423522949,0.722759485244751,1,-
03/17/2026,MIL,Ryan Rollins,32.66782760620117,15.5,14.542475700378418,3.7032628059387207,0.7237971425056458,1,-
03/17/2026,WAS,Justin Champagnie,25.86780548095703,10.5,10.965360641479492,6.040606021881104,0.8209141492843628,1,O
03/17/2026,WAS,Bilal Coulibaly,26.99203491210937,11.5,12.583882331848145,3.615767240524292,0.6773068904876709,1,O
03/17/2026,SAS,Victor Wembanyama,32.37848281860352,24.5,28.58621406555176,9.100621223449709,0.8755054473876953,1,O
03/17/2026,SAS,Stephon Castle,31.989032745361328,16.5,18.34834861755371,4.645205974578857,0.6831797957420349,1,O
03/17/2026,SAS,Harrison Barnes,28.27678298950196,10.5,10.829867362976074,6.563307762145996,0.7567285299301147,1,O
03/17/2026,SAS,Devin Vassell,27.93710708618164,14.5,15.519405364990234,6.913148403167725,0.7484316825866699,1,O
03/17/2026,SAS,De'Aaron Fox,32.64816665649414,17.5,21.98077774047852,6.013759613037109,0.6888666749000549,1,O
03/17/2026,PHO,Royce O'Neale,29.80419158935547,8.5,8.770366668701172,3.864219903945923,0.7350948452949524,1,O
03/17/2026,PHO,Oso Ighodaro,25.5345458984375,6.5,6.81068754196167,4.939060211181641,0.8348284363746643,1,O
03/17/2026,PHO,Jordan Goodwin,21.69344139099121,6.5,7.139308452606201,3.789721727371216,0.7767807841300964,1,O
03/17/2026,PHO,Grayson Allen,27.17076873779297,14.5,15.740931510925291,5.204172611236572,0.6668119430541992,1,O
03/17/2026,PHO,Devin Booker,35.704307556152344,27.5,28.32091522216797,4.440861225128174,0.6198026537895203,1,O
03/17/2026,PHI,Quentin Grimes,35.97624588012695,20.5,21.780601501464844,5.969493389129639,0.6834297180175781,1,O
03/17/2026,PHI,Justin Edwards,28.11991310119629,11.5,13.88046646118164,5.776844024658203,0.824012815952301,1,O
03/17/2026,PHI,Dominick Barlow,29.25676155090332,9.5,10.292387008666992,3.365150690078736,0.6940351724624634,1,O
03/17/2026,PHI,Adem Bona,26.4521427154541,6.5,8.879867553710938,4.674845218658447,0.8078478574752808,1,O
03/17/2026,ORL,Wendell Carter Jr.,31.477279663085938,9.5,11.755783081054688,4.275015830993652,0.7840222120285034,1,O
03/17/2026,ORL,Moritz Wagner,14.305596351623535,7.5,7.701140880584717,7.668485164642334,0.8146743178367615,1,O
03/17/2026,ORL,Jalen Suggs,29.51532554626465,13.5,14.25002384185791,3.768081188201904,0.7162717580795288,1,O
03/17/2026,ORL,Desmond Bane,35.320194244384766,18.5,19.765932083129883,2.9101674556732178,0.5926545858383179,1,O
03/17/2026,OKC,Luguentz Dort,29.75901985168457,7.5,8.734614372253418,6.13105058670044,0.8234553337097168,1,O
03/17/2026,OKC,Jared McCain,18.149873733520508,7.5,9.815621376037598,7.66348934173584,0.9506457448005676,1,O
03/17/2026,OKC,Cason Wallace,24.43191146850586,6.5,7.110439300537109,6.706973075866699,0.7246466279029846,1,O
03/17/2026,OKC,Alex Caruso,20.644350051879883,5.5,7.901256561279297,6.500556468963623,0.6692953109741211,1,O
03/17/2026,NYK,OG Anunoby,34.471492767333984,18.5,21.10232925415039,5.045907974243164,0.8707931041717529,1,O
03/17/2026,NYK,Mitchell Robinson,20.600658416748047,5.5,5.72028923034668,5.090508460998535,0.8223806023597717,1,O
03/17/2026,NYK,Karl-Anthony Towns,32.66679000854492,22.5,22.62619972229004,5.728609561920166,0.8488527536392212,1,O
03/17/2026,MIL,Kyle Kuzma,28.5586166381836,12.5,13.056968688964844,5.603555679321289,0.7565112113952637,1,O
03/17/2026,MIL,Jericho Sims,26.316835403442383,5.5,7.426125526428223,5.650439739227295,0.7759612202644348,1,O
03/17/2026,MIA,Pelle Larsson,31.2067928314209,11.5,13.896199226379396,6.245907783508301,0.7163779735565186,1,O
03/17/2026,MIA,Jaime Jaquez Jr.,30.30869483947754,15.5,16.109773635864258,7.867802619934082,0.8297207355499268,1,O
03/17/2026,MIA,Davion Mitchell,30.13905906677246,7.5,9.81825351715088,5.348361492156982,0.7553057670593262,1,O
03/17/2026,MIA,Bam Adebayo,29.36849975585937,20.5,22.39666748046875,9.282281875610352,0.6932598352432251,1,O
03/17/2026,IND,Kobe Brown,28.209604263305664,7.5,10.27548599243164,6.920426845550537,0.8061349987983704,1,O
03/17/2026,IND,Ivica Zubac,26.249940872192383,10.5,11.041969299316406,6.587677001953125,0.7120017409324646,1,O
03/17/2026,IND,Andrew Nembhard,26.01862144470215,14.5,15.464253425598145,6.698549747467041,0.6391314268112183,1,O
03/17/2026,IND,Aaron Nesmith,31.62496566772461,13.5,17.49439239501953,3.820656776428223,0.5012500286102295,1,O
03/17/2026,DET,Tobias Harris,29.99985885620117,12.5,13.24071979522705,5.405755043029785,0.7789397835731506,1,O
03/17/2026,DET,Javonte Green,18.32581329345703,6.5,7.811007976531982,8.522978782653809,0.9432528018951416,1,O
03/17/2026,DET,Duncan Robinson,28.25397491455078,10.5,11.050945281982422,6.423376560211182,0.8631073236465454,1,O
03/17/2026,DET,Caris LeVert,19.11174392700196,6.5,7.909229755401611,5.470600128173828,0.8452221751213074,1,O
03/17/2026,DEN,Tim Hardaway Jr.,26.047637939453125,11.5,12.76187229156494,7.673170566558838,0.9423582553863524,1,O
03/17/2026,DEN,Nikola Jokic,37.248477935791016,26.5,27.602970123291016,3.847654342651367,0.5293248295783997,1,O
03/17/2026,DEN,Christian Braun,35.82783889770508,11.5,11.96981430053711,2.925337553024292,0.602860689163208,1,O
03/17/2026,DEN,Cameron Johnson,32.94479751586914,10.5,12.09404182434082,3.701705455780029,0.6622740626335144,1,O
03/17/2026,DEN,Bruce Brown,23.053958892822266,6.5,7.921774864196777,6.609050273895264,0.7850319147109985,1,O
03/17/2026,CLE,Sam Merrill,26.83574867248535,9.5,11.639147758483888,7.765635967254639,0.7354820966720581,1,O
03/17/2026,CLE,Keon Ellis,25.654476165771484,6.5,9.484034538269045,6.327709197998047,0.7737308144569397,1,O
03/17/2026,CLE,Jaylon Tyson,21.57098960876465,7.5,8.33974552154541,7.735042095184326,0.8867391347885132,1,O
03/17/2026,CLE,Evan Mobley,32.39786529541016,18.5,19.624486923217773,5.487171649932861,0.73302161693573,1,O
03/17/2026,CLE,Donovan Mitchell,33.48735046386719,25.5,27.18691635131836,2.5203988552093506,0.6817032694816589,1,O
03/17/2026,CLE,Dean Wade,24.92562866210937,5.5,6.247032165527344,6.419703006744385,0.8731403946876526,1,O
03/17/2026,CHO,Ryan Kalkbrenner,17.743497848510742,5.5,6.607326030731201,6.163389205932617,0.7617470026016235,1,O
03/17/2026,CHO,Miles Bridges,32.60230255126953,15.5,16.550474166870117,4.428012847900391,0.650762140750885,1,O
03/17/2026,CHO,Kon Knueppel,32.64492416381836,19.5,20.03799057006836,7.166327476501465,0.7006236910820007,1,O
03/17/2026,CHO,Grant Williams,18.46846008300781,6.5,7.219604969024658,5.82045841217041,0.8402041792869568,1,O
03/17/2026,WAS,Will Riley,30.235090255737305,15.5,12.534734725952148,5.323318958282471,0.7751827836036682,1,-
03/17/2026,WAS,Tristan Vukcevic,16.981428146362305,12.5,11.553049087524414,7.006200790405273,0.820704996585846,1,-
03/17/2026,WAS,Tre Johnson,27.85756492614746,13.5,11.987317085266112,6.339884281158447,0.8343247771263123,1,-
03/17/2026,WAS,Jamir Watkins,20.95013427734375,9.5,8.466525077819824,5.667164325714111,0.7619907855987549,1,-
03/17/2026,WAS,Jaden Hardy,19.74168968200684,11.5,10.571352005004885,6.901791572570801,0.8080103397369385,1,-
03/17/2026,SAS,Keldon Johnson,23.19452667236328,13.5,12.624285697937012,8.500292778015137,0.9157072901725768,1,-
03/17/2026,SAS,Julian Champagnie,29.27457427978516,11.5,10.227612495422363,8.966605186462402,0.7727313041687012,1,-
03/17/2026,SAS,Dylan Harper,22.5820255279541,11.5,11.192582130432127,7.173918724060059,0.7919883728027344,1,-
03/17/2026,SAC,Russell Westbrook,31.19584846496582,17.5,13.617427825927734,7.4375457763671875,0.7745040059089661,1,-
03/17/2026,SAC,Precious Achiuwa,29.969030380249023,14.5,12.521746635437012,8.07093334197998,0.8303589224815369,1,-
03/17/2026,SAC,Nique Clifford,31.970605850219727,11.5,11.390366554260254,1.7303508520126345,0.5387731194496155,1,-
03/17/2026,SAC,Maxime Raynaud,28.93905639648437,14.5,12.604888916015623,6.574122428894043,0.8155124187469482,1,-
03/17/2026,SAC,Malik Monk,21.546220779418945,11.5,11.313096046447754,9.914236068725586,1.006182312965393,1,-
03/17/2026,SAC,DeMar DeRozan,34.959556579589844,21.5,19.2451171875,8.660847663879395,0.7417264580726624,1,-
03/17/2026,PHO,Rasheer Fleming,16.36442756652832,5.5,4.789441585540772,5.091185569763184,0.8160448670387268,1,-
03/17/2026,PHO,Jalen Green,30.44589805603028,22.5,22.42659950256348,5.169561862945557,0.7274101972579956,1,-
03/17/2026,PHO,Collin Gillespie,29.8482666015625,12.5,10.475996017456056,5.82564115524292,0.7678365111351013,1,-
03/17/2026,PHI,VJ Edgecombe,36.3978271484375,18.5,17.471759796142578,4.453327178955078,0.730095624923706,1,-
03/17/2026,PHI,Trendon Watford,21.03379249572754,8.5,8.443480491638184,5.984025478363037,0.8035493493080139,1,-
03/17/2026,PHI,Cameron Payne,20.59931755065918,10.5,10.24206829071045,6.276625633239746,0.8580986261367798,1,-
03/17/2026,ORL,Paolo Banchero,36.626861572265625,20.5,19.49024772644043,1.486506462097168,0.5307363867759705,1,-
03/17/2026,ORL,Jevon Carter,21.18614196777344,6.5,6.126777172088623,6.189567565917969,0.839972972869873,1,-
03/17/2026,ORL,Jett Howard,18.69428062438965,7.5,6.6461262702941895,6.9107184410095215,0.8797249794006348,1,-
03/17/2026,OKC,Shai Gilgeous-Alexander,36.4170150756836,31.5,29.796676635742188,4.589926242828369,0.5884923338890076,1,-
03/17/2026,OKC,Isaiah Hartenstein,25.28362274169922,8.5,7.44452428817749,7.227104187011719,0.7624468803405762,1,-
03/17/2026,OKC,Chet Holmgren,30.308757781982425,15.5,14.883153915405272,4.340981960296631,0.5874414443969727,1,-
03/17/2026,OKC,Ajay Mitchell,28.498170852661133,14.5,13.744439125061035,3.5015408992767334,0.6452394127845764,1,-
03/17/2026,NYK,Mikal Bridges,32.52397918701172,14.5,13.8116455078125,3.674354076385498,0.7303315997123718,1,-
03/17/2026,NYK,Landry Shamet,24.96849250793457,11.5,11.115543365478516,6.044818878173828,0.8486844897270203,1,-
03/17/2026,NYK,Josh Hart,32.43741989135742,12.5,11.996339797973633,2.583618640899658,0.783381462097168,1,-
03/17/2026,NYK,Jose Alvarado,26.332231521606445,9.5,7.753625869750977,4.746023654937744,0.7676259875297546,1,-
03/17/2026,NYK,Jordan Clarkson,20.958723068237305,11.5,10.90239715576172,5.3052897453308105,0.8908775448799133,1,-
03/17/2026,MIN,Rudy Gobert,31.810518264770508,11.5,11.154463768005373,4.545353889465332,0.7242522239685059,1,-
03/17/2026,MIN,Naz Reid,26.60026359558105,13.5,13.199322700500488,5.488640308380127,0.7847296595573425,1,-
03/17/2026,MIN,Julius Randle,33.067134857177734,23.5,21.75005149841309,4.152525424957275,0.5829927325248718,1,-
03/17/2026,MIN,Jaden McDaniels,31.4726791381836,14.5,11.314045906066896,4.537750720977783,0.7199335098266602,1,-
03/17/2026,MIN,Donte DiVincenzo,30.95680046081543,13.5,11.244858741760254,3.052077293395996,0.689373791217804,1,-
03/17/2026,MIN,Bones Hyland,16.963897705078125,8.5,8.072471618652344,5.869968891143799,0.8488327264785767,1,-
03/17/2026,MIN,Ayo Dosunmu,30.56865501403809,14.5,12.327203750610352,3.28151535987854,0.7528653144836426,1,-
03/17/2026,MIL,Myles Turner,24.902570724487305,10.5,10.330275535583496,7.435449123382568,0.8079566955566406,1,-
03/17/2026,MIL,Kevin Porter Jr.,32.80789566040039,18.5,16.151355743408203,2.917834997177124,0.6659144759178162,1,-
03/17/2026,MIL,Giannis Antetokounmpo,26.34248161315918,27.5,25.05488586425781,3.145263910293579,0.6628521680831909,1,-
03/17/2026,MIA,Tyler Herro,33.77049255371094,23.5,23.237472534179688,8.819296836853027,0.8438442349433899,1,-
03/17/2026,MIA,Norman Powell,29.988868713378903,22.5,21.81646728515625,5.793395042419434,0.6893779635429382,1,-
03/17/2026,MIA,Kel'el Ware,27.763118743896484,13.5,12.347737312316896,7.459267616271973,0.7480133771896362,1,-
03/17/2026,IND,Jarace Walker,30.874086380004883,14.5,13.64639949798584,4.443394184112549,0.743289053440094,1,-
03/17/2026,DET,Jalen Duren,29.389148712158203,21.5,18.62321853637696,7.305962085723877,0.8153472542762756,1,-
03/17/2026,DET,Cade Cunningham,34.72721862792969,24.5,23.31485366821289,3.7010576725006095,0.7024561166763306,1,-
03/17/2026,DET,Ausar Thompson,25.74995231628418,9.5,9.220053672790527,4.629054546356201,0.8535012602806091,1,-
03/17/2026,DEN,Jamal Murray,36.71570587158203,23.5,21.60849952697754,6.816400051116943,0.6458373665809631,1,-
03/17/2026,DEN,Aaron Gordon,31.611888885498047,15.5,15.036287307739258,4.351491928100586,0.6460631489753723,1,-
03/17/2026,CLE,Max Strus,15.112749099731444,8.5,5.637135982513428,6.102718353271484,0.7578852772712708,1,-
03/17/2026,CLE,James Harden,34.25481414794922,19.5,19.087129592895508,2.7441322803497314,0.6742751598358154,1,-
03/17/2026,CLE,Dennis Schroder,22.419279098510746,8.5,8.471718788146973,4.972784519195557,0.7421650886535645,1,-
03/17/2026,CHO,Moussa Diabate,29.09779357910156,8.5,7.935482501983643,4.993137359619141,0.7335573434829712,1,-
03/17/2026,CHO,LaMelo Ball,28.50656509399414,20.5,19.318790435791016,6.629854202270508,0.822716474533081,1,-
03/17/2026,CHO,Coby White,19.845218658447266,13.5,8.656632423400879,6.1287689208984375,0.8135128617286682,1,-
03/17/2026,CHO,Brandon Miller,31.991823196411133,21.5,19.81558418273925,5.124465465545654,0.7030179500579834,1,-
03/18/2026,UTA,Cody Williams,31.61048889160156,12.5,12.74658489227295,3.98384952545166,0.5768664479255676,1,O
03/18/2026,TOR,Sandro Mamukelashvili,19.005504608154297,8.5,9.45615577697754,6.477622985839844,0.9322080016136168,1,O
03/18/2026,TOR,Immanuel Quickley,33.133567810058594,17.5,17.621877670288086,5.365863800048828,0.791638970375061,1,O
03/18/2026,TOR,Brandon Ingram,35.12684631347656,23.5,24.22039222717285,3.805607557296753,0.5555619597434998,1,O
03/18/2026,POR,Toumani Camara,32.607303619384766,11.5,12.792272567749023,4.776372909545898,0.7785438895225525,1,O
03/18/2026,POR,Scoot Henderson,23.65688133239746,13.5,16.028993606567383,6.822447299957275,0.8734950423240662,1,O
03/18/2026,POR,Jrue Holiday,29.93512535095215,15.5,15.51975154876709,6.877996444702148,0.9150052070617676,1,O
03/18/2026,OKC,Luguentz Dort,24.82649612426757,7.5,8.308645248413086,5.80877685546875,0.9003109931945801,1,O
03/18/2026,OKC,Isaiah Hartenstein,20.806411743164062,5.5,5.798659324645996,6.688542366027832,0.7762671113014221,1,O
03/18/2026,OKC,Chet Holmgren,30.649139404296875,14.5,17.116117477416992,3.647667407989502,0.625590980052948,1,O
03/18/2026,OKC,Ajay Mitchell,29.362276077270508,15.5,15.667835235595703,2.6657707691192627,0.7138529419898987,1,O
03/18/2026,NOP,Zion Williamson,31.3377742767334,20.5,20.72258949279785,3.1986775398254395,0.7310378551483154,1,O
03/18/2026,NOP,Saddiq Bey,31.57000541687012,16.5,17.0435791015625,6.596701145172119,0.8424227237701416,1,O
03/18/2026,NOP,Jeremiah Fears,21.77624893188477,9.5,10.636604309082031,6.559072494506836,0.9918628931045532,1,O
03/18/2026,MIN,Naz Reid,25.913726806640625,14.5,14.896015167236328,6.290277481079102,0.7849779725074768,1,O
03/18/2026,MEM,Olivier-Maxence Prosper,24.72090148925781,10.5,11.77960968017578,6.243743419647217,0.7806631326675415,1,O
03/18/2026,MEM,Jaylen Wells,26.40470123291016,12.5,12.976996421813965,6.635428428649902,0.8398982882499695,1,O
03/18/2026,MEM,Cedric Coward,26.113645553588867,12.5,12.953786849975586,4.882399559020996,0.7352246642112732,1,O
03/18/2026,LAL,Rui Hachimura,25.92349624633789,7.5,9.16135311126709,4.5839457511901855,0.8399772644042969,1,O
03/18/2026,LAL,Marcus Smart,31.139280319213867,8.5,9.421792984008787,5.195366382598877,0.8982723951339722,1,O
03/18/2026,LAL,Deandre Ayton,30.03387451171875,9.5,11.41416835784912,6.971312999725342,0.8540583848953247,1,O
03/18/2026,LAL,Austin Reaves,38.321964263916016,20.5,21.02651596069336,4.290339946746826,0.6020471453666687,1,O
03/18/2026,LAC,Kris Dunn,24.48378562927246,6.5,7.280941009521484,6.023609161376953,0.8126171827316284,1,O
03/18/2026,LAC,John Collins,28.63017463684082,13.5,13.823607444763184,6.4766035079956055,0.861389696598053,1,O
03/18/2026,IND,Andrew Nembhard,25.59491920471192,15.5,16.38836097717285,6.150273323059082,0.7239737510681152,1,O
03/18/2026,HOU,Jabari Smith Jr.,35.392208099365234,14.5,15.14344596862793,3.692482471466065,0.7284996509552002,1,O
03/18/2026,HOU,Amen Thompson,36.86367416381836,17.5,18.22150993347168,3.532783269882202,0.6443907618522644,1,O
03/18/2026,GSW,Gui Santos,30.4677734375,13.5,14.10477066040039,5.419023513793945,0.8268401622772217,1,O
03/18/2026,GSW,Gary Payton II,21.007726669311523,9.5,10.86475658416748,6.873507976531982,0.7773249745368958,1,O
03/18/2026,GSW,Draymond Green,31.02638053894043,8.5,8.646353721618652,3.378483533859253,0.5726830959320068,1,O
03/18/2026,GSW,Brandin Podziemski,33.4380989074707,12.5,16.0289249420166,3.2220137119293213,0.7332872152328491,1,O
03/18/2026,DEN,Tim Hardaway Jr.,25.724884033203125,12.5,14.379474639892578,7.253870010375977,0.931881546974182,1,O
03/18/2026,DEN,Christian Braun,34.89836502075195,12.5,13.671846389770508,2.6924993991851807,0.6177337765693665,1,O
03/18/2026,DEN,Cameron Johnson,32.15437316894531,12.5,12.60466194152832,4.328587532043457,0.669162929058075,1,O
03/18/2026,DAL,P.J. Washington,31.81185340881348,13.5,13.875605583190918,4.865237236022949,0.7113826870918274,1,O
03/18/2026,DAL,Naji Marshall,30.97202491760254,16.5,17.406230926513672,9.426742553710938,0.8783926367759705,1,O
03/18/2026,DAL,Klay Thompson,20.22588539123535,10.5,11.893757820129396,8.786611557006836,0.9391292333602904,1,O
03/18/2026,DAL,Daniel Gafford,19.898588180541992,9.5,10.911048889160156,7.614400386810303,0.8457105159759521,1,O
03/18/2026,CHI,Tre Jones,29.825660705566406,13.5,15.257487297058104,6.803406715393066,0.929250955581665,1,O
03/18/2026,CHI,Rob Dillingham,23.641357421875,6.5,8.924825668334961,7.499319553375244,0.9119605422019958,1,O
03/18/2026,CHI,Patrick Williams,20.47628593444824,5.5,6.683015823364258,7.14620304107666,0.9376163482666016,1,O
03/18/2026,CHI,Leonard Miller,28.765628814697266,10.5,11.60916233062744,6.536235809326172,0.8272903561592102,1,O
03/18/2026,CHI,Jalen Smith,28.50996780395508,12.5,13.669150352478027,6.375403881072998,0.8610760569572449,1,O
03/18/2026,CHI,Guerschon Yabusele,22.220102310180664,6.5,8.831585884094238,6.912816047668457,1.0327290296554563,1,O
03/18/2026,CHI,Collin Sexton,21.32624244689941,13.5,14.289383888244627,7.593587398529053,0.8065285682678223,1,O
03/18/2026,BRK,Nolan Traore,25.468833923339844,7.5,9.207781791687012,6.284221172332764,0.8813326954841614,1,O
03/18/2026,BRK,Noah Clowney,27.799285888671875,9.5,11.680646896362305,5.005150318145752,0.796713650226593,1,O
03/18/2026,BRK,Michael Porter Jr.,27.083139419555664,19.5,19.57070541381836,4.466738700866699,0.8356183171272278,1,O
03/18/2026,BRK,Drake Powell,25.57561111450196,7.5,7.993727207183838,6.080368041992188,0.7857409715652466,1,O
03/18/2026,BRK,Danny Wolf,26.56260299682617,10.5,11.433496475219728,5.2507171630859375,0.8003970384597778,1,O
03/18/2026,BOS,Sam Hauser,27.66626167297364,8.5,9.838729858398438,7.678054332733154,0.8482182025909424,1,O
03/18/2026,BOS,Payton Pritchard,31.12835502624512,15.5,16.41245460510254,6.9911298751831055,0.6637935042381287,1,O
03/18/2026,BOS,Neemias Queta,27.339223861694336,9.5,9.518312454223633,6.185219764709473,0.707710862159729,1,O
03/18/2026,BOS,Luka Garza,17.456562042236328,5.5,6.78020715713501,9.371413230895996,0.8803454041481018,1,O
03/18/2026,BOS,Jaylen Brown,35.379417419433594,24.5,27.392078399658203,4.318682670593262,0.5685163736343384,1,O
03/18/2026,BOS,Derrick White,34.752201080322266,16.5,19.05862808227539,3.239605188369751,0.5273960828781128,1,O
03/18/2026,ATL,Zaccharie Risacher,21.146440505981445,6.5,7.810425281524658,6.160486698150635,0.890448272228241,1,O
03/18/2026,ATL,Nickeil Alexander-Walker,33.71755599975586,18.5,21.09825897216797,6.578227043151856,0.7772249579429626,1,O
03/18/2026,ATL,Jalen Johnson,35.854217529296875,22.5,23.111804962158203,4.459825038909912,0.6136269569396973,1,O
03/18/2026,ATL,Dyson Daniels,33.11528015136719,11.5,11.812689781188965,4.597038745880127,0.6389179229736328,1,O
03/18/2026,ATL,CJ McCollum,29.95682144165039,17.5,17.995235443115234,5.280863761901856,0.7414947748184204,1,O
03/18/2026,UTA,Kyle Filipowski,27.14750862121582,13.5,11.935660362243652,4.580222129821777,0.6945275068283081,1,-
03/18/2026,UTA,John Konchar,22.602270126342773,3.5,3.469853401184082,6.436755180358887,0.8348535895347595,1,-
03/18/2026,UTA,Isaiah Collier,28.74188041687012,16.5,15.59430980682373,5.681826591491699,0.8621022701263428,1,-
03/18/2026,UTA,Brice Sensabaugh,27.68167495727539,19.5,15.963540077209473,6.797916412353516,0.7187151908874512,1,-
03/18/2026,UTA,Ace Bailey,28.73510932922364,15.5,12.031685829162598,4.284473896026611,0.8066222667694092,1,-
03/18/2026,TOR,Scottie Barnes,34.1113166809082,18.5,17.266435623168945,3.5088534355163574,0.5813886523246765,1,-
03/18/2026,TOR,RJ Barrett,32.24509048461914,21.5,21.13535499572754,7.130868434906006,0.7647064924240112,1,-
03/18/2026,TOR,Jamal Shead,21.499004364013672,7.5,5.552000999450684,6.031254291534424,0.8841956853866577,1,-
03/18/2026,TOR,Jakob Poeltl,27.990781784057617,12.5,11.886686325073242,4.125289440155029,0.6490194201469421,1,-
03/18/2026,POR,Jerami Grant,31.69645118713379,17.5,16.926939010620117,5.271979808807373,0.7852949500083923,1,-
03/18/2026,POR,Donovan Clingan,27.664709091186523,13.5,13.397653579711914,5.376824378967285,0.7847377061843872,1,-
03/18/2026,POR,Deni Avdija,34.37235641479492,22.5,22.32860374450684,5.105791568756104,0.7447229027748108,1,-
03/18/2026,OKC,Shai Gilgeous-Alexander,35.81817626953125,28.5,27.746990203857425,4.524136066436768,0.636979341506958,1,-
03/18/2026,OKC,Cason Wallace,29.536630630493164,9.5,8.488297462463379,4.864579677581787,0.6684502959251404,1,-
03/18/2026,NOP,Trey Murphy III,34.92982864379883,20.5,20.207876205444336,7.262207508087158,0.7052354216575623,1,-
03/18/2026,NOP,Herbert Jones,30.922964096069336,9.5,9.03383445739746,3.814512491226196,0.5499460101127625,1,-
03/18/2026,NOP,Dejounte Murray,26.71734619140625,17.5,15.597528457641602,6.657282829284668,0.7381690740585327,1,-
03/18/2026,MIN,Rudy Gobert,32.139041900634766,12.5,11.58271598815918,5.120725631713867,0.599497377872467,1,-
03/18/2026,MIN,Julius Randle,33.60369110107422,24.5,21.119897842407227,4.49583625793457,0.5781399011611938,1,-
03/18/2026,MIN,Jaden McDaniels,31.55887031555176,17.5,15.627501487731934,6.443749904632568,0.7538687586784363,1,-
03/18/2026,MIN,Donte DiVincenzo,31.41823959350586,14.5,12.97628116607666,5.205631732940674,0.7151850461959839,1,-
03/18/2026,MIN,Bones Hyland,17.070720672607422,14.5,9.8075590133667,6.330992221832275,0.7893596887588501,1,-
03/18/2026,MIN,Ayo Dosunmu,29.88524055480957,17.5,13.482337951660156,5.6621174812316895,0.7137483358383179,1,-
03/18/2026,MEM,Ty Jerome,24.30663108825684,18.5,17.89386749267578,8.015630722045898,0.895735502243042,1,-
03/18/2026,LAL,Luka Doncic,37.93031311035156,31.5,27.670961380004883,3.575754404067993,0.614635705947876,1,-
03/18/2026,LAL,LeBron James,34.6302375793457,18.5,16.80565643310547,5.068581581115723,0.7618685960769653,1,-
03/18/2026,LAC,Kawhi Leonard,32.28008270263672,28.5,27.160430908203125,7.575194358825684,0.7761703133583069,1,-
03/18/2026,LAC,Derrick Jones Jr.,29.47500991821289,11.5,11.045546531677246,5.308960437774658,0.8383503556251526,1,-
03/18/2026,LAC,Darius Garland,27.567306518554688,20.5,16.377361297607422,7.2329559326171875,0.7245023250579834,1,-
03/18/2026,LAC,Brook Lopez,26.529874801635746,9.5,8.52771282196045,8.016849517822266,0.6820893287658691,1,-
03/18/2026,IND,Jarace Walker,30.64607048034668,16.5,15.524105072021484,3.708115100860596,0.7168528437614441,1,-
03/18/2026,IND,Ivica Zubac,26.453975677490234,12.5,11.329760551452637,6.3546881675720215,0.7345852255821228,1,-
03/18/2026,HOU,Tari Eason,28.961944580078125,10.5,9.298312187194824,3.555394411087036,0.6406542658805847,1,-
03/18/2026,HOU,Reed Sheppard,27.069089889526367,13.5,12.937139511108398,5.891472339630127,0.871536374092102,1,-
03/18/2026,HOU,Kevin Durant,37.097434997558594,24.5,23.317821502685547,4.906896114349365,0.6791589856147766,1,-
03/18/2026,HOU,Alperen Sengun,33.017333984375,17.5,16.76197624206543,5.770326614379883,0.7246055603027344,1,-
03/18/2026,GSW,Will Richard,23.80412483215332,7.5,6.366220474243164,3.794556617736816,0.5050468444824219,1,-
03/18/2026,GSW,Kristaps Porzingis,25.998470306396484,15.5,13.659326553344728,5.230655670166016,0.743278443813324,1,-
03/18/2026,GSW,De'Anthony Melton,26.10898208618164,15.5,14.33486270904541,5.623166561126709,0.773040771484375,1,-
03/18/2026,DEN,Spencer Jones,28.97867012023925,8.5,8.047761917114258,6.347659111022949,0.722359836101532,1,-
03/18/2026,DEN,Nikola Jokic,36.24322128295898,28.5,25.66087532043457,3.5248770713806152,0.5671482682228088,1,-
03/18/2026,DEN,Jamal Murray,36.2998046875,25.5,25.46137046813965,9.041267395019531,0.7533636689186096,1,-
03/18/2026,DEN,Aaron Gordon,25.7627010345459,16.5,13.216385841369627,4.883275985717773,0.7259367108345032,1,-
03/18/2026,DAL,Max Christie,29.70037841796875,11.5,10.533188819885254,6.134212493896484,0.6413476467132568,1,-
03/18/2026,DAL,Khris Middleton,21.728496551513672,10.5,10.103635787963867,8.771517753601074,0.8803120255470276,1,-
03/18/2026,DAL,Cooper Flagg,32.72941970825195,20.5,20.407699584960938,7.920938491821289,0.6778568625450134,1,-
03/18/2026,CHI,Matas Buzelis,31.06972885131836,18.5,17.577360153198242,6.68918514251709,0.8720719814300537,1,-
03/18/2026,CHI,Josh Giddey,34.45964431762695,18.5,16.367305755615234,3.6869513988494873,0.76850825548172,1,-
03/18/2026,BOS,Jayson Tatum,33.196067810058594,21.5,17.996681213378906,6.302724838256836,0.662885308265686,1,-
03/18/2026,BOS,Baylor Scheierman,22.71720695495605,6.5,6.265531063079834,7.773495674133301,0.8509153127670288,1,-
03/18/2026,ATL,Onyeka Okongwu,32.18714141845703,15.5,14.417558670043944,4.14164400100708,0.7222273349761963,1,-
03/18/2026,ATL,Jonathan Kuminga,21.041996002197266,10.5,8.410429000854492,7.6084675788879395,0.8380445837974548,1,-
03/18/2026,ATL,Jock Landale,17.204330444335938,7.5,7.415750026702881,7.915491580963135,0.9061518907546996,1,-
03/19/2026,WAS,Will Riley,31.074264526367188,14.5,15.785664558410645,6.798986434936523,0.8041136264801025,1,O
03/19/2026,WAS,Tristan Vukcevic,18.01594924926757,11.5,11.538379669189451,7.159029483795166,0.8254320025444031,1,O
03/19/2026,WAS,Tre Johnson,28.80609893798828,13.5,14.6404390335083,6.027510166168213,0.7765970230102539,1,O
03/19/2026,WAS,Justin Champagnie,21.473182678222656,9.5,10.87998867034912,6.728673458099365,0.9437747597694396,1,O
03/19/2026,WAS,Bilal Coulibaly,26.535919189453125,11.5,12.356175422668455,4.571230888366699,0.7302538156509399,1,O
03/19/2026,UTA,Isaiah Collier,26.64800262451172,16.5,17.642498016357422,8.04971694946289,0.8581042885780334,1,O
03/19/2026,UTA,Cody Williams,31.833988189697266,14.5,14.61359977722168,8.067587852478027,0.6733299493789673,1,O
03/19/2026,SAS,Stephon Castle,26.36417007446289,16.5,16.618633270263672,3.269824504852295,0.6842013001441956,1,O
03/19/2026,SAS,Devin Vassell,31.5676498413086,13.5,14.726065635681152,6.223613739013672,0.7432000637054443,1,O
03/19/2026,SAC,Dylan Cardwell,21.09212875366211,4.5,5.058732986450195,8.082419395446777,0.9109163880348206,1,O
03/19/2026,PHO,Royce O'Neale,26.067920684814453,8.5,9.057029724121094,4.425244331359863,0.7510591149330139,1,O
03/19/2026,PHO,Jordan Goodwin,27.089990615844727,8.5,9.485299110412598,5.497978687286377,0.7837372422218323,1,O
03/19/2026,PHO,Grayson Allen,26.36801719665528,14.5,14.75503921508789,7.209951877593994,0.7715111970901489,1,O
03/19/2026,PHO,Devin Booker,35.23746871948242,27.5,28.004409790039062,3.974037408828736,0.614248514175415,1,O
03/19/2026,PHI,Justin Edwards,27.930456161499023,12.5,12.800058364868164,7.080439567565918,0.7601376175880432,1,O
03/19/2026,PHI,Adem Bona,25.412553787231445,6.5,7.398428440093994,5.067959785461426,0.7559838891029358,1,O
03/19/2026,ORL,Wendell Carter Jr.,27.68675994873047,10.5,10.96328353881836,7.090799808502197,0.8046104311943054,1,O
03/19/2026,ORL,Jevon Carter,20.626445770263672,7.5,7.532294750213623,6.875768184661865,0.7009812593460083,1,O
03/19/2026,ORL,Desmond Bane,34.874778747558594,19.5,21.25778007507324,5.73262882232666,0.690079391002655,1,O
03/19/2026,NOP,Yves Missi,26.59345245361328,6.5,7.190991401672363,3.8735716342926025,0.7279806137084961,1,O
03/19/2026,NOP,Trey Murphy III,35.209716796875,21.5,21.83955383300781,3.9826080799102783,0.7373113632202148,1,O
03/19/2026,MIL,Taurean Prince,21.177141189575195,6.5,7.624518394470215,7.178257942199707,0.8459069132804871,1,O
03/19/2026,MIL,Myles Turner,29.01388359069824,11.5,12.186330795288086,7.971749782562256,0.8595821857452393,1,O
03/19/2026,MIL,Bobby Portis,25.987491607666016,17.5,18.308258056640625,6.994822978973389,0.8511491417884827,1,O
03/19/2026,MIA,Pelle Larsson,30.55863380432129,11.5,12.801815032958984,6.048832416534424,0.7267792820930481,1,O
03/19/2026,MIA,Kasparas Jakucionis,20.243446350097656,5.5,5.736217498779297,8.494762420654297,0.844709575176239,1,O
03/19/2026,MIA,Davion Mitchell,29.68645095825196,8.5,8.656218528747559,4.665318965911865,0.6804855465888977,1,O
03/19/2026,MIA,Bam Adebayo,34.30634689331055,20.5,21.083345413208008,9.802498817443848,0.6133918762207031,1,O
03/19/2026,LAL,Marcus Smart,30.995744705200195,8.5,10.40211582183838,6.19493579864502,0.794960618019104,1,O
03/19/2026,LAL,LeBron James,34.102256774902344,17.5,19.860078811645508,4.937497138977051,0.6668701767921448,1,O
03/19/2026,LAL,Deandre Ayton,29.8308048248291,9.5,11.414770126342772,6.702569961547852,0.7112448811531067,1,O
03/19/2026,LAL,Austin Reaves,37.19306182861328,21.5,23.14758682250977,4.308445453643799,0.5733543634414673,1,O
03/19/2026,DET,Caris LeVert,21.196399688720703,8.5,8.608441352844238,7.478351593017578,0.8964454531669617,1,O
03/19/2026,CLE,Sam Merrill,27.61210250854492,12.5,14.265984535217283,5.922500133514404,0.6479251384735107,1,O
03/19/2026,CLE,Keon Ellis,26.071596145629883,9.5,10.556867599487305,7.056939601898193,0.774544894695282,1,O
03/19/2026,CLE,Donovan Mitchell,28.777677536010746,24.5,25.355085372924805,2.613510131835937,0.6098777055740356,1,O
03/19/2026,CLE,Dean Wade,26.33398056030273,6.5,7.725144863128662,4.593051910400391,0.7220102548599243,1,O
03/19/2026,CHO,Ryan Kalkbrenner,17.274703979492188,4.5,6.109395980834961,7.0925822257995605,0.8367644548416138,1,O
03/19/2026,CHO,Miles Bridges,32.60794448852539,14.5,15.104738235473633,4.380289077758789,0.6399463415145874,1,O
03/19/2026,CHO,Kon Knueppel,32.16744613647461,17.5,18.95514869689941,6.134904861450195,0.7022730112075806,1,O
03/19/2026,CHI,Tre Jones,29.05785369873047,12.5,15.26237964630127,6.798865795135498,0.84698885679245,1,O
03/19/2026,CHI,Rob Dillingham,23.91246795654297,7.5,10.634038925170898,5.981888771057129,0.8796007037162781,1,O
03/19/2026,CHI,Nick Richards,27.28238296508789,9.5,10.09677791595459,5.361705303192139,0.8327616453170776,1,O
03/19/2026,CHI,Matas Buzelis,31.389856338500977,19.5,20.170394897460938,8.27334213256836,0.8469496965408325,1,O
03/19/2026,CHI,Josh Giddey,33.99723815917969,17.5,19.499624252319336,4.945183277130127,0.7332262396812439,1,O
03/19/2026,CHI,Jalen Smith,23.399492263793945,11.5,12.154777526855469,5.695572376251221,0.9224257469177246,1,O
03/19/2026,CHI,Guerschon Yabusele,21.563953399658203,8.5,8.505770683288574,4.957482814788818,0.9393637776374816,1,O
03/19/2026,CHI,Collin Sexton,28.81837654113769,14.5,16.79950714111328,6.7816033363342285,0.7392086386680603,1,O
03/19/2026,UTA,Kyle Filipowski,28.10540580749512,15.5,13.434314727783203,7.090812206268311,0.8407650589942932,1,-
03/19/2026,UTA,Brice Sensabaugh,25.588180541992188,22.5,19.925582885742188,8.878138542175293,0.7071188688278198,1,-
03/19/2026,UTA,Ace Bailey,29.232322692871094,19.5,14.176901817321776,6.285499095916748,0.753273069858551,1,-
03/19/2026,SAS,Victor Wembanyama,30.72127723693848,25.5,24.951074600219727,6.672754287719727,0.7437858581542969,1,-
03/19/2026,SAS,Keldon Johnson,22.23011779785156,12.5,10.910791397094728,7.406162261962891,0.8591197729110718,1,-
03/19/2026,SAS,Julian Champagnie,28.79342269897461,11.5,10.621500015258787,8.071357727050781,0.7887428402900696,1,-
03/19/2026,SAS,Harrison Barnes,26.56282424926757,9.5,9.188922882080078,5.518350124359131,0.6485974788665771,1,-
03/19/2026,SAS,Dylan Harper,22.159130096435547,12.5,11.19664478302002,6.76270055770874,0.8283825516700745,1,-
03/19/2026,SAS,De'Aaron Fox,31.377836227416992,19.5,18.0473690032959,5.077434062957764,0.6653849482536316,1,-
03/19/2026,SAC,Russell Westbrook,31.87883186340332,17.5,16.44251823425293,8.830137252807617,0.7510010004043579,1,-
03/19/2026,SAC,Precious Achiuwa,30.08964157104492,14.5,12.496749877929688,9.036571502685549,0.8435785174369812,1,-
03/19/2026,SAC,Nique Clifford,26.447071075439453,12.5,11.97101593017578,3.451791524887085,0.5634978413581848,1,-
03/19/2026,SAC,Maxime Raynaud,30.58672332763672,16.5,14.291637420654297,7.844856262207031,0.7838213443756104,1,-
03/19/2026,SAC,Malik Monk,21.9233455657959,14.5,12.978019714355469,9.331043243408203,0.9337397813796996,1,-
03/19/2026,SAC,DeMar DeRozan,34.123958587646484,19.5,16.336027145385742,9.99680995941162,0.780260443687439,1,-
03/19/2026,PHO,Ryan Dunn,18.01818084716797,5.5,4.38010311126709,3.571058988571167,0.7791059017181396,1,-
03/19/2026,PHO,Rasheer Fleming,16.55841636657715,7.5,5.754308223724365,7.005842685699463,0.9012656807899476,1,-
03/19/2026,PHO,Oso Ighodaro,27.46184730529785,8.5,8.242511749267578,5.187249660491943,0.7063549160957336,1,-
03/19/2026,PHO,Jalen Green,30.130613327026367,22.5,20.642547607421875,6.18998908996582,0.7323383092880249,1,-
03/19/2026,PHO,Collin Gillespie,30.48926544189453,12.5,10.992185592651367,6.511745452880859,0.7678784728050232,1,-
03/19/2026,PHI,VJ Edgecombe,35.074100494384766,20.5,16.25130271911621,2.933000326156616,0.720100462436676,1,-
03/19/2026,PHI,Trendon Watford,20.909881591796875,9.5,7.871419429779053,6.798883438110352,0.808290958404541,1,-
03/19/2026,PHI,Quentin Grimes,35.286067962646484,22.5,20.75034713745117,5.957827568054199,0.5752035975456238,1,-
03/19/2026,PHI,Jabari Walker,16.06155776977539,7.5,6.221787452697754,7.049289703369141,0.8092160224914551,1,-
03/19/2026,PHI,Dominick Barlow,28.931686401367188,10.5,9.219322204589844,4.438477516174316,0.7733729481697083,1,-
03/19/2026,PHI,Cameron Payne,19.523935317993164,10.5,9.325268745422363,6.511275768280029,0.7654735445976257,1,-
03/19/2026,PHI,Andre Drummond,21.63837623596192,8.5,6.691976070404053,5.0420331954956055,0.6781085133552551,1,-
03/19/2026,ORL,Paolo Banchero,35.89737701416016,23.5,23.036970138549805,3.1534008979797363,0.6092471480369568,1,-
03/19/2026,ORL,Moritz Wagner,15.386488914489746,8.5,7.709863185882568,6.71891450881958,0.7404989004135132,1,-
03/19/2026,ORL,Jalen Suggs,30.2014217376709,14.5,14.245396614074709,5.034815788269043,0.7663960456848145,1,-
03/19/2026,ORL,Goga Bitadze,22.888397216796875,6.5,5.964987754821777,6.148592472076416,0.8119058012962341,1,-
03/19/2026,NOP,Zion Williamson,30.713361740112305,21.5,19.04062271118164,3.9393928050994873,0.6830431222915649,1,-
03/19/2026,NOP,Saddiq Bey,32.07461166381836,18.5,17.428939819335938,7.269425392150879,0.810039222240448,1,-
03/19/2026,NOP,Jeremiah Fears,21.71306800842285,12.5,11.07675075531006,4.714175224304199,0.9391464591026306,1,-
03/19/2026,NOP,Herbert Jones,30.466859817504883,9.5,8.746185302734375,3.508530616760254,0.6711419224739075,1,-
03/19/2026,NOP,Derik Queen,21.02008628845215,8.5,6.633419513702393,8.234014511108398,0.9605126976966858,1,-
03/19/2026,MIL,Ryan Rollins,34.10588073730469,19.5,17.515316009521484,4.9796295166015625,0.6790648698806763,1,-
03/19/2026,MIL,Ousmane Dieng,28.33341789245605,12.5,11.405463218688965,6.974797248840332,0.8321967124938965,1,-
03/19/2026,MIL,Kyle Kuzma,28.99739456176757,13.5,13.47065258026123,7.454609870910644,0.8060507774353027,1,-
03/19/2026,MIL,Kevin Porter Jr.,28.939233779907227,18.5,17.928897857666016,5.104506015777588,0.693640410900116,1,-
03/19/2026,MIA,Tyler Herro,32.652809143066406,21.5,20.47869300842285,6.772674083709717,0.8476408123970032,1,-
03/19/2026,MIA,Simone Fontecchio,26.36974334716797,10.5,9.56427001953125,8.69534969329834,0.7906800508499146,1,-
03/19/2026,MIA,Norman Powell,23.8769760131836,21.5,16.631593704223633,6.848461627960205,0.7495847940444946,1,-
03/19/2026,MIA,Kel'el Ware,23.482776641845703,11.5,10.096358299255373,7.615658760070801,0.8532441258430481,1,-
03/19/2026,MIA,Jaime Jaquez Jr.,27.86508750915528,13.5,13.205766677856444,8.234938621520996,0.836776077747345,1,-
03/19/2026,LAL,Luka Doncic,36.862754821777344,31.5,29.737260818481445,4.214679718017578,0.5756918787956238,1,-
03/19/2026,LAC,Kris Dunn,29.11858940124512,10.5,7.633782386779785,4.110063552856445,0.696215033531189,1,-
03/19/2026,LAC,Kobe Sanders,18.749267578125,10.5,6.237647533416748,7.062397480010986,0.8236919045448303,1,-
03/19/2026,LAC,Kawhi Leonard,26.528705596923828,29.5,25.49748039245605,7.749588012695312,0.6743759512901306,1,-
03/19/2026,LAC,Jordan Miller,27.747095108032227,18.5,12.617635726928713,6.507254600524902,0.7032732963562012,1,-
03/19/2026,LAC,John Collins,28.14779281616211,15.5,14.36909294128418,6.615590572357178,0.8367356061935425,1,-
03/19/2026,LAC,Isaiah Jackson,18.0158805847168,8.5,7.522397518157959,6.908264636993408,0.8590149879455566,1,-
03/19/2026,LAC,Derrick Jones Jr.,29.46422004699707,15.5,10.584269523620604,5.882511615753174,0.8008993268013,1,-
03/19/2026,LAC,Brook Lopez,26.809770584106445,11.5,9.55898666381836,7.306774616241455,0.6837085485458374,1,-
03/19/2026,DET,Tobias Harris,29.938066482543945,14.5,13.773369789123535,4.522831916809082,0.6927403807640076,1,-
03/19/2026,DET,Marcus Sasser,18.60090065002441,9.5,8.287257194519043,7.065924167633057,0.8090108633041382,1,-
03/19/2026,DET,Kevin Huerter,20.395915985107425,8.5,7.876053810119629,7.34350061416626,0.8119378685951233,1,-
03/19/2026,DET,Jalen Duren,30.79979705810547,23.5,22.91460418701172,7.849802017211914,0.798940122127533,1,-
03/19/2026,DET,Duncan Robinson,28.68605232238769,12.5,11.55049991607666,5.628541469573975,0.7924293875694275,1,-
03/19/2026,DET,Daniss Jenkins,27.225244522094727,13.5,10.75783348083496,5.299375534057617,0.7578980326652527,1,-
03/19/2026,DET,Ausar Thompson,26.164884567260746,10.5,9.37511920928955,5.982456207275391,0.7980849742889404,1,-
03/19/2026,CLE,Max Strus,17.2695369720459,9.5,6.998463153839111,5.927208423614502,0.7398169040679932,1,-
03/19/2026,CLE,Jaylon Tyson,28.061891555786133,13.5,12.68307399749756,8.081174850463867,0.8991138935089111,1,-
03/19/2026,CLE,James Harden,35.15674591064453,22.5,21.769718170166016,2.904186964035034,0.6104239225387573,1,-
03/19/2026,CLE,Evan Mobley,32.901607513427734,24.5,23.41817283630371,5.003293037414551,0.6882030367851257,1,-
03/19/2026,CLE,Dennis Schroder,22.34821128845215,10.5,9.015419960021973,5.012928009033203,0.7396622896194458,1,-
03/19/2026,CHO,Moussa Diabate,29.78183555603028,8.5,6.880618572235107,4.062037467956543,0.7425907850265503,1,-
03/19/2026,CHO,LaMelo Ball,28.849273681640625,20.5,19.34430694580078,5.950719356536865,0.7403274178504944,1,-
03/19/2026,CHO,Coby White,20.42240524291992,13.5,10.62177562713623,7.377493381500244,0.8343331813812256,1,-
03/19/2026,CHO,Brandon Miller,31.80577087402344,19.5,18.29462623596192,5.727806091308594,0.7544412016868591,1,-
03/19/2026,CHI,Isaac Okoro,23.76958465576172,9.5,7.967066287994385,5.202816963195801,0.7829493284225464,1,-
03/20/2026,TOR,Scottie Barnes,33.9595832824707,16.5,16.551076889038086,2.502112865447998,0.6154971718788147,1,O
03/20/2026,TOR,Sandro Mamukelashvili,19.63068962097168,7.5,9.27060317993164,7.044381141662598,0.8799437880516052,1,O
03/20/2026,TOR,Jakob Poeltl,27.336368560791016,11.5,11.873452186584473,6.084471702575684,0.6619282960891724,1,O
03/20/2026,TOR,Ja'Kobe Walter,19.57093048095703,6.5,7.1229567527771,7.58280086517334,0.9031590223312378,1,O
03/20/2026,TOR,Immanuel Quickley,32.9886360168457,16.5,16.62069320678711,6.307827472686768,0.8357376456260681,1,O
03/20/2026,TOR,Brandon Ingram,35.218135833740234,21.5,21.837736129760746,2.3086345195770264,0.6087115406990051,1,O
03/20/2026,POR,Toumani Camara,32.85646057128906,11.5,11.89554214477539,4.198090553283691,0.5814248919487,1,O
03/20/2026,POR,Scoot Henderson,24.22011375427246,13.5,13.53271770477295,6.9775800704956055,0.8175805807113647,1,O
03/20/2026,POR,Kris Murray,20.30293273925781,3.5,4.958576202392578,6.252757549285889,0.8341747522354126,1,O
03/20/2026,POR,Donovan Clingan,27.442625045776367,11.5,13.475229263305664,7.790628910064697,0.6474047899246216,1,O
03/20/2026,POR,Deni Avdija,34.424095153808594,23.5,23.5175724029541,5.377875328063965,0.6734910011291504,1,O
03/20/2026,NYK,OG Anunoby,33.59567642211914,15.5,16.956504821777344,3.5514931678771973,0.6852807998657227,1,O
03/20/2026,NYK,Landry Shamet,27.89449119567871,10.5,10.83310604095459,5.522347450256348,0.7259833812713623,1,O
03/20/2026,NYK,Jalen Brunson,35.35688400268555,23.5,26.17353057861328,3.3886492252349854,0.5014035105705261,1,O
03/20/2026,MIN,Julius Randle,33.0139045715332,23.5,23.611268997192383,4.067535877227783,0.6387079954147339,1,O
03/20/2026,MIN,Jaden McDaniels,31.04718971252441,15.5,16.245315551757812,5.87530517578125,0.8199970722198486,1,O
03/20/2026,MIN,Ayo Dosunmu,29.94379615783692,16.5,16.69621467590332,4.844081878662109,0.7774353623390198,1,O
03/20/2026,MEM,Taylor Hendricks,28.369722366333008,10.5,11.961074829101562,4.962347507476807,0.7025550007820129,1,O
03/20/2026,MEM,Cedric Coward,26.32660865783692,11.5,12.4584321975708,4.18862771987915,0.752323567867279,1,O
03/20/2026,MEM,Cam Spencer,22.62761878967285,10.5,10.903682708740234,4.370116233825684,0.6857664585113525,1,O
03/20/2026,HOU,Jabari Smith Jr.,35.00518798828125,14.5,15.428624153137209,2.9795186519622803,0.68027263879776,1,O
03/20/2026,HOU,Amen Thompson,37.96070861816406,17.5,17.618371963500977,2.9987380504608154,0.6505536437034607,1,O
03/20/2026,GSW,Will Richard,24.35499763488769,6.5,7.368809700012207,4.628254413604736,0.6838499307632446,1,O
03/20/2026,GSW,Quinten Post,19.28353881835937,7.5,8.931894302368164,4.956654071807861,0.8247942924499512,1,O
03/20/2026,GSW,Pat Spencer,21.81450843811035,7.5,9.020187377929688,4.723963260650635,0.8208827972412109,1,O
03/20/2026,GSW,Gui Santos,30.5111141204834,13.5,14.369791030883787,5.211877346038818,0.8419191837310791,1,O
03/20/2026,GSW,Gary Payton II,21.0832633972168,9.5,10.813377380371094,7.298562526702881,0.8961158990859985,1,O
03/20/2026,GSW,Draymond Green,30.76903533935547,7.5,9.61844253540039,4.472641468048096,0.7799687385559082,1,O
03/20/2026,GSW,De'Anthony Melton,26.30213737487793,14.5,14.580047607421877,6.1521196365356445,0.8157857656478882,1,O
03/20/2026,GSW,Brandin Podziemski,32.755523681640625,12.5,15.192468643188477,3.692227363586426,0.653031587600708,1,O
03/20/2026,DEN,Tim Hardaway Jr.,25.81367492675781,11.5,12.247212409973145,8.121070861816406,0.8523993492126465,1,O
03/20/2026,DEN,Christian Braun,34.81705474853516,11.5,12.786639213562012,5.201385498046875,0.6668795943260193,1,O
03/20/2026,DEN,Cameron Johnson,32.26924133300781,11.5,12.991238594055176,6.597888946533203,0.6593752503395081,1,O
03/20/2026,DEN,Bruce Brown,22.192407608032227,6.5,6.599510669708252,5.870456218719482,0.7590637803077698,1,O
03/20/2026,BRK,Ziaire Williams,27.78205108642578,8.5,11.315759658813477,6.230368137359619,0.7039535045623779,1,O
03/20/2026,BRK,Nolan Traore,26.89198303222656,9.5,10.713248252868652,6.869275093078613,0.7954493165016174,1,O
03/20/2026,BRK,Josh Minott,17.588829040527344,7.5,8.959122657775879,5.681769847869873,0.7154124975204468,1,O
03/20/2026,BRK,Drake Powell,26.56706428527832,7.5,8.633858680725098,5.768537521362305,0.73139488697052,1,O
03/20/2026,BRK,Danny Wolf,27.55463409423828,10.5,10.73276424407959,5.958774089813232,0.7708282470703125,1,O
03/20/2026,BRK,Ben Saraf,22.67846870422364,8.5,8.636371612548828,5.741641998291016,0.6857671737670898,1,O
03/20/2026,BOS,Sam Hauser,27.42436981201172,8.5,10.369501113891602,6.362110137939453,0.6941912770271301,1,O
03/20/2026,BOS,Payton Pritchard,30.49771881103516,15.5,16.23452377319336,6.03228759765625,0.7524155378341675,1,O
03/20/2026,BOS,Neemias Queta,27.208127975463867,10.5,10.65349006652832,4.900548458099365,0.6489813327789307,1,O
03/20/2026,BOS,Jaylen Brown,34.77944564819336,25.5,29.725976943969727,4.039271354675293,0.6558666229248047,1,O
03/20/2026,BOS,Derrick White,34.152156829833984,16.5,17.97269630432129,3.94085955619812,0.6593197584152222,1,O
03/20/2026,ATL,Onyeka Okongwu,33.0354118347168,13.5,14.056039810180664,3.6073930263519287,0.7053564190864563,1,O
03/20/2026,ATL,Nickeil Alexander-Walker,33.823692321777344,17.5,19.041648864746094,6.856128215789795,0.785060465335846,1,O
03/20/2026,ATL,Jalen Johnson,36.16022109985352,21.5,21.516223907470703,4.885862827301025,0.623525083065033,1,O
03/20/2026,ATL,Corey Kispert,18.24732780456543,6.5,7.585102558135986,6.460789680480957,0.8805797696113586,1,O
03/20/2026,TOR,RJ Barrett,32.05241012573242,19.5,18.65056610107422,5.623965740203857,0.7700517177581787,1,-
03/20/2026,TOR,Jamal Shead,21.31817626953125,5.5,5.215799331665039,6.603387355804443,0.9125375747680664,1,-
03/20/2026,POR,Robert Williams,18.15367889404297,7.5,6.87934684753418,7.419701099395752,0.8610033392906189,1,-
03/20/2026,POR,Jrue Holiday,30.089597702026367,15.5,14.105387687683104,6.560574054718018,0.7220577597618103,1,-
03/20/2026,POR,Jerami Grant,32.183807373046875,16.5,15.522404670715332,6.178027153015137,0.6401771903038025,1,-
03/20/2026,NYK,Mohamed Diawara,14.244733810424805,6.5,4.213888645172119,6.719033241271973,0.8257379531860352,1,-
03/20/2026,NYK,Mitchell Robinson,20.173967361450195,6.5,5.444279193878174,5.42138147354126,0.8021777272224426,1,-
03/20/2026,NYK,Mikal Bridges,32.35942077636719,12.5,12.2680082321167,1.907427668571472,0.6027362942695618,1,-
03/20/2026,NYK,Karl-Anthony Towns,31.24049186706543,18.5,18.49410057067871,5.636069297790527,0.6966010332107544,1,-
03/20/2026,NYK,Jordan Clarkson,19.4822998046875,9.5,9.461542129516602,5.894214630126953,0.7924835085868835,1,-
03/20/2026,MIN,Rudy Gobert,31.652263641357425,13.5,12.613585472106934,4.593937873840332,0.7011353969573975,1,-
03/20/2026,MIN,Naz Reid,25.422286987304688,14.5,14.410091400146484,6.591400623321533,0.8295964002609253,1,-
03/20/2026,MIN,Donte DiVincenzo,30.244882583618164,13.5,12.085280418395996,5.405767440795898,0.7089910507202148,1,-
03/20/2026,MIN,Bones Hyland,18.77687644958496,13.5,11.070915222167969,7.016353130340576,0.7958226203918457,1,-
03/20/2026,MEM,Ty Jerome,24.617477416992188,19.5,18.36276054382324,6.817409038543701,0.8206146955490112,1,-
03/20/2026,MEM,Olivier-Maxence Prosper,24.87856101989746,11.5,11.359411239624023,5.825655460357666,0.6815237998962402,1,-
03/20/2026,MEM,Jaylen Wells,27.288209915161133,13.5,12.79067325592041,5.568169116973877,0.686576783657074,1,-
03/20/2026,HOU,Tari Eason,24.75943374633789,9.5,8.373519897460938,5.072354316711426,0.6800811290740967,1,-
03/20/2026,HOU,Reed Sheppard,31.324783325195312,15.5,14.792198181152344,6.603052139282227,0.7856648564338684,1,-
03/20/2026,HOU,Kevin Durant,37.24650955200195,25.5,22.805809020996094,3.7810351848602295,0.6159741282463074,1,-
03/20/2026,HOU,Dorian Finney-Smith,19.259462356567383,4.5,3.961248159408569,5.778728008270264,0.7825521230697632,1,-
03/20/2026,HOU,Alperen Sengun,32.71525955200195,19.5,16.964393615722656,4.590025424957275,0.7073467969894409,1,-
03/20/2026,GSW,Kristaps Porzingis,26.42988586425781,17.5,14.608238220214844,6.18572473526001,0.7188796401023865,1,-
03/20/2026,DET,Tobias Harris,31.352388381958008,13.5,13.141627311706545,6.421703815460205,0.6375784873962402,1,-
03/20/2026,DET,Jalen Duren,31.294511795043945,22.5,21.87952995300293,8.030594825744629,0.6939784288406372,1,-
03/20/2026,DET,Duncan Robinson,29.35524559020996,12.5,10.991549491882324,7.064966201782227,0.7784242630004883,1,-
03/20/2026,DET,Daniss Jenkins,27.249536514282227,14.5,10.959349632263184,5.619269847869873,0.626322329044342,1,-
03/20/2026,DET,Caris LeVert,21.375587463378903,9.5,8.449771881103516,6.288196563720703,0.7260870337486267,1,-
03/20/2026,DET,Ausar Thompson,28.35502815246582,10.5,9.92137622833252,6.840182304382324,0.6491653919219971,1,-
03/20/2026,DEN,Spencer Jones,20.515499114990234,5.5,4.551471710205078,7.533759117126465,0.8456284999847412,1,-
03/20/2026,DEN,Nikola Jokic,35.90018081665039,27.5,24.96980857849121,5.054792881011963,0.6143530011177063,1,-
03/20/2026,DEN,Jamal Murray,36.33642959594727,24.5,19.79889869689941,8.06309700012207,0.6595642566680908,1,-
03/20/2026,DEN,Aaron Gordon,31.00932502746582,15.5,13.171603202819824,4.502016067504883,0.7209404110908508,1,-
03/20/2026,BOS,Jayson Tatum,32.52564239501953,22.5,17.69947624206543,5.699470520019531,0.722468376159668,1,-
03/20/2026,BOS,Baylor Scheierman,21.927215576171875,6.5,5.188966751098633,6.745620727539063,0.8609726428985596,1,-
03/20/2026,ATL,Zaccharie Risacher,20.235013961791992,6.5,6.408509254455566,6.416116714477539,0.8875914812088013,1,-
03/20/2026,ATL,Jock Landale,17.440837860107422,6.5,5.968656063079834,6.632647037506104,0.8588278889656067,1,-
03/20/2026,ATL,Dyson Daniels,33.51621627807617,11.5,11.304354667663574,4.316089153289795,0.6905953884124756,1,-
03/20/2026,ATL,CJ McCollum,29.667984008789062,17.5,16.89390754699707,5.631637096405029,0.8649840950965881,1,-
03/21/2026,WAS,Bilal Coulibaly,29.15909767150879,11.5,11.96290683746338,3.29856014251709,0.6189695000648499,1,O
03/21/2026,UTA,John Konchar,23.282846450805664,4.5,5.768946170806885,8.528789520263672,0.9465935230255128,1,O
03/21/2026,UTA,Cody Williams,31.52134132385254,15.5,16.657556533813477,6.467854022979736,0.7345747947692871,1,O
03/21/2026,SAS,Victor Wembanyama,32.43157196044922,25.5,28.548051834106445,6.475705623626709,0.8219649195671082,1,O
03/21/2026,SAS,Stephon Castle,26.38095664978028,16.5,18.3043270111084,4.952645778656006,0.6704845428466797,1,O
03/21/2026,SAS,Keldon Johnson,23.411659240722656,13.5,14.768327713012695,6.943800926208496,0.962022602558136,1,O
03/21/2026,SAS,Julian Champagnie,30.417694091796875,10.5,12.847431182861328,6.7502923011779785,0.8420218229293823,1,O
03/21/2026,SAS,Harrison Barnes,27.543418884277344,8.5,11.445444107055664,6.548587799072266,0.7850647568702698,1,O
03/21/2026,SAS,Devin Vassell,27.2722225189209,14.5,15.197538375854492,4.751491069793701,0.7582167387008667,1,O
03/21/2026,SAS,De'Aaron Fox,32.31114959716797,18.5,22.59559631347656,3.999279022216797,0.6628978252410889,1,O
03/21/2026,PHO,Oso Ighodaro,28.41101837158203,9.5,9.910238265991213,6.675610542297363,0.759766161441803,1,O
03/21/2026,PHO,Grayson Allen,26.41150665283203,14.5,16.66530418395996,6.971729278564453,0.8336997032165527,1,O
03/21/2026,PHI,VJ Edgecombe,35.6514778137207,21.5,21.802684783935547,4.805590152740479,0.7551218867301941,1,O
03/21/2026,PHI,Trendon Watford,20.452999114990234,7.5,7.936357498168945,5.9812188148498535,0.8708302974700928,1,O
03/21/2026,PHI,Quentin Grimes,34.902565002441406,22.5,22.926172256469727,3.332988739013672,0.6459898948669434,1,O
03/21/2026,PHI,Justin Edwards,28.48642349243164,13.5,16.525653839111328,7.92551851272583,0.8059226274490356,1,O
03/21/2026,PHI,Cameron Payne,17.516063690185547,7.5,9.721697807312012,7.070349216461182,0.8284768462181091,1,O
03/21/2026,PHI,Adem Bona,24.495519638061523,6.5,8.022201538085938,7.683753490447998,0.8637958765029907,1,O
03/21/2026,ORL,Wendell Carter Jr.,30.93994903564453,10.5,11.063817977905272,7.755728721618652,0.9142215251922609,1,O
03/21/2026,ORL,Jevon Carter,20.50124740600586,7.5,8.356371879577637,5.5482497215271,0.9369911551475524,1,O
03/21/2026,ORL,Desmond Bane,34.56695938110352,20.5,20.718164443969727,5.408208847045898,0.7051610350608826,1,O
03/21/2026,OKC,Shai Gilgeous-Alexander,35.037925720214844,28.5,32.53784942626953,5.496179103851318,0.7092090249061584,1,O
03/21/2026,OKC,Jared McCain,19.24787712097168,12.5,12.896942138671877,9.23469352722168,0.9148009419441224,1,O
03/21/2026,OKC,Isaiah Joe,21.435836791992188,10.5,11.025634765625,6.094913005828857,0.8891428709030151,1,O
03/21/2026,OKC,Chet Holmgren,29.74139976501465,16.5,17.55495834350586,5.8042426109313965,0.7622886896133423,1,O
03/21/2026,OKC,Alex Caruso,20.7705020904541,4.5,7.396719455718994,7.271892547607422,0.8822941184043884,1,O
03/21/2026,OKC,Ajay Mitchell,28.31161499023437,13.5,15.860573768615724,6.363357067108154,0.8417097926139832,1,O
03/21/2026,NOP,Trey Murphy III,35.22458267211914,20.5,21.60073471069336,5.537601470947266,0.6761094927787781,1,O
03/21/2026,NOP,Saddiq Bey,32.1615104675293,17.5,18.60671043395996,6.152647495269775,0.7956693172454834,1,O
03/21/2026,NOP,Jeremiah Fears,22.087411880493164,8.5,10.48880386352539,5.964413166046143,0.8580002784729004,1,O
03/21/2026,NOP,Herbert Jones,30.245094299316406,8.5,9.598938941955566,4.188475608825684,0.5899442434310913,1,O
03/21/2026,NOP,Derik Queen,20.92728805541992,7.5,7.596065044403076,6.963502883911133,0.9716041684150696,1,O
03/21/2026,MIL,Ryan Rollins,33.07179641723633,16.5,16.57038688659668,2.823273181915283,0.6948622465133667,1,O
03/21/2026,MIA,Pelle Larsson,31.72394752502441,12.5,13.81447696685791,7.7262864112854,0.8036471605300903,1,O
03/21/2026,MIA,Davion Mitchell,30.7868881225586,9.5,10.666559219360352,5.830123901367188,0.8128817677497864,1,O
03/21/2026,MIA,Bam Adebayo,34.585941314697266,22.5,24.717714309692383,8.365970611572266,0.7760753631591797,1,O
03/21/2026,MEM,Taylor Hendricks,24.83247184753418,10.5,12.224843978881836,6.195409297943115,0.6600847840309143,1,O
03/21/2026,MEM,Olivier-Maxence Prosper,25.344581604003903,11.5,13.516168594360352,6.798851013183594,0.6963862776756287,1,O
03/21/2026,MEM,Cedric Coward,25.36308479309082,12.5,13.340812683105469,5.591630935668945,0.6411911249160767,1,O
03/21/2026,LAL,Rui Hachimura,23.86353302001953,7.5,8.156688690185547,4.955058097839356,0.9678947925567628,1,O
03/21/2026,LAL,Marcus Smart,30.82099914550781,8.5,8.778721809387207,5.88102912902832,0.6948375105857849,1,O
03/21/2026,LAL,Luka Doncic,37.45436477661133,32.5,34.47861862182617,2.865605592727661,0.5324183702468872,1,O
03/21/2026,LAL,Deandre Ayton,29.775022506713867,9.5,11.239041328430176,6.44734001159668,0.6993910670280457,1,O
03/21/2026,LAL,Austin Reaves,38.0438232421875,20.5,20.64157485961914,5.491277694702148,0.5391668081283569,1,O
03/21/2026,LAC,Kris Dunn,25.23060417175293,6.5,6.906332492828369,4.518062591552734,0.6484568119049072,1,O
03/21/2026,LAC,John Collins,29.16042709350586,14.5,15.261171340942385,6.457124710083008,0.7088000774383545,1,O
03/21/2026,LAC,Derrick Jones Jr.,29.88172912597656,11.5,11.777006149291992,5.679584503173828,0.8227766752243042,1,O
03/21/2026,IND,T.J. McConnell,18.553964614868164,8.5,8.66151237487793,8.217246055603027,0.8271426558494568,1,O
03/21/2026,IND,Quenton Jackson,23.57489585876465,8.5,8.554950714111328,7.324458599090576,0.7438796162605286,1,O
03/21/2026,IND,Pascal Siakam,30.447046279907227,16.5,22.509382247924805,4.954620838165283,0.7291016578674316,1,O
03/21/2026,IND,Jay Huff,19.61539649963379,8.5,9.158276557922363,6.661712646484375,0.744979739189148,1,O
03/21/2026,IND,Andrew Nembhard,29.924808502197266,13.5,14.324172973632812,6.635486125946045,0.7167459726333618,1,O
03/21/2026,HOU,Jabari Smith Jr.,35.267662048339844,14.5,17.145767211914062,4.96031665802002,0.707095205783844,1,O
03/21/2026,HOU,Amen Thompson,36.71453094482422,17.5,18.40382957458496,2.822298049926758,0.6856796145439148,1,O
03/21/2026,GSW,Quinten Post,23.48845291137696,10.5,10.611660957336426,6.768182754516602,0.8096401691436768,1,O
03/21/2026,GSW,Gary Payton II,20.5244369506836,11.5,11.740560531616213,7.436655044555664,0.9603405594825744,1,O
03/21/2026,GSW,Draymond Green,29.703432083129883,8.5,9.084060668945312,5.227923393249512,0.7550313472747803,1,O
03/21/2026,GSW,De'Anthony Melton,25.86725616455078,15.5,16.661205291748047,6.796863079071045,0.8612290620803833,1,O
03/21/2026,GSW,Brandin Podziemski,31.24706268310547,15.5,15.553593635559082,5.791759490966797,0.770605742931366,1,O
03/21/2026,DAL,P.J. Washington,32.32807540893555,13.5,14.938643455505373,5.200608730316162,0.7736039161682129,1,O
03/21/2026,DAL,Naji Marshall,30.64768409729004,15.5,16.471467971801758,8.602983474731445,0.818653404712677,1,O
03/21/2026,DAL,Klay Thompson,20.52394676208496,10.5,12.04960823059082,7.635076999664307,0.8947506546974182,1,O
03/21/2026,DAL,Daniel Gafford,25.0390682220459,9.5,12.37901496887207,6.01440954208374,0.8363916873931885,1,O
03/21/2026,CLE,Sam Merrill,28.58901596069336,11.5,13.789830207824709,4.747781276702881,0.6889566779136658,1,O
03/21/2026,CLE,Keon Ellis,25.36153221130371,7.5,7.615829467773437,4.90952205657959,0.6883120536804199,1,O
03/21/2026,CLE,James Harden,34.6087532043457,20.5,22.46002769470215,3.242907285690308,0.6201906204223633,1,O
03/21/2026,CLE,Evan Mobley,33.28314208984375,19.5,20.211259841918945,4.069513320922852,0.6781685948371887,1,O
03/21/2026,CLE,Dean Wade,25.240020751953125,5.5,5.931857585906982,5.292842388153076,0.7206794023513794,1,O
03/21/2026,CHO,Ryan Kalkbrenner,18.110671997070312,6.5,7.3075480461120605,7.381809234619141,0.8424505591392517,1,O
03/21/2026,CHO,Miles Bridges,31.655771255493164,15.5,16.789703369140625,4.718577861785889,0.6578949689865112,1,O
03/21/2026,CHO,Kon Knueppel,31.357885360717773,18.5,19.97261619567871,7.114052295684815,0.7403467893600464,1,O
03/21/2026,CHO,Coby White,21.206144332885746,14.5,16.0311279296875,8.130287170410156,0.8758059740066528,1,O
03/21/2026,ATL,Onyeka Okongwu,32.676902770996094,15.5,15.86673069000244,5.117882251739502,0.7521463632583618,1,O
03/21/2026,ATL,Nickeil Alexander-Walker,33.36370086669922,19.5,21.11528968811035,8.065309524536133,0.8036709427833557,1,O
03/21/2026,ATL,Mouhamed Gueye,25.41549491882324,5.5,6.425967693328857,6.222797393798828,0.7217813730239868,1,O
03/21/2026,ATL,Jock Landale,18.37331771850586,7.5,8.082033157348633,6.68287467956543,0.810259222984314,1,O
03/21/2026,ATL,Jalen Johnson,30.575773239135746,22.5,22.99966049194336,5.5278825759887695,0.6045585870742798,1,O
03/21/2026,ATL,Dyson Daniels,33.617340087890625,12.5,12.97538948059082,6.435438632965088,0.6986013054847717,1,O
03/21/2026,ATL,Corey Kispert,18.523012161254883,7.5,7.953413486480713,6.911887645721436,0.8137912750244141,1,O
03/21/2026,WAS,Will Riley,30.94652557373047,15.5,13.390653610229492,3.449981212615967,0.8013859987258911,1,-
03/21/2026,WAS,Tre Johnson,23.084278106689453,11.5,10.842695236206056,6.874312877655029,0.8653585314750671,1,-
03/21/2026,WAS,Jaden Hardy,21.85697555541992,11.5,10.355025291442873,6.8154168128967285,0.8172137141227722,1,-
03/21/2026,UTA,Kyle Filipowski,23.35713195800781,14.5,12.575725555419922,6.814191818237305,0.8627141714096069,1,-
03/21/2026,UTA,Ace Bailey,29.331039428710938,21.5,17.899032592773438,6.333548069000244,0.7397527098655701,1,-
03/21/2026,SAS,Dylan Harper,27.54164695739746,14.5,13.912178993225098,6.092426776885986,0.7706483006477356,1,-
03/21/2026,PHO,Ryan Dunn,19.29101181030273,6.5,4.5018415451049805,6.824003219604492,0.778274655342102,1,-
03/21/2026,PHO,Rasheer Fleming,16.644651412963867,8.5,5.798610210418701,7.526886940002441,0.8725711107254028,1,-
03/21/2026,PHO,Jordan Goodwin,27.43826675415039,10.5,8.995665550231934,6.074607849121094,0.7519234418869019,1,-
03/21/2026,PHO,Jalen Green,30.21272850036621,24.5,21.09317398071289,7.055849552154541,0.7100395560264587,1,-
03/21/2026,PHO,Devin Booker,35.132259368896484,27.5,27.384090423583984,5.577734470367432,0.7174117565155029,1,-
03/21/2026,PHO,Collin Gillespie,30.99001693725586,14.5,13.533895492553713,8.460000038146973,0.830419659614563,1,-
03/21/2026,PHI,Dominick Barlow,29.31628799438477,11.5,9.053428649902344,3.60423755645752,0.7210754752159119,1,-
03/21/2026,PHI,Andre Drummond,22.96070098876953,8.5,7.968319416046143,5.170385837554932,0.713940441608429,1,-
03/21/2026,ORL,Paolo Banchero,35.342041015625,23.5,22.17723274230957,3.267798900604248,0.6403186917304993,1,-
03/21/2026,ORL,Moritz Wagner,14.5852632522583,8.5,6.729425430297852,7.57334566116333,0.8397669792175293,1,-
03/21/2026,ORL,Jett Howard,17.7728214263916,7.5,6.648336410522461,8.570517539978027,0.9487879276275636,1,-
03/21/2026,ORL,Jalen Suggs,28.906295776367188,14.5,12.42236042022705,5.273522853851318,0.7664675712585449,1,-
03/21/2026,OKC,Isaiah Hartenstein,23.51151466369629,8.5,6.380185604095459,7.280666828155518,0.7962070107460022,1,-
03/21/2026,OKC,Cason Wallace,27.88779067993164,8.5,7.8119797706604,5.438583850860596,0.6789913177490234,1,-
03/21/2026,OKC,Aaron Wiggins,17.3768310546875,10.5,7.771639347076416,7.643122673034668,0.7544422745704651,1,-
03/21/2026,NOP,Zion Williamson,30.99441146850586,20.5,19.212520599365234,3.952057361602783,0.653704047203064,1,-
03/21/2026,NOP,Dejounte Murray,27.09843063354492,17.5,16.683063507080078,7.451618194580078,0.8100945949554443,1,-
03/21/2026,MIL,Ousmane Dieng,21.38426399230957,11.5,8.869746208190918,6.018703460693359,0.7281316518783569,1,-
03/21/2026,MIL,Myles Turner,28.31943893432617,11.5,10.955910682678224,6.292974472045898,0.8564894199371338,1,-
03/21/2026,MIL,Kyle Kuzma,28.979793548583984,13.5,12.265704154968262,6.514487266540527,0.7913539409637451,1,-
03/21/2026,MIL,Kevin Porter Jr.,27.9093074798584,17.5,17.07618522644043,3.0037295818328857,0.6400836110115051,1,-
03/21/2026,MIL,Bobby Portis,25.179048538208008,15.5,14.700368881225586,5.049127101898193,0.678977370262146,1,-
03/21/2026,MIA,Tyler Herro,33.420677185058594,22.5,22.25589179992676,7.823470592498779,0.8281014561653137,1,-
03/21/2026,MIA,Simone Fontecchio,26.057899475097656,11.5,10.629429817199709,7.649070262908935,0.8422069549560547,1,-
03/21/2026,MIA,Norman Powell,27.513744354248047,20.5,18.92896842956543,7.195474624633789,0.751758873462677,1,-
03/21/2026,MIA,Kel'el Ware,23.477813720703125,11.5,11.406970977783203,8.371773719787598,0.976694643497467,1,-
03/21/2026,MIA,Kasparas Jakucionis,19.46450996398925,6.5,5.782135486602783,7.515617847442627,0.9877921342849731,1,-
03/21/2026,MEM,Jaylen Wells,26.386449813842773,12.5,12.15622901916504,5.159587383270264,0.7400654554367065,1,-
03/21/2026,MEM,Cam Spencer,22.0698471069336,11.5,10.408918380737305,4.861697673797607,0.6226920485496521,1,-
03/21/2026,LAL,Luke Kennard,19.61489486694336,6.5,5.147259712219238,7.04982328414917,0.9796995520591736,1,-
03/21/2026,LAL,LeBron James,33.91905975341797,19.5,18.77333068847656,3.913342475891113,0.6929701566696167,1,-
03/21/2026,LAL,Jaxson Hayes,16.887296676635742,5.5,5.012976169586182,8.817121505737305,0.9760072827339172,1,-
03/21/2026,LAC,Kawhi Leonard,31.92627143859864,28.5,28.11034774780273,8.46251392364502,0.6967621445655823,1,-
03/21/2026,LAC,Darius Garland,28.3940544128418,18.5,17.26348114013672,6.593977451324463,0.7660840153694153,1,-
03/21/2026,LAC,Brook Lopez,27.13698005676269,9.5,9.334750175476074,8.629280090332031,0.6972818970680237,1,-
03/21/2026,IND,Obi Toppin,17.483896255493164,9.5,7.449940204620361,7.424144268035889,0.836787223815918,1,-
03/21/2026,IND,Jarace Walker,29.73570251464844,13.5,12.01147747039795,5.300899505615234,0.6174719333648682,1,-
03/21/2026,IND,Aaron Nesmith,29.327497482299805,12.5,12.184625625610352,5.43982458114624,0.5501692295074463,1,-
03/21/2026,HOU,Tari Eason,24.99774742126465,10.5,8.988966941833496,5.3048481941223145,0.6699800491333008,1,-
03/21/2026,HOU,Reed Sheppard,30.565170288085938,15.5,14.46591854095459,6.770536422729492,0.8168985247612,1,-
03/21/2026,HOU,Kevin Durant,36.43199920654297,26.5,24.04794883728028,5.492331981658936,0.6955035924911499,1,-
03/21/2026,HOU,Alperen Sengun,33.57755279541016,18.5,18.462934494018555,4.718467712402344,0.6447470188140869,1,-
03/21/2026,GSW,Will Richard,23.16707420349121,8.5,6.555981159210205,4.788527488708496,0.5985466241836548,1,-
03/21/2026,GSW,Pat Spencer,19.85176658630371,10.5,8.052447319030762,5.970353603363037,0.8390632271766663,1,-
03/21/2026,GSW,Gui Santos,29.115726470947266,15.5,15.15507698059082,4.615757465362549,0.8731798529624939,1,-
03/21/2026,DAL,Ryan Nembhard,19.385637283325195,7.5,5.495162487030029,8.814364433288574,0.8311865925788879,1,-
03/21/2026,DAL,Max Christie,30.278228759765625,11.5,10.405781745910645,5.864084720611572,0.7007760405540466,1,-
03/21/2026,DAL,Cooper Flagg,33.697959899902344,21.5,20.279354095458984,8.111082077026367,0.774397075176239,1,-
03/21/2026,CLE,Max Strus,21.00731468200684,9.5,7.819005489349365,5.661708831787109,0.6815629005432129,1,-
03/21/2026,CLE,Donovan Mitchell,33.34762191772461,25.5,25.964889526367188,2.7536330223083496,0.4892729818820953,0,-
03/21/2026,CHO,Moussa Diabate,28.4629020690918,9.5,7.936409473419189,5.44960880279541,0.7851960062980652,1,-
03/21/2026,CHO,LaMelo Ball,28.17400932312012,20.5,19.317182540893555,6.9822540283203125,0.7743889689445496,1,-
03/21/2026,CHO,Brandon Miller,31.21982383728028,20.5,19.873023986816406,6.448108673095703,0.7069681286811829,1,-
03/21/2026,ATL,Zaccharie Risacher,20.316102981567383,8.5,7.566802024841309,4.776010990142822,0.7538081407546997,1,-
03/21/2026,ATL,Jonathan Kuminga,20.56405258178711,16.5,9.14168930053711,7.810810089111328,0.7958518862724304,1,-
03/21/2026,ATL,CJ McCollum,30.42357635498047,20.5,20.16045570373535,6.870548725128174,0.7670556306838989,1,-
03/22/2026,WAS,Tristan Vukcevic,24.4011344909668,11.5,12.260598182678224,6.705920696258545,0.771175742149353,1,O
03/22/2026,WAS,Bilal Coulibaly,30.048070907592773,12.5,12.815511703491213,4.022992134094238,0.7067663073539734,1,O
03/22/2026,TOR,Scottie Barnes,33.93782043457031,16.5,16.651344299316406,3.526587724685669,0.5733287334442139,1,O
03/22/2026,TOR,Sandro Mamukelashvili,18.497562408447266,7.5,8.978005409240723,6.408534526824951,0.9737564325332642,1,O
03/22/2026,TOR,Jakob Poeltl,28.46752166748047,11.5,13.654253005981444,5.213811874389648,0.6913543939590454,1,O
03/22/2026,TOR,Ja'Kobe Walter,18.9150505065918,6.5,7.111302375793457,5.772890567779541,0.8766595721244812,1,O
03/22/2026,TOR,Immanuel Quickley,32.66758346557617,15.5,16.280792236328125,6.109992980957031,0.808693528175354,1,O
03/22/2026,TOR,Brandon Ingram,34.6178092956543,21.5,22.868377685546875,2.9546072483062744,0.5541152954101562,1,O
03/22/2026,SAC,Dylan Cardwell,21.00354385375977,5.5,5.576467514038086,6.672929286956787,0.825344443321228,1,O
03/22/2026,POR,Scoot Henderson,24.52396774291992,13.5,13.892281532287598,6.340334415435791,0.78359055519104,1,O
03/22/2026,POR,Robert Williams,19.128541946411133,7.5,7.586549758911133,7.091275691986084,0.8603312969207764,1,O
03/22/2026,POR,Jrue Holiday,30.88741683959961,16.5,16.947797775268555,4.895282745361328,0.756589412689209,1,O
03/22/2026,POR,Donovan Clingan,28.439208984375,14.5,15.33820915222168,8.29731559753418,0.73054039478302,1,O
03/22/2026,PHO,Royce O'Neale,24.11672019958496,7.5,8.08150577545166,3.978621482849121,0.7752994298934937,1,O
03/22/2026,PHO,Oso Ighodaro,28.095827102661133,8.5,9.388232231140137,5.667133331298828,0.7915740609169006,1,O
03/22/2026,PHO,Grayson Allen,25.457761764526367,13.5,14.425003051757812,5.898310661315918,0.8336514234542847,1,O
03/22/2026,NYK,OG Anunoby,33.58908462524414,17.5,17.992040634155273,5.351672649383545,0.7571046352386475,1,O
03/22/2026,NYK,Karl-Anthony Towns,31.32372665405273,20.5,20.998517990112305,8.984536170959473,0.7177754640579224,1,O
03/22/2026,NYK,Josh Hart,30.426115036010746,11.5,12.253583908081056,3.867000579833984,0.7609844207763672,1,O
03/22/2026,NYK,Jalen Brunson,35.40176773071289,24.5,27.241172790527344,3.193745851516724,0.6028100252151489,1,O
03/22/2026,MIN,Rudy Gobert,32.72593307495117,10.5,12.818731307983398,2.8150441646575928,0.5886252522468567,1,O
03/22/2026,MIN,Bones Hyland,19.87309837341309,10.5,11.538025856018066,5.336994171142578,0.7365955710411072,1,O
03/22/2026,DEN,Tim Hardaway Jr.,25.612579345703125,10.5,14.690643310546877,6.832158088684082,0.8556739091873169,1,O
03/22/2026,DEN,Peyton Watson,21.72079086303711,8.5,13.250840187072754,5.621556282043457,0.7678138613700867,1,O
03/22/2026,DEN,Christian Braun,34.86500930786133,11.5,14.76791000366211,3.998850107192993,0.6304064393043518,1,O
03/22/2026,DEN,Cameron Johnson,31.85904693603516,10.5,13.512005805969238,2.732460021972656,0.6983681321144104,1,O
03/22/2026,DEN,Aaron Gordon,31.356910705566406,15.5,15.94304656982422,3.903716802597046,0.6177963018417358,1,O
03/22/2026,BRK,Ziaire Williams,26.727418899536133,10.5,12.594539642333984,5.18391752243042,0.7282986044883728,1,O
03/22/2026,BRK,Ochai Agbaji,21.17612838745117,7.5,9.588983535766602,5.493958473205566,0.6957499980926514,1,O
03/22/2026,BRK,Nolan Traore,26.09698486328125,11.5,12.593157768249512,5.599027156829834,0.8206382989883423,1,O
03/22/2026,BRK,Josh Minott,20.16631317138672,10.5,10.61887264251709,5.03871488571167,0.6927689909934998,1,O
03/22/2026,BOS,Sam Hauser,27.63483619689941,7.5,8.423417091369629,6.608713150024414,0.7519890069961548,1,O
03/22/2026,BOS,Payton Pritchard,30.64063835144043,15.5,16.20322036743164,4.248846054077148,0.7576856017112732,1,O
03/22/2026,BOS,Luka Garza,18.04471206665039,7.5,7.940430641174316,6.804267406463623,0.8676255941390991,1,O
03/22/2026,BOS,Jaylen Brown,35.61155700683594,25.5,29.501583099365234,5.772198677062988,0.6346328258514404,1,O
03/22/2026,BOS,Derrick White,34.86176681518555,16.5,16.817668914794922,3.8337481021881104,0.5860673189163208,1,O
03/22/2026,WAS,Will Riley,31.38213348388672,15.5,13.964463233947754,5.8121442794799805,0.7759696245193481,1,-
03/22/2026,WAS,Tre Johnson,22.650341033935547,12.5,11.200700759887695,6.5887370109558105,0.796880304813385,1,-
03/22/2026,WAS,Jamir Watkins,27.16911506652832,9.5,8.956399917602539,5.50407600402832,0.6786473989486694,1,-
03/22/2026,WAS,Jaden Hardy,22.690189361572266,12.5,11.38945484161377,6.0788421630859375,0.7488644123077393,1,-
03/22/2026,TOR,RJ Barrett,31.72359848022461,19.5,19.37749290466309,6.665238380432129,0.8360493779182434,1,-
03/22/2026,SAC,Precious Achiuwa,29.654146194458008,15.5,11.892642974853516,7.580816745758057,0.701240599155426,1,-
03/22/2026,SAC,Nique Clifford,32.19778823852539,13.5,12.824748992919922,1.143291711807251,0.5224156379699707,1,-
03/22/2026,SAC,Maxime Raynaud,29.8471908569336,17.5,15.789851188659668,8.545731544494629,0.6880141496658325,1,-
03/22/2026,SAC,Malik Monk,21.41047096252441,13.5,12.240623474121094,7.5943284034729,0.9629347920417786,1,-
03/22/2026,SAC,Doug McDermott,22.49176979064941,8.5,8.209181785583496,5.751206874847412,0.684576153755188,1,-
03/22/2026,SAC,DeMar DeRozan,32.344810485839844,18.5,15.531168937683104,7.613715171813965,0.8025820255279541,1,-
03/22/2026,POR,Toumani Camara,33.50524139404297,13.5,13.029309272766112,3.966976404190064,0.671410322189331,1,-
03/22/2026,POR,Jerami Grant,29.451717376708984,17.5,16.689376831054688,5.406804084777832,0.7916332483291626,1,-
03/22/2026,POR,Deni Avdija,35.042823791503906,26.5,23.95814323425293,5.081035137176514,0.7024025917053223,1,-
03/22/2026,PHO,Jordan Goodwin,27.23758125305176,9.5,9.28958797454834,3.792592287063599,0.7379346489906311,1,-
03/22/2026,PHO,Jalen Green,29.956262588500977,21.5,18.17183303833008,6.115057468414307,0.7325838804244995,1,-
03/22/2026,PHO,Devin Booker,34.91297912597656,26.5,26.07305335998535,4.954640865325928,0.7730705738067627,1,-
03/22/2026,PHO,Collin Gillespie,30.955554962158203,12.5,12.46652126312256,6.020876407623291,0.7794812917709351,1,-
03/22/2026,NYK,Mohamed Diawara,14.261574745178224,7.5,4.352703094482422,6.707553386688232,0.8818614482879639,1,-
03/22/2026,NYK,Mitchell Robinson,19.77020263671875,5.5,5.100086212158203,5.881407260894775,0.8380012512207031,1,-
03/22/2026,NYK,Mikal Bridges,32.87347412109375,12.5,12.437201499938965,2.8043248653411865,0.707868218421936,1,-
03/22/2026,NYK,Jose Alvarado,18.209348678588867,6.5,6.373058795928955,6.589934825897217,0.782329797744751,1,-
03/22/2026,MIN,Naz Reid,24.76894760131836,12.5,11.268939971923828,5.615599155426025,0.813473105430603,1,-
03/22/2026,MIN,Julius Randle,33.551666259765625,21.5,19.30970573425293,1.8841456174850464,0.5604172945022583,1,-
03/22/2026,MIN,Jaden McDaniels,33.08256912231445,14.5,13.359902381896973,1.9704614877700808,0.6631671786308289,1,-
03/22/2026,MIN,Donte DiVincenzo,31.369861602783203,11.5,11.368407249450684,2.5379397869110107,0.618926465511322,1,-
03/22/2026,MIN,Ayo Dosunmu,31.54730224609375,16.5,14.799419403076172,2.8595075607299805,0.7497513890266418,1,-
03/22/2026,DEN,Nikola Jokic,35.766082763671875,27.5,25.28866004943848,3.2118499279022217,0.5934038162231445,1,-
03/22/2026,DEN,Jamal Murray,36.25302505493164,23.5,21.467098236083984,5.967086791992188,0.6146004796028137,1,-
03/22/2026,BRK,Drake Powell,25.44032096862793,8.5,7.69349479675293,5.464811325073242,0.7467225193977356,1,-
03/22/2026,BRK,Danny Wolf,26.668163299560547,13.5,11.260068893432615,4.785727024078369,0.7155928611755371,1,-
03/22/2026,BRK,Ben Saraf,23.028676986694336,9.5,9.227773666381836,4.849562644958496,0.6969265341758728,1,-
03/22/2026,BOS,Neemias Queta,26.68869972229004,9.5,8.665724754333496,4.440333366394043,0.7501187920570374,1,-
03/22/2026,BOS,Jayson Tatum,33.35956954956055,22.5,17.24074363708496,5.239673614501953,0.6840475797653198,1,-
03/23/2026,UTA,John Konchar,29.458324432373047,5.5,6.511590003967285,7.729543685913086,0.8544478416442871,1,O
03/23/2026,UTA,Cody Williams,25.09184837341309,11.5,12.853513717651367,6.863379001617432,0.750595211982727,1,O
03/23/2026,TOR,Sandro Mamukelashvili,28.46275329589844,12.5,13.991619110107422,8.234724998474121,0.8668314814567566,1,O
03/23/2026,TOR,RJ Barrett,31.93470573425293,20.5,22.93523025512696,9.167040824890137,0.7849833369255066,1,O
03/23/2026,TOR,Jamal Shead,27.94967460632324,8.5,9.135581970214844,5.065018653869629,0.78184974193573,1,O
03/23/2026,TOR,Ja'Kobe Walter,28.61379051208496,9.5,12.616902351379396,7.195716857910156,0.7874789237976074,1,O
03/23/2026,TOR,Immanuel Quickley,28.72895622253418,16.5,18.2889461517334,5.944923400878906,0.7284644842147827,1,O
03/23/2026,SAS,Stephon Castle,30.78801727294922,16.5,17.178686141967773,4.668269634246826,0.6731287240982056,1,O
03/23/2026,SAS,Keldon Johnson,22.55466079711914,11.5,12.159743309020996,8.468730926513672,0.8724491596221924,1,O
03/23/2026,SAS,Julian Champagnie,28.98996353149414,10.5,10.658968925476074,5.858382701873779,0.8344519138336182,1,O
03/23/2026,SAS,Harrison Barnes,21.33656311035156,7.5,7.984498500823975,5.8923845291137695,0.8872830271720886,1,O
03/23/2026,SAS,Dylan Harper,22.806427001953125,9.5,11.43498420715332,6.712547302246094,0.7310104966163635,1,O
03/23/2026,SAS,Devin Vassell,31.736648559570312,13.5,14.23801326751709,6.441812992095947,0.8014988303184509,1,O
03/23/2026,SAS,De'Aaron Fox,31.057218551635746,17.5,18.681507110595703,5.615109920501709,0.7525219917297363,1,O
03/23/2026,POR,Jrue Holiday,30.51889038085937,15.5,15.716439247131348,6.385253429412842,0.7281822562217712,1,O
03/23/2026,PHI,Trendon Watford,20.85987091064453,8.5,8.582182884216309,5.679498672485352,0.8291960954666138,1,O
03/23/2026,PHI,Justin Edwards,28.30017852783203,12.5,13.821184158325195,6.510522365570068,0.632407546043396,1,O
03/23/2026,PHI,Adem Bona,25.80103302001953,6.5,8.624373435974121,5.231268882751465,0.8345550298690796,1,O
03/23/2026,ORL,Wendell Carter Jr.,31.01177978515625,11.5,13.379932403564451,4.3063812255859375,0.8345922231674194,1,O
03/23/2026,ORL,Paolo Banchero,35.78778076171875,25.5,25.608139038085938,3.350764036178589,0.6248132586479187,1,O
03/23/2026,ORL,Moritz Wagner,15.157759666442873,6.5,8.189594268798828,5.409140586853027,0.8790287971496582,1,O
03/23/2026,ORL,Desmond Bane,35.11587905883789,23.5,23.990947723388672,5.345932483673096,0.7475772500038147,1,O
03/23/2026,OKC,Luguentz Dort,28.769004821777344,7.5,9.810197830200195,7.557866096496582,0.9053150415420532,1,O
03/23/2026,OKC,Jared McCain,20.35868263244629,11.5,12.217207908630373,9.269115447998049,0.9717470407485962,1,O
03/23/2026,OKC,Jalen Williams,27.80976295471192,14.5,16.49170684814453,5.231013298034668,0.7486423850059509,1,O
03/23/2026,OKC,Chet Holmgren,30.41500473022461,15.5,16.736391067504883,5.714840412139893,0.7543982863426208,1,O
03/23/2026,MIL,Taurean Prince,27.1289005279541,6.5,9.668932914733888,4.204717636108398,0.7154965996742249,1,O
03/23/2026,MIL,Ryan Rollins,33.16985321044922,18.5,18.95920181274414,4.27444314956665,0.5880307555198669,1,O
03/23/2026,MIL,Ousmane Dieng,28.27700424194336,11.5,11.633384704589844,4.36037015914917,0.7491530179977417,1,O
03/23/2026,MIL,Kyle Kuzma,24.38606071472168,11.5,12.340683937072754,7.656946182250977,0.8355781435966492,1,O
03/23/2026,MIA,Pelle Larsson,29.978355407714844,10.5,12.338997840881348,6.4373555183410645,0.6299454569816589,1,O
03/23/2026,MIA,Kel'el Ware,21.416433334350582,6.5,8.719837188720703,6.949066162109375,0.923524022102356,1,O
03/23/2026,MIA,Jaime Jaquez Jr.,27.073251724243164,10.5,13.422679901123049,6.8353424072265625,0.7390432953834534,1,O
03/23/2026,MIA,Davion Mitchell,29.826265335083008,8.5,9.49484920501709,4.531799793243408,0.7196776866912842,1,O
03/23/2026,MIA,Bam Adebayo,34.1870231628418,22.5,22.796537399291992,8.607263565063477,0.7328556776046753,1,O
03/23/2026,MIA,Andrew Wiggins,28.15688133239746,12.5,13.277042388916016,5.112226963043213,0.6764630079269409,1,O
03/23/2026,MEM,Taylor Hendricks,24.690170288085938,10.5,11.900498390197754,6.176199436187744,0.8847029209136963,1,O
03/23/2026,MEM,Olivier-Maxence Prosper,25.273473739624023,11.5,13.013357162475586,5.124159812927246,0.7165337204933167,1,O
03/23/2026,MEM,Jaylen Wells,25.843994140625,12.5,13.183445930480955,7.364010810852051,0.8639025092124939,1,O
03/23/2026,LAL,Luka Doncic,38.71694946289063,32.5,33.60548782348633,4.940032958984375,0.6070997714996338,1,O
03/23/2026,LAL,Jaxson Hayes,18.071264266967773,5.5,6.348044872283936,8.589617729187012,1.0635281801223757,1,O
03/23/2026,LAL,Deandre Ayton,30.224294662475582,9.5,11.215287208557127,6.769329071044922,0.6852640509605408,1,O
03/23/2026,LAC,Brook Lopez,28.905725479125977,9.5,9.785456657409668,8.43932819366455,0.714735746383667,1,O
03/23/2026,IND,Pascal Siakam,31.48220443725586,19.5,22.139997482299805,5.595837593078613,0.7768605947494507,1,O
03/23/2026,IND,Jarace Walker,30.46330642700196,12.5,13.06631088256836,5.444257736206055,0.6978530287742615,1,O
03/23/2026,IND,Andrew Nembhard,30.01677703857422,15.5,15.521539688110352,6.1135573387146,0.7743338942527771,1,O
03/23/2026,IND,Aaron Nesmith,29.026830673217773,10.5,13.043237686157228,3.591165542602539,0.6422244906425476,1,O
03/23/2026,HOU,Jabari Smith Jr.,35.710636138916016,15.5,16.65135383605957,3.028817176818848,0.7411486506462097,1,O
03/23/2026,HOU,Amen Thompson,37.530982971191406,18.5,19.05095672607422,3.6210317611694336,0.6688862442970276,1,O
03/23/2026,GSW,Moses Moody,26.03899574279785,12.5,12.508739471435549,5.197139263153076,0.7351630330085754,1,O
03/23/2026,GSW,Gary Payton II,19.31857109069824,9.5,11.545324325561523,8.058354377746582,0.9331387877464294,1,O
03/23/2026,GSW,De'Anthony Melton,25.11281394958496,15.5,16.434762954711914,7.219804286956787,0.8571287989616394,1,O
03/23/2026,DET,Paul Reed,18.479721069335938,7.5,9.414567947387695,5.865391731262207,0.8388959169387817,1,O
03/23/2026,DET,Jalen Duren,30.28085899353028,21.5,22.25496864318848,7.126755714416504,0.8510962724685669,1,O
03/23/2026,DET,Duncan Robinson,30.055253982543945,11.5,12.434072494506836,3.07365345954895,0.7035476565361023,1,O
03/23/2026,DET,Ausar Thompson,28.191415786743164,9.5,10.061640739440918,3.849433422088623,0.6355128288269043,1,O
03/23/2026,DAL,P.J. Washington,32.87311935424805,13.5,15.199097633361816,6.375232696533203,0.7244910597801208,1,O
03/23/2026,DAL,Naji Marshall,31.82066535949707,15.5,19.43687057495117,10.375587463378906,0.9526612758636476,1,O
03/23/2026,DAL,Daniel Gafford,24.03568458557129,10.5,11.514586448669434,8.349637985229492,0.838084876537323,1,O
03/23/2026,CHI,Tre Jones,29.75745964050293,13.5,14.323994636535645,7.859880924224853,0.9261196851730348,1,O
03/23/2026,CHI,Rob Dillingham,23.277565002441406,9.5,9.95467472076416,7.455554962158203,0.9258504509925842,1,O
03/23/2026,CHI,Patrick Williams,21.445953369140625,6.5,6.857837200164795,6.22434139251709,0.9657859206199646,1,O
03/23/2026,CHI,Leonard Miller,22.529512405395508,8.5,10.26394271850586,6.39274787902832,0.8545647859573364,1,O
03/23/2026,CHI,Jalen Smith,27.684194564819336,11.5,12.555821418762209,6.496520042419434,0.9406111240386964,1,O
03/23/2026,CHI,Collin Sexton,21.957496643066406,13.5,14.050186157226562,7.897385120391846,0.9228158593177797,1,O
03/23/2026,BRK,Ziaire Williams,27.19180679321289,11.5,12.249113082885742,6.302316188812256,0.6734204292297363,1,O
03/23/2026,BRK,Nolan Traore,27.66459846496582,11.5,12.255253791809082,4.917960166931152,0.7218714952468872,1,O
03/23/2026,BRK,Josh Minott,26.91477394104004,9.5,12.728311538696287,5.0676374435424805,0.611124575138092,1,O
03/23/2026,BRK,Ben Saraf,24.792573928833008,8.5,10.451817512512209,5.617759704589844,0.6299049854278564,1,O
03/23/2026,ATL,Zaccharie Risacher,20.97994613647461,9.5,10.182320594787598,5.047667980194092,0.8205941319465637,1,O
03/23/2026,ATL,Dyson Daniels,32.745357513427734,13.5,13.65053939819336,5.057687759399414,0.6972782015800476,1,O
03/23/2026,ATL,CJ McCollum,29.24557876586914,19.5,19.897306442260746,4.406578063964844,0.8164613246917725,1,O
03/23/2026,UTA,Kyle Filipowski,28.16050338745117,14.5,13.78492259979248,8.569025039672852,0.8218988180160522,1,-
03/23/2026,UTA,Brice Sensabaugh,24.53410530090332,21.5,16.718761444091797,10.77372932434082,0.9104702472686768,1,-
03/23/2026,UTA,Ace Bailey,31.395896911621094,19.5,17.405887603759766,9.24720859527588,0.8193432688713074,1,-
03/23/2026,TOR,Scottie Barnes,34.388160705566406,18.5,19.96430778503418,4.106203556060791,0.4852891564369201,0,-
03/23/2026,TOR,Brandon Ingram,29.997596740722656,21.5,21.44529914855957,5.379785537719727,0.5478035807609558,1,-
03/23/2026,SAS,Victor Wembanyama,30.5489559173584,26.5,23.930274963378903,7.125513076782227,0.7256521582603455,1,-
03/23/2026,POR,Toumani Camara,32.93966293334961,13.5,12.778634071350098,2.616790294647217,0.6851430535316467,1,-
03/23/2026,POR,Sidy Cissoko,23.11189651489257,6.5,5.888240337371826,4.967231273651123,0.6797552108764648,1,-
03/23/2026,POR,Scoot Henderson,25.4699764251709,14.5,13.566226959228516,5.656764984130859,0.7373527884483337,1,-
03/23/2026,POR,Matisse Thybulle,16.443872451782227,5.5,5.358879089355469,5.569500923156738,0.6697260141372681,1,-
03/23/2026,POR,Kris Murray,21.11069869995117,6.5,5.53510332107544,5.535974025726318,0.8251210451126099,1,-
03/23/2026,POR,Jerami Grant,28.484317779541016,17.5,16.705463409423828,5.634024143218994,0.676159143447876,1,-
03/23/2026,POR,Donovan Clingan,28.33952713012696,15.5,14.354562759399414,6.242907524108887,0.7047520279884338,1,-
03/23/2026,POR,Deni Avdija,34.2611198425293,25.5,24.35525131225586,2.5499913692474365,0.6755819916725159,1,-
03/23/2026,PHI,VJ Edgecombe,36.2281608581543,19.5,16.494218826293945,2.281919002532959,0.589999794960022,1,-
03/23/2026,PHI,Quentin Grimes,31.679349899291992,19.5,17.333276748657227,1.542747139930725,0.4680317044258117,0,-
03/23/2026,PHI,Dominick Barlow,27.31089782714844,8.5,8.417536735534668,3.819181919097901,0.6907888650894165,1,-
03/23/2026,ORL,Jevon Carter,27.38831901550293,11.5,11.478814125061035,4.293163776397705,0.8449671268463135,1,-
03/23/2026,ORL,Jett Howard,17.820980072021484,8.5,6.19317102432251,5.868663787841797,0.8977122902870178,1,-
03/23/2026,OKC,Shai Gilgeous-Alexander,35.917991638183594,28.5,28.222511291503903,4.265504837036133,0.642700731754303,1,-
03/23/2026,OKC,Isaiah Hartenstein,25.445131301879883,7.5,7.249393463134766,6.447664260864258,0.8698554039001465,1,-
03/23/2026,OKC,Cason Wallace,23.57962989807129,7.5,7.147974967956543,6.2708001136779785,0.8243207931518555,1,-
03/23/2026,MIL,Myles Turner,29.08346939086914,10.5,9.444353103637695,6.219334602355957,0.8444811105728149,1,-
03/23/2026,MIL,Bobby Portis,24.820571899414062,15.5,15.153053283691406,4.821717739105225,0.8700813055038452,1,-
03/23/2026,MIA,Tyler Herro,32.42113494873047,21.5,20.228565216064453,6.084080219268799,0.770736813545227,1,-
03/23/2026,MIA,Norman Powell,25.367223739624023,19.5,16.68376350402832,6.120700359344482,0.5900182723999023,1,-
03/23/2026,MEM,Ty Jerome,24.18178367614746,19.5,19.111616134643555,7.216255664825439,0.8883352279663086,1,-
03/23/2026,LAL,Marcus Smart,27.19990348815918,8.5,8.249423027038574,6.315820693969727,0.6987087726593018,1,-
03/23/2026,LAL,Luke Kennard,20.60533332824707,8.5,7.293459892272949,6.521867275238037,0.9549212455749512,1,-
03/23/2026,LAL,LeBron James,34.1954231262207,18.5,18.001712799072266,5.0642595291137695,0.7370255589485168,1,-
03/23/2026,LAL,Jake LaRavia,28.31790542602539,8.5,8.212361335754395,6.30460786819458,0.7747377753257751,1,-
03/23/2026,LAL,Austin Reaves,39.074928283691406,20.5,21.840717315673828,5.882208347320557,0.499697595834732,0,-
03/23/2026,LAC,Kawhi Leonard,32.156551361083984,28.5,27.42420196533203,7.489089965820312,0.7966909408569336,1,-
03/23/2026,LAC,Jordan Miller,25.271705627441406,12.5,10.734310150146484,6.273828506469727,0.750372588634491,1,-
03/23/2026,LAC,John Collins,25.27709007263184,13.5,12.713343620300291,8.202010154724121,0.7930997610092163,1,-
03/23/2026,LAC,Derrick Jones Jr.,30.63220977783203,12.5,11.75568962097168,5.5872802734375,0.8368783593177795,1,-
03/23/2026,LAC,Darius Garland,29.24020195007324,20.5,19.58930397033692,8.553635597229004,0.7428341507911682,1,-
03/23/2026,IND,Jay Huff,24.40830612182617,9.5,8.866597175598145,6.707376480102539,0.7569584846496582,1,-
03/23/2026,HOU,Tari Eason,23.51525115966797,10.5,9.55532455444336,3.7161593437194815,0.6220378875732422,1,-
03/23/2026,HOU,Reed Sheppard,31.43179702758789,16.5,15.17597484588623,6.049442291259766,0.8164140582084656,1,-
03/23/2026,HOU,Kevin Durant,36.50991439819336,26.5,25.363670349121094,3.052736282348633,0.6285218596458435,1,-
03/23/2026,HOU,Alperen Sengun,33.74060821533203,20.5,19.41390419006348,3.1229493618011475,0.6241745948791504,1,-
03/23/2026,GSW,Will Richard,23.174835205078125,7.5,6.865068435668945,5.016537666320801,0.7364476323127747,1,-
03/23/2026,GSW,Kristaps Porzingis,24.67626571655273,17.5,11.825262069702148,5.993699073791504,0.8059758543968201,1,-
03/23/2026,GSW,Gui Santos,23.196582794189453,13.5,11.04018783569336,6.272704601287842,0.8933839797973633,1,-
03/23/2026,GSW,Draymond Green,29.14574432373047,9.5,8.697476387023926,4.963164329528809,0.8436787724494934,1,-
03/23/2026,GSW,Brandin Podziemski,30.711036682128903,14.5,14.167877197265623,5.859989643096924,0.8358641266822815,1,-
03/23/2026,DET,Tobias Harris,30.369712829589844,14.5,13.317316055297852,4.369190692901611,0.7306212782859802,1,-
03/23/2026,DET,Kevin Huerter,19.553985595703125,8.5,7.641574859619141,5.25416374206543,0.8191478848457336,1,-
03/23/2026,DET,Daniss Jenkins,30.24668502807617,14.5,12.946637153625488,3.165047407150269,0.634056031703949,1,-
03/23/2026,DET,Caris LeVert,21.368371963500977,8.5,8.120781898498535,4.556786060333252,0.7342280149459839,1,-
03/23/2026,DAL,Ryan Nembhard,21.27301025390625,7.5,5.199740409851074,7.831232070922852,0.8539540767669678,1,-
03/23/2026,DAL,Max Christie,29.68970489501953,11.5,11.13706398010254,7.806439399719238,0.738199770450592,1,-
03/23/2026,DAL,Klay Thompson,21.19864273071289,11.5,11.135966300964355,7.408913612365723,0.8845112919807434,1,-
03/23/2026,DAL,Cooper Flagg,34.10020446777344,22.5,22.200115203857425,10.078716278076172,0.7614101767539978,1,-
03/23/2026,CHI,Nick Richards,26.940937042236328,10.5,10.496111869812012,6.236703395843506,0.8724133372306824,1,-
03/23/2026,CHI,Matas Buzelis,30.885053634643555,18.5,18.348085403442383,6.505418300628662,0.8114538788795471,1,-
03/23/2026,CHI,Josh Giddey,34.08795547485352,17.5,15.294183731079102,5.762876987457275,0.7165412306785583,1,-
03/23/2026,BRK,Drake Powell,23.13789749145508,8.5,7.443713188171387,4.592435359954834,0.6429784893989563,1,-
03/23/2026,ATL,Onyeka Okongwu,31.025041580200195,14.5,13.916043281555176,4.702674865722656,0.7602102160453796,1,-
03/23/2026,ATL,Nickeil Alexander-Walker,32.43695831298828,20.5,19.72315216064453,6.405175685882568,0.7819153666496277,1,-
03/23/2026,ATL,Mouhamed Gueye,24.391605377197266,7.5,7.421409606933594,5.222699165344238,0.9064453840255736,1,-
03/23/2026,ATL,Jonathan Kuminga,21.1989688873291,14.5,8.681042671203613,5.767472267150879,0.8259166479110718,1,-
03/23/2026,ATL,Jock Landale,18.721166610717773,8.5,7.950633525848389,6.007135391235352,0.90116548538208,1,-
03/23/2026,ATL,Jalen Johnson,29.21225357055664,22.5,21.753177642822266,4.875895023345947,0.5981156826019287,1,-
03/24/2026,PHO,Royce O'Neale,28.963855743408203,8.5,8.849164962768555,3.038459062576294,0.8485418558120728,1,O
03/24/2026,PHO,Rasheer Fleming,16.513534545898438,5.5,5.948487281799316,6.126229286193848,0.8650109767913818,1,O
03/24/2026,PHO,Oso Ighodaro,27.747697830200195,7.5,8.845426559448242,4.988943576812744,0.8080917000770569,1,O
03/24/2026,PHO,Collin Gillespie,30.26719665527344,12.5,13.335434913635254,7.929561614990234,0.7642879486083984,1,O
03/24/2026,ORL,Wendell Carter Jr.,30.579730987548828,10.5,10.727794647216797,4.654640197753906,0.7949181795120239,1,O
03/24/2026,NYK,Mitchell Robinson,19.840721130371094,5.5,5.776953220367432,5.751501083374023,0.7778151035308838,1,O
03/24/2026,NYK,Karl-Anthony Towns,31.249412536621094,19.5,19.703405380249023,4.824924945831299,0.6325190663337708,1,O
03/24/2026,NYK,Josh Hart,30.50624656677246,12.5,12.646683692932127,2.9862821102142334,0.6253101825714111,1,O
03/24/2026,NYK,Jordan Clarkson,20.34996223449707,9.5,9.521652221679688,6.158870220184326,0.7845674157142639,1,O
03/24/2026,NOP,Zion Williamson,31.490886688232425,19.5,19.64273262023925,5.871596336364746,0.7386782169342041,1,O
03/24/2026,NOP,Trey Murphy III,36.01666259765625,20.5,20.76498413085937,7.085774421691895,0.5984458923339844,1,O
03/24/2026,NOP,Jeremiah Fears,21.565258026123047,8.5,8.643196105957031,7.932748794555664,0.9542930722236632,1,O
03/24/2026,NOP,Herbert Jones,30.509201049804688,8.5,8.735054016113281,4.690400123596191,0.7472324371337891,1,O
03/24/2026,DEN,Tim Hardaway Jr.,26.87045288085937,11.5,14.44359016418457,6.03706693649292,0.8913254737854004,1,O
03/24/2026,DEN,Jamal Murray,36.89424133300781,23.5,26.971105575561523,4.079305171966553,0.682384192943573,1,O
03/24/2026,DEN,Christian Braun,35.459205627441406,11.5,14.045023918151855,3.873157262802124,0.6487882733345032,1,O
03/24/2026,DEN,Cameron Johnson,32.421470642089844,11.5,12.15525245666504,2.850611686706543,0.6641295552253723,1,O
03/24/2026,CLE,Thomas Bryant,15.181770324707031,6.5,7.511175632476807,7.964678764343262,0.8168908357620239,1,O
03/24/2026,CLE,Sam Merrill,29.29446220397949,11.5,13.455506324768066,6.458366394042969,0.7247068881988525,1,O
03/24/2026,CLE,Keon Ellis,24.952470779418945,7.5,8.789703369140625,7.4585700035095215,0.7470039129257202,1,O
03/24/2026,CLE,James Harden,35.737213134765625,21.5,22.823530197143555,4.532807350158691,0.650713324546814,1,O
03/24/2026,CLE,Evan Mobley,33.78852844238281,18.5,19.655162811279297,3.9709701538085938,0.7366053462028503,1,O
03/24/2026,CLE,Donovan Mitchell,34.85586166381836,27.5,28.80020904541016,4.555152893066406,0.586919367313385,1,O
03/24/2026,CLE,Dean Wade,25.998401641845703,5.5,6.524940490722656,5.574751853942871,0.7379342913627625,1,O
03/24/2026,CHO,Ryan Kalkbrenner,17.948097229003906,6.5,7.443211078643799,6.522667407989502,0.8638603091239929,1,O
03/24/2026,CHO,LaMelo Ball,28.67650985717773,21.5,22.01923561096192,7.335219860076904,0.8313148617744446,1,O
03/24/2026,CHO,Kon Knueppel,30.61432838439941,18.5,18.68439674377441,8.639242172241211,0.8293418884277344,1,O
03/24/2026,CHO,Coby White,20.872243881225582,14.5,15.942340850830078,9.638869285583496,0.8784725666046143,1,O
03/24/2026,CHO,Brandon Miller,30.9677734375,20.5,20.611515045166016,4.821410655975342,0.7110201120376587,1,O
03/24/2026,SAC,Precious Achiuwa,26.760149002075195,12.5,11.620680809020996,8.885162353515625,0.7673831582069397,1,-
03/24/2026,SAC,Maxime Raynaud,31.788124084472656,16.5,15.34507942199707,6.147854804992676,0.7609805464744568,1,-
03/24/2026,SAC,Malik Monk,27.93026161193848,17.5,14.3644380569458,7.592235088348389,0.9065529108047484,1,-
03/24/2026,SAC,Killian Hayes,21.610958099365234,7.5,6.522487163543701,7.203700065612793,0.7451741099357605,1,-
03/24/2026,SAC,Dylan Cardwell,21.810752868652344,6.5,5.923299789428711,8.205053329467773,0.7522794604301453,1,-
03/24/2026,SAC,Doug McDermott,22.795440673828125,9.5,7.932570457458496,7.16426944732666,0.6930902004241943,1,-
03/24/2026,SAC,Devin Carter,25.329721450805664,14.5,9.761334419250488,7.04200553894043,0.6908853054046631,1,-
03/24/2026,SAC,DeMar DeRozan,32.550777435302734,19.5,17.675283432006836,9.504721641540527,0.8001125454902649,1,-
03/24/2026,PHO,Jalen Green,30.052215576171875,20.5,18.89993667602539,6.0475592613220215,0.6817566156387329,1,-
03/24/2026,PHO,Grayson Allen,25.23341941833496,14.5,13.704874038696287,7.230857849121094,0.8163657188415527,1,-
03/24/2026,PHO,Devin Booker,35.2476806640625,26.5,25.953975677490234,3.3051347732543945,0.6205489635467529,1,-
03/24/2026,ORL,Paolo Banchero,35.36158752441406,24.5,21.5372257232666,3.162587881088257,0.6225236058235168,1,-
03/24/2026,ORL,Jevon Carter,19.567251205444336,8.5,7.545235633850098,5.393659114837647,0.8104772567749023,1,-
03/24/2026,ORL,Jett Howard,16.009754180908203,7.5,4.508180141448975,6.796950817108154,0.8428436517715454,1,-
03/24/2026,ORL,Jamal Cain,21.87582015991211,8.5,7.237394332885742,5.254856109619141,0.7340726256370544,1,-
03/24/2026,ORL,Goga Bitadze,14.342650413513184,5.5,3.944307804107666,6.169429302215576,0.9144887328147888,1,-
03/24/2026,ORL,Desmond Bane,34.4907112121582,20.5,19.8808822631836,5.888278007507324,0.7012444138526917,1,-
03/24/2026,NYK,OG Anunoby,33.493736267089844,17.5,17.007692337036133,3.818675756454468,0.6619654297828674,1,-
03/24/2026,NYK,Mikal Bridges,33.50554656982422,13.5,12.926891326904297,1.967404007911682,0.5730370283126831,1,-
03/24/2026,NYK,Jose Alvarado,18.14661407470703,6.5,5.859453678131104,5.281083583831787,0.6772746443748474,1,-
03/24/2026,NYK,Jalen Brunson,35.691585540771484,25.5,26.28178977966309,0.2396723926067352,0.4365812242031097,0,-
03/24/2026,NOP,Saddiq Bey,32.89616775512695,18.5,16.566020965576172,7.690383434295654,0.9146276116371156,1,-
03/24/2026,NOP,Derik Queen,19.730789184570312,6.5,6.470712661743164,8.297735214233398,0.8577609658241272,1,-
03/24/2026,NOP,Dejounte Murray,27.70735740661621,16.5,15.729317665100098,7.273626327514648,0.8207054138183594,1,-
03/24/2026,DEN,Nikola Jokic,36.54579925537109,28.5,27.518535614013672,2.0740113258361816,0.4480392038822174,0,-
03/24/2026,DEN,Bruce Brown,23.48564910888672,7.5,6.979419231414795,4.481468200683594,0.8173106908798218,1,-
03/24/2026,DEN,Aaron Gordon,31.260154724121094,16.5,14.925381660461426,3.675074577331543,0.6875065565109253,1,-
03/24/2026,CLE,Max Strus,22.52633476257324,8.5,6.586935520172119,6.953248023986816,0.7618805170059204,1,-
03/24/2026,CLE,Dennis Schroder,20.193716049194336,6.5,6.101717948913574,5.914807319641113,0.7818706035614014,1,-
03/24/2026,CHO,Moussa Diabate,29.586225509643555,8.5,7.540684700012207,4.198897361755371,0.7403086423873901,1,-
03/24/2026,CHO,Miles Bridges,32.010719299316406,15.5,15.200362205505373,5.454769611358643,0.654661238193512,1,-
03/25/2026,WAS,Bilal Coulibaly,30.71476936340332,14.5,15.116748809814451,4.552031993865967,0.7518247961997986,1,O
03/25/2026,WAS,Anthony Gill,23.72170066833496,7.5,9.138625144958496,5.208169460296631,0.8684201836585999,1,O
03/25/2026,UTA,John Konchar,27.33402633666992,7.5,7.992765426635742,7.709325313568115,0.8621947169303894,1,O
03/25/2026,TOR,Sandro Mamukelashvili,19.914051055908203,8.5,9.005784034729004,6.882181167602539,0.972984492778778,1,O
03/25/2026,TOR,Jakob Poeltl,26.824689865112305,10.5,10.934786796569824,4.469433307647705,0.6281372904777527,1,O
03/25/2026,SAS,Victor Wembanyama,30.76109504699707,25.5,26.862342834472656,7.555715560913086,0.870427131652832,1,O
03/25/2026,SAS,Keldon Johnson,23.40415000915528,13.5,14.890137672424316,8.186270713806152,0.9351704716682434,1,O
03/25/2026,SAS,Julian Champagnie,29.056596755981445,11.5,11.920312881469728,7.646251678466797,0.806922197341919,1,O
03/25/2026,SAS,Harrison Barnes,22.11509704589844,8.5,9.713262557983398,6.990514278411865,0.8611540794372559,1,O
03/25/2026,SAS,Devin Vassell,31.461811065673828,13.5,14.88697338104248,5.362327575683594,0.7366468906402588,1,O
03/25/2026,POR,Toumani Camara,32.34268951416016,11.5,13.748416900634766,6.339191436767578,0.8010214567184448,1,O
03/25/2026,POR,Scoot Henderson,23.910085678100582,13.5,13.568525314331056,7.805769920349121,0.747816264629364,1,O
03/25/2026,POR,Robert Williams,17.883159637451172,6.5,7.066196918487549,8.883658409118652,0.9157660007476808,1,O
03/25/2026,POR,Jrue Holiday,29.685136795043945,14.5,15.341690063476562,6.594455718994141,0.6991008520126343,1,O
03/25/2026,POR,Jerami Grant,31.37941169738769,16.5,17.381946563720703,6.161870002746582,0.8036647439002991,1,O
03/25/2026,PHI,Quentin Grimes,33.94805908203125,14.5,18.767333984375,2.3689541816711426,0.5713949799537659,1,O
03/25/2026,PHI,Joel Embiid,27.4648494720459,23.5,27.45409774780273,8.292450904846191,0.7473073601722717,1,O
03/25/2026,PHI,Dominick Barlow,26.69698905944824,7.5,7.583645343780518,5.374856948852539,0.7926375865936279,1,O
03/25/2026,PHI,Cameron Payne,18.959936141967773,7.5,8.77206039428711,7.54336404800415,0.8089576363563538,1,O
03/25/2026,OKC,Luguentz Dort,27.637130737304688,6.5,7.933779716491699,6.125361442565918,0.7743624448776245,1,O
03/25/2026,OKC,Jared McCain,21.93822860717773,5.5,11.653701782226562,10.51314926147461,0.9182634949684144,1,O
03/25/2026,OKC,Jalen Williams,29.01521873474121,13.5,16.70866584777832,3.8490493297576895,0.8310283422470093,1,O
03/25/2026,OKC,Chet Holmgren,29.451311111450195,14.5,14.75161361694336,4.926355838775635,0.739044725894928,1,O
03/25/2026,OKC,Ajay Mitchell,23.19321060180664,11.5,11.857660293579102,5.24350643157959,0.86272132396698,1,O
03/25/2026,MIN,Rudy Gobert,32.46794509887695,12.5,12.596041679382324,5.403587341308594,0.7063071727752686,1,O
03/25/2026,MIN,Jaden McDaniels,33.20183563232422,15.5,15.634093284606934,7.358325004577637,0.7808164954185486,1,O
03/25/2026,MIL,Taurean Prince,22.928789138793945,7.5,9.096662521362305,4.700331211090088,0.6791993975639343,1,O
03/25/2026,MIL,Kyle Kuzma,24.216476440429688,13.5,14.315828323364258,6.259161472320557,0.8455319404602051,1,O
03/25/2026,MIL,Bobby Portis,25.141008377075195,14.5,15.61501693725586,5.851344108581543,0.9173728823661804,1,O
03/25/2026,MIA,Tyler Herro,32.47177505493164,19.5,21.242061614990234,5.331355571746826,0.7841874957084656,1,O
03/25/2026,MIA,Pelle Larsson,24.708227157592773,9.5,9.927531242370604,7.08132791519165,0.7736496925354004,1,O
03/25/2026,MIA,Norman Powell,30.861648559570312,20.5,20.915781021118164,5.401724338531494,0.6336503624916077,1,O
03/25/2026,MIA,Jaime Jaquez Jr.,25.543407440185547,10.5,12.546381950378418,6.483870983123779,0.9153133034706116,1,O
03/25/2026,MIA,Davion Mitchell,29.75473403930664,8.5,9.728047370910645,4.305505752563477,0.6577276587486267,1,O
03/25/2026,MIA,Bam Adebayo,33.926048278808594,20.5,21.591753005981445,6.266485691070557,0.6505494713783264,1,O
03/25/2026,MIA,Andrew Wiggins,29.18613052368164,13.5,13.672263145446776,5.998965263366699,0.7308028936386108,1,O
03/25/2026,MEM,Taylor Hendricks,27.96577262878418,11.5,11.720598220825195,5.456089496612549,0.6890368461608887,1,O
03/25/2026,MEM,Olivier-Maxence Prosper,25.95309066772461,11.5,12.213407516479492,5.721310138702393,0.668024480342865,1,O
03/25/2026,MEM,Cedric Coward,25.784082412719727,12.5,13.627704620361328,5.993435859680176,0.6427666544914246,1,O
03/25/2026,LAL,LeBron James,34.754432678222656,20.5,21.304458618164062,4.846587181091309,0.664216935634613,1,O
03/25/2026,LAL,Jaxson Hayes,25.656435012817383,9.5,10.29875946044922,5.610853672027588,0.9118589162826538,1,O
03/25/2026,LAL,Deandre Ayton,26.1556339263916,11.5,11.962117195129396,4.830440998077393,0.8325439095497131,1,O
03/25/2026,LAL,Austin Reaves,38.623634338378906,23.5,25.93083572387696,3.188783884048462,0.5020270943641663,1,O
03/25/2026,LAC,Kawhi Leonard,31.970338821411133,27.5,27.674184799194336,7.104814052581787,0.8087701797485352,1,O
03/25/2026,LAC,John Collins,29.20985412597656,11.5,13.214137077331545,6.53741455078125,0.7800543308258057,1,O
03/25/2026,LAC,Derrick Jones Jr.,30.613933563232425,9.5,10.94311237335205,5.824345111846924,0.8573248386383057,1,O
03/25/2026,LAC,Brook Lopez,28.391101837158203,7.5,9.247247695922852,7.523874282836914,0.8841345906257629,1,O
03/25/2026,LAC,Bennedict Mathurin,26.82478141784668,16.5,19.302976608276367,6.784928321838379,0.8251088261604309,1,O
03/25/2026,IND,T.J. McConnell,18.55631828308105,8.5,8.789241790771484,7.058445453643799,0.8685793876647949,1,O
03/25/2026,IND,Pascal Siakam,32.55425262451172,22.5,24.752500534057617,5.972782611846924,0.8469011187553406,1,O
03/25/2026,IND,Jay Huff,24.5799503326416,9.5,9.643775939941406,7.079248428344727,0.7589569687843323,1,O
03/25/2026,IND,Andrew Nembhard,31.643627166748047,15.5,16.76310920715332,6.002766609191895,0.7458269596099854,1,O
03/25/2026,IND,Aaron Nesmith,29.77357292175293,11.5,13.33427619934082,4.826586246490479,0.6522926688194275,1,O
03/25/2026,HOU,Kevin Durant,37.29951095581055,26.5,28.83119010925293,3.846245527267456,0.6298546195030212,1,O
03/25/2026,HOU,Jabari Smith Jr.,36.25152206420898,14.5,14.931163787841797,2.694591999053955,0.5712965130805969,1,O
03/25/2026,HOU,Amen Thompson,37.08139801025391,17.5,18.30221939086914,3.3319344520568848,0.6186302900314331,1,O
03/25/2026,HOU,Alperen Sengun,34.41730499267578,19.5,20.108322143554688,5.767106533050537,0.7050113081932068,1,O
03/25/2026,GSW,Pat Spencer,20.357810974121094,8.5,8.538280487060547,3.5885727405548096,0.7603782415390015,1,O
03/25/2026,GSW,Gary Payton II,21.20673561096192,10.5,12.28408908843994,7.949528217315674,0.8903515338897705,1,O
03/25/2026,GSW,Draymond Green,30.288896560668945,8.5,9.28044605255127,2.952055692672729,0.6905791759490967,1,O
03/25/2026,GSW,De'Anthony Melton,25.065427780151367,14.5,15.393462181091309,5.736804962158203,0.7159023284912109,1,O
03/25/2026,DET,Paul Reed,18.09977531433105,7.5,9.319637298583984,7.112223148345947,0.8322294354438782,1,O
03/25/2026,DET,Duncan Robinson,29.614578247070312,11.5,12.575814247131348,4.95804500579834,0.7142271995544434,1,O
03/25/2026,DET,Daniss Jenkins,30.697921752929688,16.5,16.660865783691406,4.653347015380859,0.599472165107727,1,O
03/25/2026,DET,Caris LeVert,20.67915153503418,7.5,8.773273468017578,5.924510478973389,0.761626660823822,1,O
03/25/2026,DEN,Tim Hardaway Jr.,25.605690002441406,11.5,13.746918678283691,6.941189765930176,0.8829666376113892,1,O
03/25/2026,DEN,Peyton Watson,22.17309761047364,11.5,13.185267448425291,6.4308905601501465,0.8194467425346375,1,O
03/25/2026,DEN,Jamal Murray,36.90096664428711,24.5,27.38261032104492,3.5485994815826416,0.6438391804695129,1,O
03/25/2026,DEN,Christian Braun,35.29965591430664,12.5,14.5161771774292,3.171335458755493,0.6289699077606201,1,O
03/25/2026,DEN,Cameron Johnson,32.30492401123047,11.5,13.996129035949709,3.6247074604034415,0.5162612199783325,1,O
03/25/2026,DEN,Bruce Brown,23.33348274230957,7.5,9.08928108215332,4.263752937316895,0.8686448335647583,1,O
03/25/2026,DAL,P.J. Washington,33.30082321166992,14.5,15.52895450592041,5.383786678314209,0.6460370421409607,1,O
03/25/2026,DAL,Max Christie,29.98708152770996,10.5,12.280287742614746,5.267732620239258,0.6159694790840149,1,O
03/25/2026,DAL,Klay Thompson,21.87897109985352,11.5,13.201249122619627,6.337198257446289,0.8005631566047668,1,O
03/25/2026,DAL,Khris Middleton,19.04738044738769,7.5,8.105037689208984,8.317619323730469,0.8807388544082642,1,O
03/25/2026,DAL,Daniel Gafford,20.87117385864257,10.5,12.6876802444458,6.997189044952393,0.8657516241073608,1,O
03/25/2026,CLE,Sam Merrill,30.12295913696289,13.5,14.590458869934082,5.684489727020264,0.6822631359100342,1,O
03/25/2026,CLE,Keon Ellis,28.893035888671875,7.5,10.07960605621338,4.471145153045654,0.6769635677337646,1,O
03/25/2026,CLE,James Harden,34.96697235107422,22.5,23.85955047607422,5.048552989959717,0.6091484427452087,1,O
03/25/2026,CLE,Evan Mobley,33.91536331176758,19.5,21.56698226928711,4.999059677124023,0.7476685047149658,1,O
03/25/2026,CLE,Donovan Mitchell,34.92438125610352,28.5,29.272390365600582,3.6278254985809326,0.6258218884468079,1,O
03/25/2026,CHI,Nick Richards,26.785430908203125,8.5,10.699189186096191,5.795893669128418,0.8305952548980713,1,O
03/25/2026,CHI,Leonard Miller,21.85752296447754,7.5,10.87739372253418,7.199084758758545,0.9025885462760924,1,O
03/25/2026,CHI,Jalen Smith,26.922203063964844,11.5,11.871356964111328,6.942608833312988,0.9117347598075868,1,O
03/25/2026,CHI,Guerschon Yabusele,21.29728889465332,6.5,7.877379894256592,5.885620594024658,0.935925543308258,1,O
03/25/2026,CHI,Collin Sexton,23.18835830688477,12.5,16.252330780029297,8.789368629455566,0.894402027130127,1,O
03/25/2026,BRK,Ziaire Williams,27.184616088867188,11.5,13.062355995178224,6.680811405181885,0.6837911009788513,1,O
03/25/2026,BRK,Terance Mann,25.676631927490234,6.5,7.522332668304443,4.091337203979492,0.7175351977348328,1,O
03/25/2026,BRK,Josh Minott,21.591609954833984,10.5,11.773655891418455,6.501148223876953,0.7039452195167542,1,O
03/25/2026,BRK,Jalen Wilson,20.5224666595459,8.5,8.635828971862793,5.53439474105835,0.6730724573135376,1,O
03/25/2026,BRK,Ben Saraf,27.65817070007324,9.5,11.738892555236816,5.932689666748047,0.7118239998817444,1,O
03/25/2026,BOS,Sam Hauser,26.84574317932129,7.5,8.086647987365723,5.509765625,0.8558945059776306,1,O
03/25/2026,BOS,Luka Garza,18.49112892150879,6.5,8.087055206298828,7.067805290222168,0.9459223747253418,1,O
03/25/2026,BOS,Jaylen Brown,35.60392761230469,23.5,28.66008186340332,4.575263500213623,0.7260892987251282,1,O
03/25/2026,ATL,Zaccharie Risacher,21.304197311401367,5.5,8.21560001373291,6.955325126647949,0.7869483828544617,1,O
03/25/2026,ATL,Onyeka Okongwu,30.64470863342285,12.5,13.40905475616455,4.002787590026856,0.7078897953033447,1,O
03/25/2026,ATL,Nickeil Alexander-Walker,32.89641571044922,17.5,19.79021072387696,7.809590339660644,0.8507235646247864,1,O
03/25/2026,ATL,Jalen Johnson,35.538330078125,20.5,22.07539749145508,6.2227325439453125,0.6391142010688782,1,O
03/25/2026,ATL,Dyson Daniels,32.50566864013672,10.5,11.636988639831545,3.704186201095581,0.6640625,1,O
03/25/2026,ATL,CJ McCollum,28.672286987304688,16.5,16.740232467651367,5.8643083572387695,0.7881399393081665,1,O
03/25/2026,WAS,Will Riley,31.6036319732666,17.5,15.33694076538086,4.838573455810547,0.7555738687515259,1,-
03/25/2026,WAS,Tristan Vukcevic,17.381086349487305,12.5,11.868877410888672,6.328729152679443,0.949331760406494,1,-
03/25/2026,WAS,Jamir Watkins,24.56694221496582,9.5,9.284723281860352,5.445837497711182,0.8232425451278687,1,-
03/25/2026,WAS,Jaden Hardy,24.10195541381836,15.5,13.815423011779783,6.346941947937012,0.912501573562622,1,-
03/25/2026,UTA,Cody Williams,30.97889709472656,17.5,15.966066360473633,6.799952507019043,0.7838917970657349,1,-
03/25/2026,UTA,Ace Bailey,31.625513076782227,25.5,24.896209716796875,10.154608726501465,0.8600339889526367,1,-
03/25/2026,TOR,Scottie Barnes,33.57635498046875,17.5,16.220510482788086,3.28598952293396,0.657741367816925,1,-
03/25/2026,TOR,RJ Barrett,30.53587532043457,19.5,18.342443466186523,7.3604021072387695,0.8492188453674316,1,-
03/25/2026,TOR,Jamal Shead,26.692487716674805,9.5,7.450013160705566,4.624345302581787,0.7868137359619141,1,-
03/25/2026,TOR,Ja'Kobe Walter,21.457883834838867,9.5,7.504274845123291,6.013914585113525,0.6872174739837646,1,-
03/25/2026,TOR,Immanuel Quickley,25.7431583404541,16.5,14.067326545715332,3.970670938491821,0.7451784610748291,1,-
03/25/2026,TOR,Brandon Ingram,34.15768814086914,21.5,19.243602752685547,3.954337358474731,0.6625878214836121,1,-
03/25/2026,SAS,Stephon Castle,30.257232666015625,17.5,17.291452407836914,3.984022378921509,0.6450016498565674,1,-
03/25/2026,SAS,Dylan Harper,27.003389358520508,15.5,15.034351348876951,7.286156177520752,0.8426521420478821,1,-
03/25/2026,POR,Donovan Clingan,27.043052673339844,13.5,12.966354370117188,8.018921852111816,0.7642173171043396,1,-
03/25/2026,POR,Deni Avdija,32.52644348144531,23.5,21.790281295776367,5.845114707946777,0.7293957471847534,1,-
03/25/2026,PHI,VJ Edgecombe,35.65230941772461,19.5,18.838287353515625,4.938788414001465,0.7349738478660583,1,-
03/25/2026,PHI,Paul George,26.7210750579834,17.5,14.511816024780272,4.901075839996338,0.7217231392860413,1,-
03/25/2026,OKC,Shai Gilgeous-Alexander,34.5379753112793,29.5,28.231075286865234,5.007524013519287,0.6669086813926697,1,-
03/25/2026,OKC,Isaiah Hartenstein,24.796607971191406,7.5,7.239639282226562,5.351686000823975,0.8403863906860352,1,-
03/25/2026,OKC,Cason Wallace,22.8331241607666,6.5,6.060235977172852,6.488097190856934,0.74208664894104,1,-
03/25/2026,MIN,Naz Reid,25.408018112182617,13.5,13.49605941772461,7.286839485168457,0.9313291907310486,1,-
03/25/2026,MIN,Kyle Anderson,19.515586853027344,6.5,5.971663475036621,7.60979700088501,0.8660441637039185,1,-
03/25/2026,MIN,Julius Randle,33.83028030395508,22.5,19.764493942260746,4.96583366394043,0.7379531860351562,1,-
03/25/2026,MIN,Donte DiVincenzo,31.96665382385254,12.5,12.023276329040527,3.98736572265625,0.6496683359146118,1,-
03/25/2026,MIN,Bones Hyland,20.65484619140625,15.5,14.20388412475586,7.491910934448242,0.915068507194519,1,-
03/25/2026,MIN,Ayo Dosunmu,29.44745635986328,16.5,14.94137191772461,5.628877639770508,0.8052384257316589,1,-
03/25/2026,MIL,Ryan Rollins,32.81443405151367,21.5,18.35854721069336,3.3066980838775635,0.7217099070549011,1,-
03/25/2026,MIL,Ousmane Dieng,28.294153213500977,13.5,11.738944053649902,5.0257110595703125,0.728736162185669,1,-
03/25/2026,MIL,Myles Turner,24.755447387695312,11.5,10.423476219177246,5.776211738586426,0.8126873970031738,1,-
03/25/2026,MIL,Jericho Sims,26.077327728271484,8.5,6.953273296356201,5.291298866271973,0.7224346399307251,1,-
03/25/2026,MIL,Gary Trent Jr.,23.998279571533203,12.5,9.017804145812988,3.231820583343506,0.80342036485672,1,-
03/25/2026,MEM,Cam Spencer,22.034242630004883,9.5,9.45021629333496,3.7784852981567374,0.6815309524536133,1,-
03/25/2026,LAL,Rui Hachimura,22.18376541137696,8.5,7.256354808807373,4.494243621826172,0.963648557662964,1,-
03/25/2026,LAL,Luke Kennard,22.305173873901367,9.5,8.001886367797852,4.50937032699585,0.8607057332992554,1,-
03/25/2026,LAL,Luka Doncic,37.491661071777344,34.5,34.439693450927734,3.247847557067871,0.6362282633781433,1,-
03/25/2026,LAL,Jake LaRavia,29.00255012512207,9.5,8.856707572937012,4.602214336395264,0.7680429220199585,1,-
03/25/2026,LAC,Darius Garland,28.5695915222168,18.5,16.458660125732422,7.619676113128662,0.7655090689659119,1,-
03/25/2026,IND,Obi Toppin,19.26220893859864,9.5,8.067731857299805,5.966005802154541,0.8159799575805664,1,-
03/25/2026,IND,Jarace Walker,30.44900703430176,14.5,13.566967964172363,4.508601188659668,0.7589169144630432,1,-
03/25/2026,HOU,Tari Eason,23.011512756347656,7.5,7.138574600219727,3.664695262908936,0.7196192145347595,1,-
03/25/2026,HOU,Reed Sheppard,31.990571975708008,15.5,14.41602611541748,6.538585186004639,0.7726171016693115,1,-
03/25/2026,HOU,Aaron Holiday,16.791494369506836,5.5,3.9391062259674072,4.594654560089111,0.7963054180145264,1,-
03/25/2026,GSW,Will Richard,23.16836929321289,8.5,8.446988105773926,3.20682954788208,0.6229854822158813,1,-
03/25/2026,GSW,Kristaps Porzingis,25.610986709594727,18.5,13.712651252746582,5.675973415374756,0.7708390355110168,1,-
03/25/2026,GSW,Gui Santos,30.089046478271484,14.5,13.38310718536377,4.272618293762207,0.8512483835220337,1,-
03/25/2026,GSW,Brandin Podziemski,31.85752296447754,14.5,14.425060272216797,4.29694128036499,0.7724737524986267,1,-
03/25/2026,DET,Tobias Harris,30.03742790222168,13.5,13.490256309509276,5.4539103507995605,0.6275833249092102,1,-
03/25/2026,DET,Kevin Huerter,21.18942070007324,8.5,7.75912618637085,6.579404354095459,0.7641710638999939,1,-
03/25/2026,DET,Jalen Duren,29.655935287475582,22.5,19.91522979736328,6.563387870788574,0.7520121932029724,1,-
03/25/2026,DET,Ausar Thompson,28.685321807861328,10.5,10.432570457458496,3.981707572937012,0.622300386428833,1,-
03/25/2026,DEN,Nikola Jokic,36.31538772583008,29.5,26.47193717956543,3.012070178985596,0.4492275416851043,0,-
03/25/2026,DEN,Aaron Gordon,26.7315731048584,16.5,14.08628273010254,2.8850388526916504,0.6429957747459412,1,-
03/25/2026,DAL,Naji Marshall,31.864717483520508,16.5,15.956910133361816,7.243923187255859,0.8344117999076843,1,-
03/25/2026,DAL,Cooper Flagg,34.709449768066406,21.5,20.684694290161133,5.841284275054932,0.6970231533050537,1,-
03/25/2026,DAL,Brandon Williams,19.535892486572266,12.5,10.269923210144045,7.610504627227783,0.9702500700950624,1,-
03/25/2026,CLE,Max Strus,22.85445785522461,8.5,8.14393424987793,5.938258647918701,0.7529423236846924,1,-
03/25/2026,CLE,Dean Wade,22.56621551513672,6.5,5.711570739746094,4.890202522277832,0.7659094333648682,1,-
03/25/2026,CHI,Tre Jones,28.937929153442383,13.5,13.417319297790527,6.953948020935059,0.8569521307945251,1,-
03/25/2026,CHI,Matas Buzelis,30.38076400756836,18.5,16.697795867919922,6.846959590911865,0.7655826210975647,1,-
03/25/2026,CHI,Josh Giddey,33.83610916137695,18.5,15.243417739868164,3.336433887481689,0.6480780839920044,1,-
03/25/2026,CHI,Isaac Okoro,20.947141647338867,7.5,6.717934608459473,6.276604175567627,0.7844070792198181,1,-
03/25/2026,BRK,Drake Powell,26.32857322692871,8.5,7.906710624694824,6.109791278839111,0.6433011293411255,1,-
03/25/2026,BOS,Payton Pritchard,30.295499801635746,14.5,14.280747413635254,3.722969055175781,0.8285664916038513,1,-
03/25/2026,BOS,Neemias Queta,26.483428955078125,8.5,8.43651008605957,4.928686141967773,0.7361083030700684,1,-
03/25/2026,BOS,Jayson Tatum,32.84246826171875,20.5,15.87617015838623,4.422950267791748,0.6930784583091736,1,-
03/25/2026,BOS,Derrick White,35.100704193115234,16.5,15.71029567718506,5.5144877433776855,0.5253360867500305,1,-
03/25/2026,BOS,Baylor Scheierman,22.705303192138672,5.5,4.790006160736084,5.80260181427002,0.9701324701309204,1,-
03/25/2026,ATL,Jonathan Kuminga,23.384145736694336,10.5,8.866632461547852,6.658755302429199,0.7919619083404541,1,-
03/26/2026,SAC,Precious Achiuwa,29.94169807434082,12.5,12.66365909576416,7.138214111328125,0.7289531826972961,1,O
03/26/2026,ORL,Wendell Carter Jr.,30.56338119506836,11.5,12.061589241027832,5.5123724937438965,0.8194338083267212,1,O
03/26/2026,NYK,Mitchell Robinson,19.6812801361084,4.5,5.2195963859558105,5.92188024520874,0.8223051428794861,1,O
03/26/2026,NYK,Karl-Anthony Towns,30.904125213623047,18.5,21.044572830200195,7.584698677062988,0.7983913421630859,1,O
03/26/2026,NYK,Josh Hart,32.068389892578125,12.5,12.578715324401855,3.465216875076294,0.6887909173965454,1,O
03/26/2026,NOP,Zion Williamson,31.74155235290528,20.5,20.75838279724121,5.463758945465088,0.7425217628479004,1,O
03/26/2026,NOP,Yves Missi,21.43157386779785,5.5,5.580214977264404,7.132748126983643,0.743154764175415,1,O
03/26/2026,NOP,Karlo Matkovic,17.79984474182129,6.5,7.75762939453125,7.619430065155029,0.8987703919410706,1,O
03/26/2026,NOP,Herbert Jones,31.635936737060547,9.5,10.404635429382324,5.020205020904541,0.6172736883163452,1,O
03/26/2026,NOP,Derik Queen,20.779685974121094,7.5,7.671568870544434,9.318887710571287,0.9367896318435668,1,O
03/26/2026,DET,Tobias Harris,31.25465202331543,13.5,15.036908149719238,3.8030130863189697,0.6224181056022644,1,O
03/26/2026,DET,Kevin Huerter,27.036062240600582,9.5,11.371439933776855,5.746975421905518,0.704921543598175,1,O
03/26/2026,DET,Jalen Duren,31.664804458618164,21.5,21.50856590270996,5.065441131591797,0.6623824238777161,1,O
03/26/2026,DET,Duncan Robinson,26.061925888061523,12.5,13.336463928222656,4.527765274047852,0.718248724937439,1,O
03/26/2026,DET,Daniss Jenkins,31.31355094909668,16.5,16.791419982910156,4.203234672546387,0.5860174894332886,1,O
03/26/2026,DET,Ausar Thompson,30.04962539672852,10.5,11.72055721282959,4.309545516967773,0.6169401407241821,1,O
03/26/2026,CHO,Ryan Kalkbrenner,18.74921226501465,4.5,6.39767599105835,6.6434006690979,0.9414584040641784,1,O
03/26/2026,CHO,Moussa Diabate,28.654481887817383,7.5,7.540406703948975,5.789697647094727,0.8476618528366089,1,O
03/26/2026,SAC,Maxime Raynaud,31.364696502685547,15.5,15.136922836303713,7.792385101318359,0.70854651927948,1,-
03/26/2026,SAC,Malik Monk,27.56386947631836,15.5,13.794049263000488,7.067462921142578,0.8406167030334473,1,-
03/26/2026,SAC,Dylan Cardwell,21.0412826538086,6.5,5.635590553283691,7.712240695953369,0.7927155494689941,1,-
03/26/2026,SAC,Devin Carter,26.67026138305664,13.5,13.139491081237791,6.287879467010498,0.6642635464668274,1,-
03/26/2026,SAC,DeMar DeRozan,33.79389953613281,17.5,16.006547927856445,7.390169620513916,0.6916115880012512,1,-
03/26/2026,ORL,Paolo Banchero,36.02206039428711,24.5,23.55545997619629,4.83342981338501,0.624239981174469,1,-
03/26/2026,ORL,Jamal Cain,16.316844940185547,8.5,7.607181549072266,6.097290515899658,0.7657113075256348,1,-
03/26/2026,ORL,Jalen Suggs,28.85157585144043,14.5,13.804610252380373,3.537254810333252,0.652854859828949,1,-
03/26/2026,ORL,Goga Bitadze,16.202428817749023,5.5,5.05678129196167,7.616001129150391,0.8735104203224182,1,-
03/26/2026,ORL,Desmond Bane,34.56201171875,21.5,19.63802528381348,5.715119361877441,0.6215842366218567,1,-
03/26/2026,NYK,OG Anunoby,33.657230377197266,15.5,15.459390640258787,6.130577564239502,0.7675554156303406,1,-
03/26/2026,NYK,Mikal Bridges,33.88322448730469,13.5,12.623767852783203,4.079519748687744,0.6715005040168762,1,-
03/26/2026,NYK,Jordan Clarkson,20.571945190429688,9.5,7.963976860046387,6.208796977996826,0.7880014181137085,1,-
03/26/2026,NYK,Jalen Brunson,35.98699951171875,26.5,24.858198165893555,2.9096038341522217,0.5174810290336609,1,-
03/26/2026,NOP,Trey Murphy III,30.31514358520508,20.5,19.26206398010254,5.737660884857178,0.7030773758888245,1,-
03/26/2026,NOP,Saddiq Bey,32.74617385864258,19.5,18.423370361328125,8.456558227539062,0.8938789963722229,1,-
03/26/2026,NOP,Dejounte Murray,28.44096565246582,16.5,13.872102737426758,7.0865583419799805,0.913168489933014,1,-
03/26/2026,DET,Caris LeVert,20.04438018798828,8.5,8.07506275177002,4.907314777374268,0.6655120849609375,1,-
03/26/2026,CHO,Miles Bridges,30.7026309967041,13.5,12.538193702697754,6.138784408569336,0.680779755115509,1,-
03/26/2026,CHO,LaMelo Ball,27.989633560180664,20.5,19.286279678344727,7.417245864868164,0.9034276008605956,1,-
03/26/2026,CHO,Kon Knueppel,30.320220947265625,18.5,15.809904098510742,8.276511192321777,0.8187431693077087,1,-
03/26/2026,CHO,Grant Williams,18.613609313964844,5.5,4.471568584442139,7.668250560760498,0.9119502902030944,1,-
03/26/2026,CHO,Coby White,20.326875686645508,14.5,14.346840858459473,9.1122465133667,0.8431493639945984,1,-
03/26/2026,CHO,Brandon Miller,31.32256317138672,18.5,18.26223564147949,4.656734943389893,0.7543301582336426,1,-
03/27/2026,WAS,Will Riley,30.40562057495117,11.5,13.74094581604004,5.426040172576904,0.7476176619529724,1,O
03/27/2026,WAS,Tristan Vukcevic,22.602514266967773,10.5,11.299431800842283,6.869109630584717,0.7912314534187317,1,O
03/27/2026,WAS,Jamir Watkins,23.1879825592041,6.5,7.457257747650146,7.130682468414307,0.8192633390426636,1,O
03/27/2026,WAS,Jaden Hardy,23.146459579467773,10.5,11.641715049743652,7.555040836334228,0.8924262523651123,1,O
03/27/2026,UTA,Kyle Filipowski,27.22953987121582,13.5,13.948514938354492,5.1208319664001465,0.7681645750999451,1,O
03/27/2026,UTA,Cody Williams,32.1263427734375,14.5,16.1572208404541,5.906816959381104,0.7077080011367798,1,O
03/27/2026,TOR,Sandro Mamukelashvili,20.955047607421875,8.5,11.810153007507324,5.980307579040527,0.9156573414802552,1,O
03/27/2026,TOR,Jakob Poeltl,26.54647827148437,10.5,12.6630859375,4.446536540985107,0.6263589262962341,1,O
03/27/2026,TOR,Ja'Kobe Walter,21.26363182067871,8.5,8.695773124694824,5.509280204772949,0.8290977478027344,1,O
03/27/2026,POR,Toumani Camara,32.103755950927734,11.5,12.957474708557127,4.64837646484375,0.7388848066329956,1,O
03/27/2026,POR,Matisse Thybulle,17.868610382080078,5.5,7.128735542297363,7.806250095367432,0.8144248127937317,1,O
03/27/2026,OKC,Shai Gilgeous-Alexander,35.55643081665039,30.5,33.22843933105469,3.8276233673095694,0.6367606520652771,1,O
03/27/2026,OKC,Luguentz Dort,28.00995826721192,7.5,8.802085876464844,4.859596252441406,0.7575514316558838,1,O
03/27/2026,OKC,Jared McCain,21.657604217529297,9.5,13.814595222473145,7.61058235168457,0.8774130940437317,1,O
03/27/2026,OKC,Jalen Williams,29.65498733520508,16.5,18.13106918334961,3.906394004821777,0.6111198663711548,1,O
03/27/2026,OKC,Isaiah Joe,20.73665809631348,8.5,9.499503135681152,5.309731960296631,0.897819995880127,1,O
03/27/2026,OKC,Chet Holmgren,29.50540542602539,16.5,17.555259704589844,4.973123073577881,0.7366174459457397,1,O
03/27/2026,OKC,Ajay Mitchell,23.93869400024414,13.5,14.12455940246582,4.293808937072754,0.890971302986145,1,O
03/27/2026,NOP,Herbert Jones,31.74104118347168,9.5,10.111644744873049,5.065401554107666,0.7684586644172668,1,O
03/27/2026,MIA,Pelle Larsson,24.82804679870605,10.5,11.58312702178955,5.561810493469238,0.7018855214118958,1,O
03/27/2026,MIA,Norman Powell,31.53678321838379,19.5,19.6341609954834,4.448570728302002,0.6267980337142944,1,O
03/27/2026,MIA,Kel'el Ware,20.245677947998047,7.5,9.040327072143556,6.586771965026856,0.8968043923377991,1,O
03/27/2026,MIA,Jaime Jaquez Jr.,25.293127059936523,9.5,11.624736785888672,6.541225910186768,0.9539816975593568,1,O
03/27/2026,MIA,Davion Mitchell,30.29960060119629,8.5,9.639320373535156,3.732412099838257,0.7837429046630859,1,O
03/27/2026,MIA,Andrew Wiggins,29.396408081054688,12.5,12.907505989074709,6.193467140197754,0.7767025828361511,1,O
03/27/2026,MEM,Taylor Hendricks,25.75078392028809,10.5,11.194883346557615,4.985013961791992,0.7289208769798279,1,O
03/27/2026,MEM,Olivier-Maxence Prosper,26.49540901184082,11.5,13.196383476257324,5.941022872924805,0.7698919773101807,1,O
03/27/2026,MEM,Cedric Coward,28.01222801208496,12.5,13.590476036071776,4.179745674133301,0.7350575923919678,1,O
03/27/2026,MEM,Cam Spencer,30.02266311645508,10.5,12.202000617980955,3.564671039581299,0.6408930420875549,1,O
03/27/2026,LAL,Luke Kennard,27.84339904785156,8.5,9.99692440032959,5.231678485870361,0.7343422770500183,1,O
03/27/2026,LAL,Jaxson Hayes,19.88729286193848,7.5,8.693657875061035,5.851348400115967,0.8558831214904785,1,O
03/27/2026,LAL,Deandre Ayton,29.013334274291992,10.5,10.959547996520996,5.046982765197754,0.6621893644332886,1,O
03/27/2026,LAC,Kris Dunn,25.208511352539062,5.5,5.86314582824707,4.480862617492676,0.7570213079452515,1,O
03/27/2026,LAC,Kawhi Leonard,32.36576461791992,28.5,29.702600479125977,6.880296230316162,0.7221739888191223,1,O
03/27/2026,LAC,John Collins,29.61816024780273,11.5,13.008745193481444,6.122282981872559,0.8793721199035645,1,O
03/27/2026,LAC,Isaiah Jackson,18.221189498901367,7.5,8.088106155395508,7.118699550628662,0.8614869117736816,1,O
03/27/2026,LAC,Darius Garland,30.21158599853516,18.5,22.04479217529297,7.234025478363037,0.777464747428894,1,O
03/27/2026,LAC,Brook Lopez,28.924880981445312,8.5,11.46324062347412,6.430554389953613,0.8018245697021484,1,O
03/27/2026,LAC,Bennedict Mathurin,27.10083198547364,18.5,18.81715202331543,6.842874050140381,0.8510252237319946,1,O
03/27/2026,IND,Pascal Siakam,32.764183044433594,22.5,23.71025657653809,4.8735127449035645,0.8296065330505371,1,O
03/27/2026,IND,Jarace Walker,30.29807472229004,13.5,13.75379467010498,4.609137058258057,0.7540284395217896,1,O
03/27/2026,IND,Ben Sheppard,19.698888778686523,5.5,6.148988246917725,4.761491298675537,0.7615112662315369,1,O
03/27/2026,IND,Aaron Nesmith,30.65392303466797,12.5,12.84591579437256,3.787142992019653,0.7153298258781433,1,O
03/27/2026,HOU,Reed Sheppard,27.69246482849121,14.5,15.001144409179688,7.818243503570557,0.8823140263557434,1,O
03/27/2026,HOU,Kevin Durant,36.96727752685547,24.5,26.941030502319336,5.418494701385498,0.7086687684059143,1,O
03/27/2026,HOU,Jabari Smith Jr.,35.994537353515625,14.5,15.668861389160156,3.1122829914093018,0.6414631009101868,1,O
03/27/2026,HOU,Alperen Sengun,34.1649055480957,20.5,20.68927764892578,6.15912675857544,0.7080005407333374,1,O
03/27/2026,GSW,Pat Spencer,27.88754653930664,8.5,10.70403289794922,4.637770652770996,0.8668249845504761,1,O
03/27/2026,GSW,Draymond Green,31.333526611328125,9.5,9.867413520812988,4.0734686851501465,0.7620326280593872,1,O
03/27/2026,GSW,De'Anthony Melton,24.29520606994629,15.5,16.520845413208008,7.395952224731445,0.9511963725090028,1,O
03/27/2026,DEN,Tim Hardaway Jr.,25.450408935546875,11.5,11.982696533203123,9.842032432556152,0.923719882965088,1,O
03/27/2026,DEN,Peyton Watson,23.59357070922852,12.5,14.782478332519531,8.561090469360352,0.9434034824371338,1,O
03/27/2026,DEN,Nikola Jokic,36.59114074707031,25.5,26.371166229248047,3.124023914337158,0.6787509918212891,1,O
03/27/2026,DEN,Jamal Murray,36.99514389038086,23.5,26.744951248168945,7.955117225646973,0.745114803314209,1,O
03/27/2026,DEN,Christian Braun,33.51914978027344,11.5,13.796043395996094,6.496168613433838,0.7321280837059021,1,O
03/27/2026,DEN,Cameron Johnson,31.914270401000977,11.5,13.83660888671875,6.110992908477783,0.9171783924102784,1,O
03/27/2026,DEN,Aaron Gordon,30.763164520263672,15.5,15.899198532104492,5.3681416511535645,0.7396634221076965,1,O
03/27/2026,DAL,P.J. Washington,32.69772720336914,14.5,15.034503936767578,5.523637294769287,0.6941743493080139,1,O
03/27/2026,DAL,Max Christie,29.865148544311523,10.5,12.216073989868164,5.706182956695557,0.7447158694267273,1,O
03/27/2026,DAL,Klay Thompson,21.164087295532227,10.5,11.967917442321776,6.787501811981201,0.8355571031570435,1,O
03/27/2026,DAL,Khris Middleton,18.54203987121582,7.5,8.504664421081543,7.767663955688477,0.912825644016266,1,O
03/27/2026,DAL,Brandon Williams,25.53507232666016,11.5,12.061962127685549,5.885781288146973,1.0080267190933228,1,O
03/27/2026,CLE,Sam Merrill,27.0194091796875,12.5,13.034622192382812,5.645306587219238,0.8277913928031921,1,O
03/27/2026,CLE,Keon Ellis,27.69357109069824,6.5,9.162578582763672,6.422939300537109,0.7321121096611023,1,O
03/27/2026,CLE,Jarrett Allen,25.60588264465332,12.5,14.94222927093506,4.094910621643066,0.7083589434623718,1,O
03/27/2026,CHI,Tre Jones,26.573570251464844,12.5,14.13194465637207,6.353263378143311,0.9456998705863952,1,O
03/27/2026,CHI,Leonard Miller,21.24071884155273,9.5,10.317903518676758,6.994880199432373,0.8774073123931885,1,O
03/27/2026,CHI,Josh Giddey,33.767791748046875,15.5,15.88447380065918,2.306925296783448,0.5636797547340393,1,O
03/27/2026,CHI,Isaac Okoro,26.47455787658692,8.5,8.585772514343262,4.228584289550781,0.753502368927002,1,O
03/27/2026,CHI,Collin Sexton,28.07000732421875,14.5,16.667022705078125,6.738626003265381,0.860824465751648,1,O
03/27/2026,BRK,Ziaire Williams,26.908031463623047,10.5,13.104599952697754,6.102001667022705,0.7826858162879944,1,O
03/27/2026,BRK,Terance Mann,20.304765701293945,5.5,6.331526279449463,4.33579158782959,0.7357134222984314,1,O
03/27/2026,BRK,Noah Clowney,26.094560623168945,9.5,10.785618782043455,4.958635330200195,0.7199294567108154,1,O
03/27/2026,BRK,Josh Minott,22.43341636657715,6.5,10.366094589233398,6.402723789215088,0.8068739771842957,1,O
03/27/2026,BRK,Jalen Wilson,21.2177791595459,6.5,9.228837013244627,6.909633636474609,0.842272162437439,1,O
03/27/2026,BRK,Ben Saraf,22.794414520263672,8.5,9.579874038696287,5.825835227966309,0.8040879368782043,1,O
03/27/2026,BOS,Luka Garza,18.213817596435547,8.5,9.740894317626951,7.451203346252441,0.894124448299408,1,O
03/27/2026,BOS,Jaylen Brown,35.56847381591797,28.5,30.10356330871582,4.282432556152344,0.596653163433075,1,O
03/27/2026,ATL,Zaccharie Risacher,20.42684555053711,5.5,8.007843017578125,6.311288833618164,0.8735061287879944,1,O
03/27/2026,ATL,Nickeil Alexander-Walker,32.33786392211914,17.5,18.735145568847656,7.521865367889404,0.8143042325973511,1,O
03/27/2026,ATL,Jock Landale,20.21540069580078,6.5,7.6970534324646,7.089682102203369,0.8046629428863525,1,O
03/27/2026,ATL,Jalen Johnson,35.76289749145508,20.5,21.18823432922364,3.3736460208892822,0.5410845279693604,1,O
03/27/2026,ATL,Dyson Daniels,32.93538284301758,11.5,11.720300674438477,4.664323329925537,0.676855742931366,1,O
03/27/2026,ATL,Corey Kispert,18.006591796875,5.5,7.2441086769104,6.894204616546631,0.8237854838371277,1,O
03/27/2026,ATL,CJ McCollum,29.16764640808105,16.5,17.10138511657715,5.313427448272705,0.8029390573501587,1,O
03/27/2026,WAS,Tre Johnson,27.02381134033203,12.5,11.48613166809082,6.536612987518311,0.7918408513069153,1,-
03/27/2026,WAS,Bilal Coulibaly,29.0837345123291,11.5,11.330194473266602,6.171041488647461,0.7183747291564941,1,-
03/27/2026,UTA,Brice Sensabaugh,23.81570243835449,22.5,16.677204132080078,8.950157165527344,0.8562703132629395,1,-
03/27/2026,UTA,Ace Bailey,31.13983726501465,20.5,19.440166473388672,6.21015214920044,0.7301839590072632,1,-
03/27/2026,TOR,Scottie Barnes,32.73002243041992,18.5,17.45892333984375,1.3778146505355835,0.5686835646629333,1,-
03/27/2026,TOR,RJ Barrett,30.919130325317383,21.5,20.46499824523925,4.151678562164307,0.8295512795448303,1,-
03/27/2026,TOR,Jamal Shead,27.86278533935547,9.5,8.91914176940918,3.832477331161499,0.7836382985115051,1,-
03/27/2026,TOR,Collin Murray-Boyles,19.549877166748047,7.5,6.94085693359375,6.345364570617676,0.8760297298431396,1,-
03/27/2026,TOR,Brandon Ingram,34.45049285888672,22.5,21.884950637817383,3.742690086364746,0.5133902430534363,1,-
03/27/2026,POR,Scoot Henderson,24.277875900268555,14.5,13.964146614074709,7.288115501403809,0.7955824136734009,1,-
03/27/2026,POR,Robert Williams,17.430233001708984,7.5,7.386409282684326,7.883440971374512,0.8728697299957275,1,-
03/27/2026,POR,Jrue Holiday,29.25177764892578,14.5,12.570615768432615,4.752564907073975,0.7467827200889587,1,-
03/27/2026,POR,Jerami Grant,31.85386276245117,18.5,17.884830474853516,4.843992710113525,0.7824437022209167,1,-
03/27/2026,POR,Donovan Clingan,27.207992553710938,14.5,13.340781211853027,7.502068042755127,0.8656919598579407,1,-
03/27/2026,POR,Deni Avdija,32.644020080566406,24.5,21.49852752685547,4.154179573059082,0.809617280960083,1,-
03/27/2026,OKC,Isaiah Hartenstein,25.793296813964844,9.5,8.949426651000977,5.466175556182861,0.7634881138801575,1,-
03/27/2026,OKC,Cason Wallace,23.26147079467773,8.5,6.664850234985352,5.692252159118652,0.8314220905303955,1,-
03/27/2026,NOP,Zion Williamson,31.7548770904541,21.5,20.35120010375977,3.869656562805176,0.8293101787567139,1,-
03/27/2026,NOP,Saddiq Bey,32.334774017333984,18.5,17.91423225402832,8.081631660461426,0.8831742405891418,1,-
03/27/2026,NOP,Karlo Matkovic,16.731592178344727,7.5,6.788343906402588,7.776244163513184,0.8866523504257202,1,-
03/27/2026,NOP,Jeremiah Fears,22.955934524536133,14.5,11.598816871643066,6.178592205047607,0.9621131420135498,1,-
03/27/2026,NOP,Derik Queen,21.00703430175781,9.5,8.852542877197266,8.550590515136719,0.9549593925476074,1,-
03/27/2026,MIA,Tyler Herro,32.39466094970703,19.5,19.325551986694336,5.2998809814453125,0.7349706888198853,1,-
03/27/2026,MIA,Bam Adebayo,33.49504852294922,20.5,19.561935424804688,6.085553646087647,0.6987443566322327,1,-
03/27/2026,LAL,Rui Hachimura,22.04889869689941,8.5,7.492649555206299,4.709168434143066,0.8561872243881226,1,-
03/27/2026,LAL,Luka Doncic,37.02785110473633,32.5,30.064001083374023,2.5597798824310303,0.4446232616901397,0,-
03/27/2026,LAL,LeBron James,33.61437225341797,18.5,18.23483085632324,3.5192551612854004,0.729849636554718,1,-
03/27/2026,LAL,Jake LaRavia,21.97997093200684,7.5,6.157793521881104,6.007909774780273,0.7676674127578735,1,-
03/27/2026,LAL,Austin Reaves,36.98471832275391,21.5,20.38298797607422,3.345025062561035,0.5161886811256409,1,-
03/27/2026,LAC,Derrick Jones Jr.,31.066390991210938,10.5,9.934310913085938,5.4377264976501465,0.8116680383682251,1,-
03/27/2026,IND,T.J. McConnell,17.78032112121582,8.5,8.48034381866455,7.126570701599121,0.8753259778022766,1,-
03/27/2026,IND,Obi Toppin,19.38619041442871,8.5,8.250732421875,6.531710624694824,0.8503716588020325,1,-
03/27/2026,IND,Jay Huff,25.32579040527344,10.5,9.94275951385498,5.471622467041016,0.747360110282898,1,-
03/27/2026,IND,Andrew Nembhard,31.908552169799805,15.5,15.26254177093506,4.779247283935547,0.7344902157783508,1,-
03/27/2026,HOU,Tari Eason,28.493370056152344,9.5,9.428197860717772,2.795995712280273,0.6848893165588379,1,-
03/27/2026,HOU,Amen Thompson,37.64327239990234,18.5,17.50257110595703,3.088129997253418,0.6497933268547058,1,-
03/27/2026,HOU,Aaron Holiday,16.748300552368164,4.5,4.443032264709473,7.146440982818604,0.843689501285553,1,-
03/27/2026,GSW,Will Richard,22.91530418395996,9.5,7.946539402008057,3.046865463256836,0.7322149872779846,1,-
03/27/2026,GSW,Kristaps Porzingis,26.792625427246094,22.5,12.691473960876465,8.049570083618164,0.8785238862037659,1,-
03/27/2026,GSW,Gui Santos,30.24748420715332,16.5,15.935220718383787,6.704828262329102,0.9264765977859496,1,-
03/27/2026,GSW,Gary Payton II,22.016143798828125,12.5,11.600091934204102,7.652322769165039,0.9115006923675536,1,-
03/27/2026,GSW,Brandin Podziemski,32.544456481933594,16.5,15.866989135742188,5.137330055236816,0.8241322040557861,1,-
03/27/2026,DEN,Bruce Brown,22.43051719665528,7.5,7.477157115936279,5.641966342926025,0.8858025670051575,1,-
03/27/2026,DAL,Naji Marshall,27.990610122680664,17.5,17.260005950927734,8.409346580505371,0.959528148174286,1,-
03/27/2026,DAL,Dwight Powell,14.81775951385498,4.5,2.193556785583496,6.816916465759277,0.7970293760299683,1,-
03/27/2026,DAL,Cooper Flagg,34.2907600402832,23.5,21.110200881958008,5.114597797393799,0.7864144444465637,1,-
03/27/2026,CLE,James Harden,35.38101577758789,21.5,19.87286758422852,3.903386116027832,0.5370431542396545,1,-
03/27/2026,CLE,Evan Mobley,33.05466079711914,18.5,16.13568115234375,3.931043863296509,0.7354613542556763,1,-
03/27/2026,CLE,Donovan Mitchell,34.153778076171875,28.5,27.6502685546875,3.444744825363159,0.5811246037483215,1,-
03/27/2026,CLE,Dennis Schroder,20.215065002441406,7.5,5.567475318908691,5.9272894859313965,0.7650616765022278,1,-
03/27/2026,CHI,Rob Dillingham,21.37007141113281,9.5,9.01978874206543,5.950808048248291,0.8252867460250854,1,-
03/27/2026,CHI,Nick Richards,26.563844680786133,9.5,9.199886322021484,5.322986602783203,0.8353791236877441,1,-
03/27/2026,CHI,Matas Buzelis,30.740917205810547,17.5,17.34838104248047,6.083312511444092,0.8182893991470337,1,-
03/27/2026,CHI,Guerschon Yabusele,22.23952293395996,9.5,8.738078117370605,6.444221019744873,0.9938814043998718,1,-
03/27/2026,BRK,Nolan Traore,26.089115142822266,10.5,10.421186447143556,4.612761497497559,0.8413000106811523,1,-
03/27/2026,BRK,Drake Powell,26.799787521362305,8.5,7.9898362159729,2.8447277545928955,0.6693310737609863,1,-
03/27/2026,BOS,Sam Hauser,27.26937866210937,9.5,8.963415145874023,6.412111282348633,0.7992591857910156,1,-
03/27/2026,BOS,Payton Pritchard,30.99585723876953,19.5,17.61003875732422,5.7246994972229,0.750587522983551,1,-
03/27/2026,BOS,Neemias Queta,27.08984375,10.5,10.245000839233398,4.862215518951416,0.7848178148269653,1,-
03/27/2026,BOS,Jayson Tatum,33.08021926879883,25.5,18.03967666625977,4.407831192016602,0.6460111141204834,1,-
03/27/2026,BOS,Hugo Gonzalez,16.56161880493164,5.5,4.1328125,6.7055277824401855,0.7676087617874146,1,-
03/27/2026,BOS,Derrick White,34.721187591552734,19.5,16.45527458190918,5.183066368103027,0.5171679258346558,1,-
03/27/2026,BOS,Baylor Scheierman,21.826324462890625,7.5,6.342343807220459,6.114418983459473,0.8178600668907166,1,-
03/27/2026,ATL,Onyeka Okongwu,30.05988121032715,13.5,12.25321102142334,2.7480154037475586,0.7586929202079773,1,-
03/27/2026,ATL,Jonathan Kuminga,22.776611328125,10.5,7.995827674865723,7.394145965576172,0.8133420944213867,1,-
03/28/2026,UTA,Kyle Filipowski,28.115509033203125,13.5,13.52763557434082,4.706055164337158,0.8030564785003662,1,O
03/28/2026,UTA,John Konchar,30.793107986450195,5.5,8.32852840423584,4.909654140472412,0.7857912182807922,1,O
03/28/2026,UTA,Cody Williams,31.87932014465332,13.5,15.531447410583496,4.225295066833496,0.6818422675132751,1,O
03/28/2026,UTA,Ace Bailey,31.313308715820312,19.5,20.539813995361328,4.81044864654541,0.7692147493362427,1,O
03/28/2026,SAS,Victor Wembanyama,28.964990615844727,24.5,24.51769256591797,7.731183052062988,0.8435008525848389,1,O
03/28/2026,SAS,Stephon Castle,28.90851783752441,15.5,16.919958114624023,4.914065361022949,0.7600272297859192,1,O
03/28/2026,SAS,Keldon Johnson,22.5931453704834,12.5,13.09657859802246,9.834295272827148,0.986072838306427,1,O
03/28/2026,SAS,Julian Champagnie,27.67367172241211,9.5,10.538151741027832,7.367870807647705,0.8726519346237183,1,O
03/28/2026,SAS,Dylan Harper,22.503772735595703,11.5,12.933180809020996,8.018369674682617,0.9044514894485474,1,O
03/28/2026,SAS,Devin Vassell,30.71280097961425,12.5,13.011265754699709,6.475613117218018,0.7942067384719849,1,O
03/28/2026,SAS,De'Aaron Fox,30.881261825561523,15.5,18.939373016357425,5.680006504058838,0.7008547782897949,1,O
03/28/2026,SAC,Precious Achiuwa,29.74551773071289,12.5,13.519830703735352,7.079118728637695,0.8308593034744263,1,O
03/28/2026,SAC,Dylan Cardwell,20.69739151000977,4.5,5.345113754272461,7.869750022888184,0.8723509311676025,1,O
03/28/2026,SAC,Devin Carter,27.41722679138184,12.5,13.298213958740234,6.232426643371582,0.7478750944137573,1,O
03/28/2026,SAC,DeMar DeRozan,33.354270935058594,18.5,19.050722122192383,7.751648426055908,0.8086870908737183,1,O
03/28/2026,PHO,Royce O'Neale,28.941940307617188,9.5,9.917620658874512,3.666395902633667,0.8476161360740662,1,O
03/28/2026,PHO,Rasheer Fleming,18.344532012939453,6.5,7.603230953216553,6.885980606079102,0.906493604183197,1,O
03/28/2026,PHO,Oso Ighodaro,27.31717109680176,8.5,9.937451362609863,5.446226119995117,0.8889990448951721,1,O
03/28/2026,PHO,Jordan Goodwin,23.10785865783692,8.5,8.597991943359375,5.6035237312316895,0.8627896904945374,1,O
03/28/2026,PHO,Grayson Allen,25.82501792907715,15.5,16.752626419067383,6.299882411956787,0.8680465221405029,1,O
03/28/2026,PHO,Collin Gillespie,30.0463924407959,12.5,14.321800231933594,6.514369010925293,0.8768585920333862,1,O
03/28/2026,PHI,VJ Edgecombe,35.11753845214844,12.5,18.44934463500977,4.81676197052002,0.81895512342453,1,O
03/28/2026,PHI,Tyrese Maxey,32.059600830078125,24.5,27.365467071533203,5.22148323059082,0.6992574334144592,1,O
03/28/2026,PHI,Quentin Grimes,30.0825138092041,8.5,15.303391456604004,3.9645004272460938,0.6812694668769836,1,O
03/28/2026,PHI,Paul George,28.902130126953125,14.5,19.438507080078125,6.576602935791016,0.8241735696792603,1,O
03/28/2026,PHI,Kelly Oubre Jr.,22.90338134765625,8.5,12.884950637817385,5.430710315704346,0.8580025434494019,1,O
03/28/2026,PHI,Joel Embiid,29.362775802612305,25.5,26.993083953857425,8.189725875854492,0.9234511256217957,1,O
03/28/2026,PHI,Dominick Barlow,26.142900466918945,6.5,6.537576675415039,6.145717620849609,0.8704705238342285,1,O
03/28/2026,MIN,Donte DiVincenzo,32.98614501953125,13.5,13.550004005432127,5.271466255187988,0.7088502645492554,1,O
03/28/2026,MIL,Taurean Prince,23.290727615356445,8.5,9.099886894226074,6.136670112609863,0.7698501348495483,1,O
03/28/2026,MIL,Kyle Kuzma,22.91292381286621,12.5,12.515064239501951,8.49073314666748,0.9084044694900512,1,O
03/28/2026,MEM,Ty Jerome,22.215770721435547,20.5,21.243995666503903,10.152334213256836,0.9103193283081056,1,O
03/28/2026,MEM,Taylor Hendricks,26.800216674804688,12.5,12.742826461791992,6.57678747177124,0.7530945539474487,1,O
03/28/2026,MEM,Olivier-Maxence Prosper,26.439083099365234,14.5,15.545047760009766,5.685976505279541,0.792672872543335,1,O
03/28/2026,MEM,Cedric Coward,27.744279861450195,14.5,14.569551467895508,5.699844837188721,0.7236684560775757,1,O
03/28/2026,DET,Jalen Duren,31.22325897216797,21.5,22.11585998535156,6.892101764678955,0.8162406086921692,1,O
03/28/2026,CHO,Ryan Kalkbrenner,18.235984802246094,5.5,7.431596755981445,6.273548126220703,0.95149964094162,1,O
03/28/2026,CHO,Miles Bridges,31.34570503234864,14.5,15.314990043640137,5.856662273406982,0.6658062934875488,1,O
03/28/2026,CHO,Grant Williams,18.324975967407227,5.5,5.731456279754639,7.751863479614258,0.9806802272796632,1,O
03/28/2026,CHO,Coby White,20.70997810363769,14.5,17.199649810791016,8.21927547454834,0.8792327642440796,1,O
03/28/2026,CHI,Tre Jones,28.996841430664062,14.5,16.520092010498047,6.315544128417969,0.931892991065979,1,O
03/28/2026,CHI,Isaac Okoro,27.86354255676269,10.5,11.43936824798584,5.548746585845947,0.802039384841919,1,O
03/28/2026,CHI,Guerschon Yabusele,23.628040313720703,8.5,10.545438766479492,7.367786407470703,0.9408560991287231,1,O
03/28/2026,ATL,Nickeil Alexander-Walker,34.03038787841797,20.5,21.6690616607666,7.3363518714904785,0.7644383907318115,1,O
03/28/2026,ATL,CJ McCollum,30.9315128326416,19.5,21.434532165527344,6.738818168640137,0.7512731552124023,1,O
03/28/2026,UTA,Brice Sensabaugh,24.77248954772949,20.5,17.04848861694336,7.415146827697754,0.8462030291557312,1,-
03/28/2026,SAC,Nique Clifford,24.180984497070312,10.5,9.517157554626465,4.142065048217773,0.6127583980560303,1,-
03/28/2026,SAC,Maxime Raynaud,31.24488639831543,16.5,15.832429885864258,6.644137382507324,0.7428060173988342,1,-
03/28/2026,SAC,Malik Monk,28.56569480895996,15.5,15.366808891296388,7.075241565704346,0.869213879108429,1,-
03/28/2026,PHO,Jalen Green,29.61370849609375,21.5,20.662738800048828,5.910727024078369,0.7153496146202087,1,-
03/28/2026,PHO,Devin Booker,35.2552490234375,26.5,26.265121459960938,1.7857208251953125,0.5591588616371155,1,-
03/28/2026,MIN,Rudy Gobert,32.71167755126953,12.5,12.264798164367676,5.359041690826416,0.7113246321678162,1,-
03/28/2026,MIN,Naz Reid,27.08740234375,15.5,14.146636009216309,6.59487247467041,0.8717182278633118,1,-
03/28/2026,MIN,Kyle Anderson,22.071287155151367,7.5,6.279699325561523,6.204719066619873,0.7308427691459656,1,-
03/28/2026,MIN,Julius Randle,35.00629806518555,24.5,24.200178146362305,4.695777893066406,0.5688415169715881,1,-
03/28/2026,MIN,Bones Hyland,22.9444580078125,14.5,12.986262321472168,7.954965114593506,0.8089162707328796,1,-
03/28/2026,MIL,Ryan Rollins,32.7746696472168,22.5,19.977983474731445,4.701816082000732,0.6445140242576599,1,-
03/28/2026,MIL,Pete Nance,28.47242927551269,10.5,9.743938446044922,5.865478038787842,0.7283311486244202,1,-
03/28/2026,MIL,Ousmane Dieng,28.976537704467773,13.5,11.37257194519043,3.290374755859375,0.6878855228424072,1,-
03/28/2026,MIL,Myles Turner,26.95636367797852,10.5,8.988133430480957,6.64218807220459,0.8427895307540894,1,-
03/28/2026,MIL,Gary Trent Jr.,30.212289810180664,10.5,10.477267265319824,2.756767749786377,0.6715218424797058,1,-
03/28/2026,DET,Tobias Harris,30.572093963623047,13.5,13.217047691345217,5.275823593139648,0.6069643497467041,1,-
03/28/2026,DET,Duncan Robinson,29.343381881713867,11.5,11.463289260864258,6.101297378540039,0.7208213210105896,1,-
03/28/2026,DET,Daniss Jenkins,32.09670639038086,16.5,15.861021041870115,3.649040937423706,0.6935316324234009,1,-
03/28/2026,DET,Ausar Thompson,29.313461303710938,9.5,8.991029739379883,4.470673561096191,0.6424288749694824,1,-
03/28/2026,CHO,Moussa Diabate,29.641225814819336,8.5,8.372793197631836,5.988425731658936,0.838026762008667,1,-
03/28/2026,CHO,LaMelo Ball,29.060590744018555,20.5,19.14092063903809,6.257296562194824,0.7968533039093018,1,-
03/28/2026,CHO,Kon Knueppel,31.05828857421875,18.5,17.519630432128906,6.819498062133789,0.8093354105949402,1,-
03/28/2026,CHO,Brandon Miller,31.716907501220703,19.5,18.71721267700196,5.217151165008545,0.745818018913269,1,-
03/28/2026,CHI,Rob Dillingham,21.60082626342773,10.5,9.26308250427246,7.120223522186279,0.9006718993186951,1,-
03/28/2026,CHI,Patrick Williams,20.850173950195312,8.5,6.538486957550049,6.468899250030518,0.9055517911911012,1,-
03/28/2026,CHI,Matas Buzelis,31.106311798095703,21.5,20.61512565612793,6.180661678314209,0.8873084783554077,1,-
03/28/2026,CHI,Leonard Miller,27.239776611328125,14.5,14.209766387939451,6.31747579574585,0.7765074968338013,1,-
03/28/2026,CHI,Josh Giddey,33.83269119262695,19.5,17.556896209716797,2.3649685382843018,0.6030422449111938,1,-
03/28/2026,CHI,Collin Sexton,24.91661071777344,17.5,17.489294052124023,7.332138538360596,0.909289300441742,1,-
03/28/2026,ATL,Zaccharie Risacher,19.962203979492188,10.5,9.024754524230955,6.040263175964356,0.7943534255027771,1,-
03/28/2026,ATL,Onyeka Okongwu,26.9685115814209,14.5,12.9942626953125,4.095296859741211,0.7386972904205322,1,-
03/28/2026,ATL,Jock Landale,26.131208419799805,13.5,10.817174911499023,6.038616180419922,0.680539071559906,1,-
03/28/2026,ATL,Jalen Johnson,36.55910873413086,23.5,23.416824340820312,3.80544114112854,0.5937746167182922,1,-
03/28/2026,ATL,Dyson Daniels,29.042240142822266,12.5,12.352890968322754,5.068343162536621,0.6658439636230469,1,-
03/29/2026,WAS,Tristan Vukcevic,22.83552932739257,12.5,12.656534194946287,6.8983001708984375,0.8270560503005981,1,O
03/29/2026,WAS,Bilal Coulibaly,28.073266983032227,12.5,13.374139785766602,6.839582920074463,0.7600201964378357,1,O
03/29/2026,TOR,Sandro Mamukelashvili,22.578828811645508,11.5,11.712377548217772,8.201597213745117,0.9255474805831908,1,O
03/29/2026,TOR,Jakob Poeltl,28.454301834106445,11.5,12.774751663208008,5.895762920379639,0.6610119342803955,1,O
03/29/2026,SAC,Malik Monk,26.11329841613769,14.5,15.568124771118164,7.430578708648682,0.8453869223594666,1,O
03/29/2026,SAC,DeMar DeRozan,29.384904861450195,17.5,18.54088592529297,6.101616382598877,0.7799739241600037,1,O
03/29/2026,POR,Toumani Camara,32.47952651977539,13.5,14.7743501663208,5.499253749847412,0.8254975080490112,1,O
03/29/2026,ORL,Wendell Carter Jr.,30.88573837280273,11.5,11.927852630615234,5.827296733856201,0.7890684008598328,1,O
03/29/2026,OKC,Shai Gilgeous-Alexander,35.429283142089844,30.5,31.634662628173828,5.485991954803467,0.75959312915802,1,O
03/29/2026,OKC,Luguentz Dort,28.5212459564209,6.5,6.863394737243652,5.695972442626953,0.8647676706314087,1,O
03/29/2026,OKC,Alex Caruso,19.39845085144043,5.5,5.5475592613220215,7.116458415985107,0.9004338383674622,1,O
03/29/2026,NYK,OG Anunoby,34.78417205810547,15.5,15.837937355041504,2.298813581466675,0.7030277252197266,1,O
03/29/2026,NYK,Mitchell Robinson,19.744552612304688,4.5,5.677203178405762,4.565339088439941,0.8300372958183289,1,O
03/29/2026,NYK,Miles McBride,20.566207885742188,7.5,10.137002944946287,7.031005382537842,0.8552579283714294,1,O
03/29/2026,NYK,Karl-Anthony Towns,29.58417701721192,16.5,17.533782958984375,3.8361101150512695,0.7444471120834351,1,O
03/29/2026,NYK,Jordan Clarkson,20.294830322265625,7.5,7.920381546020508,5.418185710906982,0.8453093767166138,1,O
03/29/2026,NOP,Derik Queen,21.27815818786621,8.5,9.106167793273926,8.20474910736084,0.9547392129898072,1,O
03/29/2026,MIL,Kyle Kuzma,23.83320426940918,12.5,13.01553440093994,5.549123287200928,0.6965271234512329,1,O
03/29/2026,MIA,Kel'el Ware,20.299480438232425,9.5,10.581815719604492,6.653024196624756,0.9591182470321656,1,O
03/29/2026,MIA,Bam Adebayo,33.02418518066406,23.5,27.32558250427246,6.310401439666748,0.7915371656417847,1,O
03/29/2026,LAC,Kris Dunn,24.195215225219727,5.5,5.501831531524658,4.879684925079346,0.7766205072402954,1,O
03/29/2026,LAC,Kawhi Leonard,32.129886627197266,26.5,28.547100067138672,7.494805335998535,0.746579110622406,1,O
03/29/2026,LAC,Derrick Jones Jr.,29.47267723083496,9.5,9.682628631591797,6.041713237762451,0.8417561054229736,1,O
03/29/2026,LAC,Darius Garland,30.893287658691406,18.5,20.24372100830078,8.600852012634277,0.8575599789619446,1,O
03/29/2026,LAC,Brook Lopez,28.343338012695312,10.5,11.430234909057615,9.392013549804688,0.7668830752372742,1,O
03/29/2026,IND,T.J. McConnell,18.7541732788086,8.5,10.000445365905762,6.502249717712402,0.8973804116249084,1,O
03/29/2026,IND,Pascal Siakam,33.249813079833984,23.5,25.530500411987305,5.680779457092285,0.8414673209190369,1,O
03/29/2026,IND,Jay Huff,22.82978630065918,8.5,9.005412101745605,5.652721881866455,0.7967371344566345,1,O
03/29/2026,IND,Andrew Nembhard,32.80387115478516,16.5,17.012710571289062,5.610893249511719,0.7613027095794678,1,O
03/29/2026,IND,Aaron Nesmith,27.797866821289062,13.5,15.311578750610352,5.314279079437256,0.6929271221160889,1,O
03/29/2026,HOU,Reed Sheppard,31.2004508972168,14.5,15.678160667419434,7.035201072692871,0.7870314717292786,1,O
03/29/2026,HOU,Jabari Smith Jr.,36.06203079223633,14.5,16.34415054321289,2.9880034923553467,0.7157841324806213,1,O
03/29/2026,HOU,Amen Thompson,37.9370231628418,18.5,18.50935173034668,2.51920747756958,0.6453010439872742,1,O
03/29/2026,GSW,Quinten Post,18.49738883972168,6.5,8.573336601257324,7.320144653320312,0.9197310209274292,1,O
03/29/2026,GSW,Gary Payton II,20.863170623779297,10.5,11.63730812072754,8.088180541992188,0.9221688508987428,1,O
03/29/2026,GSW,Draymond Green,31.09064292907715,8.5,8.931310653686523,4.016520977020264,0.6942515969276428,1,O
03/29/2026,GSW,De'Anthony Melton,25.139354705810547,14.5,15.060279846191406,6.731932163238525,0.8389736413955688,1,O
03/29/2026,DEN,Tim Hardaway Jr.,26.17202377319336,10.5,12.818734169006348,7.5785231590271,0.8650754690170288,1,O
03/29/2026,DEN,Peyton Watson,24.58969688415528,12.5,13.631199836730955,8.234185218811035,0.8391554355621338,1,O
03/29/2026,DEN,Nikola Jokic,37.0660285949707,26.5,26.737104415893555,3.4094316959381104,0.5418166518211365,1,O
03/29/2026,DEN,Jamal Murray,37.37533950805664,24.5,26.14927673339844,4.252335071563721,0.6206279397010803,1,O
03/29/2026,DEN,Christian Braun,33.61840057373047,11.5,12.08128261566162,5.332378387451172,0.7545084357261658,1,O
03/29/2026,DEN,Cameron Johnson,31.805482864379883,11.5,11.912729263305664,3.9915611743927,0.6650805473327637,1,O
03/29/2026,DEN,Bruce Brown,22.64900016784668,6.5,7.108618259429932,6.445755958557129,0.8410485982894897,1,O
03/29/2026,DEN,Aaron Gordon,30.751108169555664,14.5,15.497716903686523,4.433717250823975,0.7069374322891235,1,O
03/29/2026,CHO,Ryan Kalkbrenner,18.20401763916016,4.5,5.789117336273193,7.693179130554199,0.964326560497284,1,O
03/29/2026,CHO,Coby White,20.38377571105957,13.5,14.14413070678711,8.383519172668457,0.8420772552490234,1,O
03/29/2026,BRK,Ziaire Williams,24.220327377319336,9.5,14.668015480041504,8.537237167358398,0.7870091795921326,1,O
03/29/2026,BRK,Nolan Traore,26.54735565185547,11.5,11.81799602508545,5.822723865509033,0.8135506510734558,1,O
03/29/2026,BRK,Noah Clowney,27.43774604797364,10.5,10.914450645446776,7.485094547271728,0.7967182993888855,1,O
03/29/2026,BRK,Drake Powell,27.54934883117676,8.5,8.529512405395508,3.9705636501312256,0.6760619878768921,1,O
03/29/2026,BRK,Ben Saraf,23.21533203125,9.5,11.16885471343994,6.635797023773193,0.8321934938430786,1,O
03/29/2026,BOS,Payton Pritchard,33.76057815551758,19.5,19.683794021606445,2.2855496406555176,0.5986514091491699,1,O
03/29/2026,BOS,Luka Garza,18.572864532470703,8.5,8.911747932434082,6.296650409698486,0.7973151803016663,1,O
03/29/2026,BOS,Jaylen Brown,29.64374732971192,25.5,26.5891056060791,3.959421634674072,0.6258129477500916,1,O
03/29/2026,WAS,Will Riley,25.30565071105957,14.5,13.559869766235352,6.19155216217041,0.903359591960907,1,-
03/29/2026,TOR,Scottie Barnes,34.4873046875,21.5,18.346630096435547,3.98897385597229,0.622648298740387,1,-
03/29/2026,TOR,RJ Barrett,31.85391426086425,22.5,19.958005905151367,7.234580993652344,0.7505252957344055,1,-
03/29/2026,TOR,Jamal Shead,29.46085548400879,9.5,8.449786186218262,5.705333232879639,0.6172887086868286,1,-
03/29/2026,TOR,Ja'Kobe Walter,28.24998664855957,12.5,10.957862854003906,6.795884609222412,0.7688647508621216,1,-
03/29/2026,TOR,Brandon Ingram,29.475555419921875,22.5,19.76889419555664,6.099867343902588,0.7105839252471924,1,-
03/29/2026,SAC,Precious Achiuwa,29.655162811279297,14.5,13.684049606323242,5.756964683532715,0.717803955078125,1,-
03/29/2026,SAC,Nique Clifford,31.905405044555664,13.5,11.90548610687256,2.299095869064331,0.4923261404037475,0,-
03/29/2026,SAC,Maxime Raynaud,31.53843688964844,17.5,16.96776008605957,5.446113109588623,0.7690673470497131,1,-
03/29/2026,SAC,Killian Hayes,18.531129837036133,7.5,5.635722160339356,5.811468601226807,0.842079758644104,1,-
03/29/2026,SAC,Devin Carter,27.179229736328125,15.5,13.741751670837402,3.3736765384674072,0.6352683901786804,1,-
03/29/2026,POR,Sidy Cissoko,17.76637077331543,6.5,4.22704029083252,6.37831974029541,0.9154456853866576,1,-
03/29/2026,POR,Scoot Henderson,27.15947914123535,17.5,15.701197624206545,6.877798557281494,0.8038265109062195,1,-
03/29/2026,POR,Robert Williams,17.69529151916504,8.5,8.202369689941406,7.356276988983154,0.8874687552452087,1,-
03/29/2026,POR,Jrue Holiday,30.49318122863769,17.5,16.137731552124023,6.478003025054932,0.793348491191864,1,-
03/29/2026,POR,Donovan Clingan,28.13381767272949,15.5,14.319653511047363,7.202417850494385,0.8331894278526306,1,-
03/29/2026,POR,Deni Avdija,32.64516830444336,26.5,22.446273803710938,3.913402795791626,0.7041467428207397,1,-
03/29/2026,ORL,Paolo Banchero,36.474212646484375,23.5,23.158842086791992,3.743605613708496,0.6456339359283447,1,-
03/29/2026,ORL,Jamal Cain,18.85908317565918,8.5,7.574771881103516,6.100399971008301,0.7914102673530579,1,-
03/29/2026,ORL,Jalen Suggs,29.25337028503418,14.5,11.050220489501951,5.165698528289795,0.6372137665748596,1,-
03/29/2026,ORL,Desmond Bane,34.56547927856445,21.5,18.96111488342285,5.052262783050537,0.735241174697876,1,-
03/29/2026,OKC,Jalen Williams,30.20037841796875,16.5,15.045613288879396,4.626829624176025,0.8125005960464478,1,-
03/29/2026,OKC,Isaiah Hartenstein,25.18948554992676,7.5,6.657748699188232,5.461918830871582,0.7601776719093323,1,-
03/29/2026,OKC,Chet Holmgren,29.145915985107425,15.5,15.111882209777832,5.858052730560303,0.8276691436767578,1,-
03/29/2026,OKC,Cason Wallace,23.22780990600586,6.5,6.06369161605835,6.641386985778809,0.8341830372810364,1,-
03/29/2026,OKC,Ajay Mitchell,23.273780822753903,11.5,10.734981536865234,5.063014507293701,0.8706501126289368,1,-
03/29/2026,NYK,Mikal Bridges,33.84743881225586,12.5,13.165275573730469,2.3314108848571777,0.4995626211166382,0,-
03/29/2026,NYK,Josh Hart,32.871070861816406,12.5,12.056243896484377,2.344155550003052,0.6320995688438416,1,-
03/29/2026,NYK,Jalen Brunson,36.3528938293457,23.5,23.876070022583008,-0.3195777237415313,0.388911098241806,0,-
03/29/2026,NOP,Zion Williamson,31.74943923950196,21.5,20.3214054107666,5.1078386306762695,0.7593384981155396,1,-
03/29/2026,NOP,Yves Missi,25.42979621887207,6.5,6.397097587585449,5.61930513381958,0.8861663937568665,1,-
03/29/2026,NOP,Trey Murphy III,29.335065841674805,20.5,18.688793182373047,4.617889404296875,0.6710816025733948,1,-
03/29/2026,NOP,Saddiq Bey,31.931957244873047,17.5,17.057666778564453,6.337215423583984,0.8603556752204895,1,-
03/29/2026,NOP,Jeremiah Fears,23.123973846435547,11.5,11.35458755493164,6.329596996307373,0.9398612380027772,1,-
03/29/2026,NOP,Herbert Jones,31.35331916809082,9.5,8.326813697814941,4.915799617767334,0.7414464354515076,1,-
03/29/2026,NOP,Dejounte Murray,28.720327377319336,16.5,13.788098335266112,6.361472606658936,0.8480460047721863,1,-
03/29/2026,MIL,Taurean Prince,24.877216339111328,10.5,8.926173210144043,4.049079418182373,0.8008049130439758,1,-
03/29/2026,MIL,Ryan Rollins,28.931474685668945,19.5,18.76314926147461,5.008715152740479,0.7096881866455078,1,-
03/29/2026,MIL,Pete Nance,29.02272224426269,12.5,10.0789213180542,3.3632147312164307,0.6980296969413757,1,-
03/29/2026,MIL,Ousmane Dieng,29.64623641967773,17.5,12.20820140838623,4.087597846984863,0.7255812287330627,1,-
03/29/2026,MIL,Myles Turner,25.09779167175293,10.5,10.486166000366213,5.135677814483643,0.8655059337615967,1,-
03/29/2026,MIL,Jericho Sims,29.117090225219727,8.5,8.208293914794922,4.352922439575195,0.7119721174240112,1,-
03/29/2026,MIL,Gary Trent Jr.,30.96630859375,17.5,11.428369522094728,2.080622911453247,0.6885553598403931,1,-
03/29/2026,MIL,Andre Jackson Jr.,26.123517990112305,9.5,8.233782768249512,4.451198577880859,0.6483966708183289,1,-
03/29/2026,MIA,Tyler Herro,32.356990814208984,23.5,21.33130645751953,6.352015018463135,0.7305634021759033,1,-
03/29/2026,MIA,Pelle Larsson,30.045286178588867,12.5,12.33785343170166,6.33091926574707,0.7460808157920837,1,-
03/29/2026,MIA,Jaime Jaquez Jr.,25.309606552124023,14.5,13.93651008605957,6.758587837219238,0.9770559072494508,1,-
03/29/2026,MIA,Davion Mitchell,29.318988800048828,9.5,8.504922866821289,4.289310932159424,0.742198646068573,1,-
03/29/2026,MIA,Andrew Wiggins,29.5504150390625,14.5,14.142629623413086,4.990680694580078,0.813288152217865,1,-
03/29/2026,LAC,John Collins,28.931325912475582,12.5,11.68389892578125,6.080386161804199,0.7905473709106445,1,-
03/29/2026,LAC,Bennedict Mathurin,26.905010223388672,18.5,17.51471710205078,7.88031005859375,0.7893787622451782,1,-
03/29/2026,IND,Quenton Jackson,24.75010108947754,9.5,8.287625312805176,5.353834629058838,0.7374416589736938,1,-
03/29/2026,IND,Obi Toppin,20.836166381835938,10.5,10.245989799499512,5.889922142028809,0.830968976020813,1,-
03/29/2026,IND,Jarace Walker,23.404409408569336,14.5,12.326282501220703,5.438575744628906,0.8736249208450317,1,-
03/29/2026,IND,Ben Sheppard,20.10639953613281,7.5,6.521728038787842,4.148870468139648,0.8632299900054932,1,-
03/29/2026,HOU,Tari Eason,23.2999210357666,9.5,9.360023498535156,4.40551233291626,0.6529707312583923,1,-
03/29/2026,HOU,Kevin Durant,37.544212341308594,24.5,23.40738296508789,4.400174140930176,0.5761206150054932,1,-
03/29/2026,HOU,Alperen Sengun,34.367244720458984,20.5,19.905330657958984,5.177457332611084,0.6213293671607971,1,-
03/29/2026,GSW,Kristaps Porzingis,27.592119216918945,19.5,16.332304000854492,7.265474796295166,0.8390958309173584,1,-
03/29/2026,GSW,Gui Santos,30.933597564697266,15.5,15.380171775817873,6.339608669281006,0.9081999659538268,1,-
03/29/2026,GSW,Brandin Podziemski,32.79530334472656,15.5,15.313093185424805,4.57131814956665,0.776825487613678,1,-
03/29/2026,DEN,Spencer Jones,19.442110061645508,5.5,3.650794506072998,6.746655464172363,0.8249050378799438,1,-
03/29/2026,CHO,Moussa Diabate,28.83997917175293,7.5,7.357954978942871,5.355760097503662,0.8533686995506287,1,-
03/29/2026,CHO,Miles Bridges,31.022979736328125,14.5,13.999871253967283,4.859725475311279,0.6549972295761108,1,-
03/29/2026,CHO,LaMelo Ball,29.53411293029785,19.5,19.04485321044922,7.6555986404418945,0.8188605904579163,1,-
03/29/2026,CHO,Kon Knueppel,32.05948257446289,17.5,16.98906898498535,7.629672527313232,0.7930042147636414,1,-
03/29/2026,CHO,Josh Green,15.916178703308104,3.5,3.4297351837158203,7.708535194396973,0.8643367886543274,1,-
03/29/2026,CHO,Brandon Miller,31.33729362487793,18.5,18.00941276550293,5.620491981506348,0.7415152788162231,1,-
03/29/2026,BRK,Terance Mann,27.96014404296875,8.5,8.300004959106445,4.626363277435303,0.7191923260688782,1,-
03/29/2026,BOS,Sam Hauser,28.53878402709961,10.5,9.75507354736328,4.896351337432861,0.6640719771385193,1,-
03/29/2026,BOS,Neemias Queta,28.22161293029785,10.5,9.411276817321776,4.185612678527832,0.6280472278594971,1,-
03/29/2026,BOS,Jordan Walsh,23.75471305847168,6.5,5.964468479156494,7.046548843383789,0.7853837609291077,1,-
03/29/2026,BOS,Jayson Tatum,33.208351135253906,28.5,19.932605743408203,4.533536434173584,0.6053144335746765,1,-
03/29/2026,BOS,Derrick White,30.05284309387207,17.5,15.259991645812988,4.71814489364624,0.5976599454879761,1,-
03/29/2026,BOS,Baylor Scheierman,23.08137893676757,7.5,6.404661655426025,6.266336441040039,0.7886486649513245,1,-
03/30/2026,WAS,Will Riley,31.58358764648437,14.5,16.028804779052734,5.716707229614258,0.8557303547859192,1,O
03/30/2026,WAS,Tre Johnson,27.16322326660156,11.5,11.932782173156738,6.199553489685059,0.8977577686309814,1,O
03/30/2026,WAS,Bilal Coulibaly,23.442914962768555,11.5,11.89991855621338,6.077384948730469,0.7980011105537415,1,O
03/30/2026,UTA,Kyle Filipowski,28.83283042907715,13.5,16.187095642089844,5.1144185066223145,0.8019391894340515,1,O
03/30/2026,UTA,John Konchar,27.20649719238281,5.5,8.427289962768555,5.888723373413086,0.7372985482215881,1,O
03/30/2026,UTA,Cody Williams,31.94288444519043,13.5,15.075100898742676,4.833940029144287,0.6927783489227295,1,O
03/30/2026,SAS,Julian Champagnie,27.58740234375,9.5,10.643518447875977,7.900202751159668,0.960006058216095,1,O
03/30/2026,SAS,Harrison Barnes,21.40034484863281,7.5,8.28007984161377,6.380868434906006,0.9527882933616638,1,O
03/30/2026,SAS,Devin Vassell,29.9887638092041,12.5,13.667877197265623,5.154098510742188,0.702796220779419,1,O
03/30/2026,SAS,De'Aaron Fox,29.32176399230957,16.5,17.033401489257812,6.976747989654541,0.7833285331726074,1,O
03/30/2026,PHO,Royce O'Neale,28.09995460510254,9.5,9.921361923217772,3.92058539390564,0.7831559777259827,1,O
03/30/2026,PHO,Oso Ighodaro,27.34677505493164,9.5,9.86342430114746,5.824779987335205,0.8588519096374512,1,O
03/30/2026,PHO,Grayson Allen,24.713211059570312,15.5,15.827436447143556,7.008941650390625,0.9094516038894652,1,O
03/30/2026,PHI,VJ Edgecombe,35.36016845703125,13.5,18.1496696472168,5.187366485595703,0.7909275889396667,1,O
03/30/2026,PHI,Quentin Grimes,29.49142837524414,9.5,13.610184669494627,4.158209323883057,0.6985837817192078,1,O
03/30/2026,PHI,Paul George,31.596071243286133,18.5,19.114177703857425,6.050824165344238,0.8053059577941895,1,O
03/30/2026,PHI,Kelly Oubre Jr.,24.90195655822754,10.5,13.128905296325684,5.948986530303955,0.9266424179077148,1,O
03/30/2026,PHI,Joel Embiid,32.0447883605957,28.5,29.055742263793945,7.439424991607666,0.8938853740692139,1,O
03/30/2026,PHI,Dominick Barlow,26.33176612854004,4.5,7.554051399230957,3.817094802856445,0.9112934470176696,1,O
03/30/2026,OKC,Shai Gilgeous-Alexander,36.45133209228516,29.5,32.779541015625,5.592238426208496,0.7084766626358032,1,O
03/30/2026,OKC,Luguentz Dort,29.238344192504883,6.5,9.548151016235352,3.9200496673583984,0.8216285109519958,1,O
03/30/2026,OKC,Jared McCain,19.47610855102539,9.5,10.261964797973633,7.790412425994873,0.9726386070251464,1,O
03/30/2026,OKC,Jalen Williams,26.28445625305176,15.5,15.704913139343262,5.511822700500488,0.8008304238319397,1,O
03/30/2026,OKC,Isaiah Joe,19.08234405517578,8.5,8.946117401123047,6.650681972503662,0.811150312423706,1,O
03/30/2026,OKC,Chet Holmgren,30.508031845092773,14.5,15.76728057861328,5.553258419036865,0.7243872284889221,1,O
03/30/2026,OKC,Cason Wallace,29.439132690429688,7.5,10.099998474121094,6.259768486022949,0.8005960583686829,1,O
03/30/2026,OKC,Ajay Mitchell,29.850399017333984,13.5,14.07144546508789,4.81415319442749,0.8851823210716248,1,O
03/30/2026,MIN,Rudy Gobert,31.566518783569336,11.5,12.84312915802002,4.509800910949707,0.650702714920044,1,O
03/30/2026,MIN,Donte DiVincenzo,31.73792266845703,11.5,13.007342338562012,4.808392524719238,0.6795904040336609,1,O
03/30/2026,MIN,Bones Hyland,21.488422393798828,7.5,11.42039966583252,7.541774749755859,0.8901666402816772,1,O
03/30/2026,MIN,Ayo Dosunmu,30.89191436767578,14.5,15.310792922973633,5.011777400970459,0.8572017550468445,1,O
03/30/2026,MIN,Anthony Edwards,25.93388557434082,27.5,27.926816940307617,5.527703762054443,0.7172989845275879,1,O
03/30/2026,MIA,Pelle Larsson,31.08680725097656,12.5,12.667834281921388,6.642550468444824,0.5755078792572021,1,O
03/30/2026,MIA,Jaime Jaquez Jr.,25.68739891052246,13.5,13.84859848022461,7.364407062530518,0.9776139855384828,1,O
03/30/2026,MIA,Davion Mitchell,31.28473663330078,9.5,9.551641464233398,4.9774603843688965,0.6335722208023071,1,O
03/30/2026,MIA,Bam Adebayo,33.82353210449219,21.5,22.413536071777344,7.400373935699463,0.7202848792076111,1,O
03/30/2026,MEM,Taylor Hendricks,29.6167049407959,10.5,11.194427490234377,3.375612735748291,0.6890867352485657,1,O
03/30/2026,LAL,LeBron James,34.51972579956055,22.5,23.12424659729004,4.673702239990234,0.7899339199066162,1,O
03/30/2026,LAL,Jaxson Hayes,21.55142593383789,8.5,9.780749320983888,7.504384517669678,0.9153515100479126,1,O
03/30/2026,LAL,Jarred Vanderbilt,16.943761825561523,4.5,4.679368019104004,5.321365833282471,0.7460203170776367,1,O
03/30/2026,DET,Kevin Huerter,29.338939666748047,11.5,13.146879196166992,5.421831607818604,0.7558456659317017,1,O
03/30/2026,DET,Javonte Green,27.811279296875,9.5,9.910161972045898,7.349367618560791,0.8038029074668884,1,O
03/30/2026,DET,Daniss Jenkins,32.746437072753906,15.5,16.018630981445312,4.01466703414917,0.6916362643241882,1,O
03/30/2026,DAL,Naji Marshall,28.65404319763184,16.5,17.152456283569336,8.3270845413208,0.858835756778717,1,O
03/30/2026,DAL,Daniel Gafford,25.205047607421875,11.5,12.750170707702637,5.738290786743164,0.8560404777526855,1,O
03/30/2026,CLE,Thomas Bryant,16.896921157836914,8.5,10.318594932556152,5.446301460266113,0.7802535891532898,1,O
03/30/2026,CLE,Sam Merrill,30.132787704467773,13.5,16.076181411743164,6.216315746307373,0.7580009698867798,1,O
03/30/2026,CLE,Keon Ellis,29.34912109375,9.5,10.408958435058594,5.130149841308594,0.7014078497886658,1,O
03/30/2026,CLE,James Harden,35.26799774169922,21.5,22.79619407653809,2.9284794330596924,0.6129120588302612,1,O
03/30/2026,CLE,Evan Mobley,33.37035369873047,18.5,19.385860443115234,3.902156352996826,0.7484459280967712,1,O
03/30/2026,CLE,Donovan Mitchell,34.522274017333984,27.5,29.836000442504883,3.020887613296509,0.5433029532432556,1,O
03/30/2026,CHI,Tre Jones,28.646652221679688,12.5,15.114559173583984,6.0404582023620605,0.8911768198013306,1,O
03/30/2026,CHI,Leonard Miller,20.686410903930664,8.5,9.43118667602539,5.928171634674072,0.9342646598815918,1,O
03/30/2026,CHI,Isaac Okoro,27.719959259033203,9.5,9.882898330688477,4.843195915222168,0.6757185459136963,1,O
03/30/2026,CHI,Guerschon Yabusele,26.432432174682617,8.5,10.145013809204102,5.797401905059815,0.910057008266449,1,O
03/30/2026,BOS,Luka Garza,24.78035926818848,8.5,8.556910514831543,6.24925422668457,0.9071083068847656,1,O
03/30/2026,BOS,Jaylen Brown,34.67654037475586,28.5,29.357866287231445,4.393147945404053,0.6804729700088501,1,O
03/30/2026,BOS,Baylor Scheierman,27.735980987548828,7.5,8.132514953613281,5.663883686065674,0.7873867154121399,1,O
03/30/2026,ATL,Nickeil Alexander-Walker,33.88160705566406,18.5,18.589279174804688,7.745410919189453,0.7922770380973816,1,O
03/30/2026,ATL,CJ McCollum,29.82242774963379,17.5,18.48781394958496,5.640450954437256,0.7991805076599121,1,O
03/30/2026,UTA,Brice Sensabaugh,30.2448787689209,22.5,21.257043838500977,5.975646018981934,0.8529337048530579,1,-
03/30/2026,UTA,Ace Bailey,31.37925720214844,19.5,17.31903076171875,4.518898963928223,0.7707400321960449,1,-
03/30/2026,SAS,Victor Wembanyama,30.56846809387207,27.5,26.0823974609375,8.357879638671875,0.7803099155426025,1,-
03/30/2026,SAS,Stephon Castle,29.383075714111328,16.5,16.273202896118164,4.971665382385254,0.7293043732643127,1,-
03/30/2026,SAS,Luke Kornet,19.3886775970459,6.5,5.394436836242676,6.29569149017334,0.7749312520027161,1,-
03/30/2026,SAS,Keldon Johnson,22.562807083129883,13.5,13.431918144226074,8.320592880249023,0.9879480600357056,1,-
03/30/2026,SAS,Dylan Harper,22.423938751220703,13.5,12.986019134521484,7.232532978057861,0.8667230010032654,1,-
03/30/2026,PHO,Rasheer Fleming,17.982284545898438,7.5,7.048305988311768,6.133903503417969,0.8340470194816589,1,-
03/30/2026,PHO,Jordan Goodwin,23.156156539916992,10.5,8.413278579711914,6.488067150115967,0.7529321312904358,1,-
03/30/2026,PHO,Jalen Green,28.85005187988281,22.5,20.680248260498047,6.063144207000732,0.7647427320480347,1,-
03/30/2026,PHO,Devin Booker,34.01224136352539,27.5,23.85386848449707,3.7076101303100586,0.5544565916061401,1,-
03/30/2026,PHO,Collin Gillespie,28.321413040161133,14.5,11.840755462646484,7.451324939727783,0.7470774054527283,1,-
03/30/2026,PHI,Tyrese Maxey,36.95621109008789,28.5,28.48007774353028,3.298741817474365,0.6648210287094116,1,-
03/30/2026,MIN,Naz Reid,25.256786346435547,14.5,14.210309982299805,6.803754806518555,0.9398293495178224,1,-
03/30/2026,MIN,Julius Randle,33.68328094482422,21.5,20.12717056274414,3.464073419570923,0.5153299570083618,1,-
03/30/2026,MIA,Tyler Herro,33.41314697265625,23.5,21.14835548400879,6.504554748535156,0.7390648126602173,1,-
03/30/2026,MIA,Norman Powell,26.57857131958008,19.5,19.066436767578125,5.706211566925049,0.527869462966919,1,-
03/30/2026,MIA,Andrew Wiggins,30.46919631958008,14.5,14.427160263061523,6.137354850769043,0.717353880405426,1,-
03/30/2026,MEM,Cedric Coward,28.60527992248535,15.5,15.140134811401367,3.956787586212158,0.6617622375488281,1,-
03/30/2026,MEM,Cam Spencer,30.09074783325196,11.5,11.29452896118164,3.5073699951171875,0.6861427426338196,1,-
03/30/2026,LAL,Rui Hachimura,30.573137283325195,11.5,11.249667167663574,4.934558868408203,0.8157621622085571,1,-
03/30/2026,LAL,Luke Kennard,23.19095802307129,10.5,9.765088081359863,7.53201150894165,0.8280097246170044,1,-
03/30/2026,LAL,Jake LaRavia,30.104246139526367,10.5,9.41510009765625,4.731301307678223,0.7140622138977051,1,-
03/30/2026,LAL,Deandre Ayton,29.294845581054688,14.5,13.323095321655272,6.783661842346191,0.8179305791854858,1,-
03/30/2026,LAL,Bronny James,10.098154067993164,6.5,2.982906103134156,7.057336330413818,0.7696817517280579,1,-
03/30/2026,LAL,Austin Reaves,37.54774475097656,29.5,27.02845764160156,4.140368461608887,0.6722054481506348,1,-
03/30/2026,DET,Paul Reed,27.184934616088867,13.5,11.003137588500977,5.783474922180176,0.7718784809112549,1,-
03/30/2026,DET,Marcus Sasser,19.51297187805176,9.5,6.571342468261719,5.174437999725342,0.8031473159790039,1,-
03/30/2026,DET,Caris LeVert,22.71220588684082,9.5,8.99006462097168,4.390362739562988,0.7092111706733704,1,-
03/30/2026,DET,Ausar Thompson,30.643070220947266,10.5,9.447772026062012,3.076178789138794,0.6680980920791626,1,-
03/30/2026,DAL,Ryan Nembhard,25.933677673339844,7.5,6.768392086029053,5.795324802398682,0.778702974319458,1,-
03/30/2026,DAL,P.J. Washington,27.827537536621094,13.5,12.643760681152344,6.220407485961914,0.6685420274734497,1,-
03/30/2026,DAL,Max Christie,30.79759407043457,12.5,10.477447509765623,5.631234645843506,0.6353253126144409,1,-
03/30/2026,DAL,Klay Thompson,21.142871856689453,11.5,10.278997421264648,7.167519092559815,0.8404284715652466,1,-
03/30/2026,DAL,Khris Middleton,25.500141143798828,11.5,9.409217834472656,6.900163650512695,0.8372039198875427,1,-
03/30/2026,DAL,Cooper Flagg,35.24446105957031,24.5,23.65635108947754,6.297333717346191,0.7699243426322937,1,-
03/30/2026,DAL,Brandon Williams,19.928630828857425,11.5,9.200196266174316,5.5112738609313965,0.8063410520553589,1,-
03/30/2026,CLE,Nae'Qwan Tomlin,16.796186447143555,7.5,4.689244270324707,7.390453815460205,0.9624735116958618,1,-
03/30/2026,CLE,Dennis Schroder,22.77738380432129,9.5,8.190849304199219,3.318466186523437,0.7093698978424072,1,-
03/30/2026,CHI,Rob Dillingham,20.41093063354492,7.5,7.489431858062744,6.167570114135742,0.8853762745857239,1,-
03/30/2026,CHI,Patrick Williams,20.200984954833984,6.5,6.237561702728272,6.111109256744385,0.920033037662506,1,-
03/30/2026,CHI,Nick Richards,21.607097625732425,9.5,8.382377624511719,5.083698749542236,0.8193068504333496,1,-
03/30/2026,CHI,Matas Buzelis,30.785127639770508,19.5,18.20088577270508,5.295319080352783,0.7590201497077942,1,-
03/30/2026,CHI,Josh Giddey,33.62579345703125,17.5,15.197086334228516,1.3108675479888916,0.5141615271568298,1,-
03/30/2026,CHI,Collin Sexton,25.689531326293945,16.5,16.171171188354492,8.668257713317871,0.8749750852584839,1,-
03/30/2026,BOS,Sam Hauser,24.645448684692383,10.5,7.906394004821777,7.945932388305664,0.8554059267044067,1,-
03/30/2026,BOS,Payton Pritchard,31.02593421936035,18.5,15.992545127868652,6.120820999145508,0.7969094514846802,1,-
03/30/2026,BOS,Neemias Queta,23.975875854492188,10.5,8.439313888549805,6.62893533706665,0.816778302192688,1,-
03/30/2026,BOS,Jordan Walsh,23.66838264465332,8.5,5.810244560241699,6.842991352081299,0.8153473734855652,1,-
03/30/2026,BOS,Jayson Tatum,28.34158134460449,23.5,18.61651039123535,5.239899158477783,0.7101699113845825,1,-
03/30/2026,BOS,Derrick White,34.23236846923828,18.5,15.95893669128418,3.8400533199310303,0.5190062522888184,1,-
03/30/2026,ATL,Zaccharie Risacher,18.969877243041992,6.5,6.246240615844727,6.016873836517334,0.8948078155517578,1,-
03/30/2026,ATL,Onyeka Okongwu,30.482322692871094,13.5,10.416043281555176,3.997305154800415,0.7330833673477173,1,-
03/30/2026,ATL,Jonathan Kuminga,21.054941177368164,9.5,7.637575149536133,6.009878635406494,0.8376272916793823,1,-
03/30/2026,ATL,Jalen Johnson,35.83794403076172,22.5,21.66705894470215,2.646681070327759,0.6194364428520203,1,-
03/30/2026,ATL,Dyson Daniels,32.71004867553711,11.5,10.225547790527344,4.333665370941162,0.6411126852035522,1,-
03/31/2026,TOR,Sandro Mamukelashvili,19.957725524902344,8.5,9.844732284545898,8.449651718139648,0.9012491106987,1,O
03/31/2026,TOR,Jakob Poeltl,27.171566009521484,10.5,10.852594375610352,5.305598735809326,0.6429779529571533,1,O
03/31/2026,TOR,Ja'Kobe Walter,26.46117401123047,9.5,9.867042541503906,7.285952091217041,0.7077096104621887,1,O
03/31/2026,PHO,Royce O'Neale,24.29831314086914,6.5,8.241093635559082,3.882755994796753,0.7683863043785095,1,O
03/31/2026,PHO,Oso Ighodaro,27.93320274353028,7.5,8.117574691772461,5.017275810241699,0.7533046007156372,1,O
03/31/2026,PHO,Grayson Allen,24.082000732421875,12.5,15.049274444580078,7.418560028076172,0.8868377804756165,1,O
03/31/2026,PHO,Dillon Brooks,27.274858474731445,14.5,17.90382194519043,6.657197952270508,0.836261510848999,1,O
03/31/2026,PHO,Devin Booker,34.81451416015625,24.5,26.396726608276367,3.590906143188477,0.6452005505561829,1,O
03/31/2026,PHO,Collin Gillespie,29.57036018371582,10.5,10.635272026062012,5.138940811157227,0.8550947308540344,1,O
03/31/2026,ORL,Jevon Carter,21.16764640808105,6.5,6.935901641845703,5.296298980712891,0.8477311730384827,1,O
03/31/2026,NYK,OG Anunoby,34.781124114990234,15.5,15.723929405212402,4.750563621520996,0.8009215593338013,1,O
03/31/2026,NYK,Mitchell Robinson,19.97802925109864,4.5,4.943898677825928,6.350277423858643,0.9433310031890868,1,O
03/31/2026,NYK,Mikal Bridges,34.26961135864258,12.5,13.015504837036133,3.331310749053955,0.7286147475242615,1,O
03/31/2026,NYK,Josh Hart,33.701019287109375,12.5,12.517511367797852,5.32291841506958,0.7896912693977356,1,O
03/31/2026,NYK,Jalen Brunson,36.81821060180664,23.5,24.856201171875,3.961119413375856,0.6429494023323059,1,O
03/31/2026,MIL,Taurean Prince,25.02455711364746,8.5,9.469297409057615,5.800932884216309,0.7722166180610657,1,O
03/31/2026,MIL,Jericho Sims,26.00650978088379,7.5,7.762490272521973,7.07432746887207,0.8820380568504333,1,O
03/31/2026,LAL,Jaxson Hayes,20.43927955627441,7.5,8.136205673217773,7.072752952575684,0.918119728565216,1,O
03/31/2026,LAL,Deandre Ayton,28.61625099182129,10.5,10.772637367248535,5.3728766441345215,0.7846493721008301,1,O
03/31/2026,LAC,Kris Dunn,25.25092315673828,4.5,6.242812156677246,4.057677268981934,0.6505944132804871,1,O
03/31/2026,LAC,Jordan Miller,23.288217544555664,6.5,9.205491065979004,6.418906211853027,0.8319351077079773,1,O
03/31/2026,LAC,John Collins,29.423152923583984,11.5,13.290325164794922,6.409412384033203,0.8894641995429993,1,O
03/31/2026,LAC,Derrick Jones Jr.,29.94613075256348,9.5,9.968280792236328,4.718945503234863,0.918265461921692,1,O
03/31/2026,LAC,Bennedict Mathurin,26.87030792236328,17.5,20.0020751953125,6.394958019256592,0.7908493280410767,1,O
03/31/2026,HOU,Tari Eason,29.21392822265625,9.5,10.226868629455566,3.431363821029663,0.6478146314620972,1,O
03/31/2026,HOU,Reed Sheppard,26.02064514160156,11.5,12.59364128112793,8.804762840270996,0.9056771397590636,1,O
03/31/2026,HOU,Kevin Durant,37.36201477050781,24.5,26.04052734375,4.402040004730225,0.6902709007263184,1,O
03/31/2026,HOU,Jabari Smith Jr.,36.0720100402832,14.5,15.901806831359863,2.1931862831115723,0.6266763210296631,1,O
03/31/2026,HOU,Amen Thompson,37.770694732666016,15.5,16.330257415771484,0.9451282620429992,0.5721084475517273,1,O
03/31/2026,HOU,Alperen Sengun,34.63363265991211,18.5,20.94188690185547,3.939593315124512,0.6834743618965149,1,O
03/31/2026,DET,Kevin Huerter,22.69206428527832,7.5,10.381396293640137,6.62089729309082,0.7834222316741943,1,O
03/31/2026,DAL,Naji Marshall,28.3161678314209,16.5,17.994464874267578,9.059737205505373,0.8558417558670044,1,O
03/31/2026,DAL,Dwight Powell,18.899145126342773,4.5,5.182685375213623,8.217578887939453,0.7291186451911926,1,O
03/31/2026,DAL,Daniel Gafford,25.71895408630371,12.5,13.79770851135254,7.985372066497803,0.8647010326385498,1,O
03/31/2026,CLE,Thomas Bryant,16.209827423095703,6.5,7.087212085723877,6.890048980712891,0.8308706879615784,1,O
03/31/2026,CLE,Sam Merrill,26.261932373046875,11.5,12.736527442932127,4.691916465759277,0.7142236828804016,1,O
03/31/2026,CLE,Max Strus,27.74831962585449,10.5,11.012908935546877,5.707128047943115,0.7386930584907532,1,O
03/31/2026,CLE,Keon Ellis,26.92787170410156,7.5,10.176458358764648,6.610316753387451,0.7707980275154114,1,O
03/31/2026,CLE,Jarrett Allen,27.114635467529297,12.5,17.00020980834961,3.982189416885376,0.7352067828178406,1,O
03/31/2026,CLE,Evan Mobley,32.9420166015625,17.5,18.034563064575195,3.4985835552215576,0.6717133522033691,1,O
03/31/2026,CLE,Dennis Schroder,21.81708335876465,6.5,7.0489702224731445,4.902523994445801,0.7850102782249451,1,O
03/31/2026,CHO,Miles Bridges,31.69573402404785,14.5,15.294554710388184,3.4530043601989746,0.6189555525779724,1,O
03/31/2026,CHO,Grant Williams,18.005264282226562,5.5,5.999939441680908,6.64227294921875,0.8214288949966431,1,O
03/31/2026,CHO,Coby White,20.59498405456543,15.5,16.20615577697754,6.980409145355225,0.8381022214889526,1,O
03/31/2026,BRK,Ziaire Williams,26.63660430908203,11.5,12.77376651763916,7.212881565093994,0.7771121263504028,1,O
03/31/2026,TOR,Scottie Barnes,33.71442413330078,17.5,15.731659889221191,3.8760058879852295,0.632535994052887,1,-
03/31/2026,TOR,RJ Barrett,31.074710845947266,19.5,18.310697555541992,5.233555793762207,0.8291330933570862,1,-
03/31/2026,TOR,Jamal Shead,22.449594497680664,7.5,5.375670909881592,6.70161247253418,0.7488127946853638,1,-
03/31/2026,TOR,Collin Murray-Boyles,18.809301376342773,6.5,6.1609206199646,5.895885467529297,0.9480979442596436,1,-
03/31/2026,TOR,Brandon Ingram,34.35342788696289,21.5,18.90627098083496,3.613158464431762,0.6156195998191833,1,-
03/31/2026,POR,Toumani Camara,32.80046844482422,13.5,13.222284317016602,4.165554046630859,0.777464747428894,1,-
03/31/2026,POR,Scoot Henderson,24.443817138671875,16.5,14.35305881500244,6.152980804443359,0.8011730909347534,1,-
03/31/2026,POR,Robert Williams,16.991689682006836,6.5,6.479658603668213,7.225218296051025,0.8806922435760498,1,-
03/31/2026,POR,Jrue Holiday,28.780506134033203,16.5,14.656194686889648,5.928413391113281,0.6914832592010498,1,-
03/31/2026,POR,Donovan Clingan,27.51492500305176,12.5,11.784225463867188,6.50319242477417,0.7835089564323425,1,-
03/31/2026,POR,Deni Avdija,34.01860046386719,26.5,21.05130386352539,2.767047166824341,0.6703259348869324,1,-
03/31/2026,PHO,Jalen Green,29.157804489135746,20.5,20.24300765991211,7.850175380706787,0.767691433429718,1,-
03/31/2026,ORL,Wendell Carter Jr.,30.9103946685791,10.5,10.394688606262209,4.221864700317383,0.713306725025177,1,-
03/31/2026,ORL,Paolo Banchero,36.1252326965332,23.5,21.3450927734375,4.669632434844971,0.6194443702697754,1,-
03/31/2026,ORL,Jalen Suggs,29.242128372192383,14.5,11.493216514587402,3.1255578994750977,0.6220979690551758,1,-
03/31/2026,ORL,Desmond Bane,34.655120849609375,20.5,18.88389778137207,4.064290046691895,0.7055240273475647,1,-
03/31/2026,NYK,Karl-Anthony Towns,31.202220916748047,18.5,17.691314697265625,6.511261940002441,0.8111487030982971,1,-
03/31/2026,NYK,Jose Alvarado,15.451416969299316,5.5,3.1593539714813232,5.807635307312012,0.7888222336769104,1,-
03/31/2026,NYK,Jordan Clarkson,20.424949645996094,8.5,8.067183494567871,6.773630619049072,0.9074097871780396,1,-
03/31/2026,MIL,Ryan Rollins,32.105506896972656,21.5,18.074174880981445,4.537929534912109,0.686100959777832,1,-
03/31/2026,MIL,Ousmane Dieng,23.537033081054688,12.5,10.311311721801758,5.027244091033936,0.7179144620895386,1,-
03/31/2026,MIL,Myles Turner,27.128835678100582,12.5,11.416001319885254,7.4260640144348145,0.8238531351089478,1,-
03/31/2026,MIL,Kyle Kuzma,26.701465606689453,13.5,13.154441833496094,6.087698936462402,0.8457698822021484,1,-
03/31/2026,MIL,Gary Trent Jr.,29.17557716369629,12.5,11.949641227722168,6.824272632598877,0.7460954785346985,1,-
03/31/2026,LAL,Rui Hachimura,22.99554443359375,9.5,8.12002182006836,3.076416015625,0.823890209197998,1,-
03/31/2026,LAL,Luka Doncic,37.16712188720703,34.5,33.48516845703125,3.3158223628997803,0.5608395934104919,1,-
03/31/2026,LAL,LeBron James,34.054683685302734,18.5,18.35386276245117,3.154002904891968,0.5907107591629028,1,-
03/31/2026,LAL,Jake LaRavia,28.26716041564941,7.5,7.116413116455078,4.524192333221436,0.7523208856582642,1,-
03/31/2026,LAL,Austin Reaves,36.49299240112305,22.5,22.307899475097656,2.9135396480560303,0.5920465588569641,1,-
03/31/2026,LAC,Kawhi Leonard,31.930458068847656,27.5,26.01189613342285,6.481934070587158,0.7528648376464844,1,-
03/31/2026,LAC,Darius Garland,30.59751510620117,20.5,19.110090255737305,6.773637771606445,0.778789222240448,1,-
03/31/2026,LAC,Brook Lopez,28.835065841674805,11.5,10.487112045288086,6.8933186531066895,0.7676926255226135,1,-
03/31/2026,DET,Tobias Harris,30.019569396972656,13.5,11.623723030090332,5.433509826660156,0.787440299987793,1,-
03/31/2026,DET,Jalen Duren,30.71768951416016,20.5,18.00287628173828,7.487827301025391,0.7811324000358582,1,-
03/31/2026,DET,Duncan Robinson,28.38950157165528,10.5,10.289594650268556,6.471725940704346,0.8337317109107971,1,-
03/31/2026,DET,Daniss Jenkins,30.901611328125,15.5,12.711764335632324,5.910186290740967,0.7136090993881226,1,-
03/31/2026,DET,Caris LeVert,19.94365882873535,7.5,6.745425701141357,5.950632095336914,0.7995600700378418,1,-
03/31/2026,DET,Ausar Thompson,27.79092788696289,8.5,7.934195518493652,5.9374213218688965,0.712871789932251,1,-
03/31/2026,DAL,Ryan Nembhard,25.120746612548828,8.5,8.201272964477539,7.857882499694824,0.8148624897003174,1,-
03/31/2026,DAL,P.J. Washington,27.54876518249512,14.5,14.466630935668944,6.888309955596924,0.6756486892700195,1,-
03/31/2026,DAL,Max Christie,30.502490997314453,12.5,11.208298683166504,7.053546905517578,0.7448664903640747,1,-
03/31/2026,DAL,Khris Middleton,25.52383041381836,12.5,11.710911750793455,8.748808860778809,0.7433793544769287,1,-
03/31/2026,DAL,Cooper Flagg,34.69570541381836,25.5,24.90888023376465,9.130427360534668,0.7287893295288086,1,-
03/31/2026,DAL,Brandon Williams,22.3898983001709,14.5,13.43120002746582,8.577381134033203,0.9292712211608888,1,-
03/31/2026,CLE,James Harden,35.711509704589844,20.5,19.759178161621094,3.597130298614502,0.6312236785888672,1,-
03/31/2026,CLE,Donovan Mitchell,34.26308059692383,25.5,23.62315368652344,2.965439319610596,0.5871627330780029,1,-
03/31/2026,CHO,Moussa Diabate,28.8024845123291,8.5,7.757559299468994,3.4921183586120605,0.821165144443512,1,-
03/31/2026,CHO,LaMelo Ball,29.97801971435547,19.5,19.30669593811035,5.548469066619873,0.7296949625015259,1,-
03/31/2026,CHO,Kon Knueppel,32.2056770324707,18.5,18.32889747619629,6.021783351898193,0.8104606866836548,1,-
03/31/2026,CHO,Brandon Miller,31.578672409057617,19.5,18.179861068725582,3.7065412998199454,0.7637653946876526,1,-
03/31/2026,BRK,Nolan Traore,26.70349884033203,11.5,9.853635787963867,6.7615227699279785,0.7954825758934021,1,-
03/31/2026,BRK,Noah Clowney,27.65760040283203,10.5,9.955238342285156,4.828097820281982,0.7699530124664307,1,-
03/31/2026,BRK,Drake Powell,26.44811248779297,8.5,7.561388969421387,5.272740364074707,0.6842191219329834,1,-
03/31/2026,BRK,Ben Saraf,23.20686721801757,9.5,8.39037036895752,5.726057529449463,0.7764726281166077,1,-
04/01/2026,WAS,Will Riley,32.16686248779297,14.5,15.391490936279297,4.186851978302002,0.7506256699562073,1,O
04/01/2026,WAS,Bilal Coulibaly,27.439252853393555,11.5,11.85930061340332,8.17041301727295,0.7961084842681885,1,O
04/01/2026,WAS,Anthony Gill,24.12373733520508,7.5,9.558712005615234,7.154511451721191,0.7371712923049927,1,O
04/01/2026,UTA,Kyle Filipowski,28.34657096862793,15.5,16.519981384277344,8.115548133850098,0.8281213641166687,1,O
04/01/2026,UTA,John Konchar,26.3739013671875,6.5,7.02989673614502,6.423936367034912,0.8103991150856018,1,O
04/01/2026,UTA,Cody Williams,31.98626136779785,14.5,15.7849702835083,5.817400932312012,0.7512897253036499,1,O
04/01/2026,TOR,Jakob Poeltl,28.63427352905273,10.5,13.857793807983398,6.778708934783936,0.6280773282051086,1,O
04/01/2026,TOR,Ja'Kobe Walter,28.1977767944336,11.5,11.862025260925291,6.355887413024902,0.7062345743179321,1,O
04/01/2026,TOR,Gradey Dick,16.394920349121094,5.5,6.30587100982666,7.593589305877685,0.8733332753181458,1,O
04/01/2026,TOR,Brandon Ingram,28.70387077331543,21.5,21.509048461914062,4.353159427642822,0.6068911552429199,1,O
04/01/2026,SAS,Julian Champagnie,28.27105140686035,9.5,10.65221881866455,8.670109748840332,0.8703998327255249,1,O
04/01/2026,SAS,Harrison Barnes,20.911470413208008,6.5,7.571774482727051,9.292214393615724,0.9762720465660096,1,O
04/01/2026,SAS,Dylan Harper,22.701772689819336,11.5,12.67078971862793,8.725873947143555,0.860240638256073,1,O
04/01/2026,SAS,Devin Vassell,30.32836151123047,12.5,14.224939346313477,6.36762809753418,0.7017157673835754,1,O
04/01/2026,SAS,De'Aaron Fox,29.547521591186523,15.5,17.168380737304688,6.449746131896973,0.8272957801818848,1,O
04/01/2026,SAC,Nique Clifford,31.36853408813477,10.5,11.021620750427246,3.428645610809326,0.638395369052887,1,O
04/01/2026,SAC,Dylan Cardwell,19.61616897583008,3.5,4.4720377922058105,7.659322738647461,0.8111662864685059,1,O
04/01/2026,PHI,VJ Edgecombe,34.49319076538086,16.5,17.16806983947754,4.537508010864258,0.7145093679428101,1,O
04/01/2026,PHI,Tyrese Maxey,37.765254974365234,29.5,29.59774398803711,3.982408761978149,0.5931012034416199,1,O
04/01/2026,PHI,Quentin Grimes,29.997875213623047,14.5,15.620247840881348,3.0004918575286865,0.6999202966690063,1,O
04/01/2026,PHI,Paul George,32.33955764770508,19.5,22.34146308898925,7.212859153747559,0.8490552306175232,1,O
04/01/2026,PHI,Kelly Oubre Jr.,28.180763244628903,13.5,17.64313316345215,4.733606815338135,0.8170775175094604,1,O
04/01/2026,PHI,Dominick Barlow,26.44476318359375,6.5,8.23153305053711,4.599096775054932,0.7729163765907288,1,O
04/01/2026,NYK,OG Anunoby,34.54838943481445,17.5,18.125307083129883,3.14248275756836,0.7543224692344666,1,O
04/01/2026,NYK,Mikal Bridges,33.62732696533203,15.5,15.613072395324709,2.476193189620972,0.6948041319847107,1,O
04/01/2026,NYK,Landry Shamet,18.169984817504883,9.5,9.652137756347656,6.837526798248291,0.8383190035820007,1,O
04/01/2026,NYK,Josh Hart,33.104705810546875,13.5,15.296807289123535,3.2888338565826416,0.7120167016983032,1,O
04/01/2026,NYK,Jalen Brunson,30.53243064880371,24.5,25.601390838623047,3.3371078968048096,0.6317062973976135,1,O
04/01/2026,MIL,Ryan Rollins,28.406322479248047,19.5,19.840351104736328,5.872819900512695,0.7381187677383423,1,O
04/01/2026,MIL,Myles Turner,25.11470031738281,10.5,11.65560817718506,8.118499755859375,0.8657629489898682,1,O
04/01/2026,MIL,Kyle Kuzma,24.884557723999023,12.5,13.655381202697754,7.0529093742370605,0.7429627180099487,1,O
04/01/2026,MIL,Jericho Sims,28.974220275878903,7.5,8.557010650634766,5.748219013214111,0.7494336366653442,1,O
04/01/2026,MIA,Pelle Larsson,30.762331008911133,11.5,12.374918937683104,6.288570404052734,0.6769636273384094,1,O
04/01/2026,MEM,Olivier-Maxence Prosper,25.88947868347168,10.5,13.536259651184082,7.587428092956543,0.8185729384422302,1,O
04/01/2026,MEM,Cedric Coward,27.543392181396484,13.5,14.05857276916504,4.68882417678833,0.6803040504455566,1,O
04/01/2026,IND,Pascal Siakam,33.51457214355469,25.5,27.311771392822266,6.699756145477295,0.8470659255981445,1,O
04/01/2026,IND,Obi Toppin,21.495174407958984,11.5,12.57980728149414,7.562410831451416,0.7502995729446411,1,O
04/01/2026,IND,Jay Huff,26.801403045654297,10.5,12.100303649902344,7.0873637199401855,0.7773739099502563,1,O
04/01/2026,HOU,Kevin Durant,36.11741638183594,22.5,25.986703872680664,4.847802639007568,0.6317149996757507,1,O
04/01/2026,HOU,Jabari Smith Jr.,35.09977722167969,15.5,15.92953395843506,3.6030006408691406,0.6558493375778198,1,O
04/01/2026,HOU,Amen Thompson,36.95317840576172,15.5,17.041397094726562,2.520292043685913,0.5684520602226257,1,O
04/01/2026,HOU,Alperen Sengun,33.001129150390625,17.5,19.958988189697266,5.70203161239624,0.6798896789550781,1,O
04/01/2026,GSW,Draymond Green,31.46806907653809,8.5,8.880165100097656,3.664696216583252,0.6513449549674988,1,O
04/01/2026,GSW,Brandin Podziemski,33.08704376220703,17.5,18.27152442932129,4.589986324310303,0.751701831817627,1,O
04/01/2026,DEN,Tim Hardaway Jr.,25.41299629211425,12.5,13.765487670898438,7.3525238037109375,0.8450174927711487,1,O
04/01/2026,DEN,Peyton Watson,23.61432456970215,12.5,13.25474452972412,6.98718786239624,0.8766955733299255,1,O
04/01/2026,DEN,Nikola Jokic,36.6084098815918,24.5,29.655467987060547,3.1241376399993896,0.5590149164199829,1,O
04/01/2026,DEN,Jamal Murray,37.0289306640625,24.5,26.23628234863281,5.85786771774292,0.7010061144828796,1,O
04/01/2026,DEN,Christian Braun,33.150882720947266,11.5,11.586437225341797,5.89049768447876,0.7862389087677002,1,O
04/01/2026,DEN,Cameron Johnson,30.443883895874023,10.5,11.389310836791992,5.131736755371094,0.8625141382217407,1,O
04/01/2026,DEN,Bruce Brown,22.32032966613769,7.5,8.217537879943848,6.332995891571045,0.8167514204978943,1,O
04/01/2026,DEN,Aaron Gordon,30.153121948242188,15.5,16.088523864746094,4.395596027374268,0.7619311809539795,1,O
04/01/2026,CHI,Tre Jones,29.079444885253903,15.5,18.286846160888672,5.917634010314941,0.9891744256019592,1,O
04/01/2026,CHI,Leonard Miller,22.21278953552246,12.5,13.93401050567627,8.141002655029297,0.9050066471099854,1,O
04/01/2026,CHI,Guerschon Yabusele,27.82430076599121,11.5,12.1795015335083,6.372561931610107,0.9253382086753844,1,O
04/01/2026,BOS,Sam Hauser,27.73275756835937,7.5,8.036774635314941,6.713445663452148,0.7954995632171631,1,O
04/01/2026,BOS,Jaylen Brown,35.24733352661133,26.5,28.949657440185547,4.699706077575684,0.6498748660087585,1,O
04/01/2026,ATL,Onyeka Okongwu,32.569358825683594,13.5,13.905928611755373,2.841064453125,0.6312352418899536,1,O
04/01/2026,ATL,Nickeil Alexander-Walker,33.96110153198242,18.5,20.607147216796875,7.5904436111450195,0.7655152678489685,1,O
04/01/2026,ATL,Jock Landale,20.86565017700196,7.5,8.107458114624023,8.157233238220215,0.8433980345726013,1,O
04/01/2026,ATL,Jalen Johnson,36.25497817993164,22.5,23.52724838256836,3.3265700340271,0.5943031907081604,1,O
04/01/2026,ATL,Dyson Daniels,34.06376647949219,11.5,12.482870101928713,4.903852939605713,0.6337258815765381,1,O
04/01/2026,ATL,CJ McCollum,30.52229690551757,18.5,19.25581932067871,5.574750900268555,0.7988955974578857,1,O
04/01/2026,WAS,Tristan Vukcevic,23.05154800415039,12.5,12.353708267211914,7.895891189575195,0.739794135093689,1,-
04/01/2026,WAS,Tre Johnson,27.19196891784668,12.5,12.48615550994873,6.982168197631836,0.8010745644569397,1,-
04/01/2026,UTA,Brice Sensabaugh,29.65241050720215,21.5,17.789220809936523,7.426911354064941,0.8615003824234009,1,-
04/01/2026,UTA,Ace Bailey,31.75651931762696,19.5,17.36439323425293,5.733942031860352,0.7358494400978088,1,-
04/01/2026,TOR,Scottie Barnes,34.175933837890625,20.5,19.94209098815918,4.560396671295166,0.7446708679199219,1,-
04/01/2026,TOR,Sandro Mamukelashvili,21.819164276123047,13.5,12.956148147583008,9.13003158569336,0.9317862391471864,1,-
04/01/2026,TOR,RJ Barrett,31.72134590148925,22.5,22.25390243530273,6.236268520355225,0.7484623193740845,1,-
04/01/2026,TOR,Jamal Shead,29.77568244934082,9.5,9.489676475524902,6.318111419677734,0.6841364502906799,1,-
04/01/2026,TOR,Collin Murray-Boyles,20.59419250488281,10.5,8.948121070861816,7.872017860412598,0.7612078785896301,1,-
04/01/2026,SAS,Victor Wembanyama,30.87766456604004,25.5,24.52938270568848,7.451669692993164,0.7920289635658264,1,-
04/01/2026,SAS,Stephon Castle,30.23335838317871,16.5,15.287811279296877,3.34736967086792,0.6063768863677979,1,-
04/01/2026,SAS,Keldon Johnson,23.33755683898925,13.5,13.373835563659668,8.194303512573242,0.9367629289627076,1,-
04/01/2026,SAC,Precious Achiuwa,29.730701446533203,12.5,12.19735336303711,8.201728820800781,0.8265261054039001,1,-
04/01/2026,SAC,Maxime Raynaud,30.139163970947266,14.5,13.90738582611084,7.802427768707275,0.7741104960441589,1,-
04/01/2026,SAC,Malik Monk,24.1231632232666,13.5,11.4307222366333,7.929354667663574,0.9046105742454528,1,-
04/01/2026,SAC,Devin Carter,26.630088806152344,12.5,11.371912002563477,6.916990280151367,0.8145537972450256,1,-
04/01/2026,SAC,DeMar DeRozan,33.73347854614258,18.5,18.25594139099121,8.85183048248291,0.8320798873901367,1,-
04/01/2026,PHI,Adem Bona,25.13541984558105,7.5,6.425741672515869,6.142569065093994,0.7578492760658264,1,-
04/01/2026,ORL,Wendell Carter Jr.,30.41606903076172,11.5,10.892807006835938,5.4544453620910645,0.7585674524307251,1,-
04/01/2026,ORL,Paolo Banchero,35.2875862121582,23.5,22.19002342224121,4.349014759063721,0.5936980247497559,1,-
04/01/2026,ORL,Jalen Suggs,29.016042709350582,14.5,12.87103271484375,1.958193182945252,0.6218197345733643,1,-
04/01/2026,ORL,Franz Wagner,26.38404655456543,13.5,11.553177833557127,5.7206130027771,0.6905854344367981,1,-
04/01/2026,ORL,Desmond Bane,33.735923767089844,20.5,18.80129623413086,3.450590372085572,0.6797041296958923,1,-
04/01/2026,NYK,Karl-Anthony Towns,31.451566696166992,23.5,22.23919105529785,4.696675777435303,0.7599132061004639,1,-
04/01/2026,NYK,Jose Alvarado,25.41686248779297,10.5,9.69153881072998,6.633797645568848,0.7148298025131226,1,-
04/01/2026,NYK,Jordan Clarkson,20.47251510620117,11.5,9.722651481628418,6.997573852539063,0.7936052680015564,1,-
04/01/2026,MIL,Ousmane Dieng,30.862987518310547,15.5,12.959208488464355,3.2313907146453857,0.6643440127372742,1,-
04/01/2026,MIL,Gary Trent Jr.,32.26687240600586,18.5,16.37123680114746,5.431556701660156,0.6973076462745667,1,-
04/01/2026,MIL,Andre Jackson Jr.,18.225709915161133,9.5,5.366559982299805,5.353346347808838,0.6867202520370483,1,-
04/01/2026,MIA,Tyler Herro,33.47731018066406,22.5,20.85846519470215,5.663211345672607,0.7158949375152588,1,-
04/01/2026,MIA,Jaime Jaquez Jr.,27.259660720825195,13.5,13.106667518615724,7.159504890441895,0.9063042402267456,1,-
04/01/2026,MIA,Davion Mitchell,30.78939247131348,9.5,8.569863319396973,4.899876117706299,0.69539475440979,1,-
04/01/2026,MIA,Bam Adebayo,33.88841247558594,20.5,18.43501853942871,8.36570930480957,0.7103334069252014,1,-
04/01/2026,MIA,Andrew Wiggins,30.78197288513184,14.5,13.989720344543455,4.211712837219238,0.6654849052429199,1,-
04/01/2026,MEM,Cam Spencer,28.639863967895508,11.5,11.291834831237791,4.550719738006592,0.719475507736206,1,-
04/01/2026,IND,Quenton Jackson,23.72793769836425,12.5,9.90451717376709,6.22360372543335,0.7171462178230286,1,-
04/01/2026,IND,Kobe Brown,29.924190521240234,11.5,11.283818244934082,6.498658657073975,0.7261375784873962,1,-
04/01/2026,IND,Kam Jones,14.890499114990234,7.5,2.9805705547332764,6.201936721801758,0.7737928032875061,1,-
04/01/2026,IND,Ben Sheppard,22.19473648071289,8.5,8.228577613830566,6.362141609191895,0.7944660782814026,1,-
04/01/2026,HOU,Tari Eason,24.28095054626465,10.5,10.336385726928713,3.673613786697388,0.7059803605079651,1,-
04/01/2026,HOU,Reed Sheppard,30.32784080505371,14.5,14.213923454284668,7.008382797241211,0.803297221660614,1,-
04/01/2026,HOU,Aaron Holiday,17.8242130279541,6.5,4.875460624694824,8.345307350158691,0.9285199046134948,1,-
04/01/2026,GSW,Will Richard,25.84156608581543,10.5,9.12063217163086,5.0901312828063965,0.6101027131080627,1,-
04/01/2026,GSW,Seth Curry,15.95664119720459,9.5,6.15012264251709,4.25761604309082,0.5858185291290283,1,-
04/01/2026,GSW,Pat Spencer,22.383075714111328,11.5,8.88823413848877,5.375165939331055,0.6583760976791382,1,-
04/01/2026,GSW,Gui Santos,25.22583198547364,16.5,14.32902717590332,5.363664150238037,0.7266541719436646,1,-
04/01/2026,GSW,Gary Payton II,22.22920227050781,12.5,12.298628807067873,7.2566423416137695,0.7740100026130676,1,-
04/01/2026,CHI,Nick Richards,22.49480438232422,10.5,9.39037036895752,7.06256914138794,0.878241240978241,1,-
04/01/2026,CHI,Matas Buzelis,31.71022224426269,22.5,21.63612174987793,6.388713359832764,0.8249194025993347,1,-
04/01/2026,CHI,Josh Giddey,29.0885066986084,18.5,15.705401420593262,3.52528977394104,0.6205650568008423,1,-
04/01/2026,CHI,Isaac Okoro,29.16305160522461,11.5,10.43629264831543,4.448206901550293,0.6939079165458679,1,-
04/01/2026,CHI,Collin Sexton,30.7283878326416,21.5,21.257192611694336,7.49191427230835,0.9409498572349548,1,-
04/01/2026,BOS,Payton Pritchard,30.762393951416016,16.5,15.912723541259766,5.781772136688232,0.7020093202590942,1,-
04/01/2026,BOS,Neemias Queta,25.721654891967773,9.5,9.294163703918455,5.500335216522217,0.6641595363616943,1,-
04/01/2026,BOS,Jayson Tatum,31.96996688842773,23.5,19.993492126464844,3.5261998176574707,0.7435470819473267,1,-
04/01/2026,BOS,Derrick White,34.37057876586914,16.5,14.944487571716309,3.540485143661499,0.5737977623939514,1,-
04/01/2026,BOS,Baylor Scheierman,21.859193801879883,5.5,4.993513584136963,6.470371246337891,0.793856680393219,1,-
04/01/2026,ATL,Jonathan Kuminga,22.431787490844727,9.5,9.42577075958252,6.584461688995361,0.7368302941322327,1,-
04/02/2026,SAS,Luke Kornet,24.526546478271484,6.5,7.524901866912842,5.154537677764893,0.7605679631233215,1,O
04/02/2026,SAS,Keldon Johnson,23.58633804321289,13.5,14.751205444335938,6.315225601196289,0.8294857144355774,1,O
04/02/2026,SAS,Julian Champagnie,28.21914863586425,10.5,11.801104545593262,5.968386173248291,0.7867359519004822,1,O
04/02/2026,SAS,Dylan Harper,22.83969497680664,12.5,13.7732572555542,6.856343746185303,0.7355416417121887,1,O
04/02/2026,POR,Toumani Camara,33.02401351928711,14.5,15.351901054382324,4.565654754638672,0.737030029296875,1,O
04/02/2026,POR,Scoot Henderson,27.30193901062012,16.5,16.636934280395508,5.777335166931152,0.7050146460533142,1,O
04/02/2026,POR,Matisse Thybulle,18.17266082763672,6.5,6.952160835266113,5.611495018005371,0.702857494354248,1,O
04/02/2026,POR,Kris Murray,23.97629165649414,5.5,6.816493034362793,6.019566535949707,0.8111875653266907,1,O
04/02/2026,POR,Jrue Holiday,30.084461212158203,17.5,19.375980377197266,6.41841983795166,0.7510178685188293,1,O
04/02/2026,PHO,Royce O'Neale,25.14714813232422,7.5,7.851714611053467,3.938866376876831,0.7623612284660339,1,O
04/02/2026,PHO,Oso Ighodaro,27.751129150390625,5.5,8.334233283996582,5.012776851654053,0.7934938669204712,1,O
04/02/2026,PHO,Mark Williams,16.802993774414062,6.5,6.84913969039917,7.73996639251709,0.8380013108253479,1,O
04/02/2026,PHO,Jalen Green,28.208057403564453,16.5,18.500885009765625,6.840081691741943,0.7674352526664734,1,O
04/02/2026,PHO,Grayson Allen,25.85205078125,12.5,14.573929786682127,7.487928867340088,0.7523953318595886,1,O
04/02/2026,PHO,Dillon Brooks,28.41695785522461,15.5,15.624551773071287,6.120410919189453,0.8224152326583862,1,O
04/02/2026,PHO,Devin Booker,34.12575149536133,25.5,27.81569099426269,3.9556753635406494,0.692701518535614,1,O
04/02/2026,PHO,Collin Gillespie,29.530935287475582,9.5,10.026317596435549,7.08957052230835,0.8669992089271545,1,O
04/02/2026,OKC,Luguentz Dort,28.39674568176269,7.5,8.587244033813477,4.803107261657715,0.7637230753898621,1,O
04/02/2026,OKC,Cason Wallace,23.33113479614257,6.5,7.615867614746094,5.774588584899902,0.8736047148704529,1,O
04/02/2026,OKC,Ajay Mitchell,25.01827621459961,11.5,11.980640411376951,4.4762797355651855,0.914497971534729,1,O
04/02/2026,NOP,Zion Williamson,31.13068199157715,19.5,20.4246768951416,3.0884854793548584,0.7266632914543152,1,O
04/02/2026,NOP,Trey Murphy III,34.26239776611328,19.5,20.68379592895508,4.048924922943115,0.6650572419166565,1,O
04/02/2026,NOP,Saddiq Bey,31.479522705078125,16.5,17.966157913208008,6.062403202056885,0.8451036810874939,1,O
04/02/2026,NOP,Jeremiah Fears,22.63702774047852,9.5,12.345901489257812,5.526540279388428,0.928353190422058,1,O
04/02/2026,NOP,Derik Queen,21.30385398864746,7.5,10.979541778564451,7.859551429748535,0.8989603519439697,1,O
04/02/2026,MIN,Terrence Shannon Jr.,16.733291625976562,3.5,4.5123209953308105,5.629395008087158,0.74457848072052,1,O
04/02/2026,MIN,Rudy Gobert,32.35932159423828,11.5,12.55012321472168,3.664592266082764,0.6989666819572449,1,O
04/02/2026,MIN,Kyle Anderson,21.532081604003903,4.5,5.1929707527160645,5.703683376312256,0.74457848072052,1,O
04/02/2026,MIN,Julius Randle,34.43574523925781,22.5,23.09539031982422,3.739119291305542,0.6918562650680542,1,O
04/02/2026,MIN,Donte DiVincenzo,32.53474807739258,12.5,14.293664932250977,3.467570543289185,0.7973913550376892,1,O
04/02/2026,MIN,Anthony Edwards,28.187349319458008,24.5,27.807729721069336,4.40079927444458,0.7462798953056335,1,O
04/02/2026,LAL,Rui Hachimura,23.616527557373047,7.5,8.873619079589844,6.558560371398926,0.8723205327987671,1,O
04/02/2026,LAL,Luka Doncic,37.55347442626953,30.5,32.12115859985352,4.666927337646484,0.6161860823631287,1,O
04/02/2026,LAL,Jaxson Hayes,19.70292091369629,5.5,8.068431854248047,7.652209758758545,1.045813798904419,1,O
04/02/2026,LAL,Jake LaRavia,30.69536590576172,6.5,8.406882286071777,5.404280185699463,0.8407490253448486,1,O
04/02/2026,LAL,Deandre Ayton,28.7415828704834,8.5,11.476963996887209,6.106202602386475,0.8963152170181274,1,O
04/02/2026,LAL,Austin Reaves,37.406551361083984,19.5,20.15740394592285,3.506436586380005,0.6399860978126526,1,O
04/02/2026,LAC,Kris Dunn,24.7246208190918,4.5,5.834993362426758,4.289978504180908,0.7594711184501648,1,O
04/02/2026,LAC,Jordan Miller,23.49834632873535,7.5,10.10546875,6.439504623413086,0.7717714309692383,1,O
04/02/2026,LAC,Derrick Jones Jr.,29.518644332885746,8.5,8.572866439819336,5.187322616577148,0.8699389696121216,1,O
04/02/2026,GSW,Will Richard,20.838029861450195,5.5,5.565194606781006,4.515115737915039,0.6438513398170471,1,O
04/02/2026,GSW,Pat Spencer,21.5236759185791,5.5,8.278667449951172,4.92979097366333,0.8099493980407715,1,O
04/02/2026,GSW,Gui Santos,29.7237548828125,13.5,14.622186660766602,6.815621852874756,0.8349177837371826,1,O
04/02/2026,GSW,Draymond Green,29.63003730773925,8.5,9.464112281799316,4.314169883728027,0.738688051700592,1,O
04/02/2026,GSW,Brandin Podziemski,31.393184661865234,14.5,15.35785961151123,4.777972221374512,0.8743976950645447,1,O
04/02/2026,DET,Paul Reed,18.20742988586425,7.5,10.165045738220217,8.434747695922852,0.8282151818275452,1,O
04/02/2026,DET,Marcus Sasser,16.577688217163086,4.5,5.235538482666016,6.8221611976623535,0.8099101185798645,1,O
04/02/2026,DET,Kevin Huerter,23.15491104125977,8.5,10.559200286865234,6.947398662567139,0.7754818797111511,1,O
04/02/2026,DET,Duncan Robinson,29.46018409729004,11.5,12.363029479980469,5.284633159637451,0.7448375225067139,1,O
04/02/2026,DET,Daniss Jenkins,32.17252731323242,15.5,16.068843841552734,6.244473934173584,0.5831478238105774,1,O
04/02/2026,CLE,Sam Merrill,25.25508117675781,9.5,12.17068099975586,7.283158779144287,0.8259203433990479,1,O
04/02/2026,CLE,Max Strus,26.549776077270508,9.5,10.6660795211792,5.171519756317139,0.7636365294456482,1,O
04/02/2026,CLE,Keon Ellis,25.152175903320312,6.5,8.5868501663208,6.455992221832275,0.8026624321937561,1,O
04/02/2026,CLE,Jarrett Allen,26.93516540527344,13.5,15.553295135498049,5.938286304473877,0.8312556147575378,1,O
04/02/2026,CLE,James Harden,34.85800552368164,19.5,20.23111724853516,4.298165321350098,0.6648532152175903,1,O
04/02/2026,CLE,Evan Mobley,32.17807388305664,16.5,19.69251251220703,4.351287364959717,0.730463445186615,1,O
04/02/2026,CLE,Donovan Mitchell,33.65797805786133,24.5,24.58799934387207,2.863887548446656,0.6727395057678223,1,O
04/02/2026,CLE,Dennis Schroder,21.47014808654785,7.5,7.823453426361084,4.826215744018555,0.8021501898765564,1,O
04/02/2026,CHO,Ryan Kalkbrenner,17.730871200561523,5.5,5.50825309753418,5.029384136199951,0.9392504096031188,1,O
04/02/2026,CHO,Moussa Diabate,28.35125541687012,7.5,7.682827949523926,3.9539120197296143,0.8530052304267883,1,O
04/02/2026,CHO,Miles Bridges,31.301023483276367,13.5,16.1144962310791,3.7265448570251465,0.704504132270813,1,O
04/02/2026,CHO,Kon Knueppel,32.12260818481445,17.5,17.580154418945312,5.270750522613525,0.7304462790489197,1,O
04/02/2026,CHO,Grant Williams,18.98266220092773,5.5,6.26885986328125,6.522944927215576,0.9505363702774048,1,O
04/02/2026,SAS,Victor Wembanyama,26.278947830200195,25.5,22.34921264648437,7.1045403480529785,0.7233582735061646,1,-
04/02/2026,SAS,Stephon Castle,31.377105712890625,18.5,17.985572814941406,3.645390272140503,0.6586418151855469,1,-
04/02/2026,SAS,Harrison Barnes,21.034076690673828,8.5,7.394523620605469,5.998786449432373,0.7495338320732117,1,-
04/02/2026,SAS,Devin Vassell,30.17130470275879,14.5,12.832947731018066,4.519954681396484,0.7249760627746582,1,-
04/02/2026,SAS,De'Aaron Fox,29.53623580932617,19.5,16.20698356628418,4.940343856811523,0.773444414138794,1,-
04/02/2026,POR,Robert Williams,17.352371215820312,7.5,7.07191276550293,7.192498207092285,0.8222701549530029,1,-
04/02/2026,POR,Donovan Clingan,27.876449584960938,14.5,11.312968254089355,5.432903289794922,0.6767630577087402,1,-
04/02/2026,POR,Deni Avdija,33.750709533691406,26.5,22.731569290161133,4.311159133911133,0.6927831768989563,1,-
04/02/2026,OKC,Shai Gilgeous-Alexander,35.92107009887695,31.5,28.68718719482422,6.224191665649414,0.7656698822975159,1,-
04/02/2026,OKC,Jalen Williams,30.27558135986328,18.5,17.441694259643555,3.6873583793640137,0.7013145089149475,1,-
04/02/2026,OKC,Isaiah Hartenstein,25.1552963256836,7.5,7.365932941436768,4.389083862304688,0.7819377779960632,1,-
04/02/2026,OKC,Chet Holmgren,30.264726638793945,15.5,15.13372039794922,4.547671794891357,0.6896001100540161,1,-
04/02/2026,NOP,Yves Missi,20.77911376953125,5.5,5.19569730758667,4.979171276092529,0.8184822201728821,1,-
04/02/2026,NOP,Herbert Jones,30.61962127685547,9.5,8.876659393310547,2.877751350402832,0.6946595907211304,1,-
04/02/2026,NOP,Dejounte Murray,27.79083633422852,16.5,14.001172065734863,5.896249771118164,0.7876186370849609,1,-
04/02/2026,MIN,Naz Reid,27.12527084350586,14.5,12.93575382232666,6.041325569152832,0.8174542784690857,1,-
04/02/2026,MIN,Mike Conley,25.80411529541016,5.5,5.422381401062012,3.186606168746948,0.7394761443138123,1,-
04/02/2026,MIN,Bones Hyland,22.55893516540528,12.5,12.141468048095703,6.51903247833252,0.7755351066589355,1,-
04/02/2026,MIN,Ayo Dosunmu,31.39044761657715,16.5,15.763795852661133,3.7967159748077393,0.8649795651435852,1,-
04/02/2026,LAL,Luke Kennard,21.579776763916016,7.5,7.320786476135254,6.164223670959473,0.9041213989257812,1,-
04/02/2026,LAL,LeBron James,33.85923767089844,18.5,17.951557159423828,2.874191999435425,0.6897671818733215,1,-
04/02/2026,LAC,Kawhi Leonard,32.36750411987305,27.5,26.28643798828125,6.167597770690918,0.6391612887382507,1,-
04/02/2026,LAC,John Collins,29.809749603271484,12.5,12.05672550201416,7.288680553436279,0.7261725068092346,1,-
04/02/2026,LAC,Darius Garland,31.99256706237793,20.5,18.120893478393555,8.165644645690918,0.6816087365150452,1,-
04/02/2026,LAC,Brook Lopez,29.661752700805664,11.5,11.264137268066406,5.81520938873291,0.7299332022666931,1,-
04/02/2026,LAC,Bennedict Mathurin,26.018110275268555,16.5,15.594091415405272,6.855452537536621,0.8023682832717896,1,-
04/02/2026,GSW,Kristaps Porzingis,26.78580093383789,19.5,16.333040237426758,6.589913845062256,0.780447244644165,1,-
04/02/2026,GSW,Gary Payton II,19.391542434692383,9.5,9.441259384155272,7.222830295562744,0.9322503209114076,1,-
04/02/2026,GSW,De'Anthony Melton,24.699426651000977,13.5,10.992558479309082,5.130925178527832,0.759121298789978,1,-
04/02/2026,DET,Tobias Harris,30.85060310363769,14.5,14.249391555786133,5.111165046691895,0.6436530351638794,1,-
04/02/2026,DET,Jalen Duren,30.89902114868164,22.5,21.306224822998047,6.612084865570068,0.7794243097305298,1,-
04/02/2026,DET,Caris LeVert,20.67302322387696,7.5,7.293454647064209,5.170034408569336,0.7221779823303223,1,-
04/02/2026,DET,Ausar Thompson,28.14104461669922,9.5,8.353466987609863,3.479952573776245,0.684471607208252,1,-
04/02/2026,CHO,LaMelo Ball,29.695253372192383,20.5,19.921724319458008,5.546996593475342,0.8256138563156128,1,-
04/02/2026,CHO,Coby White,20.79067611694336,14.5,14.35903549194336,8.069683074951172,0.8625146746635437,1,-
04/02/2026,CHO,Brandon Miller,31.51569557189941,19.5,18.48744773864746,4.986661911010742,0.7474077343940735,1,-
04/03/2026,UTA,Kyle Filipowski,28.97203826904297,15.5,16.600807189941406,5.958152770996094,0.8159984946250916,1,O
04/03/2026,UTA,John Konchar,30.74224281311035,7.5,7.505439758300781,5.526256561279297,0.7997504472732544,1,O
04/03/2026,TOR,Sandro Mamukelashvili,21.29488945007324,11.5,12.52985668182373,7.925007820129394,1.018460035324097,1,O
04/03/2026,TOR,Jamal Shead,23.18114280700684,7.5,7.651296138763428,5.469515323638916,0.777237594127655,1,O
04/03/2026,TOR,Jakob Poeltl,26.888648986816406,11.5,13.387212753295898,6.448042869567871,0.7973618507385254,1,O
04/03/2026,TOR,Collin Murray-Boyles,19.354103088378903,8.5,9.470202445983888,7.034456253051758,0.9131223559379578,1,O
04/03/2026,SAC,Precious Achiuwa,30.171350479125977,14.5,15.952913284301758,8.175111770629883,0.7608076930046082,1,O
04/03/2026,SAC,DeMar DeRozan,33.99736022949219,19.5,20.865177154541016,9.116154670715332,0.7297311425209045,1,O
04/03/2026,PHI,VJ Edgecombe,34.994659423828125,12.5,15.536006927490234,4.6571197509765625,0.6931820511817932,1,O
04/03/2026,PHI,Tyrese Maxey,38.49288177490234,26.5,29.69292449951172,4.283170223236084,0.605446994304657,1,O
04/03/2026,PHI,Quentin Grimes,29.431123733520508,8.5,11.062843322753906,5.126833915710449,0.6763027906417847,1,O
04/03/2026,PHI,Paul George,32.121829986572266,15.5,21.38370132446289,6.863205909729004,0.8022460341453552,1,O
04/03/2026,PHI,Kelly Oubre Jr.,26.504297256469727,10.5,11.14216423034668,5.912527561187744,0.8198136687278748,1,O
04/03/2026,PHI,Joel Embiid,33.10028839111328,28.5,30.079906463623047,6.949199676513672,0.8267091512680054,1,O
04/03/2026,PHI,Dominick Barlow,25.890087127685547,4.5,5.33155632019043,3.729105472564697,0.6806132793426514,1,O
04/03/2026,ORL,Wendell Carter Jr.,30.123003005981445,11.5,11.995327949523926,6.518833637237549,0.819072961807251,1,O
04/03/2026,ORL,Jevon Carter,20.615589141845703,6.5,6.908000469207764,5.869837760925293,0.8207367062568665,1,O
04/03/2026,NOP,Yves Missi,26.30458068847656,6.5,8.936307907104492,4.418054580688477,0.863606870174408,1,O
04/03/2026,NOP,Trey Murphy III,35.56769561767578,20.5,21.314922332763672,6.388938426971436,0.7158372402191162,1,O
04/03/2026,NOP,Saddiq Bey,32.05945587158203,18.5,19.33181953430176,6.896237850189209,0.8690704107284546,1,O
04/03/2026,NOP,Herbert Jones,30.99257469177246,9.5,10.388651847839355,3.351202964782715,0.6743302941322327,1,O
04/03/2026,NOP,Derik Queen,23.28629493713379,11.5,11.77797508239746,7.192261219024658,0.7945762276649475,1,O
04/03/2026,MIN,Rudy Gobert,32.02846908569336,10.5,12.05703830718994,4.596075534820557,0.6791647672653198,1,O
04/03/2026,MIN,Naz Reid,25.47724151611328,12.5,12.61503791809082,9.759344100952148,0.8541780710220337,1,O
04/03/2026,MIN,Julius Randle,33.87376403808594,19.5,19.784467697143555,4.390523433685303,0.6233976483345032,1,O
04/03/2026,MIN,Donte DiVincenzo,31.815448760986328,10.5,12.67735767364502,4.550673484802246,0.7708731889724731,1,O
04/03/2026,MIN,Bones Hyland,20.666805267333984,9.5,10.262236595153809,8.463822364807129,0.9772399663925172,1,O
04/03/2026,MIN,Anthony Edwards,34.43961334228516,25.5,26.764020919799805,5.963415622711182,0.6767846941947937,1,O
04/03/2026,MIL,Taurean Prince,25.911739349365234,8.5,8.945075988769531,5.893039226531982,0.7035724520683289,1,O
04/03/2026,MIL,Pete Nance,28.74696922302246,9.5,9.63581085205078,5.10485315322876,0.6653762459754944,1,O
04/03/2026,MEM,Taylor Hendricks,27.010942459106445,9.5,10.464265823364258,4.6091742515563965,0.734113335609436,1,O
04/03/2026,IND,Pascal Siakam,33.693302154541016,22.5,25.66806602478028,4.929177284240723,0.7741513848304749,1,O
04/03/2026,IND,Jay Huff,25.18783569335937,9.5,9.894855499267578,7.104984283447266,0.6297760605812073,1,O
04/03/2026,IND,Ben Sheppard,27.40339469909668,8.5,9.55018711090088,5.353848457336426,0.6282183527946472,1,O
04/03/2026,HOU,Reed Sheppard,31.54591941833496,15.5,16.341203689575195,6.966729640960693,0.9240689873695374,1,O
04/03/2026,HOU,Kevin Durant,37.346927642822266,23.5,26.424341201782227,3.801795721054077,0.7058061957359314,1,O
04/03/2026,HOU,Jabari Smith Jr.,35.84792709350586,15.5,15.927431106567385,3.965146064758301,0.6294887065887451,1,O
04/03/2026,DAL,Klay Thompson,20.157094955444336,9.5,10.66008472442627,7.210197448730469,0.8902082443237305,1,O
04/03/2026,DAL,Khris Middleton,19.68329429626465,8.5,9.640707015991213,9.013318061828612,0.8322673439979553,1,O
04/03/2026,DAL,Daniel Gafford,24.350000381469727,10.5,13.128944396972656,7.096986293792725,0.8359981179237366,1,O
04/03/2026,CHO,Miles Bridges,31.665491104125977,15.5,16.28997039794922,4.453466892242432,0.7458882331848145,1,O
04/03/2026,CHO,LaMelo Ball,28.90104484558105,19.5,21.92868423461914,6.853302955627441,0.8744348287582397,1,O
04/03/2026,CHO,Kon Knueppel,32.5634765625,17.5,19.965484619140625,5.819582939147949,0.739235520362854,1,O
04/03/2026,CHO,Coby White,20.94558906555176,16.5,17.18671226501465,8.241584777832031,0.9114958643913268,1,O
04/03/2026,CHO,Brandon Miller,32.09708023071289,20.5,22.091562271118164,4.910223960876465,0.8643565773963928,1,O
04/03/2026,CHI,Tre Jones,28.11028480529785,13.5,13.781871795654297,7.9831862449646,0.8810368180274963,1,O
04/03/2026,CHI,Isaac Okoro,27.457149505615234,8.5,8.53223705291748,6.971331596374512,0.8012050986289978,1,O
04/03/2026,BRK,Ziaire Williams,23.260400772094727,10.5,12.325514793395996,7.533746719360352,0.7872986793518066,1,O
04/03/2026,BRK,Nolan Traore,26.27773094177246,10.5,10.967029571533203,4.930421829223633,0.8088476061820984,1,O
04/03/2026,BOS,Sam Hauser,27.944141387939453,8.5,9.400943756103516,6.934972286224365,0.8292785286903381,1,O
04/03/2026,BOS,Payton Pritchard,30.0943546295166,15.5,17.884830474853516,6.721309185028076,0.8164588809013367,1,O
04/03/2026,BOS,Neemias Queta,27.450847625732425,9.5,10.457438468933104,6.347051620483398,0.7531022429466248,1,O
04/03/2026,BOS,Luka Garza,17.718400955200195,6.5,8.54131031036377,7.2078447341918945,0.8964323401451111,1,O
04/03/2026,BOS,Jaylen Brown,35.17250442504883,25.5,28.66536331176757,4.523356914520264,0.6896865963935852,1,O
04/03/2026,BOS,Baylor Scheierman,21.428916931152344,5.5,6.02148962020874,7.55680513381958,0.9427965879440308,1,O
04/03/2026,ATL,Zaccharie Risacher,18.555465698242188,7.5,8.102792739868164,6.145810604095459,0.7274000644683838,1,O
04/03/2026,ATL,Onyeka Okongwu,31.68117332458496,14.5,15.05234146118164,2.5663952827453613,0.600977897644043,1,O
04/03/2026,ATL,Nickeil Alexander-Walker,33.532997131347656,19.5,19.893693923950195,5.650489330291748,0.7169588208198547,1,O
04/03/2026,ATL,Jalen Johnson,35.45614242553711,22.5,22.53883552551269,2.9600396156311035,0.5161438584327698,1,O
04/03/2026,ATL,Dyson Daniels,32.77406692504883,11.5,12.447872161865234,3.5966928005218506,0.5971856117248535,1,O
04/03/2026,UTA,Cody Williams,32.80841445922852,14.5,13.442413330078123,3.405573606491089,0.7004104852676392,1,-
04/03/2026,UTA,Brice Sensabaugh,30.38038825988769,20.5,20.24359893798828,5.652746200561523,0.8815009593963623,1,-
04/03/2026,UTA,Ace Bailey,32.233795166015625,18.5,15.943167686462402,4.099688529968262,0.6635848879814148,1,-
04/03/2026,TOR,Scottie Barnes,32.859893798828125,19.5,18.06060218811035,3.891678094863892,0.6094024777412415,1,-
04/03/2026,TOR,RJ Barrett,31.012237548828125,21.5,19.94934463500977,5.226944923400879,0.8100191354751587,1,-
04/03/2026,TOR,Ja'Kobe Walter,26.709922790527344,10.5,9.18427848815918,5.34626579284668,0.7862825989723206,1,-
04/03/2026,TOR,Brandon Ingram,33.59791564941406,21.5,20.45290946960449,3.822202920913696,0.5653907060623169,1,-
04/03/2026,SAC,Nique Clifford,32.28717422485352,13.5,11.864053726196287,2.724886178970337,0.5514150261878967,1,-
04/03/2026,SAC,Maxime Raynaud,29.777109146118164,15.5,14.493873596191406,7.851610660552978,0.810725212097168,1,-
04/03/2026,SAC,Malik Monk,25.339889526367188,14.5,13.802992820739746,7.476388454437256,0.8113754987716675,1,-
04/03/2026,SAC,Dylan Cardwell,19.202224731445312,4.5,4.396356582641602,6.050549983978272,0.7360710501670837,1,-
04/03/2026,SAC,Devin Carter,26.55949211120605,13.5,13.149046897888184,5.6932053565979,0.793836772441864,1,-
04/03/2026,PHI,Adem Bona,17.521146774291992,7.5,3.198366641998291,4.508931636810303,0.7881947755813599,1,-
04/03/2026,ORL,Paolo Banchero,35.58903121948242,23.5,20.343076705932617,3.496821165084839,0.6131312251091003,1,-
04/03/2026,ORL,Jalen Suggs,29.40201759338379,14.5,14.024831771850586,2.861677408218384,0.6361944675445557,1,-
04/03/2026,ORL,Franz Wagner,29.11296272277832,15.5,13.690730094909668,5.385670185089111,0.7401915192604065,1,-
04/03/2026,ORL,Desmond Bane,34.17361068725586,21.5,20.188905715942383,3.4707109928131104,0.6428198218345642,1,-
04/03/2026,NYK,OG Anunoby,34.48121643066406,17.5,17.240137100219727,4.0929718017578125,0.6845994591712952,1,-
04/03/2026,NYK,Mitchell Robinson,23.0368595123291,7.5,7.039756774902344,5.293740749359131,0.8171263933181763,1,-
04/03/2026,NYK,Mikal Bridges,33.530086517333984,15.5,13.37601375579834,2.8448448181152344,0.6468044519424438,1,-
04/03/2026,NYK,Karl-Anthony Towns,26.91366958618164,20.5,20.0022029876709,6.180683612823486,0.8389600515365601,1,-
04/03/2026,NYK,Josh Hart,32.232818603515625,13.5,12.484935760498049,3.5918896198272705,0.7173414826393127,1,-
04/03/2026,NYK,Jalen Brunson,35.869163513183594,26.5,24.97543334960937,2.973374128341675,0.4774796366691589,0,-
04/03/2026,NOP,Zion Williamson,31.3700008392334,21.5,20.79718017578125,4.28412675857544,0.7555946111679077,1,-
04/03/2026,NOP,Jeremiah Fears,23.78852653503418,14.5,13.264708518981934,5.239254474639893,0.8698111772537231,1,-
04/03/2026,MIN,Ayo Dosunmu,30.913705825805664,15.5,13.78107738494873,4.648488998413086,0.7534376382827759,1,-
04/03/2026,MIL,Ryan Rollins,29.086854934692383,19.5,17.938032150268555,4.440596103668213,0.6442503929138184,1,-
04/03/2026,MIL,Ousmane Dieng,31.011648178100582,16.5,15.302556037902832,4.486796379089356,0.6333413124084473,1,-
04/03/2026,MIL,Myles Turner,28.360889434814453,11.5,10.305682182312012,5.872740745544434,0.7573995590209961,1,-
04/03/2026,MIL,Kyle Kuzma,27.542377471923828,14.5,13.456379890441896,6.256772041320801,0.6884691715240479,1,-
04/03/2026,MIL,Jericho Sims,24.64872932434082,6.5,5.469223976135254,5.765981674194336,0.6653022766113281,1,-
04/03/2026,MIL,Gary Trent Jr.,24.050975799560547,11.5,9.65827178955078,6.577177047729492,0.7346099615097046,1,-
04/03/2026,MIL,Andre Jackson Jr.,19.23491668701172,5.5,4.962806701660156,5.9210381507873535,0.7015014886856079,1,-
04/03/2026,MEM,Cedric Coward,27.57884979248047,14.5,13.677124977111816,5.481022357940674,0.7344434261322021,1,-
04/03/2026,IND,Quenton Jackson,24.539594650268555,10.5,9.497221946716309,5.674487113952637,0.6500908136367798,1,-
04/03/2026,IND,Obi Toppin,20.91779327392578,10.5,9.855656623840332,5.550611972808838,0.7293874621391296,1,-
04/03/2026,IND,Kobe Brown,29.929975509643555,10.5,10.208610534667969,4.718935012817383,0.6461507081985474,1,-
04/03/2026,HOU,Tari Eason,24.696163177490234,11.5,9.67718505859375,4.042191982269287,0.68375563621521,1,-
04/03/2026,HOU,Amen Thompson,37.54620361328125,18.5,18.40602684020996,3.71430778503418,0.7093717455863953,1,-
04/03/2026,HOU,Alperen Sengun,33.606597900390625,20.5,20.476430892944336,4.569494247436523,0.6988791227340698,1,-
04/03/2026,HOU,Aaron Holiday,17.342575073242188,6.5,5.537741661071777,6.788109302520752,0.9981627464294434,1,-
04/03/2026,DAL,Ryan Nembhard,24.57615852355957,7.5,7.249264240264893,6.811694622039795,0.8452927470207214,1,-
04/03/2026,DAL,Naji Marshall,31.793195724487305,16.5,16.219364166259766,7.788847923278809,0.8525182008743286,1,-
04/03/2026,DAL,Max Christie,29.41523551940918,10.5,9.844876289367676,5.786078453063965,0.8097558617591858,1,-
04/03/2026,DAL,Cooper Flagg,34.19895553588867,23.5,22.42024612426757,6.331883907318115,0.791883647441864,1,-
04/03/2026,DAL,Brandon Williams,21.94393920898437,13.5,11.723339080810549,6.519330024719238,0.8389509916305542,1,-
04/03/2026,CHO,Sion James,21.06696510314941,5.5,4.922145366668701,5.597586631774902,0.7612125277519226,1,-
04/03/2026,CHO,Ryan Kalkbrenner,26.0376033782959,9.5,8.242881774902344,5.126687526702881,0.793110728263855,1,-
04/03/2026,CHO,Moussa Diabate,23.26460647583008,8.5,7.613888740539551,5.455254077911377,0.9436684250831604,1,-
04/03/2026,CHI,Nick Richards,20.46051025390625,8.5,6.577399253845215,6.799688816070557,0.8596570491790771,1,-
04/03/2026,CHI,Matas Buzelis,30.1070556640625,17.5,17.07754898071289,6.702759265899658,0.7849885821342468,1,-
04/03/2026,CHI,Josh Giddey,33.38117599487305,15.5,14.79998779296875,4.347843647003174,0.6644797325134277,1,-
04/03/2026,CHI,Guerschon Yabusele,26.53745079040528,10.5,10.132373809814451,7.485802173614502,0.962842345237732,1,-
04/03/2026,BRK,Noah Clowney,27.447668075561523,10.5,10.1928071975708,4.944538116455078,0.757578432559967,1,-
04/03/2026,BRK,Drake Powell,26.069204330444336,8.5,8.058000564575195,5.077662467956543,0.767195999622345,1,-
04/03/2026,BRK,Ben Saraf,21.791582107543945,9.5,7.993730068206787,6.022528648376465,0.906358003616333,1,-
04/03/2026,BOS,Jayson Tatum,31.96645164489746,22.5,21.667325973510746,5.837482452392578,0.7376725673675537,1,-
04/03/2026,BOS,Derrick White,33.8222770690918,15.5,14.077229499816896,5.418044090270996,0.5378409028053284,1,-
04/03/2026,ATL,Mouhamed Gueye,16.808300018310547,4.5,3.692152738571167,4.710219383239746,0.6535876393318176,1,-
04/03/2026,ATL,Jonathan Kuminga,21.33181953430176,12.5,9.413114547729492,5.152289390563965,0.7104625701904297,1,-
04/03/2026,ATL,CJ McCollum,30.092735290527344,17.5,16.74765396118164,4.035356521606445,0.7259412407875061,1,-
04/04/2026,WAS,Justin Champagnie,21.77624893188477,10.5,10.96424961090088,7.259452819824219,0.8680152297019958,1,O
04/04/2026,WAS,Bilal Coulibaly,28.011817932128903,11.5,12.526446342468262,7.044934749603272,0.8154588341712952,1,O
04/04/2026,WAS,Anthony Gill,29.42013359069824,8.5,10.151397705078123,5.609402656555176,0.7453593015670776,1,O
04/04/2026,SAS,Stephon Castle,31.37557411193848,17.5,18.61515045166016,4.224117279052734,0.6176424622535706,1,O
04/04/2026,SAS,Julian Champagnie,28.204553604125977,9.5,13.13902473449707,8.514583587646484,0.8788058161735535,1,O
04/04/2026,SAS,Dylan Harper,22.68562126159668,11.5,12.005959510803224,6.6244072914123535,0.8450739979743958,1,O
04/04/2026,SAS,Devin Vassell,30.662914276123047,12.5,13.777884483337402,5.217916965484619,0.609809935092926,1,O
04/04/2026,PHI,VJ Edgecombe,35.51788330078125,15.5,15.517358779907228,4.991867542266846,0.7813101410865784,1,O
04/04/2026,PHI,Tyrese Maxey,39.14556121826172,27.5,27.90702247619629,4.443948745727539,0.6374975442886353,1,O
04/04/2026,PHI,Quentin Grimes,29.35982894897461,11.5,11.842378616333008,4.1056718826293945,0.7278491854667664,1,O
04/04/2026,PHI,Paul George,33.309478759765625,18.5,22.4000186920166,8.806578636169434,0.8054907321929932,1,O
04/04/2026,PHI,Kelly Oubre Jr.,34.829708099365234,12.5,15.849641799926758,4.270231246948242,0.8200185894966125,1,O
04/04/2026,MIA,Tyler Herro,28.96499252319336,24.5,25.270273208618164,6.535778522491455,0.8115633726119995,1,O
04/04/2026,MIA,Pelle Larsson,32.199859619140625,15.5,16.40117645263672,7.360062599182129,0.8278253078460693,1,O
04/04/2026,MIA,Bam Adebayo,34.36099624633789,26.5,26.51732444763184,9.621094703674316,0.8699862957000732,1,O
04/04/2026,DET,Kevin Huerter,22.9993953704834,9.5,10.98054027557373,7.94683837890625,0.8473624587059021,1,O
04/04/2026,DET,Duncan Robinson,29.33765983581543,12.5,13.332269668579102,5.303117275238037,0.7655030488967896,1,O
04/04/2026,DET,Daniss Jenkins,32.44445037841797,17.5,18.192476272583008,4.877531051635742,0.6341278553009033,1,O
04/04/2026,DEN,Jamal Murray,37.0558967590332,25.5,26.58201026916504,6.782977104187012,0.583400309085846,1,O
04/04/2026,DEN,Christian Braun,33.20892333984375,11.5,12.633447647094728,4.258516788482666,0.6705789566040039,1,O
04/04/2026,DEN,Cameron Johnson,31.895143508911133,12.5,12.536946296691896,3.7064194679260254,0.6811028122901917,1,O
04/04/2026,DEN,Aaron Gordon,30.53999137878418,13.5,14.46613311767578,3.8597705364227295,0.6063498854637146,1,O
04/04/2026,WAS,Will Riley,31.729127883911133,15.5,15.229450225830078,5.1524529457092285,0.8192815780639648,1,-
04/04/2026,WAS,Tre Johnson,26.917518615722656,12.5,11.877092361450195,6.163074493408203,0.9013472199440002,1,-
04/04/2026,SAS,Victor Wembanyama,30.66594314575196,28.5,25.90680885314941,9.57485294342041,0.7628156542778015,1,-
04/04/2026,SAS,Keldon Johnson,23.21906089782715,12.5,12.245942115783691,6.441126346588135,0.863684356212616,1,-
04/04/2026,SAS,De'Aaron Fox,29.70294189453125,16.5,16.320545196533203,3.93194317817688,0.6914508938789368,1,-
04/04/2026,PHI,Dominick Barlow,23.21085548400879,6.5,6.246370315551758,5.287058353424072,0.851173996925354,1,-
04/04/2026,PHI,Adem Bona,18.061147689819336,5.5,4.649890422821045,5.627359390258789,0.8930520415306091,1,-
04/04/2026,MIA,Simone Fontecchio,25.880109786987305,12.5,10.71287441253662,6.728682518005371,0.7676886916160583,1,-
04/04/2026,MIA,Kel'el Ware,19.05620002746582,10.5,9.71653652191162,8.770529747009277,0.9241527318954468,1,-
04/04/2026,MIA,Jaime Jaquez Jr.,28.67444229125977,18.5,15.287832260131836,9.689770698547363,0.8791976571083069,1,-
04/04/2026,MIA,Davion Mitchell,31.497509002685547,11.5,10.805512428283691,5.351150989532471,0.7968791723251343,1,-
04/04/2026,MIA,Andrew Wiggins,32.4291877746582,18.5,16.602272033691406,7.891744613647461,0.8033905029296875,1,-
04/04/2026,DET,Tobias Harris,29.8726749420166,13.5,13.249078750610352,5.59274435043335,0.6966184377670288,1,-
04/04/2026,DET,Jalen Duren,31.784074783325195,22.5,20.731000900268555,6.23078727722168,0.7029714584350586,1,-
04/04/2026,DET,Ausar Thompson,28.238155364990234,10.5,9.483546257019045,4.497504234313965,0.6632708311080933,1,-
04/04/2026,DEN,Tim Hardaway Jr.,24.870399475097656,11.5,11.245176315307615,6.255307197570801,0.8402969241142273,1,-
04/04/2026,DEN,Nikola Jokic,36.450721740722656,27.5,24.179182052612305,1.1788281202316284,0.5383135080337524,1,-
04/04/2026,DEN,Bruce Brown,22.795286178588867,7.5,7.352773666381836,5.899831771850586,0.7398885488510132,1,-
04/05/2026,WAS,Tre Johnson,24.586301803588867,12.5,12.57353973388672,5.996432304382324,0.8695330619812012,1,O
04/05/2026,WAS,Bilal Coulibaly,24.321123123168945,11.5,12.545811653137209,7.226054668426514,0.7990571856498718,1,O
04/05/2026,TOR,Sandro Mamukelashvili,22.12901496887207,9.5,11.56363296508789,6.206611156463623,0.8451494574546814,1,O
04/05/2026,TOR,RJ Barrett,31.187578201293945,18.5,19.15576171875,5.1535258293151855,0.7354794144630432,1,O
04/05/2026,TOR,Jamal Shead,23.812366485595703,6.5,7.079494476318359,4.785845279693604,0.6693388819694519,1,O
04/05/2026,TOR,Jakob Poeltl,26.93428421020508,9.5,11.373178482055664,5.418128967285156,0.6802434325218201,1,O
04/05/2026,SAC,Precious Achiuwa,31.03069877624512,13.5,14.452873229980469,7.832434177398682,0.7546351552009583,1,O
04/05/2026,SAC,Nique Clifford,33.63284683227539,11.5,12.423097610473633,4.024682998657227,0.5900773406028748,1,O
04/05/2026,SAC,Maxime Raynaud,29.71967506408692,14.5,14.68269157409668,7.227607727050781,0.7809286117553711,1,O
04/05/2026,SAC,Devin Carter,27.34403419494629,11.5,12.389890670776367,4.855751514434815,0.7145224213600159,1,O
04/05/2026,SAC,DeMar DeRozan,33.58200454711914,16.5,19.59123420715332,7.313667774200439,0.7438067197799683,1,O
04/05/2026,PHO,Royce O'Neale,24.787334442138672,7.5,7.75294303894043,4.417227745056152,0.8345600366592407,1,O
04/05/2026,PHO,Oso Ighodaro,23.398061752319336,6.5,7.243713855743408,6.178856372833252,0.8845265507698059,1,O
04/05/2026,PHO,Mark Williams,24.98768615722656,9.5,10.37259292602539,6.430916786193848,0.9467470049858092,1,O
04/05/2026,PHO,Grayson Allen,25.95825386047364,13.5,15.754615783691406,5.847229480743408,0.8543677926063538,1,O
04/05/2026,PHO,Devin Booker,34.397605895996094,26.5,28.01109313964844,3.802232265472412,0.6103956699371338,1,O
04/05/2026,PHO,Collin Gillespie,26.87551498413086,10.5,10.978353500366213,6.540874004364014,0.8774864077568054,1,O
04/05/2026,ORL,Wendell Carter Jr.,30.65684700012207,12.5,14.774680137634276,7.028666973114014,0.8341248035430908,1,O
04/05/2026,ORL,Franz Wagner,28.919178009033203,14.5,15.3092679977417,5.059206485748291,0.8271005153656006,1,O
04/05/2026,OKC,Shai Gilgeous-Alexander,35.93898010253906,29.5,33.58820343017578,8.86472225189209,0.8313190937042236,1,O
04/05/2026,OKC,Luguentz Dort,28.59050750732422,7.5,8.222838401794434,5.137424468994141,0.9188307523727416,1,O
04/05/2026,OKC,Jared McCain,17.756845474243164,8.5,8.874019622802734,8.183692932128906,1.0659366846084597,1,O
04/05/2026,OKC,Jalen Williams,30.272016525268555,15.5,18.178077697753903,3.8046774864196777,0.7807034850120544,1,O
04/05/2026,OKC,Isaiah Joe,17.463199615478516,7.5,10.188899040222168,6.369832992553711,0.9416508078575134,1,O
04/05/2026,OKC,Isaiah Hartenstein,24.976545333862305,7.5,7.650881767272949,6.0189714431762695,0.8111978769302368,1,O
04/05/2026,OKC,Chet Holmgren,29.34001922607422,14.5,15.81915283203125,6.372919082641602,0.8244617581367493,1,O
04/05/2026,OKC,Alex Caruso,20.558916091918945,4.5,6.659174919128418,6.078878879547119,0.8836292624473572,1,O
04/05/2026,OKC,Ajay Mitchell,25.195724487304688,11.5,12.721192359924316,3.912541627883911,0.868278980255127,1,O
04/05/2026,NOP,Yves Missi,25.92954635620117,6.5,8.71027660369873,6.059536457061768,0.8828296065330505,1,O
04/05/2026,NOP,Trey Murphy III,29.851533889770508,20.5,21.81504249572754,6.268486499786377,0.7049598097801208,1,O
04/05/2026,NOP,Herbert Jones,29.87213516235352,9.5,9.620355606079102,3.846549272537232,0.7545238137245178,1,O
04/05/2026,MIN,Naz Reid,27.71324348449707,14.5,14.99155330657959,6.824160575866699,0.795401930809021,1,O
04/05/2026,MIN,Mike Conley,24.35977363586425,5.5,6.264647483825684,7.183544635772705,0.6805760860443115,1,O
04/05/2026,MIN,Donte DiVincenzo,31.90215301513672,11.5,12.88390064239502,5.306258201599121,0.7646585702896118,1,O
04/05/2026,MIL,Taurean Prince,24.068115234375,9.5,9.816154479980469,5.748912334442139,0.8455501198768616,1,O
04/05/2026,LAL,Bronny James,16.264760971069336,5.5,5.787037372589111,5.893531322479248,0.830823540687561,1,O
04/05/2026,LAC,Kris Dunn,24.661470413208008,5.5,6.03102445602417,4.278002262115479,0.7688045501708984,1,O
04/05/2026,LAC,Jordan Miller,24.58855056762696,9.5,9.91751480102539,5.572115421295166,0.826923668384552,1,O
04/05/2026,LAC,John Collins,29.89541816711425,11.5,13.735065460205078,5.231339931488037,0.7665029168128967,1,O
04/05/2026,LAC,Derrick Jones Jr.,29.33941650390625,9.5,9.657294273376465,4.668928623199463,0.7966436147689819,1,O
04/05/2026,LAC,Darius Garland,31.601694107055664,19.5,20.873071670532227,9.094173431396484,0.8235543370246887,1,O
04/05/2026,LAC,Brook Lopez,29.898509979248047,10.5,11.33801555633545,7.076245307922363,0.7984750270843506,1,O
04/05/2026,LAC,Bennedict Mathurin,25.616151809692383,16.5,17.42514991760254,8.672369003295898,0.8960260152816772,1,O
04/05/2026,IND,Obi Toppin,22.270479202270508,10.5,11.713467597961426,6.794552803039551,0.8618224263191223,1,O
04/05/2026,HOU,Reed Sheppard,31.56924629211425,14.5,16.035991668701172,7.882928848266602,0.8932190537452698,1,O
04/05/2026,HOU,Kevin Durant,37.32818603515625,23.5,24.33405303955078,4.89281177520752,0.5992463231086731,1,O
04/05/2026,HOU,Jabari Smith Jr.,35.46571350097656,14.5,15.267773628234863,2.987783670425415,0.6332900524139404,1,O
04/05/2026,HOU,Amen Thompson,37.458961486816406,17.5,18.234827041625977,2.5260226726531982,0.5782399773597717,1,O
04/05/2026,HOU,Alperen Sengun,33.17853164672852,18.5,20.816953659057617,5.80096960067749,0.6505381464958191,1,O
04/05/2026,GSW,Stephen Curry,27.457260131835938,19.5,23.48299598693848,6.445269107818604,0.7111832499504089,1,O
04/05/2026,GSW,Gui Santos,29.98402976989746,11.5,15.12448501586914,7.439317226409912,0.8752684593200684,1,O
04/05/2026,GSW,Gary Payton II,20.15807342529297,8.5,10.222333908081056,8.545619010925293,0.9258225560188292,1,O
04/05/2026,GSW,Draymond Green,30.342100143432617,8.5,9.07999038696289,5.087189197540283,0.7942491769790649,1,O
04/05/2026,GSW,Brandin Podziemski,28.020570755004883,12.5,13.886950492858888,7.457197666168213,0.880827009677887,1,O
04/05/2026,DAL,P.J. Washington,31.482988357543945,12.5,12.926499366760254,5.648018836975098,0.7915142774581909,1,O
04/05/2026,DAL,Naji Marshall,31.27530670166016,15.5,17.679746627807617,8.868712425231934,0.9513818025588988,1,O
04/05/2026,DAL,Max Christie,29.535053253173828,9.5,10.762232780456545,5.561617374420166,0.7556620240211487,1,O
04/05/2026,DAL,Klay Thompson,20.610952377319336,9.5,11.200350761413574,7.824512004852295,0.8994011878967285,1,O
04/05/2026,DAL,Daniel Gafford,23.48562431335449,10.5,11.81492805480957,7.125197887420654,0.815403401851654,1,O
04/05/2026,DAL,Brandon Williams,22.52597045898437,12.5,13.34217929840088,7.797166347503662,0.9351322650909424,1,O
04/05/2026,CLE,Max Strus,27.332569122314453,12.5,14.160770416259766,4.823702335357666,0.7626848816871643,1,O
04/05/2026,CLE,Keon Ellis,31.752885818481445,8.5,11.529924392700195,5.50192403793335,0.7999023199081421,1,O
04/05/2026,CLE,James Harden,36.172489166259766,21.5,22.61695671081543,3.5869462490081787,0.5971438884735107,1,O
04/05/2026,CLE,Donovan Mitchell,34.95426940917969,27.5,29.20078086853028,4.760094165802002,0.6926901936531067,1,O
04/05/2026,CLE,Dennis Schroder,23.748140335083008,9.5,10.780083656311035,4.603532791137695,0.7696120142936707,1,O
04/05/2026,CHO,Miles Bridges,30.86748695373535,14.5,16.834970474243164,4.100133895874023,0.687530517578125,1,O
04/05/2026,CHO,Grant Williams,18.51015281677246,5.5,6.79237699508667,6.722503662109375,0.8558552265167236,1,O
04/05/2026,CHO,Coby White,19.889795303344727,14.5,15.90034008026123,8.871461868286133,0.9190372228622437,1,O
04/05/2026,CHO,Brandon Miller,31.43730735778809,19.5,19.74312210083008,6.63352108001709,0.7324387431144714,1,O
04/05/2026,CHI,Tre Jones,29.01784896850586,15.5,16.735218048095703,6.8712568283081055,0.9417256116867064,1,O
04/05/2026,CHI,Guerschon Yabusele,28.011463165283203,10.5,13.467639923095703,7.263574600219727,0.8964927792549133,1,O
04/05/2026,BRK,Noah Clowney,23.75163650512696,11.5,11.745275497436523,8.633148193359375,0.9063540697097778,1,O
04/05/2026,BOS,Sam Hauser,27.89902305603028,7.5,10.304039001464844,7.158931732177734,0.8715882301330566,1,O
04/05/2026,BOS,Neemias Queta,28.029409408569336,8.5,11.683204650878906,8.076213836669922,0.7792652249336243,1,O
04/05/2026,BOS,Jaylen Brown,35.68756484985352,26.5,29.295944213867188,4.23069429397583,0.6273905038833618,1,O
04/05/2026,WAS,Will Riley,32.6686897277832,19.5,17.14913558959961,4.133660793304443,0.8695628643035889,1,-
04/05/2026,UTA,Kyle Filipowski,28.627460479736328,15.5,14.440519332885742,5.974442481994629,0.775166392326355,1,-
04/05/2026,UTA,John Konchar,26.676422119140625,6.5,6.259894371032715,5.358386039733887,0.7681206464767456,1,-
04/05/2026,UTA,Cody Williams,32.9893798828125,15.5,14.35071849822998,4.4031243324279785,0.7027142643928528,1,-
04/05/2026,UTA,Brice Sensabaugh,30.391281127929688,21.5,17.41667938232422,5.44517707824707,0.7371729612350464,1,-
04/05/2026,UTA,Ace Bailey,31.289714813232425,18.5,15.381996154785156,4.189857006072998,0.6945846080780029,1,-
04/05/2026,TOR,Scottie Barnes,33.20352935791016,15.5,14.72142219543457,1.0407363176345823,0.6037189960479736,1,-
04/05/2026,TOR,Ja'Kobe Walter,27.03681373596192,8.5,8.421317100524902,5.7144036293029785,0.7107966542243958,1,-
04/05/2026,TOR,Brandon Ingram,33.39670944213867,19.5,19.40868759155273,1.9748719930648804,0.5329505801200867,1,-
04/05/2026,PHO,Jalen Green,28.50467109680176,20.5,19.110963821411133,6.109866619110107,0.6879199147224426,1,-
04/05/2026,PHO,Dillon Brooks,28.17378616333008,17.5,16.510360717773438,4.87197732925415,0.806826114654541,1,-
04/05/2026,ORL,Paolo Banchero,35.2001953125,22.5,20.183496475219727,2.2293472290039062,0.5995173454284668,1,-
04/05/2026,ORL,Jevon Carter,19.925195693969727,7.5,5.699639797210693,5.4171881675720215,0.8388022780418396,1,-
04/05/2026,ORL,Jalen Suggs,29.098005294799805,14.5,13.650737762451172,3.546527147293091,0.7458996176719666,1,-
04/05/2026,ORL,Desmond Bane,33.968013763427734,21.5,20.45233917236328,6.523696899414063,0.6814334392547607,1,-
04/05/2026,OKC,Cason Wallace,23.267087936401367,7.5,7.48790979385376,6.4103217124938965,0.7484309673309326,1,-
04/05/2026,NOP,Zion Williamson,31.76201820373535,22.5,20.690031051635746,4.205172538757324,0.6785088777542114,1,-
04/05/2026,NOP,Saddiq Bey,32.654380798339844,19.5,19.37465476989746,7.596032619476318,0.8627633452415466,1,-
04/05/2026,NOP,Jeremiah Fears,29.21434593200684,17.5,15.310831069946287,5.760296821594238,0.8466092348098755,1,-
04/05/2026,NOP,Derik Queen,25.027456283569336,12.5,11.10367488861084,6.433779239654541,0.9100512266159058,1,-
04/05/2026,NOP,Dejounte Murray,24.716094970703125,16.5,13.37660312652588,6.748637199401856,0.8214094042778015,1,-
04/05/2026,MIN,Rudy Gobert,31.76865768432617,11.5,10.713565826416016,6.159024715423584,0.7651205062866211,1,-
04/05/2026,MIN,Julius Randle,34.2945671081543,23.5,20.96706199645996,6.039006233215332,0.6415954828262329,1,-
04/05/2026,MIN,Bones Hyland,22.424434661865234,12.5,12.458127975463867,7.366474151611328,0.846347451210022,1,-
04/05/2026,MIN,Ayo Dosunmu,31.86876106262207,17.5,17.139652252197266,6.581516742706299,0.8524722456932068,1,-
04/05/2026,MIN,Anthony Edwards,27.439373016357425,24.5,24.31880569458008,8.5709867477417,0.7698919773101807,1,-
04/05/2026,MIL,Ryan Rollins,32.013729095458984,22.5,17.499298095703125,5.704275131225586,0.71745765209198,1,-
04/05/2026,MIL,Ousmane Dieng,29.682268142700195,14.5,13.873234748840332,6.288144588470459,0.676925003528595,1,-
04/05/2026,MIL,Myles Turner,27.319318771362305,11.5,10.739638328552246,8.034283638000488,0.912861704826355,1,-
04/05/2026,MIL,Kyle Kuzma,27.59451103210449,16.5,14.330851554870604,7.9535040855407715,0.7989876866340637,1,-
04/05/2026,MEM,Taylor Hendricks,27.69717025756836,12.5,12.10871696472168,6.749721050262451,0.7813295125961304,1,-
04/05/2026,MEM,Olivier-Maxence Prosper,25.783203125,16.5,15.635300636291504,10.019312858581545,0.8691562414169312,1,-
04/05/2026,LAL,Rui Hachimura,30.844457626342773,14.5,12.638951301574709,6.053660869598389,0.800719141960144,1,-
04/05/2026,LAL,Luke Kennard,28.462146759033203,13.5,10.841914176940918,5.769778251647949,0.7782602310180664,1,-
04/05/2026,LAL,LeBron James,33.88918685913086,25.5,22.536251068115234,2.1685376167297363,0.6730786561965942,1,-
04/05/2026,LAL,Jake LaRavia,31.18301773071289,12.5,10.071914672851562,6.351553440093994,0.7160635590553284,1,-
04/05/2026,LAL,Deandre Ayton,29.30850982666016,15.5,13.275071144104004,6.175116062164307,0.7922868132591248,1,-
04/05/2026,LAC,Kawhi Leonard,32.506370544433594,28.5,27.094688415527344,7.632726192474365,0.726460337638855,1,-
04/05/2026,IND,Quenton Jackson,26.566160202026367,14.5,11.945547103881836,6.336521148681641,0.7593997716903687,1,-
04/05/2026,IND,Kobe Brown,30.751298904418945,12.5,12.318887710571287,4.09527587890625,0.7235252857208252,1,-
04/05/2026,IND,Jay Huff,22.210588455200195,13.5,11.066567420959473,5.703145503997803,0.7954562306404114,1,-
04/05/2026,IND,Jarace Walker,23.75260734558105,16.5,13.132043838500977,6.281215667724609,0.8439532518386841,1,-
04/05/2026,HOU,Tari Eason,24.41712760925293,10.5,10.2161283493042,3.504796504974365,0.7231526970863342,1,-
04/05/2026,GSW,Kristaps Porzingis,27.79366874694824,18.5,17.606426239013672,8.496115684509277,0.8126848340034485,1,-
04/05/2026,GSW,De'Anthony Melton,25.28462219238281,13.5,11.404175758361816,7.293604850769043,0.8019341826438904,1,-
04/05/2026,DAL,Cooper Flagg,34.10891342163086,24.5,21.72920036315918,8.14108657836914,0.7262157201766968,1,-
04/05/2026,CLE,Thomas Bryant,26.770553588867188,12.5,11.676685333251951,5.509563446044922,0.7887091040611267,1,-
04/05/2026,CLE,Nae'Qwan Tomlin,18.087936401367188,9.5,6.62677001953125,4.886386871337891,0.7471779584884644,1,-
04/05/2026,CHO,Moussa Diabate,28.28620147705078,7.5,7.229787826538086,3.762153387069702,0.8117564916610718,1,-
04/05/2026,CHO,LaMelo Ball,29.018291473388672,20.5,18.29819679260254,7.736359596252441,0.8003913164138794,1,-
04/05/2026,CHO,Kon Knueppel,31.856584548950195,18.5,17.71796417236328,7.699202060699463,0.7234073281288147,1,-
04/05/2026,CHI,Matas Buzelis,27.510406494140625,17.5,17.072856903076172,8.217041969299316,0.8929618000984192,1,-
04/05/2026,CHI,Leonard Miller,27.81475830078125,15.5,14.583600997924805,7.037236213684082,0.8313012719154358,1,-
04/05/2026,CHI,Josh Giddey,28.85548591613769,16.5,15.259946823120115,2.084879159927368,0.7304273843765259,1,-
04/05/2026,CHI,Isaac Okoro,28.10819435119629,10.5,9.055458068847656,4.656464576721191,0.7943567037582397,1,-
04/05/2026,CHI,Collin Sexton,30.48717498779297,21.5,19.500717163085938,8.925806999206543,0.8432080149650574,1,-
04/05/2026,BRK,Terance Mann,21.518543243408203,8.5,6.8223557472229,4.339272499084473,0.7934507131576538,1,-
04/05/2026,BRK,Nolan Traore,27.78917694091797,14.5,12.244470596313477,6.311727046966553,0.8414750695228577,1,-
04/05/2026,BRK,Josh Minott,22.89546775817871,14.5,14.314491271972656,6.496481418609619,0.8105289936065674,1,-
04/05/2026,BRK,Drake Powell,27.59358787536621,11.5,8.888184547424316,4.433197498321533,0.803880512714386,1,-
04/05/2026,BOS,Payton Pritchard,30.25209045410156,15.5,14.99737548828125,7.917853355407715,0.8981218934059143,1,-
04/05/2026,BOS,Jayson Tatum,31.95499610900879,22.5,21.301502227783203,5.313735485076904,0.7087148427963257,1,-
04/05/2026,BOS,Derrick White,34.59062576293945,15.5,13.652349472045898,3.87191104888916,0.5283552408218384,1,-
04/06/2026,SAS,Keldon Johnson,22.930578231811523,11.5,14.083297729492188,8.285880088806152,0.8958045840263367,1,O
04/06/2026,SAS,Julian Champagnie,28.453807830810547,10.5,12.350046157836914,8.899092674255371,0.8847119212150574,1,O
04/06/2026,SAS,Harrison Barnes,20.85025405883789,6.5,7.450459957122803,7.287460327148437,0.8484474420547485,1,O
04/06/2026,SAS,Dylan Harper,22.559717178344727,11.5,13.243928909301758,7.554186344146728,0.9191059470176696,1,O
04/06/2026,SAS,Devin Vassell,31.6265869140625,13.5,13.81291389465332,5.411711692810059,0.6844918727874756,1,O
04/06/2026,POR,Scoot Henderson,26.53570556640625,14.5,15.285503387451172,5.237210273742676,0.7317062020301819,1,O
04/06/2026,POR,Matisse Thybulle,19.975086212158203,7.5,7.637702465057373,5.552576541900635,0.8387085199356079,1,O
04/06/2026,POR,Jrue Holiday,30.751081466674805,17.5,18.170503616333008,7.133625507354736,0.8034243583679199,1,O
04/06/2026,PHI,VJ Edgecombe,35.53634262084961,11.5,13.311216354370115,4.545872211456299,0.6976901888847351,1,O
04/06/2026,PHI,Tyrese Maxey,37.918556213378906,24.5,24.608810424804688,1.602138876914978,0.567104160785675,1,O
04/06/2026,PHI,Quentin Grimes,26.93903541564941,7.5,9.246419906616213,4.269175052642822,0.8047662973403931,1,O
04/06/2026,PHI,Paul George,32.36812210083008,17.5,19.32405662536621,6.451769828796387,0.7884133458137512,1,O
04/06/2026,PHI,Kelly Oubre Jr.,33.266632080078125,10.5,12.301986694335938,5.022675514221191,0.8785107135772705,1,O
04/06/2026,ORL,Wendell Carter Jr.,30.87158966064453,10.5,12.732422828674316,7.866393089294434,0.8111972808837891,1,O
04/06/2026,ORL,Anthony Black,22.830062866210938,8.5,9.46006202697754,6.214483261108398,0.917593479156494,1,O
04/06/2026,NYK,OG Anunoby,34.109458923339844,16.5,16.970914840698242,4.6130781173706055,0.7267103791236877,1,O
04/06/2026,NYK,Mikal Bridges,32.93377685546875,12.5,13.600993156433104,1.848910450935364,0.7054562568664551,1,O
04/06/2026,NYK,Landry Shamet,20.70761680603028,7.5,8.780414581298828,5.730873107910156,0.9350247383117676,1,O
04/06/2026,NYK,Josh Hart,31.80529022216797,11.5,11.78260326385498,4.036165714263916,0.785541296005249,1,O
04/06/2026,DEN,Tim Hardaway Jr.,24.98040199279785,11.5,12.094766616821287,6.547163486480713,0.990021586418152,1,O
04/06/2026,DEN,Jamal Murray,36.6011962890625,24.5,25.353647232055664,4.773622989654541,0.5327973961830139,1,O
04/06/2026,DEN,Christian Braun,33.051055908203125,12.5,14.206229209899902,4.886185646057129,0.7395419478416443,1,O
04/06/2026,DEN,Cameron Johnson,31.8521728515625,12.5,13.771598815917969,3.8677589893341056,0.6820794343948364,1,O
04/06/2026,DEN,Bruce Brown,22.48796272277832,7.5,9.029967308044434,6.936516761779785,0.7605466246604919,1,O
04/06/2026,DEN,Aaron Gordon,31.405420303344727,14.5,16.26346778869629,3.412949800491333,0.5920636057853699,1,O
04/06/2026,CLE,Jarrett Allen,26.68783950805664,15.5,16.680133819580078,8.488892555236816,0.8313875794410706,1,O
04/06/2026,ATL,Zaccharie Risacher,17.61005210876465,4.5,5.771561622619629,6.685061931610107,0.9162121415138244,1,O
04/06/2026,ATL,Onyeka Okongwu,31.791051864624023,14.5,14.61667823791504,6.350654602050781,0.8434073328971863,1,O
04/06/2026,ATL,Nickeil Alexander-Walker,34.02014923095703,19.5,21.268943786621094,8.544371604919434,0.8529492616653442,1,O
04/06/2026,ATL,Jalen Johnson,35.15714645385742,21.5,23.06753730773925,4.650740623474121,0.6310105919837952,1,O
04/06/2026,ATL,Dyson Daniels,33.41011047363281,11.5,11.843172073364258,4.074776649475098,0.7623940706253052,1,O
04/06/2026,SAS,Victor Wembanyama,31.24714088439941,27.5,22.566696166992188,6.217103958129883,0.7597668170928955,1,-
04/06/2026,SAS,Stephon Castle,32.06986618041992,17.5,16.825029373168945,3.779428482055664,0.605694055557251,1,-
04/06/2026,SAS,De'Aaron Fox,30.00483703613281,16.5,15.928438186645508,3.621843099594116,0.6850118637084961,1,-
04/06/2026,POR,Toumani Camara,33.547603607177734,15.5,15.02570629119873,6.027684211730957,0.7383671998977661,1,-
04/06/2026,POR,Robert Williams,18.460248947143555,7.5,7.11871862411499,8.102903366088867,0.7851071357727051,1,-
04/06/2026,POR,Donovan Clingan,27.29656219482422,12.5,9.604204177856444,6.304986953735352,0.7901151180267334,1,-
04/06/2026,POR,Deni Avdija,34.2441520690918,25.5,24.273578643798828,3.290268898010254,0.6517972946166992,1,-
04/06/2026,PHI,Joel Embiid,33.00823974609375,26.5,24.226701736450195,6.3884053230285645,0.7622280716896057,1,-
04/06/2026,PHI,Dominick Barlow,22.301494598388672,5.5,5.490489482879639,4.152052879333496,0.8461273908615112,1,-
04/06/2026,ORL,Paolo Banchero,35.64342498779297,23.5,18.31937599182129,3.1709959506988525,0.6602311730384827,1,-
04/06/2026,ORL,Jevon Carter,19.55920791625977,7.5,5.893458366394043,5.78305721282959,0.8391106724739075,1,-
04/06/2026,ORL,Jalen Suggs,29.40447807312012,13.5,12.156002044677734,3.3451805114746094,0.7739595770835876,1,-
04/06/2026,ORL,Franz Wagner,22.9575252532959,12.5,12.07197093963623,5.726609230041504,0.7710272073745728,1,-
04/06/2026,ORL,Desmond Bane,34.61873245239258,19.5,19.035993576049805,7.368457317352295,0.7355021238327026,1,-
04/06/2026,NYK,Karl-Anthony Towns,30.88021469116211,19.5,19.4528865814209,5.638692855834961,0.7933303117752075,1,-
04/06/2026,NYK,Jalen Brunson,35.24869537353516,25.5,23.65275764465332,4.045917987823486,0.5651315450668335,1,-
04/06/2026,DEN,Nikola Jokic,36.242618560791016,26.5,25.795917510986328,1.8130182027816768,0.5109522342681885,1,-
04/06/2026,CLE,Tyrese Proctor,13.202916145324709,8.5,5.116783618927002,6.065835952758789,0.8411210775375366,1,-
04/06/2026,CLE,Sam Merrill,27.98422241210937,15.5,12.891688346862791,5.972604274749756,0.7479336261749268,1,-
04/06/2026,CLE,Nae'Qwan Tomlin,15.809698104858398,8.5,3.938131093978882,4.892510890960693,0.750053346157074,1,-
04/06/2026,CLE,Keon Ellis,27.346010208129883,11.5,9.431103706359863,6.375319004058838,0.7446414232254028,1,-
04/06/2026,CLE,James Harden,28.58953666687012,19.5,17.865867614746094,4.290102958679199,0.5725196003913879,1,-
04/06/2026,CLE,Evan Mobley,32.104286193847656,22.5,17.491159439086914,4.303688049316406,0.7506347894668579,1,-
04/06/2026,CLE,Donovan Mitchell,27.55030059814453,25.5,21.25079917907715,4.529740810394287,0.6569766998291016,1,-
04/06/2026,CLE,Dennis Schroder,26.11155128479004,16.5,9.764884948730469,5.150742053985596,0.7320884466171265,1,-
04/06/2026,CLE,Craig Porter Jr.,17.450037002563477,8.5,3.3324553966522217,4.671802997589111,0.7044670581817627,1,-
04/06/2026,ATL,Jonathan Kuminga,20.57281494140625,9.5,8.496620178222656,6.832303047180176,0.8020261526107788,1,-
04/06/2026,ATL,CJ McCollum,30.156850814819336,17.5,17.139596939086914,6.069186210632324,0.8414762020111084,1,-
04/07/2026,WAS,Anthony Gill,28.66600608825684,11.5,11.64859390258789,5.108589172363281,0.8220932483673096,1,O
04/07/2026,TOR,Sandro Mamukelashvili,21.48553466796875,8.5,10.76747226715088,7.126326084136963,0.9689316749572754,1,O
04/07/2026,TOR,Jakob Poeltl,26.55943489074707,10.5,11.801934242248535,6.21101188659668,0.7943525314331055,1,O
04/07/2026,TOR,Ja'Kobe Walter,22.167404174804688,7.5,7.910748481750488,6.468332767486572,0.8096999526023865,1,O
04/07/2026,TOR,Immanuel Quickley,27.16272735595703,13.5,14.28774642944336,4.810638904571533,0.7536416053771973,1,O
04/07/2026,PHO,Royce O'Neale,24.798734664916992,6.5,7.602615833282471,4.342674732208252,0.8899573683738708,1,O
04/07/2026,PHO,Jordan Goodwin,23.141450881958008,7.5,7.597899913787842,4.716827392578125,0.7791193127632141,1,O
04/07/2026,PHO,Jalen Green,29.66604423522949,18.5,19.25697326660156,7.804984092712402,0.7780937552452087,1,O
04/07/2026,PHO,Grayson Allen,25.854650497436523,11.5,13.056201934814451,6.024077892303467,0.8472175002098083,1,O
04/07/2026,PHO,Collin Gillespie,29.62318992614746,8.5,11.166196823120115,7.593152046203613,0.9267812371253968,1,O
04/07/2026,OKC,Shai Gilgeous-Alexander,35.45210266113281,29.5,30.39504814147949,5.473609924316406,0.6256712675094604,1,O
04/07/2026,OKC,Luguentz Dort,28.72500801086425,7.5,9.321731567382812,5.077893733978272,0.8464866876602173,1,O
04/07/2026,OKC,Isaiah Hartenstein,24.993412017822266,7.5,8.122658729553223,5.871919631958008,0.783820629119873,1,O
04/07/2026,OKC,Cason Wallace,23.449676513671875,7.5,9.356049537658691,6.953296661376953,0.8077453374862671,1,O
04/07/2026,OKC,Ajay Mitchell,29.45964813232422,12.5,13.586657524108888,3.541754961013794,0.8846044540405273,1,O
04/07/2026,NOP,Yves Missi,23.52804183959961,8.5,8.65472412109375,4.681903839111328,0.7645743489265442,1,O
04/07/2026,NOP,Saddiq Bey,28.48536491394043,21.5,22.80930519104004,7.966130256652832,0.9142329096794128,1,O
04/07/2026,MIN,Rudy Gobert,32.09075164794922,12.5,13.92400074005127,4.1210551261901855,0.7577579021453857,1,O
04/07/2026,MIN,Naz Reid,28.3333683013916,15.5,16.438026428222656,5.822493553161621,0.8137920498847961,1,O
04/07/2026,MIN,Mike Conley,25.210887908935547,6.5,8.423201560974121,5.455184459686279,0.7065189480781555,1,O
04/07/2026,MIN,Julius Randle,34.273231506347656,24.5,26.23565673828125,4.059286594390869,0.6982255578041077,1,O
04/07/2026,MIN,Donte DiVincenzo,31.787452697753903,12.5,13.290931701660156,4.935529708862305,0.7711225152015686,1,O
04/07/2026,MIN,Ayo Dosunmu,32.62895202636719,18.5,19.220378875732425,5.749884128570557,0.8514595031738281,1,O
04/07/2026,MIA,Pelle Larsson,30.627885818481445,10.5,12.184162139892578,7.067399501800537,0.8656578063964844,1,O
04/07/2026,MIA,Jaime Jaquez Jr.,28.130916595458984,11.5,15.83511734008789,9.923169136047363,0.947982132434845,1,O
04/07/2026,MIA,Davion Mitchell,30.872467041015625,8.5,9.061638832092283,6.950343132019043,0.8141326308250427,1,O
04/07/2026,LAL,Jaxson Hayes,22.37641716003418,7.5,12.15754508972168,6.49793004989624,0.8547055125236511,1,O
04/07/2026,LAL,Deandre Ayton,31.549808502197266,11.5,13.650176048278809,6.08696174621582,0.7009506225585938,1,O
04/07/2026,LAL,Bronny James,16.767379760742188,5.5,5.8588714599609375,5.799927234649658,0.8328567147254944,1,O
04/07/2026,LAC,Kris Dunn,28.997743606567383,6.5,8.276182174682617,5.522202491760254,0.7148455381393433,1,O
04/07/2026,LAC,Jordan Miller,24.363014221191406,9.5,10.67078685760498,6.281711578369141,0.8550167679786682,1,O
04/07/2026,LAC,John Collins,25.830137252807617,11.5,13.172170639038086,6.608639717102051,0.8468278050422668,1,O
04/07/2026,LAC,Derrick Jones Jr.,29.54494285583496,8.5,9.029621124267578,6.535869121551514,0.8773617148399353,1,O
04/07/2026,LAC,Darius Garland,30.79573631286621,20.5,22.264198303222656,7.264114856719971,0.7535971999168396,1,O
04/07/2026,LAC,Brook Lopez,28.99166679382324,10.5,11.797879219055176,6.32700252532959,0.8973950743675232,1,O
04/07/2026,IND,Micah Potter,20.502775192260746,9.5,10.19044017791748,8.830153465270996,0.8614921569824219,1,O
04/07/2026,IND,Kobe Brown,30.75460433959961,10.5,10.856893539428713,5.781260967254639,0.6875560879707336,1,O
04/07/2026,HOU,Tari Eason,23.43758583068848,8.5,8.664794921875,3.293271780014038,0.6872856616973877,1,O
04/07/2026,HOU,Reed Sheppard,31.131324768066406,12.5,14.070886611938477,6.553080081939697,0.759459912776947,1,O
04/07/2026,HOU,Kevin Durant,36.86695861816406,24.5,26.006330490112305,3.036498785018921,0.6332130432128906,1,O
04/07/2026,HOU,Jabari Smith Jr.,34.600074768066406,14.5,15.08127498626709,2.7747769355773926,0.6840909719467163,1,O
04/07/2026,HOU,Amen Thompson,37.18760299682617,16.5,17.069332122802734,2.0056443214416504,0.6439453959465027,1,O
04/07/2026,GSW,Stephen Curry,26.48163414001465,25.5,27.131591796875,7.348671913146973,0.6862020492553711,1,O
04/07/2026,GSW,Gary Payton II,23.031322479248047,11.5,12.63264274597168,9.227556228637695,0.9195566177368164,1,O
04/07/2026,GSW,Brandin Podziemski,32.545345306396484,16.5,18.192983627319336,7.561882019042969,0.8172711133956909,1,O
04/07/2026,DAL,P.J. Washington,27.51237869262696,13.5,14.03093147277832,6.057645320892334,0.7715286016464233,1,O
04/07/2026,DAL,Naji Marshall,32.02418518066406,14.5,18.91803741455078,8.737382888793945,0.9460548162460328,1,O
04/07/2026,DAL,Klay Thompson,21.518178939819336,10.5,11.236327171325684,8.062878608703613,0.9303960204124452,1,O
04/07/2026,CHO,Sion James,20.656402587890625,5.5,5.601043701171875,3.944504499435425,0.6672619581222534,1,O
04/07/2026,CHO,Ryan Kalkbrenner,19.06608009338379,4.5,6.059408664703369,5.753109931945801,0.8344863653182983,1,O
04/07/2026,CHO,Miles Bridges,30.88817596435547,14.5,14.541098594665527,4.229239940643311,0.6474525332450867,1,O
04/07/2026,CHO,Coby White,19.80691337585449,13.5,13.5552339553833,8.037557601928711,0.8996661901473999,1,O
04/07/2026,CHI,Guerschon Yabusele,28.720972061157227,12.5,13.30373477935791,5.552294731140137,0.8718047738075256,1,O
04/07/2026,BRK,Josh Minott,22.361543655395508,12.5,13.13237762451172,6.6448655128479,0.8182905316352844,1,O
04/07/2026,BRK,Ben Saraf,27.84211158752441,9.5,10.002699851989746,7.448442459106445,0.9145176410675048,1,O
04/07/2026,BOS,Sam Hauser,27.97303771972656,7.5,8.948835372924805,6.168323516845703,0.8077403903007507,1,O
04/07/2026,BOS,Payton Pritchard,30.25480842590332,14.5,14.890671730041504,7.448395729064941,0.789595365524292,1,O
04/07/2026,BOS,Neemias Queta,28.238813400268555,9.5,10.386881828308104,5.783701419830322,0.6831803917884827,1,O
04/07/2026,BOS,Jaylen Brown,35.192474365234375,26.5,28.348922729492188,4.086214065551758,0.5754193663597107,1,O
04/07/2026,WAS,Will Riley,26.445497512817383,22.5,16.374160766601562,7.437496662139893,0.8464548587799072,1,-
04/07/2026,UTA,Kyle Filipowski,29.831647872924805,18.5,17.74306297302246,7.599339485168457,0.7559104561805725,1,-
04/07/2026,UTA,Cody Williams,33.23070526123047,17.5,15.926606178283691,3.757439613342285,0.6104398369789124,1,-
04/07/2026,UTA,Brice Sensabaugh,31.63640785217285,23.5,21.96379470825196,7.976180076599121,0.7779650092124939,1,-
04/07/2026,TOR,Scottie Barnes,32.8656005859375,17.5,16.097227096557617,4.350362777709961,0.7073744535446167,1,-
04/07/2026,TOR,RJ Barrett,31.03838348388672,20.5,20.37665367126465,5.886216163635254,0.7265243530273438,1,-
04/07/2026,TOR,Brandon Ingram,33.275821685791016,21.5,19.834774017333984,4.381422996520996,0.6854821443557739,1,-
04/07/2026,SAC,Nique Clifford,34.43544006347656,15.5,12.75052261352539,3.3772857189178467,0.5612545013427734,1,-
04/07/2026,SAC,Maxime Raynaud,30.31350898742676,15.5,15.42762279510498,9.539538383483888,0.8120932579040527,1,-
04/07/2026,PHO,Mark Williams,20.61791229248047,9.5,8.214151382446289,6.681178092956543,0.9569119811058044,1,-
04/07/2026,PHO,Dillon Brooks,30.55126190185547,16.5,16.382875442504883,5.261043071746826,0.8155060410499573,1,-
04/07/2026,PHO,Devin Booker,35.44229507446289,24.5,24.351713180541992,5.16872501373291,0.6860895752906799,1,-
04/07/2026,OKC,Jared McCain,18.47520446777344,9.5,8.17383098602295,6.478377342224121,0.9655107259750366,1,-
04/07/2026,OKC,Chet Holmgren,29.049991607666016,15.5,14.897199630737305,4.363167762756348,0.7348384261131287,1,-
04/07/2026,NOP,Zion Williamson,27.961837768554688,22.5,19.98387908935547,3.28162693977356,0.6690962314605713,1,-
04/07/2026,NOP,Jeremiah Fears,30.032516479492188,25.5,17.449081420898438,6.779128074645996,0.8001716732978821,1,-
04/07/2026,NOP,Herbert Jones,25.017942428588867,8.5,7.665136337280273,5.634219646453857,0.78618323802948,1,-
04/07/2026,NOP,Derik Queen,29.02352523803711,19.5,12.44912815093994,6.783691883087158,0.7697058320045471,1,-
04/07/2026,NOP,Dejounte Murray,25.039396286010746,18.5,14.578332901000977,6.604583740234375,0.8295333385467529,1,-
04/07/2026,MIN,Bones Hyland,22.986879348754883,14.5,14.246746063232422,6.199838638305664,0.9255095720291138,1,-
04/07/2026,MIL,Taurean Prince,29.412261962890625,12.5,10.97819709777832,5.430057525634766,0.7025763988494873,1,-
04/07/2026,MIL,Ousmane Dieng,31.30760765075684,18.5,17.10271644592285,5.632715225219727,0.6856847405433655,1,-
04/07/2026,MIL,Jericho Sims,29.56546211242676,8.5,8.282240867614746,5.954515933990479,0.6839022040367126,1,-
04/07/2026,MIA,Tyler Herro,33.974815368652344,21.5,20.465484619140625,5.397472858428955,0.8212350010871887,1,-
04/07/2026,MIA,Norman Powell,23.75570678710937,18.5,15.169629096984863,5.437132835388184,0.728123664855957,1,-
04/07/2026,MIA,Bam Adebayo,33.43368148803711,21.5,18.09893798828125,6.731272220611572,0.824573814868927,1,-
04/07/2026,MIA,Andrew Wiggins,31.11282539367676,13.5,13.24290657043457,4.698798656463623,0.8160496950149536,1,-
04/07/2026,LAL,Rui Hachimura,33.854122161865234,16.5,14.94867992401123,2.9432992935180664,0.647415280342102,1,-
04/07/2026,LAL,Luke Kennard,31.404685974121094,15.5,11.299601554870604,4.158534049987793,0.6318287253379822,1,-
04/07/2026,LAL,LeBron James,28.998987197875977,23.5,19.456863403320312,1.7847553491592407,0.5864064693450928,1,-
04/07/2026,LAL,Jake LaRavia,33.320743560791016,11.5,11.327753067016602,3.3156445026397705,0.6682417392730713,1,-
04/07/2026,LAC,Kawhi Leonard,32.47807312011719,28.5,27.48959732055664,7.06047248840332,0.695160448551178,1,-
04/07/2026,LAC,Bennedict Mathurin,26.301958084106445,17.5,15.09408473968506,6.644245624542236,0.8694008588790894,1,-
04/07/2026,IND,Quenton Jackson,24.944129943847656,13.5,10.067862510681152,5.640730381011963,0.7204839587211609,1,-
04/07/2026,IND,Obi Toppin,21.197540283203125,12.5,11.058034896850586,8.854883193969727,0.8694968819618225,1,-
04/07/2026,IND,Jarace Walker,26.64048957824707,16.5,12.47304344177246,3.6751439571380615,0.7563548684120178,1,-
04/07/2026,HOU,Clint Capela,13.350892066955566,2.5,2.380667209625244,6.374212741851807,0.8587215542793274,1,-
04/07/2026,HOU,Alperen Sengun,33.51504898071289,18.5,17.88591957092285,5.027499198913574,0.6354956030845642,1,-
04/07/2026,GSW,Kristaps Porzingis,24.561634063720703,19.5,18.059852600097656,7.959054946899414,0.7498419880867004,1,-
04/07/2026,GSW,Draymond Green,31.26802062988281,10.5,9.810293197631836,5.759120941162109,0.6930153369903564,1,-
04/07/2026,GSW,De'Anthony Melton,26.15205955505371,15.5,12.380393981933594,7.8016486167907715,0.8236882090568542,1,-
04/07/2026,DAL,Max Christie,30.105562210083008,10.5,10.45630168914795,6.243480205535889,0.7355888485908508,1,-
04/07/2026,DAL,Cooper Flagg,35.191001892089844,27.5,26.496002197265625,6.836003303527832,0.783376932144165,1,-
04/07/2026,CHO,Moussa Diabate,27.93505859375,7.5,6.806385517120361,3.40175461769104,0.7431833148002625,1,-
04/07/2026,CHO,LaMelo Ball,28.9925479888916,21.5,18.590635299682617,6.4420671463012695,0.7517438530921936,1,-
04/07/2026,CHO,Kon Knueppel,31.58219337463379,17.5,15.69749641418457,4.53078031539917,0.6705378890037537,1,-
04/07/2026,CHO,Grant Williams,18.62571144104004,6.5,6.4256978034973145,5.842034339904785,0.8255665302276611,1,-
04/07/2026,CHO,Brandon Miller,31.26692008972168,19.5,17.6470947265625,3.901666164398194,0.6927254796028137,1,-
04/07/2026,CHI,Tre Jones,29.649150848388672,19.5,18.921367645263672,8.328901290893555,0.9261159300804138,1,-
04/07/2026,CHI,Rob Dillingham,23.10739517211914,11.5,11.49680519104004,7.47992467880249,0.9388556480407716,1,-
04/07/2026,CHI,Leonard Miller,28.04410743713379,17.5,16.058143615722656,6.449060916900635,0.9179968237876892,1,-
04/07/2026,CHI,Isaac Okoro,30.30138397216797,11.5,10.805058479309082,5.841664791107178,0.7591641545295715,1,-
04/07/2026,CHI,Collin Sexton,30.46083641052246,23.5,21.05345726013184,8.518034934997559,0.8284712433815002,1,-
04/07/2026,BRK,Nolan Traore,25.024328231811523,14.5,11.183286666870115,7.217048168182373,0.8586135506629944,1,-
04/07/2026,BRK,Jalen Wilson,20.00613594055176,13.5,9.490042686462402,6.594928741455078,0.8275498747825623,1,-
04/07/2026,BRK,Drake Powell,27.715320587158203,10.5,9.04856300354004,6.269631385803223,0.7310493588447571,1,-
04/07/2026,BOS,Nikola Vucevic,16.77415657043457,8.5,5.304747104644775,6.680534839630127,0.8696085810661316,1,-
04/07/2026,BOS,Jayson Tatum,32.27022933959961,23.5,21.877973556518555,4.307624816894531,0.7258923649787903,1,-
04/07/2026,BOS,Derrick White,34.196624755859375,14.5,12.063103675842283,3.815182447433472,0.5301485061645508,1,-
04/08/2026,MIN,Donte DiVincenzo,31.217544555664062,12.5,10.572461128234863,4.439025402069092,0.700177013874054,1,-
04/08/2026,MIN,Ayo Dosunmu,28.380014419555664,17.5,14.206595420837402,4.052211761474609,0.8507466912269592,1,-
04/08/2026,SAS,Luke Kornet,26.068246841430664,8.5,9.352561950683594,5.914471626281738,0.8243838548660278,1,O
04/08/2026,SAS,Keldon Johnson,23.76688003540039,14.5,15.752991676330566,7.57731819152832,0.90897399187088,1,O
04/08/2026,SAS,Julian Champagnie,29.414840698242188,12.5,12.824676513671877,7.679285526275635,0.8636009693145752,1,O
04/08/2026,POR,Matisse Thybulle,22.358562469482425,7.5,8.678995132446289,5.518244743347168,0.853151261806488,1,O
04/08/2026,ORL,Desmond Bane,34.43059158325195,20.5,20.63492584228516,6.446832656860352,0.7752341032028198,1,O
04/08/2026,ORL,Anthony Black,22.46483039855957,9.5,9.945806503295898,6.875143051147461,0.9166638255119324,1,O
04/08/2026,OKC,Shai Gilgeous-Alexander,34.56252670288086,29.5,30.319808959960938,6.25257682800293,0.7818629145622253,1,O
04/08/2026,OKC,Luguentz Dort,28.60356330871582,6.5,7.958501815795898,5.569236755371094,0.8057129979133606,1,O
04/08/2026,OKC,Isaiah Hartenstein,24.311487197875977,6.5,6.759039878845215,4.819116592407227,0.7607280015945435,1,O
04/08/2026,MIN,Naz Reid,32.54524612426758,13.5,15.063913345336914,7.087457180023193,0.8607542514801025,1,O
04/08/2026,MIN,Mike Conley,20.85235023498535,5.5,7.2399582862854,8.755035400390625,0.7581642270088196,1,O
04/08/2026,LAC,Kawhi Leonard,32.184104919433594,25.5,25.73090362548828,4.2782135009765625,0.6853978037834167,1,O
04/08/2026,LAC,John Collins,29.94818687438965,12.5,14.00483512878418,7.159632205963135,0.7506243586540222,1,O
04/08/2026,LAC,Brook Lopez,28.496442794799805,9.5,10.04104995727539,4.976711273193359,0.8084882497787476,1,O
04/08/2026,DEN,Nikola Jokic,36.72110748291016,24.5,26.52545547485352,5.454437255859375,0.6979281902313232,1,O
04/08/2026,DEN,Jamal Murray,37.15855407714844,23.5,25.41576385498047,6.894688606262207,0.6472287774085999,1,O
04/08/2026,DEN,Christian Braun,34.17734909057617,12.5,14.160479545593262,5.42522668838501,0.6992752552032471,1,O
04/08/2026,DEN,Cameron Johnson,32.943233489990234,12.5,14.938395500183104,6.90022611618042,0.6998916268348694,1,O
04/08/2026,DEN,Aaron Gordon,31.34587860107422,15.5,16.562355041503906,4.495481491088867,0.6727648377418518,1,O
04/08/2026,CLE,Sam Merrill,25.25325584411621,9.5,10.348896026611328,5.630101680755615,0.821127712726593,1,O
04/08/2026,ATL,Onyeka Okongwu,32.248680114746094,14.5,15.493897438049316,2.953822612762451,0.6810561418533325,1,O
04/08/2026,ATL,Nickeil Alexander-Walker,34.31388092041016,20.5,20.676952362060547,6.425652503967285,0.7411320209503174,1,O
04/08/2026,ATL,Dyson Daniels,33.48942947387695,11.5,11.955370903015137,3.936914205551148,0.6547669172286987,1,O
04/08/2026,SAS,Harrison Barnes,21.384641647338867,8.5,7.524874210357666,6.739246845245361,0.8929288387298584,1,-
04/08/2026,SAS,Dylan Harper,27.19173240661621,17.5,14.7646484375,4.648571968078613,0.7874424457550049,1,-
04/08/2026,SAS,Devin Vassell,32.813175201416016,16.5,16.20330238342285,5.296592712402344,0.726324737071991,1,-
04/08/2026,SAS,De'Aaron Fox,31.57544136047364,21.5,18.810874938964844,4.1326398849487305,0.721098005771637,1,-
04/08/2026,POR,Toumani Camara,34.172969818115234,14.5,14.212416648864746,4.654627323150635,0.6889958381652832,1,-
04/08/2026,POR,Scoot Henderson,27.55610084533692,15.5,14.21135711669922,4.90769100189209,0.756445586681366,1,-
04/08/2026,POR,Robert Williams,19.637805938720703,7.5,6.661616325378418,6.109437465667725,0.8503271341323853,1,-
04/08/2026,POR,Jrue Holiday,31.69665908813477,18.5,16.60869789123535,7.132071018218994,0.7461078763008118,1,-
04/08/2026,POR,Donovan Clingan,28.05272483825684,12.5,10.910076141357422,7.114476203918457,0.7696800827980042,1,-
04/08/2026,POR,Deni Avdija,35.51044845581055,25.5,23.44283866882324,4.185309886932373,0.6186140775680542,1,-
04/08/2026,ORL,Wendell Carter Jr.,30.15041160583496,11.5,11.27603244781494,6.087428092956543,0.8792197704315186,1,-
04/08/2026,ORL,Paolo Banchero,35.93669509887695,22.5,20.650728225708008,4.083016872406006,0.6142367720603943,1,-
04/08/2026,ORL,Jalen Suggs,29.86927604675293,14.5,12.38830280303955,3.614410877227783,0.7257091403007507,1,-
04/08/2026,ORL,Franz Wagner,28.91032791137696,14.5,14.490321159362791,5.450589179992676,0.7710250020027161,1,-
04/08/2026,OKC,Jalen Williams,29.86630249023437,16.5,15.46095371246338,3.870823621749878,0.7462702393531799,1,-
04/08/2026,OKC,Chet Holmgren,28.42789459228516,14.5,14.24216365814209,5.232670783996582,0.7187040448188782,1,-
04/08/2026,OKC,Cason Wallace,22.75472640991211,7.5,6.308939933776856,6.230332851409912,0.7536575198173523,1,-
04/08/2026,OKC,Ajay Mitchell,23.605363845825195,10.5,9.820847511291504,4.034916400909424,0.9354133009910583,1,-
04/08/2026,MIN,Rudy Gobert,28.905982971191406,11.5,10.797001838684082,6.675930976867676,0.8837251663208008,1,-
04/08/2026,MIN,Julius Randle,29.9256649017334,22.5,20.62371635437012,6.042544841766357,0.6994171142578125,1,-
04/08/2026,LAC,Kris Dunn,29.389137268066406,7.5,7.154919624328613,3.915082931518554,0.6846908330917358,1,-
04/08/2026,LAC,Jordan Miller,23.80055809020996,9.5,8.603788375854492,4.7142744064331055,0.7194635272026062,1,-
04/08/2026,LAC,Derrick Jones Jr.,29.524396896362305,9.5,8.903645515441895,3.8659827709198,0.7630682587623596,1,-
04/08/2026,LAC,Darius Garland,25.47861099243164,18.5,15.132240295410156,4.415582656860352,0.7513860464096069,1,-
04/08/2026,DEN,Tim Hardaway Jr.,25.23648262023925,11.5,10.766206741333008,9.438753128051758,0.9594827890396118,1,-
04/08/2026,DEN,Bruce Brown,22.667694091796875,8.5,8.295670509338379,6.991105079650879,0.8361583352088928,1,-
04/08/2026,DAL,Cooper Flagg,35.07173538208008,28.5,23.93475341796875,8.109039306640625,0.7296790480613708,1,-
04/08/2026,CLE,Max Strus,21.04224967956543,9.5,7.923345565795898,6.232773780822754,0.7746307849884033,1,-
04/08/2026,CLE,Jarrett Allen,26.988176345825195,14.5,14.219054222106934,5.751461029052734,0.7783875465393066,1,-
04/08/2026,CLE,James Harden,33.92472076416016,19.5,18.213274002075195,3.328797578811645,0.5587868690490723,1,-
04/08/2026,CLE,Evan Mobley,31.16854476928711,17.5,15.58895206451416,4.922955513000488,0.724094808101654,1,-
04/08/2026,CLE,Donovan Mitchell,32.674068450927734,24.5,24.266719818115234,3.375152111053467,0.5887670516967773,1,-
04/08/2026,ATL,Jonathan Kuminga,20.9954776763916,10.5,8.89914608001709,5.490194320678711,0.7519842982292175,1,-
04/08/2026,ATL,Jalen Johnson,35.5382194519043,22.5,22.39121437072754,4.20004415512085,0.6712365746498108,1,-
04/08/2026,ATL,CJ McCollum,30.48805046081543,18.5,17.48322868347168,5.114766597747803,0.680146336555481,1,-
04/09/2026,TOR,Sandro Mamukelashvili,21.36650848388672,9.5,11.854741096496582,5.973026275634766,0.9669836163520812,1,O
04/09/2026,TOR,Jamal Shead,22.53368377685547,5.5,7.167581558227539,6.86230993270874,0.7966454029083252,1,O
04/09/2026,TOR,Jakob Poeltl,26.12419509887696,10.5,13.388453483581545,6.09019136428833,0.8703568577766418,1,O
04/09/2026,TOR,Ja'Kobe Walter,22.809457778930664,7.5,8.208746910095215,5.123339653015137,0.829005241394043,1,O
04/09/2026,TOR,Immanuel Quickley,29.531360626220703,12.5,12.689966201782228,5.331874370574951,0.8317737579345703,1,O
04/09/2026,PHI,VJ Edgecombe,36.157108306884766,15.5,16.30544090270996,5.097914218902588,0.6604910492897034,1,O
04/09/2026,PHI,Quentin Grimes,26.572498321533203,9.5,9.725557327270508,4.600176811218262,0.735045313835144,1,O
04/09/2026,PHI,Paul George,33.620357513427734,19.5,20.468429565429688,5.779271602630615,0.7882727980613708,1,O
04/09/2026,PHI,Joel Embiid,28.721893310546875,27.5,27.87745475769043,7.207589626312256,0.9011218547821044,1,O
04/09/2026,PHI,Dominick Barlow,23.10952949523925,5.5,6.443845272064209,5.603697776794434,0.9059696793556212,1,O
04/09/2026,PHI,Adem Bona,25.52308464050293,5.5,6.46612548828125,5.933255672454834,0.7997592091560364,1,O
04/09/2026,NYK,OG Anunoby,34.43757629394531,16.5,16.9312744140625,2.4834470748901367,0.7276352643966675,1,O
04/09/2026,NYK,Mikal Bridges,33.16386795043945,12.5,12.808835983276367,1.601832389831543,0.5718830823898315,1,O
04/09/2026,NYK,Karl-Anthony Towns,31.222148895263672,17.5,18.054468154907227,3.657968521118164,0.7421770095825195,1,O
04/09/2026,MIA,Pelle Larsson,30.516860961914062,10.5,11.726882934570312,7.957216739654541,0.8128125667572021,1,O
04/09/2026,MIA,Jaime Jaquez Jr.,27.892353057861328,11.5,14.10343074798584,7.698579788208008,0.8429895043373108,1,O
04/09/2026,MIA,Davion Mitchell,31.05863380432129,8.5,10.408563613891602,6.619833469390869,0.8582463264465332,1,O
04/09/2026,MIA,Andrew Wiggins,31.96267509460449,14.5,15.02731227874756,4.324378490447998,0.7751151323318481,1,O
04/09/2026,HOU,Reed Sheppard,25.96333312988281,11.5,13.068181991577148,9.429760932922363,0.92411208152771,1,O
04/09/2026,HOU,Jabari Smith Jr.,35.455665588378906,15.5,17.33091926574707,3.1329870223999023,0.5814812183380127,1,O
04/09/2026,HOU,Aaron Holiday,18.238943099975582,5.5,6.465495586395264,6.49464225769043,0.9086447358131408,1,O
04/09/2026,BOS,Sam Hauser,27.85766220092773,8.5,10.161630630493164,3.910653591156006,0.7084362506866455,1,O
04/09/2026,BOS,Payton Pritchard,30.44470596313477,16.5,17.808691024780273,3.702616214752197,0.6907991766929626,1,O
04/09/2026,BOS,Neemias Queta,27.925493240356445,9.5,11.70652198791504,3.770914316177368,0.6675277352333069,1,O
04/09/2026,TOR,Scottie Barnes,32.991214752197266,17.5,16.085453033447266,3.657992839813232,0.728117823600769,1,-
04/09/2026,TOR,RJ Barrett,31.27985000610352,20.5,20.445053100585938,4.53798770904541,0.7106973528862,1,-
04/09/2026,TOR,Brandon Ingram,33.683555603027344,20.5,20.000049591064453,5.314131736755371,0.7278114557266235,1,-
04/09/2026,PHI,Tyrese Maxey,39.17155075073242,28.5,26.448999404907227,5.543184757232666,0.6516517400741577,1,-
04/09/2026,PHI,Kelly Oubre Jr.,33.351505279541016,12.5,12.441997528076172,5.643721580505371,0.7375112771987915,1,-
04/09/2026,PHI,Andre Drummond,18.15631103515625,5.5,3.918060064315796,5.5252366065979,0.8092825412750244,1,-
04/09/2026,NYK,Josh Hart,31.79133415222168,10.5,9.164884567260742,2.997664451599121,0.6655559539794922,1,-
04/09/2026,NYK,Jalen Brunson,35.835105895996094,24.5,24.97193717956543,1.6932058334350586,0.4361664652824402,0,-
04/09/2026,MIA,Tyler Herro,33.829200744628906,20.5,18.743881225585938,5.015131950378418,0.7913286685943604,1,-
04/09/2026,MIA,Norman Powell,24.76466560363769,16.5,14.58049774169922,5.8113532066345215,0.7232862114906311,1,-
04/09/2026,MIA,Bam Adebayo,33.22058868408203,19.5,16.896547317504883,6.423246383666992,0.7970017790794373,1,-
04/09/2026,LAL,Rui Hachimura,31.780405044555664,15.5,13.046759605407717,7.782808780670166,0.7023794054985046,1,-
04/09/2026,LAL,Marcus Smart,22.469850540161133,9.5,8.901532173156738,4.011765480041504,0.7287366986274719,1,-
04/09/2026,LAL,Luke Kennard,29.199649810791016,15.5,11.154561042785645,6.751194953918457,0.7373950481414795,1,-
04/09/2026,LAL,LeBron James,34.007667541503906,26.5,22.28412818908692,4.615819931030273,0.7119617462158203,1,-
04/09/2026,LAL,Jake LaRavia,31.401073455810547,11.5,10.353092193603516,7.262653350830078,0.7198367714881897,1,-
04/09/2026,LAL,Deandre Ayton,28.32462501525879,12.5,11.675811767578123,7.207098007202148,0.7511875033378601,1,-
04/09/2026,HOU,Tari Eason,24.069808959960938,10.5,10.092265129089355,3.684386730194092,0.7677039504051208,1,-
04/09/2026,HOU,Kevin Durant,37.654727935791016,25.5,22.682477951049805,4.918720245361328,0.680686354637146,1,-
04/09/2026,HOU,Amen Thompson,37.59575653076172,18.5,17.1054744720459,1.9723855257034304,0.6466295719146729,1,-
04/09/2026,HOU,Alperen Sengun,33.805686950683594,19.5,19.091243743896484,5.0337982177734375,0.6342649459838867,1,-
04/09/2026,BOS,Nikola Vucevic,18.753063201904297,9.5,6.574892044067383,5.615281105041504,0.6296296119689941,1,-
04/09/2026,BOS,Jayson Tatum,33.213069915771484,25.5,23.31478309631348,2.9377026557922363,0.6808738708496094,1,-
04/09/2026,BOS,Derrick White,34.84128189086914,17.5,14.175256729125977,4.951632022857666,0.5466511249542236,1,-
04/09/2026,BOS,Baylor Scheierman,18.954647064208984,6.5,5.463775634765625,5.674249172210693,0.8031278252601624,1,-
04/10/2026,OKC,Jared McCain,26.747634887695312,21.5,11.360340118408203,7.392501831054687,0.8522490859031677,1,-
04/10/2026,OKC,Aaron Wiggins,27.97261619567871,22.5,11.145787239074709,4.120385646820068,0.7264324426651001,1,-
04/10/2026,TOR,Scottie Barnes,33.605831146240234,16.5,17.08196449279785,3.750750780105591,0.5306951403617859,1,O
04/10/2026,TOR,RJ Barrett,28.008012771606445,19.5,20.34977912902832,6.413421630859375,0.8012153506278992,1,O
04/10/2026,TOR,Jamal Shead,29.135650634765625,6.5,9.443867683410645,6.624629497528076,0.7200824022293091,1,O
04/10/2026,TOR,Jakob Poeltl,26.771469116210938,10.5,12.790544509887695,7.167038917541504,0.746766984462738,1,O
04/10/2026,TOR,Ja'Kobe Walter,28.391082763671875,9.5,9.883481979370115,7.181838512420654,0.7750633955001831,1,O
04/10/2026,TOR,Brandon Ingram,34.87097930908203,20.5,22.23603820800781,5.396290302276611,0.6555250287055969,1,O
04/10/2026,POR,Toumani Camara,34.34513854980469,13.5,15.855371475219728,4.3307929039001465,0.6951799392700195,1,O
04/10/2026,POR,Scoot Henderson,28.65522193908692,13.5,16.513267517089844,6.111854076385498,0.6824873089790344,1,O
04/10/2026,POR,Robert Williams,18.93288230895996,5.5,6.491430282592773,6.7483625411987305,0.7843708992004395,1,O
04/10/2026,POR,Jrue Holiday,31.75217056274414,17.5,19.295181274414062,6.338255405426025,0.8318877816200256,1,O
04/10/2026,PHI,VJ Edgecombe,36.25605010986328,16.5,19.32320022583008,5.352150917053223,0.7570211887359619,1,O
04/10/2026,PHI,Tyrese Maxey,38.44290542602539,28.5,28.8767032623291,3.652350902557373,0.7098440527915955,1,O
04/10/2026,PHI,Quentin Grimes,26.66157531738281,11.5,12.734886169433594,3.653236627578736,0.7168250679969788,1,O
04/10/2026,PHI,Paul George,32.74958419799805,20.5,22.796049118041992,6.343997955322266,0.7852309942245483,1,O
04/10/2026,ORL,Wendell Carter Jr.,28.718957901000977,11.5,13.049168586730955,7.39354944229126,0.9887900948524476,1,O
04/10/2026,ORL,Franz Wagner,29.277931213378903,16.5,17.281795501708984,5.3347344398498535,0.7343271970748901,1,O
04/10/2026,ORL,Desmond Bane,33.8375244140625,20.5,21.506879806518555,6.608392238616943,0.7899307608604431,1,O
04/10/2026,NYK,Mikal Bridges,33.23153305053711,12.5,12.712447166442873,2.48810076713562,0.7301520109176636,1,O
04/10/2026,LAC,Kris Dunn,28.975292205810547,5.5,6.817041397094727,3.82731556892395,0.6328390836715698,1,O
04/10/2026,LAC,John Collins,25.783916473388672,11.5,14.106731414794922,8.1574125289917,0.8654165267944336,1,O
04/10/2026,LAC,Derrick Jones Jr.,29.56128120422364,8.5,8.805195808410645,3.8684213161468506,0.7779238820075989,1,O
04/10/2026,LAC,Darius Garland,31.06621360778809,19.5,19.74255752563477,8.464739799499512,0.7714420557022095,1,O
04/10/2026,LAC,Bennedict Mathurin,26.005905151367188,13.5,14.648388862609863,6.317344665527344,0.8014485239982605,1,O
04/10/2026,HOU,Kevin Durant,37.60315704345703,25.5,27.11382484436035,3.436427593231201,0.627858579158783,1,O
04/10/2026,HOU,Jabari Smith Jr.,35.37519454956055,15.5,16.481727600097656,2.8468329906463623,0.6154152154922485,1,O
04/10/2026,HOU,Amen Thompson,37.53398132324219,16.5,17.463279724121094,2.31670880317688,0.6025246381759644,1,O
04/10/2026,HOU,Alperen Sengun,33.369625091552734,19.5,20.295848846435547,6.883277416229248,0.6892508268356323,1,O
04/10/2026,CLE,Max Strus,27.6229248046875,11.5,12.071768760681152,6.977110385894775,0.7414250373840332,1,O
04/10/2026,CLE,James Harden,35.13849639892578,22.5,23.43044662475586,4.716183662414551,0.7037109136581421,1,O
04/10/2026,CLE,Evan Mobley,32.68974685668945,18.5,20.943588256835938,6.482967376708984,0.7605416178703308,1,O
04/10/2026,CHO,Moussa Diabate,28.80801582336425,6.5,6.786674976348877,4.03551721572876,0.8327589631080627,1,O
04/10/2026,CHO,Miles Bridges,32.236812591552734,15.5,15.52571964263916,6.038055896759033,0.7476351261138916,1,O
04/10/2026,CHO,Kon Knueppel,32.42402267456055,17.5,17.596511840820312,6.271261215209961,0.8469997048377991,1,O
04/10/2026,CHO,Grant Williams,20.265182495117188,5.5,7.060444355010986,6.836997985839844,0.9083548188209534,1,O
04/10/2026,CHO,Coby White,19.093212127685547,13.5,15.448463439941406,8.12672233581543,0.8970257639884949,1,O
04/10/2026,ATL,Nickeil Alexander-Walker,34.5418815612793,21.5,22.18507575988769,8.03569221496582,0.736463725566864,1,O
04/10/2026,ATL,Dyson Daniels,33.49513244628906,11.5,13.313067436218262,4.798048973083496,0.7041054964065552,1,O
04/10/2026,UTA,Cody Williams,33.56638717651367,20.5,16.800199508666992,5.7005791664123535,0.6647818088531494,1,-
04/10/2026,UTA,Bez Mbeng,27.908750534057617,12.5,9.1867036819458,6.578506946563721,0.820939838886261,1,-
04/10/2026,UTA,Ace Bailey,31.77479553222656,21.5,17.796411514282227,5.784508228302002,0.8102836012840271,1,-
04/10/2026,POR,Donovan Clingan,28.003963470458984,11.5,10.969390869140623,5.810649871826172,0.7035840749740601,1,-
04/10/2026,POR,Deni Avdija,34.98961639404297,25.5,23.35955619812012,3.946061134338379,0.770674467086792,1,-
04/10/2026,PHI,Kelly Oubre Jr.,33.01019287109375,14.5,13.31733226776123,5.770051956176758,0.7492656707763672,1,-
04/10/2026,ORL,Paolo Banchero,35.3983039855957,23.5,22.0761775970459,3.739753246307373,0.6524718999862671,1,-
04/10/2026,ORL,Jalen Suggs,29.770952224731445,14.5,13.004185676574709,3.5541014671325684,0.6273817420005798,1,-
04/10/2026,ORL,Anthony Black,22.59601211547852,10.5,10.245072364807127,7.048521041870117,0.998790681362152,1,-
04/10/2026,NYK,OG Anunoby,34.38410949707031,16.5,16.178194046020508,5.710134983062744,0.7932561039924622,1,-
04/10/2026,NYK,Landry Shamet,21.28968048095703,7.5,7.0556464195251465,6.560771465301514,1.0184615850448608,1,-
04/10/2026,NYK,Karl-Anthony Towns,31.344247817993164,18.5,18.36699485778809,5.783018112182617,0.805319607257843,1,-
04/10/2026,NYK,Josh Hart,32.42963790893555,11.5,11.257533073425291,5.173373699188232,0.7621355652809143,1,-
04/10/2026,NYK,Jalen Brunson,36.12223434448242,24.5,21.74276733398437,2.905028820037842,0.6085481643676758,1,-
04/10/2026,LAC,Kawhi Leonard,32.331825256347656,28.5,25.552291870117188,4.682828903198242,0.6630403995513916,1,-
04/10/2026,LAC,Brook Lopez,28.83623504638672,11.5,11.40981101989746,6.818848609924316,0.8404616117477417,1,-
04/10/2026,HOU,Tari Eason,24.16550636291504,9.5,8.286627769470215,4.683435440063477,0.7235909700393677,1,-
04/10/2026,HOU,Reed Sheppard,24.670713424682617,11.5,10.859275817871094,7.860363006591797,0.9992443323135376,1,-
04/10/2026,HOU,Josh Okogie,24.702531814575195,5.5,4.838431358337402,5.313159465789795,0.7014265656471252,1,-
04/10/2026,DEN,Nikola Jokic,31.447111129760746,23.5,21.93313980102539,3.234602212905884,0.4821684658527374,0,-
04/10/2026,DEN,Jamal Murray,31.80715751647949,22.5,21.08295631408692,6.834912300109863,0.5902948975563049,1,-
04/10/2026,DAL,Cooper Flagg,35.36579132080078,25.5,20.44770240783692,9.209399223327637,0.7091583013534546,1,-
04/10/2026,CHO,LaMelo Ball,30.15280532836914,22.5,21.891082763671875,7.53815746307373,0.7988654375076294,1,-
04/10/2026,CHO,Brandon Miller,31.736236572265625,20.5,18.975317001342773,6.386241436004639,0.7836652994155884,1,-
04/10/2026,ATL,Onyeka Okongwu,32.30131530761719,15.5,14.85997200012207,3.726806640625,0.7190976738929749,1,-
04/10/2026,ATL,Jonathan Kuminga,22.688947677612305,12.5,11.864130020141602,6.511409759521484,0.7764704823493958,1,-
04/10/2026,ATL,Jalen Johnson,35.67770004272461,22.5,21.85979652404785,4.153904914855957,0.6593987941741943,1,-
04/10/2026,ATL,CJ McCollum,30.654682159423828,18.5,16.8480281829834,5.403858184814453,0.6451469659805298,1,-
04/15/2026,PHI,Quentin Grimes,26.51713180541992,10.5,12.619341850280762,5.531199932098389,0.7230879664421082,1,O
04/15/2026,PHI,Kelly Oubre Jr.,32.97110366821289,13.5,14.34526538848877,5.0989861488342285,0.8013125061988831,1,O
04/15/2026,PHI,Dominick Barlow,22.46147346496582,5.5,6.256596088409424,6.063342571258545,0.8173282742500305,1,O
04/15/2026,PHI,Andre Drummond,21.47447967529297,6.5,6.553923606872559,5.836863994598389,0.7363405227661133,1,O
04/15/2026,PHI,Adem Bona,23.465909957885746,4.5,5.75462532043457,5.708768367767334,0.8378753066062927,1,O
04/15/2026,ORL,Wendell Carter Jr.,29.37100982666016,10.5,10.742348670959473,6.9940290451049805,0.8685449957847595,1,O
04/15/2026,ORL,Franz Wagner,29.733673095703125,18.5,19.866044998168945,4.333134174346924,0.7184932231903076,1,O
04/15/2026,ORL,Anthony Black,23.40110969543457,10.5,11.089829444885254,6.923174381256104,0.9922680258750916,1,O
04/15/2026,LAC,Jordan Miller,25.83193016052246,7.5,9.864553451538086,5.907761096954346,0.8222123384475708,1,O
04/15/2026,LAC,John Collins,24.801332473754883,11.5,11.87713623046875,6.452884674072266,0.9162197113037108,1,O
04/15/2026,LAC,Darius Garland,31.89675712585449,20.5,20.88476753234864,8.820051193237305,0.7911345362663269,1,O
04/15/2026,LAC,Brook Lopez,29.339988708496094,10.5,11.354122161865234,7.220690727233887,0.773368239402771,1,O
04/15/2026,LAC,Bennedict Mathurin,24.86372947692871,11.5,11.974945068359377,6.590208530426025,0.8550477623939514,1,O
04/15/2026,GSW,Gui Santos,27.51708984375,10.5,12.598094940185549,7.2645263671875,0.8993483781814575,1,O
04/15/2026,GSW,Gary Payton II,17.541139602661133,6.5,6.595392227172852,7.485355854034424,0.8847821950912476,1,O
04/15/2026,GSW,Brandin Podziemski,29.734174728393555,13.5,15.418606758117676,6.452047348022461,0.8372746109962463,1,O
04/15/2026,GSW,Al Horford,19.40495491027832,5.5,7.157472610473633,6.257910251617432,0.8340474963188171,1,O
04/15/2026,PHI,VJ Edgecombe,36.58309555053711,16.5,15.668729782104492,3.547647953033448,0.737107515335083,1,-
04/15/2026,PHI,Tyrese Maxey,38.16810607910156,29.5,28.154029846191406,4.785420894622803,0.5942944288253784,1,-
04/15/2026,PHI,Paul George,31.54231071472168,21.5,17.454267501831055,6.833659648895264,0.7595429420471191,1,-
04/15/2026,ORL,Paolo Banchero,35.581642150878906,22.5,20.562747955322266,2.4604358673095703,0.6292109489440918,1,-
04/15/2026,ORL,Jalen Suggs,29.744691848754883,14.5,13.385519981384276,2.508601665496826,0.6283948421478271,1,-
04/15/2026,ORL,Desmond Bane,31.43671226501465,18.5,17.126115798950195,6.7809014320373535,0.8120458126068115,1,-
04/15/2026,LAC,Kris Dunn,29.06786155700684,6.5,6.398006916046143,5.155747413635254,0.7926071882247925,1,-
04/15/2026,LAC,Kawhi Leonard,32.29279327392578,29.5,26.2343978881836,6.914930820465088,0.6853662729263306,1,-
04/15/2026,LAC,Derrick Jones Jr.,29.400564193725582,9.5,8.026023864746094,6.129914283752441,0.8821820616722107,1,-
04/15/2026,GSW,Stephen Curry,29.93379592895508,25.5,22.68556785583496,7.066932678222656,0.716724157333374,1,-
04/15/2026,GSW,Kristaps Porzingis,26.09009552001953,17.5,13.889601707458496,5.732796669006348,0.7285429239273071,1,-
04/15/2026,GSW,Draymond Green,28.706602096557617,8.5,7.387070655822754,3.813950300216675,0.7536602020263672,1,-
04/15/2026,GSW,De'Anthony Melton,21.89373016357422,11.5,8.354219436645508,5.214420795440674,0.7968503832817078,1,-
04/17/2026,PHO,Royce O'Neale,24.427623748779297,6.5,8.5584135055542,6.628530025482178,0.9219178557395936,1,O
04/17/2026,PHO,Oso Ighodaro,26.77301406860352,6.5,7.138223648071289,6.7322516441345215,0.9290083646774292,1,O
04/17/2026,PHO,Mark Williams,21.99423217773437,7.5,10.461465835571287,8.636980056762695,0.945334017276764,1,O
04/17/2026,PHO,Jordan Goodwin,25.94087028503418,7.5,8.884380340576172,6.003538608551025,0.764946460723877,1,O
04/17/2026,PHO,Grayson Allen,23.574363708496094,10.5,11.468817710876465,6.765437602996826,0.8325721025466919,1,O
04/17/2026,PHO,Dillon Brooks,31.605484008789062,17.5,20.069190979003903,6.980032444000244,0.7790033221244812,1,O
04/17/2026,PHO,Devin Booker,35.48932266235352,28.5,29.040283203125,4.167087078094482,0.650297224521637,1,O
04/17/2026,PHO,Collin Gillespie,25.192916870117188,6.5,9.07858657836914,6.907415866851807,0.922167181968689,1,O
04/17/2026,ORL,Wendell Carter Jr.,29.71220970153809,8.5,9.62441635131836,5.004632949829102,0.7062525749206543,1,O
04/17/2026,ORL,Jamal Cain,16.283849716186523,3.5,6.278317928314209,5.979326248168945,0.7705303430557251,1,O
04/17/2026,ORL,Franz Wagner,29.728343963623047,17.5,17.929489135742188,4.195868968963623,0.7301145195960999,1,O
04/17/2026,GSW,Gui Santos,27.92070770263672,12.5,13.087889671325684,6.688357830047607,0.8899164795875549,1,O
04/17/2026,GSW,De'Anthony Melton,22.61281967163086,9.5,9.593207359313965,6.136805057525635,0.7988359928131104,1,O
04/17/2026,GSW,Brandin Podziemski,30.97471237182617,14.5,16.497844696044922,6.4599928855896,0.7814279198646545,1,O
04/17/2026,GSW,Al Horford,21.404504776000977,7.5,7.818789958953857,5.793863773345947,0.7933331727981567,1,O
04/17/2026,CHO,Moussa Diabate,28.55917930603028,6.5,6.853787422180176,5.311988830566406,0.7764027118682861,1,O
04/17/2026,CHO,Miles Bridges,31.924936294555664,15.5,15.757189750671388,4.538496017456055,0.6641136407852173,1,O
04/17/2026,CHO,Grant Williams,19.801738739013672,4.5,6.486071586608887,7.766259670257568,0.9002706408500671,1,O
04/17/2026,CHO,Coby White,20.063453674316406,14.5,16.13038444519043,9.566890716552734,0.8651356101036072,1,O
04/17/2026,PHO,Jalen Green,28.845722198486328,20.5,18.943723678588867,8.077306747436523,0.7747340798377991,1,-
04/17/2026,ORL,Paolo Banchero,34.93921661376953,23.5,21.351694107055664,2.1198606491088867,0.5375288724899292,1,-
04/17/2026,ORL,Jalen Suggs,29.871749877929688,14.5,12.218478202819824,2.3406429290771484,0.5736299753189087,1,-
04/17/2026,ORL,Desmond Bane,31.5,20.5,16.342334747314453,4.517677307128906,0.6766302585601807,1,-
04/17/2026,ORL,Anthony Black,23.88420295715332,10.5,9.683170318603516,5.299374103546143,0.8412330150604248,1,-
04/17/2026,GSW,Stephen Curry,31.16124725341797,27.5,23.797334671020508,4.874658584594727,0.7314277291297913,1,-
04/17/2026,GSW,Kristaps Porzingis,26.498668670654297,17.5,15.26365852355957,5.64197301864624,0.8030632138252258,1,-
04/17/2026,GSW,Draymond Green,29.22787475585937,8.5,6.619026184082031,3.444207668304444,0.6820693612098694,1,-
04/17/2026,CHO,LaMelo Ball,31.017383575439453,24.5,22.538042068481445,7.747934818267822,0.754241406917572,1,-
04/17/2026,CHO,Kon Knueppel,32.26643753051758,16.5,14.68369960784912,6.135640621185303,0.6758766174316406,1,-
04/17/2026,CHO,Brandon Miller,31.926189422607425,19.5,19.13741683959961,5.695430278778076,0.6971950531005859,1,-
04/21/2026,SAS,Luke Kornet,18.14784812927246,4.5,6.05112361907959,5.896827697753906,0.8397538065910339,1,O
04/21/2026,SAS,Keldon Johnson,22.40314292907715,9.5,13.043599128723145,7.8101983070373535,0.900431215763092,1,O
04/21/2026,SAS,Julian Champagnie,27.82669448852539,8.5,8.900079727172852,6.684826850891113,0.8203091621398926,1,O
04/21/2026,SAS,Dylan Harper,22.634815216064453,8.5,11.582889556884766,4.910892486572266,0.8367302417755127,1,O
04/21/2026,SAS,Devin Vassell,31.096296310424805,12.5,13.475067138671877,6.281020164489746,0.7286628484725952,1,O
04/21/2026,SAS,De'Aaron Fox,30.81231689453125,16.5,18.78531074523925,5.976559162139893,0.61919105052948,1,O
04/21/2026,POR,Toumani Camara,33.92853927612305,10.5,12.147217750549316,2.7705652713775635,0.5932700037956238,1,O
04/21/2026,POR,Shaedon Sharpe,22.95648765563965,11.5,13.12334156036377,0.9477513432502748,0.546079158782959,1,O
04/21/2026,POR,Scoot Henderson,27.362031936645508,10.5,12.942190170288086,4.160897731781006,0.632682740688324,1,O
04/21/2026,POR,Jerami Grant,24.550722122192383,10.5,12.825776100158691,4.4450507164001465,0.7582411170005798,1,O
04/21/2026,POR,Deni Avdija,35.24308395385742,23.5,26.05919075012207,1.941494584083557,0.6078807711601257,1,O
04/21/2026,PHI,Quentin Grimes,26.86453056335449,8.5,10.207006454467772,3.2940752506256104,0.6622990965843201,1,O
04/21/2026,PHI,Andre Drummond,22.86932182312012,5.5,6.348532199859619,3.879770994186402,0.696143627166748,1,O
04/21/2026,PHI,Adem Bona,23.230966567993164,3.5,5.43865966796875,3.7653238773345934,0.7716687917709351,1,O
04/21/2026,LAL,Luke Kennard,28.115571975708008,13.5,14.686279296875,3.959977149963379,0.714331865310669,1,O
04/21/2026,LAL,Jaxson Hayes,19.181962966918945,5.5,9.39333438873291,5.618947982788086,0.8292641043663025,1,O
04/21/2026,LAL,Jarred Vanderbilt,19.69727325439453,3.5,4.802345275878906,4.618210315704346,0.6558079123497009,1,O
04/21/2026,LAL,Jake LaRavia,24.0770206451416,6.5,7.474018096923828,4.663076400756836,0.6683969497680664,1,O
04/21/2026,LAL,Deandre Ayton,31.76708030700684,12.5,15.247477531433104,5.118441581726074,0.6869922876358032,1,O
04/21/2026,LAL,Bronny James,14.652542114257812,1.5,4.268048286437988,5.0752854347229,0.7558584809303284,1,O
04/21/2026,HOU,Tari Eason,23.84244537353516,9.5,9.80821704864502,1.2281858921051023,0.6067824959754944,1,O
04/21/2026,HOU,Reed Sheppard,24.538864135742188,10.5,12.672590255737305,6.090127944946289,0.9414229393005372,1,O
04/21/2026,HOU,Kevin Durant,37.31389617919922,23.5,24.30657958984375,2.3595571517944336,0.615352988243103,1,O
04/21/2026,HOU,Josh Okogie,25.456727981567383,4.5,5.592602252960205,2.219965934753418,0.6328061819076538,1,O
04/21/2026,HOU,Jabari Smith Jr.,35.73875427246094,15.5,15.90053653717041,2.4221651554107666,0.6501840353012085,1,O
04/21/2026,HOU,Clint Capela,13.093074798583984,1.5,3.738480567932129,5.033417224884033,0.8720589876174927,1,O
04/21/2026,HOU,Amen Thompson,37.50276565551758,17.5,19.800933837890625,2.4918529987335205,0.5730718374252319,1,O
04/21/2026,BOS,Sam Hauser,27.67500877380371,8.5,10.053858757019045,4.767518997192383,0.7346671223640442,1,O
04/21/2026,BOS,Payton Pritchard,30.086111068725582,13.5,15.714406967163086,4.536960601806641,0.7454854846000671,1,O
04/21/2026,BOS,Neemias Queta,25.67949676513672,9.5,10.100528717041016,5.157748222351074,0.750047504901886,1,O
04/21/2026,SAS,Victor Wembanyama,28.584243774414062,28.5,27.06567001342773,5.387102127075195,0.7880368232727051,1,-
04/21/2026,SAS,Stephon Castle,30.51611518859864,17.5,16.718141555786133,4.0918498039245605,0.6652970314025879,1,-
04/21/2026,POR,Robert Williams,17.686079025268555,6.5,5.898458003997803,6.198832035064697,0.7292541265487671,1,-
04/21/2026,POR,Jrue Holiday,31.68027305603028,15.5,15.113591194152832,4.950322151184082,0.6600225567817688,1,-
04/21/2026,POR,Donovan Clingan,26.80526733398437,9.5,8.542450904846191,3.980324745178223,0.6977452039718628,1,-
04/21/2026,PHI,VJ Edgecombe,35.72970199584961,15.5,15.3776273727417,2.481217622756958,0.5825538039207458,1,-
04/21/2026,PHI,Tyrese Maxey,37.95125198364258,26.5,25.063146591186523,1.9216208457946773,0.5080277323722839,1,-
04/21/2026,PHI,Paul George,32.177677154541016,18.5,15.849831581115724,3.7754387855529785,0.5956969857215881,1,-
04/21/2026,PHI,Kelly Oubre Jr.,33.82289505004883,13.5,13.400592803955078,1.2727110385894775,0.7341876029968262,1,-
04/21/2026,LAL,Rui Hachimura,33.498374938964844,15.5,15.375072479248049,2.985564708709717,0.6031730771064758,1,-
04/21/2026,LAL,Marcus Smart,30.25990104675293,12.5,11.101943016052246,1.438963532447815,0.5497938394546509,1,-
04/21/2026,LAL,LeBron James,33.294776916503906,25.5,22.39677619934082,2.9398510456085205,0.6238798499107361,1,-
04/21/2026,HOU,Alperen Sengun,33.48922348022461,18.5,18.291343688964844,3.553874254226685,0.6599351763725281,1,-
04/21/2026,BOS,Nikola Vucevic,20.405799865722656,7.5,7.246355056762695,5.519515037536621,0.7445961236953735,1,-
04/21/2026,BOS,Jayson Tatum,33.65761184692383,23.5,20.857362747192383,3.7347121238708496,0.6685702204704285,1,-
04/21/2026,BOS,Jaylen Brown,34.907257080078125,26.5,25.75041580200196,2.619570255279541,0.5966712236404419,1,-
04/21/2026,BOS,Derrick White,33.27323532104492,14.5,12.643977165222168,1.9100074768066408,0.5097454190254211,1,-
04/22/2026,PHO,Oso Ighodaro,26.83969688415528,5.5,7.135403156280518,6.291014194488525,0.8415871262550354,1,O
04/22/2026,PHO,Mark Williams,20.797882080078125,6.5,9.060959815979004,5.74062967300415,0.7995437383651733,1,O
04/22/2026,PHO,Jordan Goodwin,23.10067367553711,7.5,8.960826873779297,2.4720404148101807,0.6327105760574341,1,O
04/22/2026,PHO,Jalen Green,32.376338958740234,18.5,20.72299766540528,4.723656177520752,0.6317692399024963,1,O
04/22/2026,PHO,Dillon Brooks,32.19353485107422,16.5,18.31358528137207,2.41556715965271,0.7236665487289429,1,O
04/22/2026,PHO,Collin Gillespie,29.400192260742188,7.5,9.743866920471191,5.55121374130249,0.7773144245147705,1,O
04/22/2026,ORL,Wendell Carter Jr.,31.01282501220703,10.5,11.38524055480957,4.11002254486084,0.757843554019928,1,O
04/22/2026,ORL,Paolo Banchero,36.0628662109375,21.5,24.227096557617188,3.541471481323242,0.5648443698883057,1,O
04/22/2026,ORL,Goga Bitadze,15.906225204467772,3.5,4.675833702087402,5.781605243682861,0.8924826979637146,1,O
04/22/2026,ORL,Franz Wagner,30.62245178222656,15.5,18.1530876159668,4.8505473136901855,0.6989238262176514,1,O
04/22/2026,ORL,Desmond Bane,34.405269622802734,17.5,20.59575653076172,3.6746325492858887,0.6672099828720093,1,O
04/22/2026,ORL,Anthony Black,25.05169105529785,9.5,9.926034927368164,4.458192825317383,0.9324327111244202,1,O
04/22/2026,OKC,Shai Gilgeous-Alexander,33.82425308227539,29.5,30.273256301879883,4.5757575035095215,0.6599708199501038,1,O
04/22/2026,OKC,Luguentz Dort,28.018638610839844,6.5,7.29764986038208,6.030352115631104,0.8354324102401733,1,O
04/22/2026,OKC,Isaiah Joe,17.76331901550293,6.5,9.514166831970217,7.071950912475586,0.7847435474395752,1,O
04/22/2026,OKC,Chet Holmgren,28.528738021850582,16.5,17.23888397216797,6.600820541381836,0.8986501097679138,1,O
04/22/2026,OKC,Cason Wallace,21.036209106445312,5.5,5.648287773132324,7.357726097106934,0.7485080361366272,1,O
04/22/2026,DET,Kevin Huerter,20.331676483154297,5.5,7.516385555267334,7.237391471862793,0.8221579790115356,1,O
04/22/2026,DET,Isaiah Stewart,19.837692260742188,6.5,8.009941101074219,5.817966461181641,0.7561513185501099,1,O
04/22/2026,DET,Duncan Robinson,27.94824409484864,10.5,11.178044319152832,4.181493759155273,0.7674429416656494,1,O
04/22/2026,DET,Daniss Jenkins,20.622699737548828,7.5,8.283975601196289,3.7212977409362793,0.6282538175582886,1,O
04/22/2026,PHO,Royce O'Neale,25.177499771118164,7.5,7.368103504180908,4.467192649841309,0.7419207096099854,1,-
04/22/2026,PHO,Devin Booker,36.35311508178711,23.5,22.73333549499512,-0.8407695293426514,0.5231497883796692,1,-
04/22/2026,ORL,Jalen Suggs,30.2379207611084,13.5,13.070988655090332,2.70261025428772,0.6375579833984375,1,-
04/22/2026,OKC,Jalen Williams,29.83917999267578,18.5,16.92758560180664,4.178498268127441,0.6342638731002808,1,-
04/22/2026,OKC,Isaiah Hartenstein,23.68143844604492,7.5,6.969898700714111,5.548593044281006,0.8264548778533936,1,-
04/22/2026,OKC,Alex Caruso,18.28936767578125,5.5,4.382573127746582,7.257899761199951,0.7800973057746887,1,-
04/22/2026,OKC,Ajay Mitchell,22.82229804992676,9.5,8.913609504699707,5.222082138061523,0.8709489703178406,1,-
04/22/2026,DET,Tobias Harris,29.272964477539062,14.5,12.95456886291504,5.457922458648682,0.703274130821228,1,-
04/22/2026,DET,Jalen Duren,29.9440860748291,16.5,15.871222496032717,4.494877338409424,0.6217190623283386,1,-
04/22/2026,DET,Cade Cunningham,33.23490524291992,27.5,21.596540451049805,1.7166922092437744,0.6449484825134277,1,-
04/22/2026,DET,Ausar Thompson,27.38595199584961,9.5,7.868890285491943,3.5236384868621826,0.5206616520881653,1,-
04/23/2026,TOR,Sandro Mamukelashvili,19.96834373474121,10.5,8.434877395629883,8.6970853805542,0.8906745314598083,1,-
04/23/2026,TOR,Scottie Barnes,33.648048400878906,18.5,18.791540145874023,2.783737897872925,0.6165205240249634,1,O
04/23/2026,TOR,Jakob Poeltl,25.15914535522461,7.5,7.725383281707764,6.367947578430176,0.7164718508720398,1,O
04/23/2026,TOR,Ja'Kobe Walter,27.63003158569336,8.5,10.83030605316162,6.4056172370910645,0.6719101667404175,1,O
04/23/2026,TOR,Collin Murray-Boyles,20.00333595275879,8.5,10.60214614868164,6.878044605255127,0.8926616907119751,1,O
04/23/2026,NYK,Mitchell Robinson,18.23457145690918,4.5,6.5500335693359375,4.624102592468262,0.8713895082473755,1,O
04/23/2026,NYK,Miles McBride,21.85514640808105,5.5,6.865009307861328,6.356909275054932,0.9262845516204834,1,O
04/23/2026,NYK,Karl-Anthony Towns,30.919750213623047,19.5,19.548412322998047,4.268412113189697,0.7802956700325012,1,O
04/23/2026,NYK,Josh Hart,32.336158752441406,11.5,11.62072467803955,1.5254720449447632,0.6290557980537415,1,O
04/23/2026,NYK,Jordan Clarkson,17.826345443725586,4.5,6.479556560516357,5.272366523742676,0.9194666743278505,1,O
04/23/2026,NYK,Jalen Brunson,35.08857727050781,26.5,26.66587257385254,1.2345932722091677,0.5212259888648987,1,O
04/23/2026,MIN,Rudy Gobert,31.077402114868164,9.5,9.964692115783691,2.714308977127075,0.6617045402526855,1,O
04/23/2026,MIN,Naz Reid,23.82366371154785,10.5,11.914732933044434,6.335503578186035,0.8499184846878052,1,O
04/23/2026,MIN,Jaden McDaniels,32.83082962036133,14.5,15.057300567626951,5.241262912750244,0.7812312841415405,1,O
04/23/2026,MIN,Donte DiVincenzo,29.560964584350582,10.5,11.456040382385254,4.4700608253479,0.7063482403755188,1,O
04/23/2026,MIN,Ayo Dosunmu,26.435880661010746,11.5,13.7352933883667,5.458225727081299,0.8354705572128296,1,O
04/23/2026,DEN,Tim Hardaway Jr.,26.20709800720215,11.5,13.141252517700195,6.6058759689331055,0.7942615151405334,1,O
04/23/2026,DEN,Spencer Jones,26.067174911499023,4.5,5.401031494140625,7.099542140960693,0.7033863067626953,1,O
04/23/2026,DEN,Jamal Murray,36.97274398803711,28.5,29.60029602050781,5.034290790557861,0.5196722149848938,1,O
04/23/2026,DEN,Christian Braun,33.751373291015625,12.5,14.225192070007324,5.331927299499512,0.74041348695755,1,O
04/23/2026,DEN,Cameron Johnson,31.841365814208984,12.5,12.67543125152588,4.4521589279174805,0.7199209928512573,1,O
04/23/2026,DEN,Bruce Brown,23.959108352661133,8.5,8.78136157989502,5.282018661499023,0.6712388396263123,1,O
04/23/2026,CLE,Sam Merrill,23.32186508178711,7.5,8.036704063415527,6.055355548858643,0.8485249876976013,1,O
04/23/2026,CLE,Max Strus,22.57611083984375,8.5,9.464798927307127,5.62225866317749,0.7702776193618774,1,O
04/23/2026,CLE,Keon Ellis,20.91158103942871,2.5,5.266464710235596,7.228864669799805,0.8663737773895264,1,O
04/23/2026,CLE,Evan Mobley,31.3315372467041,16.5,17.160755157470703,5.268506050109863,0.7946661114692688,1,O
04/23/2026,CLE,Dennis Schroder,17.865224838256836,4.5,5.369725704193115,7.111450672149658,0.9237305521965028,1,O
04/23/2026,CLE,Dean Wade,24.65100479125977,4.5,5.207441329956055,5.280189514160156,0.8712626695632935,1,O
04/23/2026,ATL,Onyeka Okongwu,31.685176849365234,12.5,12.634917259216309,3.4001882076263428,0.7392210364341736,1,O
04/23/2026,ATL,Nickeil Alexander-Walker,34.13687896728516,18.5,19.60935401916504,6.253063201904297,0.7170565128326416,1,O
04/23/2026,ATL,CJ McCollum,29.95660781860352,19.5,20.478954315185547,3.8142411708831774,0.6794382333755493,1,O
04/23/2026,TOR,RJ Barrett,31.63813209533692,20.5,18.954933166503903,5.132519245147705,0.6951283812522888,1,-
04/23/2026,TOR,Jamal Shead,23.987668991088867,7.5,6.762601375579834,6.46050500869751,0.8018985390663147,1,-
04/23/2026,TOR,Immanuel Quickley,22.707778930664062,10.5,10.024953842163086,5.480576515197754,0.8266071081161499,1,-
04/23/2026,TOR,Brandon Ingram,34.57496643066406,21.5,19.01970672607422,4.2515082359313965,0.6729476451873779,1,-
04/23/2026,NYK,OG Anunoby,33.14892578125,15.5,14.57978057861328,3.105369806289673,0.7923054099082947,1,-
04/23/2026,NYK,Mikal Bridges,30.99172592163086,11.5,10.629304885864258,2.976435899734497,0.7321904301643372,1,-
04/23/2026,MIN,Julius Randle,32.908626556396484,19.5,19.117828369140625,4.231264591217041,0.6545605063438416,1,-
04/23/2026,MIN,Anthony Edwards,35.35349655151367,28.5,25.62337684631348,4.321399688720703,0.633899986743927,1,-
04/23/2026,DEN,Nikola Jokic,36.44390869140625,30.5,28.457881927490234,2.948250770568848,0.5187302827835083,1,-
04/23/2026,DEN,Aaron Gordon,26.565549850463867,14.5,13.833600997924805,3.9311423301696777,0.6121944785118103,1,-
04/23/2026,CLE,Jarrett Allen,27.284103393554688,13.5,12.582711219787598,7.189341068267822,0.8520057201385498,1,-
04/23/2026,CLE,James Harden,33.832611083984375,19.5,19.466203689575195,6.1375837326049805,0.7207652926445007,1,-
04/23/2026,CLE,Donovan Mitchell,32.7900390625,27.5,25.172048568725582,4.04181718826294,0.7083041667938232,1,-
04/23/2026,ATL,Jonathan Kuminga,24.42950439453125,12.5,12.376874923706056,5.884306907653809,0.7936437129974365,1,-
04/23/2026,ATL,Jalen Johnson,34.93996810913086,20.5,20.134639739990234,2.433882713317871,0.4526794850826263,0,-
04/23/2026,ATL,Gabe Vincent,14.002059936523438,3.5,2.7912213802337646,5.768764019012451,0.7553679943084717,1,-
04/23/2026,ATL,Dyson Daniels,32.72049331665039,9.5,9.38636875152588,2.305680751800537,0.5839659571647644,1,-
04/24/2026,SAS,Luke Kornet,25.172399520874023,7.5,8.530583381652832,6.641909122467041,0.8603646159172058,1,O
04/24/2026,SAS,Keldon Johnson,22.38305854797364,11.5,14.05204963684082,5.9890666007995605,0.8588234186172485,1,O
04/24/2026,SAS,Julian Champagnie,28.27385902404785,9.5,10.1148099899292,7.959393501281738,0.8718507885932922,1,O
04/24/2026,SAS,Harrison Barnes,20.77364158630371,6.5,7.762685775756836,7.169002056121826,0.888045608997345,1,O
04/24/2026,SAS,Dylan Harper,22.599550247192383,10.5,12.026063919067385,5.433391571044922,0.7731053233146667,1,O
04/24/2026,SAS,Devin Vassell,31.88561248779297,15.5,15.72154712677002,5.460573196411133,0.7254961729049683,1,O
04/24/2026,SAS,Carter Bryant,15.476259231567385,4.5,6.469804286956787,5.672166347503662,0.818694531917572,1,O
04/24/2026,POR,Shaedon Sharpe,22.395488739013672,10.5,11.231724739074709,5.643966674804688,0.780340850353241,1,O
04/24/2026,POR,Scoot Henderson,28.3427734375,13.5,15.737004280090332,7.211967468261719,0.7426084876060486,1,O
04/24/2026,POR,Robert Williams,18.41474723815918,6.5,6.717245101928711,6.326557159423828,0.8557233214378357,1,O
04/24/2026,POR,Jerami Grant,24.47350311279297,9.5,10.569085121154783,5.907698631286621,0.8083115816116333,1,O
04/24/2026,PHI,VJ Edgecombe,35.8256950378418,15.5,17.51950454711914,3.216874122619629,0.6417120695114136,1,O
04/24/2026,PHI,Tyrese Maxey,38.576114654541016,25.5,27.352575302124023,0.8444613814353943,0.504196286201477,1,O
04/24/2026,PHI,Quentin Grimes,25.7664737701416,7.5,9.14475440979004,4.264121055603027,0.6361674070358276,1,O
04/24/2026,PHI,Justin Edwards,19.1643295288086,4.5,5.84101676940918,5.34257173538208,0.8339927196502686,1,O
04/24/2026,PHI,Adem Bona,22.837778091430664,3.5,4.499348640441895,3.555785655975342,0.7094263434410095,1,O
04/24/2026,LAL,Rui Hachimura,34.33084487915039,14.5,14.877798080444336,3.288784980773926,0.5538771152496338,1,O
04/24/2026,LAL,Marcus Smart,31.519824981689453,12.5,12.517152786254885,4.246617317199707,0.6297712326049805,1,O
04/24/2026,LAL,Luke Kennard,29.94680595397949,14.5,15.842400550842283,3.768691778182984,0.6333144307136536,1,O
04/24/2026,LAL,Jaxson Hayes,19.59839630126953,5.5,8.157483100891113,5.969596862792969,0.9652226567268372,1,O
04/24/2026,LAL,Jake LaRavia,22.76435661315918,4.5,5.3985514640808105,5.454949378967285,0.6635783910751343,1,O
04/24/2026,LAL,Deandre Ayton,30.92655563354492,12.5,13.779767990112305,4.601467609405518,0.623108983039856,1,O
04/24/2026,LAL,Bronny James,13.214630126953123,1.5,2.949209928512573,5.157045841217041,0.7606868147850037,1,O
04/24/2026,HOU,Tari Eason,29.50176048278809,12.5,13.038689613342283,2.2065141201019287,0.570411741733551,1,O
04/24/2026,HOU,Josh Okogie,19.991819381713867,4.5,4.923007488250732,3.17864990234375,0.6184245944023132,1,O
04/24/2026,HOU,Amen Thompson,38.25200653076172,19.5,19.63410377502441,1.5301926136016846,0.511962354183197,1,O
04/24/2026,BOS,Sam Hauser,27.54150009155273,8.5,9.282565116882324,6.218093395233154,0.6665669083595276,1,O
04/24/2026,BOS,Payton Pritchard,29.83521270751953,12.5,13.459732055664062,4.903938293457031,0.7452848553657532,1,O
04/24/2026,BOS,Neemias Queta,25.890033721923828,9.5,10.343994140625,6.889188766479492,0.7061994075775146,1,O
04/24/2026,BOS,Jaylen Brown,35.22663116455078,26.5,27.47787094116211,3.7785489559173584,0.5616629123687744,1,O
04/24/2026,SAS,Victor Wembanyama,24.10309219360352,23.5,20.297866821289062,5.752421379089356,0.8233791589736938,1,-
04/24/2026,SAS,Stephon Castle,31.965749740600582,19.5,18.47450256347656,3.28985333442688,0.6993988156318665,1,-
04/24/2026,SAS,De'Aaron Fox,31.849824905395508,20.5,19.65373420715332,4.465657234191895,0.7431078553199768,1,-
04/24/2026,POR,Toumani Camara,33.73541641235352,11.5,10.97432804107666,3.557175874710083,0.6648514866828918,1,-
04/24/2026,POR,Jrue Holiday,31.8974838256836,16.5,14.30175495147705,5.848312854766846,0.7463438510894775,1,-
04/24/2026,POR,Donovan Clingan,26.76945877075196,10.5,8.869868278503418,7.568531513214111,0.746386706829071,1,-
04/24/2026,POR,Deni Avdija,34.7443962097168,24.5,23.705251693725582,4.013094425201416,0.7165073752403259,1,-
04/24/2026,PHI,Paul George,32.46232223510742,17.5,17.19154167175293,1.744877576828003,0.6475839614868164,1,-
04/24/2026,PHI,Kelly Oubre Jr.,34.79312896728516,13.5,13.042523384094238,1.117534041404724,0.6914958953857422,1,-
04/24/2026,PHI,Andre Drummond,22.72709846496582,6.5,5.608213424682617,3.52042555809021,0.7017198204994202,1,-
04/24/2026,LAL,LeBron James,33.992061614990234,24.5,23.23497009277344,3.609356641769409,0.5988620519638062,1,-
04/24/2026,HOU,Reed Sheppard,30.27543067932129,16.5,15.12435245513916,5.625150680541992,0.7028716206550598,1,-
04/24/2026,HOU,Kevin Durant,29.346555709838867,23.5,21.334867477416992,1.3148009777069092,0.5868920683860779,1,-
04/24/2026,HOU,Jabari Smith Jr.,36.5897216796875,17.5,17.481033325195312,1.6712645292282104,0.7068650126457214,1,-
04/24/2026,HOU,Alperen Sengun,33.66394805908203,21.5,20.45921516418457,3.624774932861328,0.6473054885864258,1,-
04/24/2026,BOS,Nikola Vucevic,20.016027450561523,7.5,7.219529628753662,5.979441165924072,0.7021346688270569,1,-
04/24/2026,BOS,Jayson Tatum,34.23151016235352,22.5,20.99654006958008,2.904580593109131,0.5876526236534119,1,-
04/24/2026,BOS,Derrick White,33.93570327758789,14.5,12.760807991027832,0.3921987414360046,0.421168565750122,0,-
04/25/2026,PHO,Devin Booker,36.71945571899414,22.5,22.134748458862305,-0.6205005645751953,0.4584618806838989,0,U
04/25/2026,PHO,Royce O'Neale,26.766695022583008,7.5,9.654040336608888,4.316723346710205,0.7566743493080139,1,O
04/25/2026,PHO,Oso Ighodaro,27.53696823120117,5.5,7.531761169433594,5.211053848266602,0.855368435382843,1,O
04/25/2026,PHO,Jordan Goodwin,22.63028335571289,6.5,8.953468322753906,3.834535837173462,0.7188244462013245,1,O
04/25/2026,PHO,Dillon Brooks,32.844573974609375,18.5,18.55417251586914,5.124566078186035,0.8252487182617188,1,O
04/25/2026,ORL,Jalen Suggs,29.948955535888672,13.5,13.72328281402588,3.4679012298583984,0.6000200510025024,1,O
04/25/2026,ORL,Goga Bitadze,15.9692964553833,3.5,4.348700523376465,6.048141479492188,0.754368245601654,1,O
04/25/2026,ORL,Anthony Black,25.672164916992188,8.5,9.01260471343994,4.225332736968994,0.9048737287521362,1,O
04/25/2026,OKC,Luguentz Dort,28.29445457458496,7.5,8.049458503723145,5.047199726104736,0.8726059794425964,1,O
04/25/2026,OKC,Jared McCain,16.6234188079834,6.5,6.9817609786987305,8.411900520324707,0.9476096630096436,1,O
04/25/2026,OKC,Chet Holmgren,29.29585647583008,16.5,16.835683822631836,6.223414421081543,0.8255364298820496,1,O
04/25/2026,NYK,OG Anunoby,33.46890640258789,16.5,17.712400436401367,4.021383762359619,0.7550331950187683,1,O
04/25/2026,NYK,Mitchell Robinson,17.29935646057129,4.5,5.658438682556152,5.718917846679688,0.7284872531890869,1,O
04/25/2026,MIN,Julius Randle,33.31411361694336,19.5,19.54889488220215,3.470064878463745,0.5965994596481323,1,O
04/25/2026,MIN,Jaden McDaniels,33.61870193481445,15.5,15.869813919067385,5.638664245605469,0.7823256850242615,1,O
04/25/2026,MIN,Donte DiVincenzo,30.28920555114746,10.5,12.306830406188965,4.341471195220947,0.6458799242973328,1,O
04/25/2026,MIN,Bones Hyland,16.78882598876953,5.5,6.32792329788208,7.479360580444336,0.9001100063323975,1,O
04/25/2026,MIN,Ayo Dosunmu,27.44027137756348,12.5,14.77197265625,8.053285598754883,0.862845242023468,1,O
04/25/2026,DET,Isaiah Stewart,19.048423767089844,6.5,7.580495834350586,7.389400959014893,0.6821166276931763,1,O
04/25/2026,DET,Daniss Jenkins,20.27033424377441,5.5,6.393451690673828,5.8813958168029785,0.6975239515304565,1,O
04/25/2026,DEN,Tim Hardaway Jr.,24.9074649810791,10.5,11.977304458618164,6.38434362411499,0.8240770697593689,1,O
04/25/2026,DEN,Christian Braun,32.88072967529297,10.5,11.153088569641112,5.108224868774414,0.6586631536483765,1,O
04/25/2026,DEN,Cameron Johnson,31.92023086547852,11.5,11.99463939666748,3.626535892486572,0.625308632850647,1,O
04/25/2026,DEN,Bruce Brown,22.20618057250977,6.5,7.405049800872803,6.589461326599121,0.7008492350578308,1,O
04/25/2026,DEN,Aaron Gordon,30.263029098510746,12.5,13.116124153137209,2.774369239807129,0.5838623642921448,1,O
04/25/2026,ATL,Nickeil Alexander-Walker,34.66257858276367,17.5,18.863296508789062,5.81406307220459,0.7295819520950317,1,O
04/25/2026,ATL,Gabe Vincent,13.994725227355955,2.5,2.89168119430542,6.532419681549072,0.7361767888069153,1,O
04/25/2026,ATL,CJ McCollum,30.75423812866211,19.5,22.404890060424805,5.879561901092529,0.6976331472396851,1,O
04/25/2026,PHO,Jalen Green,32.74324035644531,19.5,19.32428741455078,4.191226959228516,0.7021851539611816,1,-
04/25/2026,PHO,Collin Gillespie,28.825931549072266,9.5,9.1453218460083,4.782118320465088,0.671819806098938,1,-
04/25/2026,ORL,Wendell Carter Jr.,30.15814208984375,10.5,10.382898330688477,4.1666035652160645,0.7098193168640137,1,-
04/25/2026,ORL,Paolo Banchero,35.57557678222656,21.5,20.806303024291992,4.312392234802246,0.5794932842254639,1,-
04/25/2026,ORL,Franz Wagner,30.50265312194824,17.5,17.259441375732422,3.120381116867065,0.6609444618225098,1,-
04/25/2026,ORL,Desmond Bane,33.70331954956055,19.5,18.147506713867188,4.985503196716309,0.6033934950828552,1,-
04/25/2026,OKC,Shai Gilgeous-Alexander,34.63947677612305,32.5,31.601980209350582,5.561354637145996,0.6656854152679443,1,-
04/25/2026,OKC,Isaiah Hartenstein,24.02788352966309,8.5,8.218002319335938,4.519965171813965,0.849859893321991,1,-
04/25/2026,OKC,Cason Wallace,21.887914657592773,7.5,5.425676345825195,6.621699810028076,0.8649694323539734,1,-
04/25/2026,OKC,Alex Caruso,18.808006286621094,7.5,5.343448638916016,5.912024021148682,0.8356381058692932,1,-
04/25/2026,OKC,Ajay Mitchell,29.630434036254883,14.5,12.793231010437012,3.304447650909424,0.7890276312828064,1,-
04/25/2026,NYK,Miles McBride,21.99201393127441,8.5,7.967362403869629,9.607810020446776,0.8193745613098145,1,-
04/25/2026,NYK,Mikal Bridges,31.273305892944336,10.5,9.4594087600708,3.9178972244262695,0.655876636505127,1,-
04/25/2026,NYK,Karl-Anthony Towns,30.97783088684082,20.5,19.41580581665039,6.383360862731934,0.7547675967216492,1,-
04/25/2026,NYK,Josh Hart,32.95315170288086,11.5,11.341341972351074,2.148709297180176,0.5296065807342529,1,-
04/25/2026,NYK,Jalen Brunson,35.5825080871582,27.5,26.678375244140625,0.5074403285980225,0.4595858752727508,0,-
04/25/2026,MIN,Rudy Gobert,31.78985977172852,10.5,10.202494621276855,3.381764888763428,0.6607820987701416,1,-
04/25/2026,MIN,Naz Reid,23.80740547180176,10.5,10.241843223571776,6.629741668701172,0.8450108170509338,1,-
04/25/2026,MIN,Anthony Edwards,34.68963623046875,27.5,25.9282455444336,5.586551666259766,0.7606071829795837,1,-
04/25/2026,DET,Tobias Harris,30.1931209564209,15.5,14.352148056030272,5.883794784545898,0.7221682071685791,1,-
04/25/2026,DET,Jalen Duren,29.90329933166504,15.5,15.247201919555664,5.15568733215332,0.662935197353363,1,-
04/25/2026,DET,Duncan Robinson,28.08467102050781,10.5,10.257843017578123,5.18014669418335,0.6867498755455017,1,-
04/25/2026,DET,Cade Cunningham,35.301300048828125,27.5,24.424161911010746,3.147928237915039,0.6954070329666138,1,-
04/25/2026,DET,Ausar Thompson,27.36960792541504,10.5,8.183016777038574,4.0468034744262695,0.5739292502403259,1,-
04/25/2026,DEN,Nikola Jokic,36.50489044189453,29.5,28.80071830749512,6.6455559730529785,0.5258010029792786,1,-
04/25/2026,DEN,Jamal Murray,37.000675201416016,26.5,25.993520736694336,6.371987342834473,0.597659170627594,1,-
04/25/2026,ATL,Onyeka Okongwu,32.367671966552734,12.5,12.413618087768556,4.121710777282715,0.5825586915016174,1,-
04/25/2026,ATL,Jonathan Kuminga,24.50930976867676,13.5,13.34825611114502,6.346056938171387,0.7258621454238892,1,-
04/25/2026,ATL,Jalen Johnson,35.54314041137695,20.5,22.295873641967773,2.5655956268310547,0.4706656336784363,0,-
04/25/2026,ATL,Dyson Daniels,32.83823013305664,9.5,9.421661376953123,2.2037670612335205,0.5068833231925964,1,-
04/26/2026,TOR,Scottie Barnes,34.015560150146484,18.5,20.13128089904785,1.66604483127594,0.5069403052330017,1,O
04/26/2026,TOR,Sandro Mamukelashvili,19.68001747131348,7.5,8.427315711975098,6.868732929229736,0.8189722895622253,1,O
04/26/2026,TOR,RJ Barrett,32.4356689453125,19.5,20.82867431640625,4.020254135131836,0.6992284655570984,1,O
04/26/2026,TOR,Jakob Poeltl,24.42004776000977,6.5,8.053628921508789,6.220442295074463,0.715781569480896,1,O
04/26/2026,TOR,Ja'Kobe Walter,26.79737663269043,7.5,9.511140823364258,5.123758792877197,0.6647372841835022,1,O
04/26/2026,TOR,Collin Murray-Boyles,22.09228706359864,11.5,12.523035049438477,5.206945896148682,0.8000121116638184,1,O
04/26/2026,SAS,Stephon Castle,31.935752868652344,16.5,18.650053024291992,3.670164585113525,0.683307409286499,1,O
04/26/2026,SAS,Luke Kornet,19.96604347229004,4.5,6.347947120666504,8.435800552368164,0.8164865374565125,1,O
04/26/2026,SAS,Keldon Johnson,21.903196334838867,7.5,9.745002746582031,7.1991729736328125,0.930181622505188,1,O
04/26/2026,SAS,Julian Champagnie,27.95737075805664,8.5,8.823546409606934,7.996103286743164,0.8757095336914062,1,O
04/26/2026,SAS,Dylan Harper,23.136266708374023,9.5,12.451574325561523,6.626649856567383,0.836913526058197,1,O
04/26/2026,SAS,Devin Vassell,31.399715423583984,12.5,13.272682189941406,5.872037887573242,0.701375424861908,1,O
04/26/2026,SAS,De'Aaron Fox,31.803071975708008,16.5,17.72986602783203,4.80828332901001,0.6583976745605469,1,O
04/26/2026,POR,Toumani Camara,33.93177795410156,9.5,9.64504337310791,2.449364185333252,0.5275195240974426,1,O
04/26/2026,POR,Shaedon Sharpe,22.30408477783203,8.5,9.761202812194824,4.77962064743042,0.6664286851882935,1,O
04/26/2026,POR,Scoot Henderson,29.75556945800781,12.5,16.301563262939453,6.724420070648193,0.7284136414527893,1,O
04/26/2026,POR,Robert Williams,19.3545036315918,6.5,7.58820104598999,5.36562442779541,0.8078991770744324,1,O
04/26/2026,POR,Jrue Holiday,32.615440368652344,15.5,16.868793487548828,4.058445930480957,0.6077108979225159,1,O
04/26/2026,POR,Donovan Clingan,26.62553024291992,7.5,8.686073303222656,6.344227313995361,0.7195493578910828,1,O
04/26/2026,POR,Deni Avdija,35.01055145263672,22.5,22.88640022277832,1.2411481142044067,0.5324105620384216,1,O
04/26/2026,PHI,VJ Edgecombe,35.8820686340332,14.5,15.79969310760498,0.9100891351699828,0.5803468823432922,1,O
04/26/2026,PHI,Tyrese Maxey,38.12923812866211,25.5,26.621171951293945,1.5086829662322998,0.5616022944450378,1,O
04/26/2026,PHI,Kelly Oubre Jr.,33.93299865722656,10.5,11.930405616760254,2.061971426010132,0.7105811238288879,1,O
04/26/2026,PHI,Joel Embiid,29.609878540039062,18.5,27.35803604125977,4.110351085662842,0.6995278000831604,1,O
04/26/2026,LAL,Marcus Smart,32.276119232177734,13.5,14.76234245300293,3.2800817489624023,0.6240202188491821,1,O
04/26/2026,LAL,Luke Kennard,32.56982421875,14.5,16.25178337097168,2.634429216384888,0.5971258878707886,1,O
04/26/2026,LAL,Jaxson Hayes,18.446308135986328,6.5,8.1957368850708,6.288857936859131,0.9630368947982788,1,O
04/26/2026,LAL,Jake LaRavia,21.617429733276367,4.5,4.734314918518066,4.879025936126709,0.6690722703933716,1,O
04/26/2026,LAL,Deandre Ayton,30.71707344055176,11.5,11.85127067565918,3.5118865966796875,0.59024977684021,1,O
04/26/2026,LAL,Bronny James,12.188138961791992,1.5,2.1537394523620605,5.534067630767822,0.785794198513031,1,O
04/26/2026,LAL,Austin Reaves,24.619140625,15.5,17.774160385131836,1.6132149696350098,0.5238332748413086,1,O
04/26/2026,HOU,Josh Okogie,17.64661979675293,2.5,3.5727813243865967,3.78861403465271,0.6894487142562866,1,O
04/26/2026,HOU,Jabari Smith Jr.,36.85716247558594,17.5,19.158973693847656,1.9394407272338867,0.7372950911521912,1,O
04/26/2026,HOU,Dorian Finney-Smith,16.143943786621094,1.5,3.014627456665039,2.3205137252807617,0.6632061004638672,1,O
04/26/2026,HOU,Amen Thompson,38.912818908691406,18.5,20.171215057373047,1.328707575798035,0.6111882328987122,1,O
04/26/2026,HOU,Alperen Sengun,35.324066162109375,22.5,22.59566116333008,3.5525357723236084,0.657814085483551,1,O
04/26/2026,HOU,Aaron Holiday,15.698318481445312,2.5,3.6080827713012695,5.594953536987305,0.906927525997162,1,O
04/26/2026,CLE,Sam Merrill,22.699613571166992,6.5,6.654351711273193,6.52601957321167,0.892238438129425,1,O
04/26/2026,CLE,Max Strus,23.90062522888184,9.5,10.802005767822266,5.650680541992188,0.7708917260169983,1,O
04/26/2026,CLE,Jaylon Tyson,20.177988052368164,5.5,7.545884609222412,9.078761100769045,1.0064619779586792,1,O
04/26/2026,CLE,Evan Mobley,31.89658164978028,16.5,16.909061431884766,5.0517258644104,0.682645857334137,1,O
04/26/2026,CLE,Dennis Schroder,17.369083404541016,3.5,4.260708332061768,5.882362842559815,0.7803778052330017,1,O
04/26/2026,CLE,Dean Wade,24.808639526367188,4.5,5.504594326019287,5.690818309783936,0.8048492074012756,1,O
04/26/2026,BOS,Sam Hauser,27.389503479003903,7.5,8.564720153808594,5.532601833343506,0.7626816630363464,1,O
04/26/2026,BOS,Payton Pritchard,29.957496643066406,12.5,13.421479225158691,6.625725269317627,0.716239333152771,1,O
04/26/2026,BOS,Nikola Vucevic,21.63890647888184,7.5,8.023772239685059,4.527853488922119,0.7973364591598511,1,O
04/26/2026,BOS,Neemias Queta,25.51890754699707,8.5,8.500818252563477,5.530619621276856,0.8785653114318848,1,O
04/26/2026,TOR,Jamal Shead,23.904268264770508,7.5,6.520826816558838,4.864809989929199,0.6634029746055603,1,-
04/26/2026,TOR,Brandon Ingram,34.25514602661133,18.5,18.8438663482666,2.422661781311035,0.4992371499538421,0,-
04/26/2026,SAS,Victor Wembanyama,28.140596389770508,25.5,23.574939727783203,6.944814205169678,0.8245739936828613,1,-
04/26/2026,POR,Jerami Grant,25.035545349121094,11.5,10.434133529663086,5.155869483947754,0.7901496887207031,1,-
04/26/2026,PHI,Quentin Grimes,24.61291885375977,6.5,6.448494911193848,3.7408742904663086,0.6604276895523071,1,-
04/26/2026,PHI,Paul George,32.8162956237793,16.5,15.09659194946289,1.2275820970535278,0.5955100655555725,1,-
04/26/2026,PHI,Andre Drummond,21.241918563842773,6.5,4.756044387817383,4.574009895324707,0.7741116285324097,1,-
04/26/2026,PHI,Adem Bona,17.39487075805664,4.5,3.6959211826324463,4.242661476135254,0.7331869602203369,1,-
04/26/2026,LAL,Rui Hachimura,35.37003326416016,14.5,14.03382968902588,1.9307761192321773,0.6147710680961609,1,-
04/26/2026,LAL,LeBron James,36.013893127441406,25.5,23.870023727416992,2.1922144889831543,0.6311124563217163,1,-
04/26/2026,HOU,Tari Eason,31.0456657409668,13.5,11.414249420166016,0.4292108714580536,0.5186454057693481,1,-
04/26/2026,HOU,Reed Sheppard,31.83304214477539,17.5,16.023462295532227,5.966523170471191,0.6880341172218323,1,-
04/26/2026,HOU,Kevin Durant,27.89557266235352,23.5,20.80355834960937,1.21626079082489,0.6636824011802673,1,-
04/26/2026,CLE,Jarrett Allen,27.29065704345703,13.5,12.242575645446776,6.391399383544922,0.7982059717178345,1,-
04/26/2026,CLE,James Harden,33.57973098754883,20.5,20.060544967651367,5.64764928817749,0.6007242798805237,1,-
04/26/2026,CLE,Donovan Mitchell,32.971527099609375,26.5,24.595516204833984,3.913198947906494,0.660521924495697,1,-
04/26/2026,BOS,Jayson Tatum,35.45143127441406,22.5,20.84117889404297,3.1569244861602783,0.6488506197929382,1,-
04/26/2026,BOS,Jaylen Brown,35.9295654296875,26.5,26.302839279174805,2.6284780502319336,0.5179010033607483,1,-
04/26/2026,BOS,Derrick White,34.505958557128906,13.5,13.80812931060791,3.668957471847534,0.4580602347850799,0,-
04/27/2026,PHO,Royce O'Neale,25.007970809936523,6.5,7.213890552520752,5.139622688293457,0.6894482374191284,1,O
04/27/2026,PHO,Oso Ighodaro,27.67196273803711,6.5,7.232677459716797,5.551624298095703,0.77423495054245,1,O
04/27/2026,PHO,Jordan Goodwin,25.97083854675293,5.5,8.986638069152832,4.62973690032959,0.6986244320869446,1,O
04/27/2026,PHO,Jalen Green,33.02274703979492,19.5,19.74566078186035,5.146051406860352,0.661687970161438,1,O
04/27/2026,PHO,Grayson Allen,22.015066146850586,8.5,9.85574722290039,4.924993515014648,0.6913281083106995,1,O
04/27/2026,PHO,Dillon Brooks,33.12009048461914,17.5,20.71578598022461,3.693845748901367,0.7968930006027222,1,O
04/27/2026,ORL,Wendell Carter Jr.,30.8824520111084,10.5,11.104631423950195,4.8870158195495605,0.7508437037467957,1,O
04/27/2026,ORL,Paolo Banchero,35.79351806640625,21.5,22.057804107666016,3.514765977859497,0.6026013493537903,1,O
04/27/2026,ORL,Jamal Cain,14.993182182312012,2.5,5.250683307647705,6.440824031829834,0.7672290802001953,1,O
04/27/2026,ORL,Jalen Suggs,30.514455795288086,13.5,14.207256317138672,2.5373854637145996,0.5824241042137146,1,O
04/27/2026,ORL,Goga Bitadze,16.00685691833496,3.5,4.3711724281311035,6.472886085510254,0.7627511024475098,1,O
04/27/2026,ORL,Franz Wagner,30.93575096130371,17.5,17.537372589111328,4.6970672607421875,0.6845355033874512,1,O
04/27/2026,ORL,Desmond Bane,34.32414627075195,18.5,19.483537673950195,5.076958179473877,0.631447970867157,1,O
04/27/2026,OKC,Luguentz Dort,28.010822296142578,6.5,7.926499366760254,6.273102760314941,0.8415648937225342,1,O
04/27/2026,OKC,Isaiah Joe,17.917804718017578,7.5,9.108938217163086,6.426604270935059,0.9157455563545227,1,O
04/27/2026,OKC,Isaiah Hartenstein,24.490697860717773,7.5,7.8362603187561035,5.083530902862549,0.8541010022163391,1,O
04/27/2026,OKC,Cason Wallace,28.494922637939453,7.5,8.030004501342773,6.691450595855713,0.7428304553031921,1,O
04/27/2026,MIN,Rudy Gobert,33.10979080200195,10.5,11.625765800476074,2.7463369369506836,0.5023155808448792,1,O
04/27/2026,MIN,Naz Reid,25.945959091186523,12.5,13.896941184997559,4.833850383758545,0.8039339780807495,1,O
04/27/2026,MIN,Mike Conley,24.973007202148438,6.5,7.114841938018799,4.904256820678711,0.711175262928009,1,O
04/27/2026,MIN,Bones Hyland,18.090438842773438,10.5,10.715180397033691,7.374520301818848,0.9620541930198669,1,O
04/27/2026,MIN,Ayo Dosunmu,32.925323486328125,19.5,22.06046485900879,5.183337211608887,0.7585075497627258,1,O
04/27/2026,DET,Tobias Harris,32.26941680908203,15.5,15.535724639892578,7.010081768035889,0.7121946215629578,1,O
04/27/2026,DET,Isaiah Stewart,18.7264461517334,5.5,6.695864677429199,7.579896450042725,0.7377451658248901,1,O
04/27/2026,DET,Duncan Robinson,28.474252700805664,10.5,10.932462692260742,5.930211067199707,0.6395279765129089,1,O
04/27/2026,DEN,Tim Hardaway Jr.,26.688030242919922,11.5,13.200174331665039,7.23513126373291,0.8402127027511597,1,O
04/27/2026,DEN,Nikola Jokic,37.12376403808594,29.5,29.98911476135254,4.145850658416748,0.5149914026260376,1,O
04/27/2026,DEN,Christian Braun,33.48429489135742,11.5,12.076350212097168,4.751214504241943,0.6952835321426392,1,O
04/27/2026,DEN,Cameron Johnson,30.53600311279297,11.5,11.60014533996582,3.8918421268463135,0.6895694136619568,1,O
04/27/2026,DEN,Bruce Brown,22.462827682495117,6.5,7.561565399169922,7.288254737854004,0.7277335524559021,1,O
04/27/2026,DEN,Aaron Gordon,31.10487937927246,10.5,13.562893867492676,4.346477031707764,0.665777862071991,1,O
04/27/2026,PHO,Devin Booker,36.34356689453125,23.5,21.388341903686523,0.3897838592529297,0.3287370502948761,0,-
04/27/2026,PHO,Collin Gillespie,25.740055084228516,8.5,7.929559707641602,5.424012660980225,0.6285678148269653,1,-
04/27/2026,ORL,Anthony Black,24.63739013671875,8.5,8.232864379882812,5.5144572257995605,0.8530532717704773,1,-
04/27/2026,OKC,Shai Gilgeous-Alexander,35.54780578613281,32.5,31.998083114624023,7.131036758422852,0.6933874487876892,1,-
04/27/2026,OKC,Chet Holmgren,29.420377731323242,17.5,15.268972396850586,4.6758341789245605,0.7501202821731567,1,-
04/27/2026,OKC,Alex Caruso,20.3572940826416,7.5,6.5428242683410645,6.322238445281982,0.9051913022994995,1,-
04/27/2026,OKC,Ajay Mitchell,25.32036018371582,15.5,13.040609359741211,4.667588233947754,0.8833783268928528,1,-
04/27/2026,MIN,Julius Randle,34.36472702026367,21.5,21.264745712280273,2.402067184448242,0.5289492011070251,1,-
04/27/2026,MIN,Jaden McDaniels,34.29712677001953,17.5,16.409826278686523,2.5869264602661133,0.6323116421699524,1,-
04/27/2026,DET,Javonte Green,17.65549659729004,5.5,4.362190246582031,10.024748802185059,0.9629169702529907,1,-
04/27/2026,DET,Jalen Duren,30.181989669799805,14.5,13.919754981994629,4.855698108673096,0.6814942359924316,1,-
04/27/2026,DET,Cade Cunningham,37.057838439941406,28.5,25.98076057434082,4.4163055419921875,0.6425951719284058,1,-
04/27/2026,DET,Ausar Thompson,28.136220932006836,10.5,9.298760414123535,5.018958568572998,0.6693630814552307,1,-
04/27/2026,DEN,Jamal Murray,37.53499984741211,27.5,27.487472534179688,4.176823616027832,0.5555261969566345,1,-
