Season,Date,Team,Opp,Player,Pos,MP_h1,PTS_h1,FG_h1,FGA_h1,FT_h1,FTA_h1,TPM_h1,TPA_h1,PF_h1,PTS,MP_proj,PTS_proj,FG_proj,FGA_proj,MP_proj_pct,PTS_proj_pct,FG_proj_pct,FGA_proj_pct,TeamPTS_pct_h1,TeamFGA_pct_h1,Spread_h1,Player_Pace_Rel,Pace_Minutes_Interaction,FG_h1_base,FGA_h1_base,FGA_h2_base,PTS_h1_base,PTS_h2_base
2025,01/30/2026,BOS,SAC,Amari Williams,PF,,,,,,,,,,,16.465776,2.8658807,1.4704247,1.9224333,,,,,,,0.0,,,0.48,0.96,0.96,1.34,0.98
2025,01/30/2026,BOS,SAC,Anfernee Simons,SG,,,,,,,,,,,25.22365,15.639352,5.943701,13.511876,,,,,,,0.0,,,3.0,7.16,5.4,7.890000000000001,6.38
2025,01/30/2026,BOS,SAC,Baylor Scheierman,SG,,,,,,,,,,,25.174734,6.074786,2.3442416,6.3730817,,,,,,,0.0,,,0.62,1.79,1.99,1.76,2.49
2025,01/30/2026,BOS,SAC,Chris Boucher,PF,,,,,,,,,,,11.662509,3.489918,1.4901133,3.1970851,,,,,,,0.0,,,0.25,0.625,1.7499999999999998,0.7499999999999999,1.7499999999999998
2025,01/30/2026,BOS,SAC,Derrick White,SG,,,,,,,,,,,34.77045,17.587292,6.6806936,15.314433,,,,,,,0.0,,,2.26,7.0,6.83,5.67,8.04
2025,01/30/2026,BOS,SAC,Hugo Gonzalez,SF,,,,,,,,,,,18.054697,4.373346,1.994732,3.3854685,,,,,,,0.0,,,0.55,0.95,1.38,1.48,2.68
2025,01/30/2026,BOS,SAC,Jaylen Brown,SF,,,,,,,,,,,29.179237,29.098246,11.69826,23.374716,,,,,,,0.0,,,5.35,12.14,10.38,14.69,11.77
2025,01/30/2026,BOS,SAC,Jayson Tatum,PF,,,,,,,,,,,19.58105,6.3347774,2.7971125,6.3760858,,,,,,,0.0,,,,,,,
2025,01/30/2026,BOS,SAC,Jordan Walsh,PF,,,,,,,,,,,16.633923,4.0817733,1.7342815,3.2777276,,,,,,,0.0,,,0.71,1.4899999999999998,1.5499999999999998,1.85,1.67
2025,01/30/2026,BOS,SAC,Josh Minott,PF,,,,,,,,,,,12.058787,3.5022314,1.4718423,2.7833874,,,,,,,0.0,,,0.74,1.14,1.17,2.17,1.34
2025,01/30/2026,BOS,SAC,Luka Garza,C,,,,,,,,,,,17.040903,9.107725,3.6870732,5.9310822,,,,,,,0.0,,,2.21,4.09,2.71,5.699999999999999,2.88
2025,01/30/2026,BOS,SAC,Max Shulga,SG,,,,,,,,,,,15.479885,5.3162293,2.3573036,4.4380183,,,,,,,0.0,,,,,,,
2025,01/30/2026,BOS,SAC,Neemias Queta,C,,,,,,,,,,,25.486834,9.022171,3.990514,5.981689,,,,,,,0.0,,,1.76,2.96,2.74,4.73,4.22
2025,01/30/2026,BOS,SAC,Payton Pritchard,PG,,,,,,,,,,,33.043217,18.440434,7.0917926,16.117496,,,,,,,0.0,,,2.6100000000000003,6.19,6.75,6.59,8.73
2025,01/30/2026,BOS,SAC,Ron Harper Jr.,SF,,,,,,,,,,,11.655498,3.4248729,1.0695418,2.492642,,,,,,,0.0,,,0.0,0.5,1.625,0.0,2.0
2025,01/30/2026,BOS,SAC,Sam Hauser,PF,,,,,,,,,,,28.771616,13.592426,4.9156322,10.095667,,,,,,,0.0,,,2.77,5.15,4.79,7.97,6.02
2025,01/30/2026,BOS,SAC,Xavier Tillman Sr.,C,,,,,,,,,,,10.043011,1.7258372,1.0111581,2.2115,,,,,,,0.0,,,0.22,0.6599999999999999,1.11,0.55,1.06
2025,01/30/2026,BRK,UTA,Ben Saraf,SG,,,,,,,,,,,20.020437,5.942069,2.956684,5.8533597,,,,,,,0.0,,,0.79,2.06,2.63,2.03,3.3
2025,01/30/2026,BRK,UTA,Cam Thomas,SG,,,,,,,,,,,21.494215,14.951994,5.042073,12.096453,,,,,,,0.0,,,1.34,4.609999999999999,4.98,3.72,5.07
2025,01/30/2026,BRK,UTA,Chaney Johnson,SF,,,,,,,,,,,14.351092,5.23585,2.1522963,3.8405707,,,,,,,0.0,,,,,,,
2025,01/30/2026,BRK,UTA,Danny Wolf,PF,,,,,,,,,,,26.549341,11.982226,4.455428,10.447776,,,,,,,0.0,,,1.23,3.46,3.69,3.52,3.83
2025,01/30/2026,BRK,UTA,Day'Ron Sharpe,C,,,,,,,,,,,19.866865,9.118819,3.743271,6.5421243,,,,,,,0.0,,,2.61,3.9099999999999993,1.41,6.51,1.5799999999999998
2025,01/30/2026,BRK,UTA,Drake Powell,SG,,,,,,,,,,,19.893345,6.4753647,2.5953305,5.2122016,,,,,,,0.0,,,0.91,2.52,2.72,2.66,2.9799999999999995
2025,01/30/2026,BRK,UTA,E.J. Liddell,PF,,,,,,,,,,,10.535111,4.195195,1.2086847,1.7351952,,,,,,,0.0,,,0.0,0.0,0.7499999999999999,0.0,1.25
2025,01/30/2026,BRK,UTA,Egor Dmin,PG,,,,,,,,,,,25.128902,11.708365,4.369758,9.253948,,,,,,,0.0,,,1.89,4.07,3.81,5.47,5.04
2025,01/30/2026,BRK,UTA,Haywood Highsmith,SF,,,,,,,,,,,19.706871,6.7623315,2.8236268,6.924493,,,,,,,0.0,,,,,,,
2025,01/30/2026,BRK,UTA,Jalen Wilson,PF,,,,,,,,,,,18.777168,7.6176,2.7887397,6.251004,,,,,,,0.0,,,0.8099999999999999,2.24,2.68,2.28,3.93
2025,01/30/2026,BRK,UTA,Michael Porter Jr.,SF,,,,,,,,,,,28.68976,26.25503,9.923464,19.159971,,,,,,,0.0,,,4.73,9.83,8.82,12.9,11.02
2025,01/30/2026,BRK,UTA,Nic Claxton,C,,,,,,,,,,,28.928682,12.215855,5.5325065,8.929909,,,,,,,0.0,,,1.7,3.64,3.56,4.32,4.959999999999999
2025,01/30/2026,BRK,UTA,Noah Clowney,PF,,,,,,,,,,,24.684723,13.248923,4.544237,9.782118,,,,,,,0.0,,,1.89,5.48,5.02,5.46,6.76
2025,01/30/2026,BRK,UTA,Nolan Traore,PG,,,,,,,,,,,28.16625,11.582721,4.3317895,9.522599,,,,,,,0.0,,,1.4300000000000002,3.53,4.15,3.9,4.640000000000001
2025,01/30/2026,BRK,UTA,Terance Mann,SG,,,,,,,,,,,27.685225,8.980639,3.826621,6.7604356,,,,,,,0.0,,,1.29,3.06,2.85,3.4,3.98
2025,01/30/2026,BRK,UTA,Tyrese Martin,SG,,,,,,,,,,,18.914803,7.745903,3.1742857,6.8955483,,,,,,,0.0,,,0.57,2.22,3.43,1.4899999999999998,4.35
2025,01/30/2026,BRK,UTA,Tyson Etienne,PG,,,,,,,,,,,11.619415,4.068785,1.4723155,2.8526742,,,,,,,0.0,,,0.0,0.0,1.625,0.0,2.25
2025,01/30/2026,BRK,UTA,Ziaire Williams,SF,,,,,,,,,,,23.625162,13.197546,4.0266027,9.299138,,,,,,,0.0,,,1.79,4.15,3.9,5.72,5.24
2025,01/30/2026,CLE,PHO,Chuma Okeke,F,,,,,,,,,,,13.517389,4.301359,1.9717218,3.3038955,,,,,,,0.0,,,,,,,
2025,01/30/2026,CLE,PHO,Craig Porter Jr.,PG,,,,,,,,,,,18.994516,4.701616,2.4970891,4.2936964,,,,,,,0.0,,,1.21,2.89,1.73,2.81,1.93
2025,01/30/2026,CLE,PHO,Darius Garland,PG,,,,,,,,,,,21.505335,15.024001,5.855407,11.710944,,,,,,,0.0,,,4.19,7.91,6.98,10.35,9.8
2025,01/30/2026,CLE,PHO,De'Andre Hunter,SF,,,,,,,,,,,21.867516,11.589246,4.4453816,9.609822,,,,,,,0.0,,,1.42,5.19,5.049999999999999,4.44,7.14
2025,01/30/2026,CLE,PHO,Dean Wade,PF,,,,,,,,,,,27.513977,7.5832567,3.1479547,5.772104,,,,,,,0.0,,,1.65,2.6100000000000003,1.56,4.359999999999999,2.5
2025,01/30/2026,CLE,PHO,Donovan Mitchell,SG,,,,,,,,,,,34.190952,28.580463,10.724617,22.351503,,,,,,,0.0,,,5.0,10.93,11.7,13.82,16.369999999999997
2025,01/30/2026,CLE,PHO,Evan Mobley,PF,,,,,,,,,,,27.383041,16.254292,7.8071003,13.674697,,,,,,,0.0,,,5.01,8.84,6.31,11.45,7.17
2025,01/30/2026,CLE,PHO,Jarrett Allen,C,,,,,,,,,,,29.796877,13.209339,5.813513,8.258426,,,,,,,0.0,,,2.65,4.37,2.91,7.039999999999999,5.08
2025,01/30/2026,CLE,PHO,Jaylon Tyson,SG,,,,,,,,,,,30.752893,16.318136,6.613893,12.028296,,,,,,,0.0,,,3.21,6.25,6.2,9.19,8.44
2025,01/30/2026,CLE,PHO,Larry Nance Jr.,PF,,,,,,,,,,,15.371497,3.1422534,1.6331137,3.3144026,,,,,,,0.0,,,0.4499999999999999,1.66,1.17,1.02,1.28
2025,01/30/2026,CLE,PHO,Lonzo Ball,PG,,,,,,,,,,,20.372683,3.6760914,1.6472692,3.8251293,,,,,,,0.0,,,0.29,1.02,1.33,0.99,1.3199999999999998
2025,01/30/2026,CLE,PHO,Luke Travers,SG,,,,,,,,,,,9.484462,2.535774,1.1563416,3.0782745,,,,,,,0.0,,,0.8099999999999999,2.26,0.97,1.9,0.93
2025,01/30/2026,CLE,PHO,Max Strus,SF,,,,,,,,,,,15.825876,4.8680983,2.2516696,4.205004,,,,,,,0.0,,,,,,,
2025,01/30/2026,CLE,PHO,Nae'Qwan Tomlin,PF,,,,,,,,,,,22.17336,7.136527,3.2671096,6.288244,,,,,,,0.0,,,1.33,2.87,3.02,3.36,3.66
2025,01/30/2026,CLE,PHO,Sam Merrill,SG,,,,,,,,,,,26.184042,12.51089,4.193891,8.72482,,,,,,,0.0,,,1.92,4.7,3.58,6.470000000000001,5.59
2025,01/30/2026,CLE,PHO,Thomas Bryant,C,,,,,,,,,,,12.033374,4.3321834,1.6406146,3.1224444,,,,,,,0.0,,,0.24,0.62,2.62,0.84,4.27
2025,01/30/2026,CLE,PHO,Tristan Enaruna,SF,,,,,,,,,,,13.517389,4.2338014,1.9717218,3.3038955,,,,,,,0.0,,,,,,,
2025,01/30/2026,CLE,PHO,Tyrese Proctor,PG,,,,,,,,,,,14.825284,6.068598,2.4448612,4.177318,,,,,,,0.0,,,0.94,1.66,1.76,2.44,3.58
2025,01/30/2026,DEN,LAC,Aaron Gordon,PF,,,,,,,,,,,25.98979,14.574354,5.6751227,9.739456,,,,,,,0.0,,,3.09,6.23,4.91,9.16,6.76
2025,01/30/2026,DEN,LAC,Bruce Brown,SG,,,,,,,,,,,23.898584,8.733429,3.7182126,6.6887097,,,,,,,0.0,,,2.39,4.01,3.75,5.02,4.82
2025,01/30/2026,DEN,LAC,Cameron Johnson,SF,,,,,,,,,,,22.059422,8.087393,3.224843,6.6066303,,,,,,,0.0,,,1.99,4.869999999999999,4.33,5.529999999999999,6.970000000000001
2025,01/30/2026,DEN,LAC,Christian Braun,SG,,,,,,,,,,,21.838732,5.7673154,2.581966,5.4772987,,,,,,,0.0,,,1.32,3.38,2.79,3.84,2.84
2025,01/30/2026,DEN,LAC,Curtis Jones,SG,,,,,,,,,,,11.02461,3.084413,1.1108272,2.306348,,,,,,,0.0,,,0.25,1.0,2.0,0.7499999999999999,1.25
2025,01/30/2026,DEN,LAC,DaRon Holmes,PF,,,,,,,,,,,14.420644,3.516469,1.3085177,2.72471,,,,,,,0.0,,,1.0,1.89,2.16,2.88,2.08
2025,01/30/2026,DEN,LAC,Hunter Tyson,PF,,,,,,,,,,,11.500839,1.2062304,0.7149327,1.9488566,,,,,,,0.0,,,0.12,1.0499999999999998,2.48,0.52,1.54
2025,01/30/2026,DEN,LAC,Jalen Pickett,SG,,,,,,,,,,,27.395708,7.5820847,3.5171726,6.9457793,,,,,,,0.0,,,1.6800000000000002,3.64,3.53,4.109999999999999,2.9000000000000004
2025,01/30/2026,DEN,LAC,Jamal Murray,PG,,,,,,,,,,,37.271328,25.604534,9.943328,17.813047,,,,,,,0.0,,,4.16,8.66,9.61,11.82,14.56
2025,01/30/2026,DEN,LAC,Jonas Valanciunas,C,,,,,,,,,,,18.019535,10.690974,4.4987817,8.218268,,,,,,,0.0,,,2.52,5.15,3.26,6.38,5.35
2025,01/30/2026,DEN,LAC,Julian Strawther,SG,,,,,,,,,,,15.9980955,6.185693,2.258711,4.6193004,,,,,,,0.0,,,0.54,2.14,2.88,2.0,5.209999999999999
2025,01/30/2026,DEN,LAC,Nikola Jokic,C,,,,,,,,,,,32.70972,27.954786,11.370022,17.653845,,,,,,,0.0,,,6.08,9.3,8.29,15.75,12.8
2025,01/30/2026,DEN,LAC,Peyton Watson,SF,,,,,,,,,,,34.671932,18.228462,7.2119226,13.733899,,,,,,,0.0,,,3.87,8.399999999999999,7.75,11.04,9.71
2025,01/30/2026,DEN,LAC,Spencer Jones,SF,,,,,,,,,,,29.785776,7.5322304,3.1451814,4.915546,,,,,,,0.0,,,1.57,2.59,2.42,4.3,2.12
2025,01/30/2026,DEN,LAC,Tamar Bates,SG,,,,,,,,,,,15.343643,8.541529,3.3272033,7.6273866,,,,,,,0.0,,,,,,,
2025,01/30/2026,DEN,LAC,Tim Hardaway Jr.,SG,,,,,,,,,,,27.058554,13.011913,4.837545,10.250309,,,,,,,0.0,,,2.77,6.140000000000001,6.14,7.959999999999999,7.779999999999999
2025,01/30/2026,DEN,LAC,Zeke Nnaji,PF,,,,,,,,,,,18.23075,5.1187744,2.2467697,3.8169668,,,,,,,0.0,,,1.0499999999999998,3.1,2.5700000000000003,2.5,3.44
2025,01/30/2026,DET,GSW,Ausar Thompson,SF,,,,,,,,,,,26.506514,9.0939865,4.2465477,7.469943,,,,,,,0.0,,,2.27,4.15,2.63,5.32,3.4799999999999995
2025,01/30/2026,DET,GSW,Bobi Klintman,SF,,,,,,,,,,,13.614179,3.8904443,1.6446488,3.1423619,,,,,,,0.0,,,0.4999999999999999,0.625,1.25,1.25,0.3749999999999999
2025,01/30/2026,DET,GSW,Cade Cunningham,PG,,,,,,,,,,,35.992893,24.163504,9.596738,19.745459,,,,,,,0.0,,,4.459999999999999,10.07,8.09,11.86,10.32
2025,01/30/2026,DET,GSW,Caris LeVert,SG,,,,,,,,,,,16.246725,5.6680036,2.4597642,4.819722,,,,,,,0.0,,,1.06,3.33,2.3200000000000003,2.54,2.45
2025,01/30/2026,DET,GSW,Chaz Lanier,SG,,,,,,,,,,,14.043758,2.7485528,1.1771597,2.4003015,,,,,,,0.0,,,0.3,0.54,1.93,0.8999999999999999,2.0
2025,01/30/2026,DET,GSW,Daniss Jenkins,PG,,,,,,,,,,,20.062319,7.010278,2.9705422,6.345406,,,,,,,0.0,,,1.5499999999999998,3.2,4.48,3.99,3.62
2025,01/30/2026,DET,GSW,Duncan Robinson,SF,,,,,,,,,,,28.523325,11.374529,4.1096582,8.990107,,,,,,,0.0,,,2.44,6.42,3.49,6.65,4.75
2025,01/30/2026,DET,GSW,Isaac Jones,PF,,,,,,,,,,,12.285157,3.4264965,1.8515269,2.8952997,,,,,,,0.0,,,,,,,
2025,01/30/2026,DET,GSW,Isaiah Stewart,C,,,,,,,,,,,21.84267,9.613845,3.758012,6.5545945,,,,,,,0.0,,,2.3600000000000003,4.3,2.68,6.39,3.83
2025,01/30/2026,DET,GSW,Jaden Ivey,SG,,,,,,,,,,,16.971947,7.8269525,3.1735349,6.166045,,,,,,,0.0,,,1.2999999999999998,3.63,2.63,3.39,3.88
2025,01/30/2026,DET,GSW,Jalen Duren,C,,,,,,,,,,,29.23314,16.78231,7.4654183,10.73356,,,,,,,0.0,,,5.01,6.83,3.87,11.4,6.08
2025,01/30/2026,DET,GSW,Javonte Green,SG,,,,,,,,,,,17.486805,5.9320197,2.248262,4.3527675,,,,,,,0.0,,,0.73,1.64,3.07,3.33,3.65
2025,01/30/2026,DET,GSW,Marcus Sasser,PG,,,,,,,,,,,14.694514,5.1218877,2.1490517,4.0484314,,,,,,,0.0,,,0.62,2.05,3.08,1.96,3.94
2025,01/30/2026,DET,GSW,Paul Reed,C,,,,,,,,,,,13.485195,3.9968677,1.8708491,2.6341846,,,,,,,0.0,,,0.81,1.67,2.45,1.9,2.95
2025,01/30/2026,DET,GSW,Ron Holland,SF,,,,,,,,,,,20.712246,7.9782767,3.1790545,6.783669,,,,,,,0.0,,,1.39,3.01,3.82,3.85,4.48
2025,01/30/2026,DET,GSW,Tobias Harris,PF,,,,,,,,,,,31.185337,13.737344,5.9516253,11.04636,,,,,,,0.0,,,2.88,6.02,4.409999999999999,6.989999999999999,6.37
2025,01/30/2026,DET,GSW,Tolu Smith,PF,,,,,,,,,,,12.68226,3.667303,1.6692688,3.1726236,,,,,,,0.0,,,0.625,1.3749999999999998,1.375,2.25,2.125
2025,01/30/2026,DET,GSW,Wendell Moore Jr.,SG,,,,,,,,,,,13.183058,3.8904443,1.6970043,3.1423619,,,,,,,0.0,,,0.6666666666666666,1.0,1.0,1.3333333333333333,0.6666666666666666
2025,01/30/2026,GSW,DET,Al Horford,C,,,,,,,,,,,26.879929,8.121223,3.2696304,6.3266273,,,,,,,0.0,,,1.95,3.770000000000001,2.29,5.23,2.58
2025,01/30/2026,GSW,DET,Brandin Podziemski,SG,,,,,,,,,,,30.705427,13.24916,5.171467,10.174163,,,,,,,0.0,,,2.51,5.8,4.43,6.569999999999999,5.85
2025,01/30/2026,GSW,DET,Buddy Hield,SG,,,,,,,,,,,19.695639,8.174685,3.243396,7.11887,,,,,,,0.0,,,1.04,3.11,3.78,3.02,6.25
2025,01/30/2026,GSW,DET,De'Anthony Melton,PG,,,,,,,,,,,21.813,12.462529,4.8788543,10.240286,,,,,,,0.0,,,2.66,5.97,5.57,7.3,8.1
2025,01/30/2026,GSW,DET,Draymond Green,PF,,,,,,,,,,,28.294477,7.1330576,3.0409658,6.6286244,,,,,,,0.0,,,1.1,3.98,3.27,3.04,3.54
2025,01/30/2026,GSW,DET,Gary Payton II,SG,,,,,,,,,,,14.5662,4.216386,2.149869,3.4315681,,,,,,,0.0,,,1.35,2.4,1.46,3.1500000000000004,1.64
2025,01/30/2026,GSW,DET,Gui Santos,PF,,,,,,,,,,,17.94421,6.2075014,2.903915,4.937825,,,,,,,0.0,,,1.04,2.27,3.56,2.8,4.720000000000001
2025,01/30/2026,GSW,DET,Jimmy Butler,SF,,,,,,,,,,,23.10889,16.280817,5.2778907,9.931709,,,,,,,0.0,,,4.21,6.93,6.08,11.94,9.41
2025,01/30/2026,GSW,DET,Jonathan Kuminga,PF,,,,,,,,,,,17.05166,8.718926,3.6173182,6.425254,,,,,,,0.0,,,1.4499999999999995,3.92,3.6,3.89,4.82
2025,01/30/2026,GSW,DET,LJ Cryer,PG,,,,,,,,,,,12.282753,3.3094747,1.4739634,2.8762894,,,,,,,0.0,,,0.0,0.0,1.6666666666666667,0.0,2.0
2025,01/30/2026,GSW,DET,Malevy Leons,SF,,,,,,,,,,,13.741616,4.0921593,1.7349932,3.2274504,,,,,,,0.0,,,0.0,0.0,2.0,0.0,2.0
2025,01/30/2026,GSW,DET,Moses Moody,SG,,,,,,,,,,,27.605795,11.803994,4.912573,10.033943,,,,,,,0.0,,,3.35,6.359999999999999,4.12,8.94,6.0
2025,01/30/2026,GSW,DET,Pat Spencer,PG,,,,,,,,,,,14.707969,3.798602,1.668288,3.978852,,,,,,,0.0,,,0.16,1.37,1.82,0.48,2.45
2025,01/30/2026,GSW,DET,Quinten Post,PF,,,,,,,,,,,17.364693,6.9315953,2.9376667,6.1479936,,,,,,,0.0,,,1.6,3.62,3.46,4.25,4.05
2025,01/30/2026,GSW,DET,Seth Curry,SG,,,,,,,,,,,11.56016,3.357948,1.706966,2.7435813,,,,,,,0.0,,,,,,,
2025,01/30/2026,GSW,DET,Stephen Curry,PG,,,,,,,,,,,32.74821,27.699623,9.244326,20.098495,,,,,,,0.0,,,3.46,9.2,8.23,10.81,13.96
2025,01/30/2026,GSW,DET,Trayce Jackson-Davis,C,,,,,,,,,,,12.59413,3.612924,1.6769778,2.3169131,,,,,,,0.0,,,0.27,0.49,1.71,0.54,2.47
2025,01/30/2026,GSW,DET,Will Richard,SG,,,,,,,,,,,20.807419,6.5273085,2.8064103,5.475744,,,,,,,0.0,,,0.78,2.01,4.199999999999999,1.84,4.1
2025,01/30/2026,LAC,DEN,Bogdan Bogdanovic,SG,,,,,,,,,,,16.512611,5.150998,2.0846922,4.8279734,,,,,,,0.0,,,0.8400000000000001,2.5700000000000003,3.83,2.42,3.39
2025,01/30/2026,LAC,DEN,Bradley Beal,SG,,,,,,,,,,,14.728347,5.5122886,2.668397,5.1432323,,,,,,,0.0,,,1.6249999999999998,6.000000000000001,3.25,4.25,4.875
2025,01/30/2026,LAC,DEN,Brook Lopez,C,,,,,,,,,,,17.139847,6.390745,2.3247056,5.3027844,,,,,,,0.0,,,1.22,3.04,2.24,3.38,3.16
2025,01/30/2026,LAC,DEN,Cam Christie,SG,,,,,,,,,,,13.599057,3.582956,1.2814415,2.7498193,,,,,,,0.0,,,0.6,0.93,1.97,1.31,2.95
2025,01/30/2026,LAC,DEN,Chris Paul,PG,,,,,,,,,,,11.75564,2.2803342,1.2235361,3.0120208,,,,,,,0.0,,,0.4499999999999999,1.72,1.98,1.12,2.34
2025,01/30/2026,LAC,DEN,Derrick Jones Jr.,SF,,,,,,,,,,,16.446568,7.8601866,3.7260401,5.04922,,,,,,,0.0,,,2.43,4.18,2.33,6.1,3.52
2025,01/30/2026,LAC,DEN,Ivica Zubac,C,,,,,,,,,,,31.894976,13.992722,6.4446263,9.752672,,,,,,,0.0,,,3.37,5.640000000000001,3.26,7.39,5.69
2025,01/30/2026,LAC,DEN,James Harden,PG,,,,,,,,,,,36.80832,23.93323,7.6083617,15.9769,,,,,,,0.0,,,3.78,10.44,7.06,13.239999999999998,9.46
2025,01/30/2026,LAC,DEN,John Collins,PF,,,,,,,,,,,29.86717,14.351399,5.8958163,9.878802,,,,,,,0.0,,,3.27,5.75,4.02,7.609999999999999,7.649999999999999
2025,01/30/2026,LAC,DEN,Jordan Miller,SF,,,,,,,,,,,23.693377,11.328249,4.1932297,7.6597567,,,,,,,0.0,,,1.69,3.5700000000000003,5.38,5.13,8.77
2025,01/30/2026,LAC,DEN,Kawhi Leonard,SF,,,,,,,,,,,32.654728,26.64222,10.1320095,18.114487,,,,,,,0.0,,,5.3,10.02,8.530000000000001,14.39,12.15
2025,01/30/2026,LAC,DEN,Kobe Brown,PF,,,,,,,,,,,9.537119,2.3603563,1.0466805,2.4841263,,,,,,,0.0,,,0.0,0.11,1.64,0.0,1.7
2025,01/30/2026,LAC,DEN,Kobe Sanders,SG,,,,,,,,,,,22.502415,6.8686075,3.0450482,5.604146,,,,,,,0.0,,,1.87,3.31,3.63,4.949999999999999,3.45
2025,01/30/2026,LAC,DEN,Kris Dunn,PG,,,,,,,,,,,28.715548,7.657454,3.208299,6.3167357,,,,,,,0.0,,,1.39,3.0,2.25,3.2,3.34
2025,01/30/2026,LAC,DEN,Nicolas Batum,PF,,,,,,,,,,,19.386951,4.158908,1.7497157,3.3901286,,,,,,,0.0,,,0.57,1.4,1.54,1.71,1.64
2025,01/30/2026,LAC,DEN,TyTy Washington Jr.,PG,,,,,,,,,,,12.275856,3.8635607,1.8683085,3.255168,,,,,,,0.0,,,,,,,
2025,01/30/2026,LAC,DEN,Yanic Konan Niederhauser,C,,,,,,,,,,,12.701275,3.5931401,1.4658105,2.211266,,,,,,,0.0,,,0.5,0.62,1.98,1.22,2.79
2025,01/30/2026,LAL,WAS,Adou Thiero,SF,,,,,,,,,,,5.730809,1.6336459,0.78285533,1.5489707,,,,,,,0.0,,,0.06,0.3,1.5100000000000002,0.24,1.2999999999999998
2025,01/30/2026,LAL,WAS,Austin Reaves,SG,,,,,,,,,,,23.53395,18.248323,6.141432,10.533081,,,,,,,0.0,,,3.7,7.63,6.45,10.72,11.21
2025,01/30/2026,LAL,WAS,Bronny James,SG,,,,,,,,,,,9.968229,1.8517379,0.7648735,1.7046171,,,,,,,0.0,,,0.0,0.16,0.99,0.0,1.82
2025,01/30/2026,LAL,WAS,Chris Manon,SG,,,,,,,,,,,10.081156,3.6467168,1.4579402,3.1442962,,,,,,,0.0,,,0.0,0.0,0.0,0.0,0.0
2025,01/30/2026,LAL,WAS,Dalton Knecht,SF,,,,,,,,,,,13.679478,3.7299366,1.6335089,3.0818565,,,,,,,0.0,,,0.24,1.06,1.58,0.66,2.04
2025,01/30/2026,LAL,WAS,Deandre Ayton,C,,,,,,,,,,,27.376694,10.859289,5.4198775,8.014944,,,,,,,0.0,,,2.67,5.79,1.99,5.74,3.3999999999999995
2025,01/30/2026,LAL,WAS,Drew Timme,PF,,,,,,,,,,,15.498874,4.1672325,1.9045284,3.215221,,,,,,,0.0,,,0.75,1.04,1.66,1.79,1.72
2025,01/30/2026,LAL,WAS,Gabe Vincent,PG,,,,,,,,,,,18.013916,4.280233,1.6308811,3.6295698,,,,,,,0.0,,,0.95,1.94,1.9,2.85,1.41
2025,01/30/2026,LAL,WAS,Jake LaRavia,PF,,,,,,,,,,,31.161446,10.601709,4.0384927,7.129328,,,,,,,0.0,,,1.93,3.72,2.94,6.0,2.3200000000000003
2025,01/30/2026,LAL,WAS,Jarred Vanderbilt,PF,,,,,,,,,,,16.88766,4.472881,2.0860288,3.8838432,,,,,,,0.0,,,1.0499999999999998,2.47,1.64,2.37,1.66
2025,01/30/2026,LAL,WAS,Jaxson Hayes,C,,,,,,,,,,,17.381287,6.0232263,2.8202422,3.2775345,,,,,,,0.0,,,2.04,2.33,1.56,4.41,2.58
2025,01/30/2026,LAL,WAS,LeBron James,SF,,,,,,,,,,,33.560413,21.296585,8.468113,14.998308,,,,,,,0.0,,,4.0,8.32,7.959999999999999,9.98,10.52
2025,01/30/2026,LAL,WAS,Luka Doncic,PG,,,,,,,,,,,36.19384,32.422367,11.159113,21.843576,,,,,,,0.0,,,5.85,11.5,10.28,18.0,16.4
2025,01/30/2026,LAL,WAS,Marcus Smart,SG,,,,,,,,,,,29.912437,10.426316,3.775339,8.059761,,,,,,,0.0,,,1.51,3.8,4.01,4.359999999999999,6.31
2025,01/30/2026,LAL,WAS,Maxi Kleber,PF,,,,,,,,,,,12.028713,1.3430418,0.6760251,1.4346782,,,,,,,0.0,,,0.54,1.46,0.87,1.68,0.55
2025,01/30/2026,LAL,WAS,Nick Smith Jr.,SG,,,,,,,,,,,12.319287,3.3196552,1.421543,3.0547538,,,,,,,0.0,,,0.18,0.94,1.66,0.42,2.36
2025,01/30/2026,LAL,WAS,Rui Hachimura,PF,,,,,,,,,,,24.249502,11.5791645,4.508404,9.05784,,,,,,,0.0,,,2.13,4.609999999999999,5.27,5.140000000000001,6.15
2025,01/30/2026,MEM,NOP,Brandon Clarke,PF,,,,,,,,,,,12.093542,4.1084538,1.8033549,3.2001953,,,,,,,0.0,,,,,,,
2025,01/30/2026,MEM,NOP,Cam Spencer,SG,,,,,,,,,,,29.057848,11.666336,4.231458,9.448645,,,,,,,0.0,,,0.8999999999999999,2.64,5.3,2.89,7.88
2025,01/30/2026,MEM,NOP,Cedric Coward,SG,,,,,,,,,,,27.659214,15.343875,5.921619,11.727231,,,,,,,0.0,,,2.86,6.359999999999999,4.97,7.469999999999999,6.23
2025,01/30/2026,MEM,NOP,GG Jackson II,PF,,,,,,,,,,,21.63415,12.292004,4.75729,8.557596,,,,,,,0.0,,,2.52,4.34,4.449999999999999,6.32,4.94
2025,01/30/2026,MEM,NOP,Ja Morant,PG,,,,,,,,,,,22.975143,18.620327,6.5657744,13.993107,,,,,,,0.0,,,3.21,6.379999999999999,8.149999999999999,11.11,9.4
2025,01/30/2026,MEM,NOP,Jahmai Mashack,SG,,,,,,,,,,,10.165985,3.7665486,1.1669306,2.0314014,,,,,,,0.0,,,0.0,0.125,0.3749999999999999,0.0,0.0
2025,01/30/2026,MEM,NOP,Jaren Jackson Jr.,C,,,,,,,,,,,31.804375,21.626196,8.484819,16.853832,,,,,,,0.0,,,5.16,9.52,7.17,14.83,6.369999999999999
2025,01/30/2026,MEM,NOP,Javon Small,PG,,,,,,,,,,,13.499243,4.641881,1.9164934,3.6787562,,,,,,,0.0,,,0.7,1.79,2.13,2.42,2.38
2025,01/30/2026,MEM,NOP,Jaylen Wells,SG,,,,,,,,,,,27.31459,11.668193,4.388991,9.941874,,,,,,,0.0,,,1.7,5.379999999999999,4.41,4.76,4.82
2025,01/30/2026,MEM,NOP,Jock Landale,C,,,,,,,,,,,26.425575,14.429969,5.9813814,10.975972,,,,,,,0.0,,,3.7,6.76,4.0,8.55,5.6
2025,01/30/2026,MEM,NOP,John Konchar,SG,,,,,,,,,,,19.30596,4.119957,1.7820698,3.6584604,,,,,,,0.0,,,0.63,1.13,1.01,1.71,1.6800000000000002
2025,01/30/2026,MEM,NOP,Kentavious Caldwell-Pope,SG,,,,,,,,,,,20.273214,8.005973,3.108767,7.1746793,,,,,,,0.0,,,0.97,3.31,3.8,2.4,3.92
2025,01/30/2026,MEM,NOP,Olivier-Maxence Prosper,PF,,,,,,,,,,,16.21462,5.783342,2.1927433,3.7014916,,,,,,,0.0,,,0.93,1.31,2.49,2.73,3.18
2025,01/30/2026,MEM,NOP,Santi Aldama,PF,,,,,,,,,,,24.481966,14.365564,5.374808,10.330803,,,,,,,0.0,,,2.77,5.51,4.3,7.640000000000001,6.24
2025,01/30/2026,MEM,NOP,Scotty Pippen Jr.,PG,,,,,,,,,,,18.379326,6.259521,2.5356607,5.1805887,,,,,,,0.0,,,,,,,
2025,01/30/2026,MEM,NOP,Ty Jerome,SG,,,,,,,,,,,17.144102,6.224835,2.5356607,4.907585,,,,,,,0.0,,,,,,,
2025,01/30/2026,MEM,NOP,Vince Williams Jr.,PG,,,,,,,,,,,19.760271,7.4943633,3.1407065,8.541885,,,,,,,0.0,,,1.17,3.34,5.220000000000001,3.02,4.359999999999999
2025,01/30/2026,MEM,NOP,Zach Edey,C,,,,,,,,,,,20.12465,12.181207,5.795125,8.632516,,,,,,,0.0,,,3.86,5.34,4.42,8.83,5.34
2025,01/30/2026,NOP,MEM,Bryce McGowens,SG,,,,,,,,,,,14.591305,5.4549813,2.0168216,3.4667013,,,,,,,0.0,,,1.44,3.29,1.5499999999999998,4.449999999999999,1.63
2025,01/30/2026,NOP,MEM,DeAndre Jordan,C,,,,,,,,,,,12.085983,3.7240458,1.7778093,3.1194644,,,,,,,0.0,,,,,,,
2025,01/30/2026,NOP,MEM,Dejounte Murray,PG,,,,,,,,,,,14.487982,5.0043745,2.210618,4.2320647,,,,,,,0.0,,,,,,,
2025,01/30/2026,NOP,MEM,Derik Queen,C,,,,,,,,,,,27.627981,11.357721,4.347782,10.098324,,,,,,,0.0,,,2.21,4.43,4.09,4.81,3.87
2025,01/30/2026,NOP,MEM,Herbert Jones,SF,,,,,,,,,,,29.019413,8.398653,3.6362631,8.446907,,,,,,,0.0,,,1.63,5.48,2.98,4.1,3.22
2025,01/30/2026,NOP,MEM,Hunter Dickinson,C,,,,,,,,,,,12.446572,4.236382,1.9887993,3.288574,,,,,,,0.0,,,,,,,
2025,01/30/2026,NOP,MEM,Jeremiah Fears,PG,,,,,,,,,,,21.505026,10.747127,4.2909784,9.743481,,,,,,,0.0,,,1.58,4.84,4.55,4.06,6.0
2025,01/30/2026,NOP,MEM,Jordan Hawkins,SG,,,,,,,,,,,13.746473,3.4665804,1.4533585,4.1940656,,,,,,,0.0,,,0.88,2.8200000000000003,1.17,2.54,0.3399999999999999
2025,01/30/2026,NOP,MEM,Jordan Poole,PG,,,,,,,,,,,21.572104,11.285163,4.2516127,10.85633,,,,,,,0.0,,,1.88,5.35,4.59,5.220000000000001,5.04
2025,01/30/2026,NOP,MEM,Jose Alvarado,PG,,,,,,,,,,,19.551443,6.6944666,2.6427708,6.167516,,,,,,,0.0,,,0.98,2.59,3.01,2.5,3.18
2025,01/30/2026,NOP,MEM,Karlo Matkovic,PF,,,,,,,,,,,14.074716,4.585652,1.9809,3.265281,,,,,,,0.0,,,1.12,1.95,1.12,2.9,1.96
2025,01/30/2026,NOP,MEM,Kevon Looney,C,,,,,,,,,,,11.5225725,1.6478565,1.0506709,1.8376956,,,,,,,0.0,,,0.51,0.96,1.48,1.34,1.42
2025,01/30/2026,NOP,MEM,Micah Peavy,SG,,,,,,,,,,,18.525105,4.6560206,2.1490355,4.912842,,,,,,,0.0,,,0.91,2.36,3.74,2.16,2.54
2025,01/30/2026,NOP,MEM,Saddiq Bey,SF,,,,,,,,,,,31.56709,19.559265,7.084405,15.071919,,,,,,,0.0,,,3.07,6.6,7.43,9.57,11.46
2025,01/30/2026,NOP,MEM,Trey Alexander,SG,,,,,,,,,,,11.454204,3.526906,1.4576954,3.0322597,,,,,,,0.0,,,0.3749999999999999,0.8749999999999999,0.5,1.0,0.7499999999999999
2025,01/30/2026,NOP,MEM,Trey Murphy III,SF,,,,,,,,,,,35.755833,22.701359,8.603387,16.887983,,,,,,,0.0,,,3.71,9.07,9.79,10.77,11.43
2025,01/30/2026,NOP,MEM,Yves Missi,C,,,,,,,,,,,21.587908,7.281296,3.4031708,5.493734,,,,,,,0.0,,,2.31,3.94,3.14,5.140000000000001,2.64
2025,01/30/2026,NOP,MEM,Zion Williamson,PF,,,,,,,,,,,30.539444,22.872082,9.321916,14.589752,,,,,,,0.0,,,4.199999999999999,7.21,6.529999999999999,10.62,10.079999999999998
2025,01/30/2026,NYK,POR,Ariel Hukporti,C,,,,,,,,,,,10.848032,1.4959924,0.7526736,0.8431652,,,,,,,0.0,,,0.12,0.24,0.72,0.35,1.5499999999999998
2025,01/30/2026,NYK,POR,Dillon Jones,SF,,,,,,,,,,,9.634764,3.8263924,1.7440664,3.027079,,,,,,,0.0,,,,,,,
2025,01/30/2026,NYK,POR,Guerschon Yabusele,C,,,,,,,,,,,10.338203,2.6942768,1.1857527,2.56401,,,,,,,0.0,,,0.27,1.06,0.97,0.54,0.92
2025,01/30/2026,NYK,POR,Jalen Brunson,PG,,,,,,,,,,,34.57962,25.881622,10.074931,18.520504,,,,,,,0.0,,,4.390000000000001,9.52,8.07,12.39,10.23
2025,01/30/2026,NYK,POR,Jordan Clarkson,SG,,,,,,,,,,,16.523376,6.4677505,2.5695846,5.5848465,,,,,,,0.0,,,1.27,3.78,2.31,3.73,1.54
2025,01/30/2026,NYK,POR,Josh Hart,SF,,,,,,,,,,,34.81581,13.0433235,5.0125175,9.558688,,,,,,,0.0,,,2.34,4.22,4.27,6.41,5.52
2025,01/30/2026,NYK,POR,Karl-Anthony Towns,C,,,,,,,,,,,30.8911,17.40032,6.203364,13.055344,,,,,,,0.0,,,3.09,6.82,5.029999999999999,9.01,5.83
2025,01/30/2026,NYK,POR,Kevin McCullar Jr.,SF,,,,,,,,,,,6.631766,2.3253572,0.96046233,1.8838727,,,,,,,0.0,,,0.4,0.95,0.87,1.09,0.76
2025,01/30/2026,NYK,POR,Landry Shamet,SG,,,,,,,,,,,19.727892,8.564151,2.9353867,6.536465,,,,,,,0.0,,,1.0,3.17,3.29,2.96,5.16
2025,01/30/2026,NYK,POR,Mikal Bridges,SF,,,,,,,,,,,35.187675,15.88322,6.9171724,12.964472,,,,,,,0.0,,,2.84,5.99,7.220000000000001,6.8,9.34
2025,01/30/2026,NYK,POR,Miles McBride,SG,,,,,,,,,,,23.763191,11.156496,4.6358743,9.856913,,,,,,,0.0,,,2.18,6.15,6.09,5.76,7.0
2025,01/30/2026,NYK,POR,Mitchell Robinson,C,,,,,,,,,,,19.31269,5.124327,2.4694514,3.358094,,,,,,,0.0,,,1.78,2.34,1.83,3.72,2.59
2025,01/30/2026,NYK,POR,Mohamed Diawara,SF,,,,,,,,,,,7.435053,1.6171793,0.8704172,1.4919671,,,,,,,0.0,,,0.11,0.38,1.25,0.3299999999999999,1.44
2025,01/30/2026,NYK,POR,OG Anunoby,PF,,,,,,,,,,,34.758957,16.402435,6.4067593,12.464107,,,,,,,0.0,,,3.58,6.66,5.5,8.74,9.04
2025,01/30/2026,NYK,POR,P.J. Tucker,F,,,,,,,,,,,13.55679,4.7328486,2.0245514,3.5412898,,,,,,,0.0,,,,,,,
2025,01/30/2026,NYK,POR,Pacome Dadiet,SG,,,,,,,,,,,4.344533,0.80470324,0.537688,0.81962895,,,,,,,0.0,,,0.0,0.12,0.16,0.0,0.44
2025,01/30/2026,NYK,POR,Trey Jemison,C,,,,,,,,,,,10.502253,3.5542662,1.1974277,1.6813238,,,,,,,0.0,,,0.0,0.0,0.7499999999999999,0.0,1.7499999999999998
2025,01/30/2026,NYK,POR,Tyler Kolek,PG,,,,,,,,,,,14.156377,4.492823,1.7542814,3.9279695,,,,,,,0.0,,,0.41,1.15,2.97,0.94,2.92
2025,01/30/2026,ORL,TOR,Anthony Black,PG,,,,,,,,,,,34.889175,17.595293,7.2458334,14.276188,,,,,,,0.0,,,3.26,7.21,6.209999999999999,7.93,8.3
2025,01/30/2026,ORL,TOR,Colin Castleton,C,,,,,,,,,,,13.421435,4.407324,1.9956263,3.3509765,,,,,,,0.0,,,,,,,
2025,01/30/2026,ORL,TOR,Desmond Bane,SG,,,,,,,,,,,35.478798,18.665285,7.7976184,15.935722,,,,,,,0.0,,,3.81,7.970000000000001,6.319999999999999,9.84,8.7
2025,01/30/2026,ORL,TOR,Franz Wagner,SF,,,,,,,,,,,22.753382,16.56232,6.233986,11.715586,,,,,,,0.0,,,3.45,7.06,7.25,9.47,10.18
2025,01/30/2026,ORL,TOR,Goga Bitadze,C,,,,,,,,,,,15.165632,5.218373,2.2800975,3.2386317,,,,,,,0.0,,,1.67,2.88,1.19,3.67,1.6800000000000002
2025,01/30/2026,ORL,TOR,Jalen Suggs,PG,,,,,,,,,,,27.25374,14.145835,5.640311,13.5548725,,,,,,,0.0,,,3.33,7.3,5.05,8.58,5.02
2025,01/30/2026,ORL,TOR,Jamal Cain,SF,,,,,,,,,,,8.337997,2.1389482,0.9285194,1.755636,,,,,,,0.0,,,0.36,0.88,0.5,1.56,0.5
2025,01/30/2026,ORL,TOR,Jase Richardson,SG,,,,,,,,,,,15.614146,5.279873,2.0277514,4.119914,,,,,,,0.0,,,0.97,2.09,2.12,2.91,2.22
2025,01/30/2026,ORL,TOR,Jett Howard,SF,,,,,,,,,,,11.579378,3.6795208,1.5410044,3.5645075,,,,,,,0.0,,,0.28,1.4899999999999998,3.12,0.88,2.88
2025,01/30/2026,ORL,TOR,Jonathan Isaac,PF,,,,,,,,,,,10.9022045,2.6605575,1.0828499,1.9171178,,,,,,,0.0,,,0.22,0.49,0.75,0.56,1.1
2025,01/30/2026,ORL,TOR,Moritz Wagner,C,,,,,,,,,,,15.7784,8.155015,3.0794544,6.476355,,,,,,,0.0,,,1.1249999999999998,3.875,2.875,3.125,4.749999999999999
2025,01/30/2026,ORL,TOR,Noah Penda,SF,,,,,,,,,,,18.222277,4.590808,2.0660179,4.2820983,,,,,,,0.0,,,0.8999999999999999,3.45,2.17,2.65,3.25
2025,01/30/2026,ORL,TOR,Orlando Robinson,C,,,,,,,,,,,10.864471,3.4767478,1.5337363,3.0143747,,,,,,,0.0,,,1.0,1.3333333333333333,0.3333333333333333,2.333333333333333,0.0
2025,01/30/2026,ORL,TOR,Paolo Banchero,PF,,,,,,,,,,,37.011597,23.93519,9.0518265,17.817263,,,,,,,0.0,,,3.3600000000000003,7.79,9.63,10.7,14.91
2025,01/30/2026,ORL,TOR,Tristan Da Silva,SF,,,,,,,,,,,21.870955,7.4941406,3.1616998,6.857684,,,,,,,0.0,,,1.09,3.0,3.3600000000000003,2.84,4.31
2025,01/30/2026,ORL,TOR,Tyus Jones,PG,,,,,,,,,,,17.742765,2.9505272,1.5747073,3.0621688,,,,,,,0.0,,,0.6499999999999999,1.88,2.0,1.68,0.96
2025,01/30/2026,ORL,TOR,Wendell Carter Jr.,C,,,,,,,,,,,30.984545,12.026252,4.8943605,9.28583,,,,,,,0.0,,,2.68,4.66,4.09,6.93,3.89
2025,01/30/2026,PHO,CLE,Collin Gillespie,PG,,,,,,,,,,,29.731146,15.234429,5.817987,12.71573,,,,,,,0.0,,,2.08,4.98,5.06,6.54,7.08
2025,01/30/2026,PHO,CLE,Devin Booker,SG,,,,,,,,,,,27.36846,20.512476,8.625856,17.299587,,,,,,,0.0,,,4.209999999999999,9.7,9.27,12.86,12.59
2025,01/30/2026,PHO,CLE,Dillon Brooks,SF,,,,,,,,,,,33.029118,21.556776,8.786357,18.122824,,,,,,,0.0,,,4.779999999999999,9.22,8.709999999999999,13.69,8.24
2025,01/30/2026,PHO,CLE,Grayson Allen,SG,,,,,,,,,,,32.252647,18.802881,6.7047505,15.324316,,,,,,,0.0,,,3.08,6.25,8.02,10.8,8.319999999999999
2025,01/30/2026,PHO,CLE,Isaiah Livers,PF,,,,,,,,,,,13.1891775,2.9341862,1.246161,1.9535967,,,,,,,0.0,,,0.54,0.94,0.56,1.2999999999999998,1.22
2025,01/30/2026,PHO,CLE,Jalen Green,SG,,,,,,,,,,,15.555223,5.48583,3.1906328,6.615849,,,,,,,0.0,,,1.3333333333333333,3.6666666666666665,2.0,4.333333333333333,1.6666666666666667
2025,01/30/2026,PHO,CLE,Jamaree Bouyea,PG,,,,,,,,,,,17.206991,8.185411,3.935212,7.0175414,,,,,,,0.0,,,1.77,3.59,3.8,3.84,3.78
2025,01/30/2026,PHO,CLE,Jordan Goodwin,PG,,,,,,,,,,,21.965248,7.5166316,3.037488,7.6660776,,,,,,,0.0,,,1.02,2.46,3.49,2.44,2.44
2025,01/30/2026,PHO,CLE,Khaman Maluach,C,,,,,,,,,,,5.8306084,1.5991615,0.68866664,1.1200453,,,,,,,0.0,,,0.0,0.0,0.97,0.0,1.12
2025,01/30/2026,PHO,CLE,Koby Brea,SG,,,,,,,,,,,11.393284,3.7323072,1.817125,3.0048504,,,,,,,0.0,,,,,,,
2025,01/30/2026,PHO,CLE,Mark Williams,C,,,,,,,,,,,27.055384,13.436856,5.706398,7.956079,,,,,,,0.0,,,2.6,4.27,3.4799999999999995,5.62,6.359999999999999
2025,01/30/2026,PHO,CLE,Nick Richards,C,,,,,,,,,,,8.257944,3.1477966,1.543681,2.5634344,,,,,,,0.0,,,0.4,1.42,0.94,0.8600000000000001,1.08
2025,01/30/2026,PHO,CLE,Nigel Hayes-Davis,SF,,,,,,,,,,,11.066108,1.3081219,0.7422509,1.7275676,,,,,,,0.0,,,0.0,0.16,1.03,0.16,0.64
2025,01/30/2026,PHO,CLE,Oso Ighodaro,PF,,,,,,,,,,,20.861242,5.649044,2.8488073,3.9642618,,,,,,,0.0,,,1.6,2.55,1.63,4.02,2.38
2025,01/30/2026,PHO,CLE,Rasheer Fleming,PF,,,,,,,,,,,9.165538,2.3640227,1.0621562,2.5388892,,,,,,,0.0,,,0.3399999999999999,1.13,0.89,0.8400000000000001,0.36
2025,01/30/2026,PHO,CLE,Royce O'Neale,SF,,,,,,,,,,,30.685585,10.544467,4.0759344,9.034994,,,,,,,0.0,,,1.4,4.47,3.81,4.3,4.779999999999999
2025,01/30/2026,PHO,CLE,Ryan Dunn,SF,,,,,,,,,,,17.633097,5.426066,2.321778,4.850968,,,,,,,0.0,,,1.12,2.02,2.1899999999999995,2.7,2.2
2025,01/30/2026,POR,NYK,Blake Wesley,SG,,,,,,,,,,,13.821659,4.1295114,1.9152591,3.1125438,,,,,,,0.0,,,1.6249999999999998,3.375,2.25,4.0,2.0
2025,01/30/2026,POR,NYK,Caleb Love,SG,,,,,,,,,,,25.668678,12.430961,4.904799,11.184347,,,,,,,0.0,,,1.98,5.66,6.93,5.449999999999999,7.29
2025,01/30/2026,POR,NYK,Damian Lillard,PG,,,,,,,,,,,13.003667,4.2572837,1.9677676,3.2380252,,,,,,,0.0,,,,,,,
2025,01/30/2026,POR,NYK,Deni Avdija,SF,,,,,,,,,,,33.05767,23.526108,8.131042,16.15561,,,,,,,0.0,,,4.79,9.51,6.83,15.35,9.56
2025,01/30/2026,POR,NYK,Donovan Clingan,C,,,,,,,,,,,28.324066,11.390945,5.02545,8.681866,,,,,,,0.0,,,1.77,5.109999999999999,5.119999999999999,4.18,7.66
2025,01/30/2026,POR,NYK,Duop Reath,C,,,,,,,,,,,10.1701565,1.9318801,1.0348619,1.78544,,,,,,,0.0,,,0.16,1.46,0.94,0.8,1.94
2025,01/30/2026,POR,NYK,Javonte Cooke,SG,,,,,,,,,,,12.8569975,1.5625614,1.0334098,2.5081222,,,,,,,0.0,,,0.54,1.91,0.96,1.24,0.63
2025,01/30/2026,POR,NYK,Jerami Grant,PF,,,,,,,,,,,26.917486,15.100466,5.0682755,11.20146,,,,,,,0.0,,,2.41,6.39,5.26,7.29,7.79
2025,01/30/2026,POR,NYK,Jrue Holiday,PG,,,,,,,,,,,29.143112,13.459988,5.6279106,12.183109,,,,,,,0.0,,,2.05,5.220000000000001,6.39,5.41,7.35
2025,01/30/2026,POR,NYK,Kris Murray,SF,,,,,,,,,,,21.097017,5.142371,2.4626856,4.752086,,,,,,,0.0,,,0.7,2.83,2.97,2.61,4.54
2025,01/30/2026,POR,NYK,Matisse Thybulle,SG,,,,,,,,,,,11.193233,3.0917377,1.4927235,2.7962189,,,,,,,0.0,,,1.3333333333333333,1.3333333333333333,1.3333333333333333,4.0,2.0
2025,01/30/2026,POR,NYK,Rayan Rupert,SG,,,,,,,,,,,15.868566,2.9803925,1.5200064,2.679132,,,,,,,0.0,,,0.77,2.53,1.86,2.38,2.04
2025,01/30/2026,POR,NYK,Robert Williams,C,,,,,,,,,,,16.0508,5.1140885,2.378812,3.144675,,,,,,,0.0,,,1.11,1.39,1.54,2.92,3.09
2025,01/30/2026,POR,NYK,Scoot Henderson,PG,,,,,,,,,,,13.003667,4.2572837,1.9677676,3.2380252,,,,,,,0.0,,,,,,,
2025,01/30/2026,POR,NYK,Shaedon Sharpe,SG,,,,,,,,,,,32.96748,20.786997,8.9344845,18.116882,,,,,,,0.0,,,3.87,8.91,9.51,9.919999999999998,12.44
2025,01/30/2026,POR,NYK,Sidy Cissoko,SF,,,,,,,,,,,22.033785,5.0292716,2.071809,4.5920296,,,,,,,0.0,,,0.97,2.47,2.18,3.5,1.62
2025,01/30/2026,POR,NYK,Toumani Camara,PF,,,,,,,,,,,34.563984,13.234103,5.3024397,10.357748,,,,,,,0.0,,,2.83,5.16,5.48,7.92,7.43
2025,01/30/2026,POR,NYK,Yang Hansen,C,,,,,,,,,,,10.189353,1.7969409,0.9111616,2.3321724,,,,,,,0.0,,,0.38,1.27,1.54,0.8200000000000001,1.4499999999999995
2025,01/30/2026,SAC,BOS,Daeqwon Plowden,SG,,,,,,,,,,,11.013811,3.5080225,1.7456542,2.923907,,,,,,,0.0,,,,,,,
2025,01/30/2026,SAC,BOS,Dario Saric,C,,,,,,,,,,,11.101073,3.2342846,1.3980331,3.017554,,,,,,,0.0,,,0.0,0.4999999999999999,0.4999999999999999,0.25,0.3749999999999999
2025,01/30/2026,SAC,BOS,DeMar DeRozan,PF,,,,,,,,,,,35.332977,21.305254,8.60056,14.838098,,,,,,,0.0,,,4.23,7.19,7.75,13.009999999999998,8.959999999999999
2025,01/30/2026,SAC,BOS,Dennis Schroder,PG,,,,,,,,,,,30.589165,14.360486,5.618127,11.971211,,,,,,,0.0,,,2.21,4.1,6.3100000000000005,7.26,6.99
2025,01/30/2026,SAC,BOS,Devin Carter,PG,,,,,,,,,,,10.215703,3.2074423,1.2640166,3.0360157,,,,,,,0.0,,,0.12,0.42,2.73,0.3,3.21
2025,01/30/2026,SAC,BOS,Domantas Sabonis,C,,,,,,,,,,,27.717796,13.962897,6.291992,9.945052,,,,,,,0.0,,,3.79,6.209999999999999,3.89,9.02,5.24
2025,01/30/2026,SAC,BOS,Doug McDermott,SF,,,,,,,,,,,9.2348585,3.546391,1.4149235,3.2052457,,,,,,,0.0,,,0.4999999999999999,2.0,1.4999999999999998,1.4999999999999998,1.4999999999999998
2025,01/30/2026,SAC,BOS,Drew Eubanks,C,,,,,,,,,,,10.193595,3.5199494,2.1765919,2.829941,,,,,,,0.0,,,1.22,2.52,0.7,2.78,1.34
2025,01/30/2026,SAC,BOS,Dylan Cardwell,C,,,,,,,,,,,22.595676,5.0380225,2.4724395,3.8241894,,,,,,,0.0,,,1.01,1.35,1.37,2.14,1.92
2025,01/30/2026,SAC,BOS,Isaiah Stevens,PG,,,,,,,,,,,12.838607,4.4093266,2.0064554,3.3869252,,,,,,,0.0,,,,,,,
2025,01/30/2026,SAC,BOS,Keegan Murray,PF,,,,,,,,,,,22.830603,9.485673,5.190852,10.215654,,,,,,,0.0,,,3.33,7.51,5.619999999999999,8.27,4.859999999999999
2025,01/30/2026,SAC,BOS,Keon Ellis,SG,,,,,,,,,,,21.36513,6.4419436,2.683257,5.2902074,,,,,,,0.0,,,0.83,2.04,2.8200000000000003,2.27,3.82
2025,01/30/2026,SAC,BOS,Malik Monk,SG,,,,,,,,,,,24.593163,13.340764,5.452502,10.465356,,,,,,,0.0,,,3.81,6.19,5.17,9.78,6.77
2025,01/30/2026,SAC,BOS,Maxime Raynaud,C,,,,,,,,,,,26.418325,8.650476,3.9468794,6.968666,,,,,,,0.0,,,0.93,2.69,2.38,1.92,3.4799999999999995
2025,01/30/2026,SAC,BOS,Nique Clifford,SG,,,,,,,,,,,22.247698,7.1845202,3.3735204,6.808809,,,,,,,0.0,,,1.53,3.88,2.96,3.56,2.24
2025,01/30/2026,SAC,BOS,Precious Achiuwa,C,,,,,,,,,,,27.655663,8.067211,3.5665538,7.081426,,,,,,,0.0,,,2.24,4.1,2.26,4.720000000000001,3.1100000000000003
2025,01/30/2026,SAC,BOS,Russell Westbrook,SF,,,,,,,,,,,26.125134,14.135798,6.1497855,11.23811,,,,,,,0.0,,,2.9,6.98,7.58,8.530000000000001,8.8
2025,01/30/2026,SAC,BOS,Zach LaVine,SG,,,,,,,,,,,33.87198,19.049896,7.248344,14.5021305,,,,,,,0.0,,,2.95,6.94,5.93,9.0,7.899999999999999
2025,01/30/2026,TOR,ORL,A.J. Lawson,SG,,,,,,,,,,,12.804904,3.780792,1.5541337,3.169171,,,,,,,0.0,,,0.5599999999999999,1.2999999999999998,1.63,1.73,1.96
2025,01/30/2026,TOR,ORL,Alijah Martin,SG,,,,,,,,,,,12.977853,2.4719439,1.0326685,2.1247296,,,,,,,0.0,,,0.55,0.8999999999999999,1.03,1.6,1.25
2025,01/30/2026,TOR,ORL,Brandon Ingram,SF,,,,,,,,,,,34.766804,21.559639,8.736639,17.938293,,,,,,,0.0,,,3.45,8.34,7.52,9.919999999999998,10.09
2025,01/30/2026,TOR,ORL,Chucky Hepburn,PG,,,,,,,,,,,11.786711,3.503417,1.7947266,2.838341,,,,,,,0.0,,,,,,,
2025,01/30/2026,TOR,ORL,Collin Murray-Boyles,PF,,,,,,,,,,,28.031836,7.732458,4.184276,6.1854386,,,,,,,0.0,,,2.66,4.67,2.34,6.52,2.88
2025,01/30/2026,TOR,ORL,Garrett Temple,SG,,,,,,,,,,,7.7368574,0.7054414,0.441733,0.55477,,,,,,,0.0,,,0.0,0.0,0.4,0.0,0.0
2025,01/30/2026,TOR,ORL,Gradey Dick,SG,,,,,,,,,,,18.498486,7.393027,2.9175832,5.7244983,,,,,,,0.0,,,1.78,4.22,3.02,5.62,4.17
2025,01/30/2026,TOR,ORL,Immanuel Quickley,PG,,,,,,,,,,,32.491684,15.848737,6.2208333,12.359732,,,,,,,0.0,,,3.38,6.35,7.34,9.43,10.05
2025,01/30/2026,TOR,ORL,Ja'Kobe Walter,SG,,,,,,,,,,,18.188843,5.9031153,2.2246795,4.969982,,,,,,,0.0,,,0.78,2.97,3.07,2.69,3.59
2025,01/30/2026,TOR,ORL,Jakob Poeltl,C,,,,,,,,,,,17.949919,5.76234,3.2392278,4.17262,,,,,,,0.0,,,1.88,3.1,2.06,4.15,2.8
2025,01/30/2026,TOR,ORL,Jamal Shead,PG,,,,,,,,,,,22.553339,6.2105665,2.4590292,5.5247536,,,,,,,0.0,,,1.5,3.78,3.14,4.029999999999999,3.4599999999999995
2025,01/30/2026,TOR,ORL,Jamison Battle,SF,,,,,,,,,,,12.291173,2.5854483,1.2334101,1.698183,,,,,,,0.0,,,0.4,1.2999999999999998,1.0699999999999998,1.08,1.89
2025,01/30/2026,TOR,ORL,Jonathan Mogbo,PF,,,,,,,,,,,13.727304,2.101296,1.1141351,1.4373993,,,,,,,0.0,,,0.2299999999999999,1.14,0.77,0.4599999999999999,1.16
2025,01/30/2026,TOR,ORL,Ochai Agbaji,SG,,,,,,,,,,,17.42072,4.121478,2.0180244,3.4940753,,,,,,,0.0,,,1.29,1.86,2.34,3.16,1.98
2025,01/30/2026,TOR,ORL,RJ Barrett,SF,,,,,,,,,,,28.025675,16.737978,6.5745273,13.966415,,,,,,,0.0,,,2.89,6.9,7.140000000000001,8.02,8.69
2025,01/30/2026,TOR,ORL,Sandro Mamukelashvili,C,,,,,,,,,,,23.394087,11.882901,4.7539935,8.56621,,,,,,,0.0,,,2.62,5.9,3.94,7.16,6.72
2025,01/30/2026,TOR,ORL,Scottie Barnes,PF,,,,,,,,,,,33.71634,17.630661,7.985019,14.136247,,,,,,,0.0,,,3.3200000000000003,7.890000000000001,7.06,8.59,10.0
2025,01/30/2026,UTA,BRK,Ace Bailey,SF,,,,,,,,,,,29.959063,14.843699,7.1810203,13.4617605,,,,,,,0.0,,,3.92,7.34,6.65,9.16,7.25
2025,01/30/2026,UTA,BRK,Brice Sensabaugh,SF,,,,,,,,,,,24.121618,17.156416,6.1164002,11.264149,,,,,,,0.0,,,2.16,4.359999999999999,8.8,7.199999999999999,12.07
2025,01/30/2026,UTA,BRK,Cody Williams,SG,,,,,,,,,,,26.619003,9.090653,4.2306156,7.1359687,,,,,,,0.0,,,2.12,3.7,3.5,5.0,4.09
2025,01/30/2026,UTA,BRK,Elijah Harkless,SG,,,,,,,,,,,12.39173,4.127799,1.6353233,3.2701569,,,,,,,0.0,,,0.125,0.3749999999999999,0.25,0.3749999999999999,1.625
2025,01/30/2026,UTA,BRK,Georges Niang,PF,,,,,,,,,,,16.253962,5.187356,2.3633566,4.473009,,,,,,,0.0,,,,,,,
2025,01/30/2026,UTA,BRK,Isaiah Collier,PG,,,,,,,,,,,26.137157,11.481386,4.9324775,8.7437,,,,,,,0.0,,,1.93,3.92,5.04,4.26,7.529999999999999
2025,01/30/2026,UTA,BRK,John Tonje,SG,,,,,,,,,,,14.914221,4.932084,2.3088975,4.11597,,,,,,,0.0,,,,,,,
2025,01/30/2026,UTA,BRK,Jusuf Nurkic,C,,,,,,,,,,,23.40784,12.350733,5.664302,10.828811,,,,,,,0.0,,,2.68,5.83,7.09,6.0,10.5
2025,01/30/2026,UTA,BRK,Kevin Love,PF,,,,,,,,,,,18.678444,6.7933693,2.6667595,6.034681,,,,,,,0.0,,,1.4,3.67,2.3600000000000003,4.35,2.26
2025,01/30/2026,UTA,BRK,Keyonte George,PG,,,,,,,,,,,34.805317,24.734299,8.506549,16.67172,,,,,,,0.0,,,3.96,9.42,7.66,12.32,11.89
2025,01/30/2026,UTA,BRK,Kyle Anderson,SF,,,,,,,,,,,22.910017,7.565825,3.5521586,5.403948,,,,,,,0.0,,,1.45,2.7299999999999995,2.5,3.08,4.22
2025,01/30/2026,UTA,BRK,Kyle Filipowski,C,,,,,,,,,,,27.437042,11.588044,4.6801057,8.885701,,,,,,,0.0,,,2.35,3.69,2.63,5.98,3.84
2025,01/30/2026,UTA,BRK,Lauri Markkanen,PF,,,,,,,,,,,29.53384,26.466007,9.947912,17.730656,,,,,,,0.0,,,4.27,9.64,7.930000000000001,12.6,12.57
2025,01/30/2026,UTA,BRK,Oscar Tshiebwe,C,,,,,,,,,,,13.674966,4.5303464,2.0803127,3.5291057,,,,,,,0.0,,,,,,,
2025,01/30/2026,UTA,BRK,Svi Mykhailiuk,SF,,,,,,,,,,,26.524246,8.797325,3.5800998,6.126523,,,,,,,0.0,,,1.4499999999999995,3.1500000000000004,2.3600000000000003,4.06,3.04
2025,01/30/2026,UTA,BRK,Taylor Hendricks,PF,,,,,,,,,,,16.649815,3.6319773,1.7096449,3.2156675,,,,,,,0.0,,,0.35,1.14,1.73,1.0499999999999998,1.53
2025,01/30/2026,UTA,BRK,Walker Kessler,C,,,,,,,,,,,21.524115,8.821423,3.888532,7.3445067,,,,,,,0.0,,,3.5,4.749999999999999,3.5,8.874999999999998,5.999999999999999
2025,01/30/2026,UTA,BRK,Walter Clayton,PG,,,,,,,,,,,20.441364,6.6750546,2.505547,5.8331337,,,,,,,0.0,,,0.8699999999999999,2.86,2.46,2.36,3.47
2025,01/30/2026,WAS,LAL,AJ Johnson,SG,,,,,,,,,,,11.7515745,1.830306,1.0886989,3.3773694,,,,,,,0.0,,,0.63,2.33,2.58,1.44,1.48
2025,01/30/2026,WAS,LAL,Alex Sarr,C,,,,,,,,,,,30.31238,19.676636,8.927141,15.981134,,,,,,,0.0,,,4.49,8.48,8.219999999999999,11.41,8.68
2025,01/30/2026,WAS,LAL,Anthony Gill,PF,,,,,,,,,,,10.619173,1.6072199,0.8970135,0.970449,,,,,,,0.0,,,0.22,0.44,0.6699999999999999,0.5,0.8600000000000001
2025,01/30/2026,WAS,LAL,Bilal Coulibaly,SG,,,,,,,,,,,27.282393,8.573882,3.34279,7.209849,,,,,,,0.0,,,1.64,3.39,2.45,5.02,3.28
2025,01/30/2026,WAS,LAL,Bub Carrington,PG,,,,,,,,,,,34.91327,12.614966,5.2178884,11.134633,,,,,,,0.0,,,1.94,4.67,5.79,5.65,6.77
2025,01/30/2026,WAS,LAL,Cam Whitmore,SF,,,,,,,,,,,14.558307,9.110143,4.179508,8.807862,,,,,,,0.0,,,1.59,4.22,4.77,3.78,4.76
2025,01/30/2026,WAS,LAL,Jamir Watkins,SG,,,,,,,,,,,19.950499,4.497691,2.094632,3.6740143,,,,,,,0.0,,,0.6599999999999999,2.47,1.83,1.99,1.89
2025,01/30/2026,WAS,LAL,Justin Champagnie,SF,,,,,,,,,,,29.851782,10.967622,4.9378133,8.293659,,,,,,,0.0,,,2.08,4.09,2.86,4.93,4.17
2025,01/30/2026,WAS,LAL,Khris Middleton,SF,,,,,,,,,,,23.31356,10.614058,4.629149,8.895836,,,,,,,0.0,,,2.54,5.99,4.56,6.800000000000001,5.369999999999999
2025,01/30/2026,WAS,LAL,Kyshawn George,SF,,,,,,,,,,,31.978504,18.504192,7.295767,14.580683,,,,,,,0.0,,,3.08,7.95,8.68,8.4,9.48
2025,01/30/2026,WAS,LAL,Malaki Branham,SG,,,,,,,,,,,13.437076,4.437172,1.8115795,3.4168713,,,,,,,0.0,,,0.3399999999999999,1.25,2.35,1.03,3.64
2025,01/30/2026,WAS,LAL,Marvin Bagley III,PF,,,,,,,,,,,17.651318,10.478561,4.3754516,5.5536933,,,,,,,0.0,,,2.06,3.0,2.8999999999999995,5.59,4.08
2025,01/30/2026,WAS,LAL,Sharife Cooper,PG,,,,,,,,,,,11.347335,3.4795895,1.4667978,2.857721,,,,,,,0.0,,,0.0,0.0,0.5,0.0,0.7499999999999999
2025,01/30/2026,WAS,LAL,Skal Labissiere,PF,,,,,,,,,,,12.707191,4.2288465,1.9791944,3.2060955,,,,,,,0.0,,,,,,,
2025,01/30/2026,WAS,LAL,Trae Young,PG,,,,,,,,,,,19.699099,6.315952,2.7631116,6.5559907,,,,,,,0.0,,,,,,,
2025,01/30/2026,WAS,LAL,Tre Johnson,SG,,,,,,,,,,,25.086946,15.143942,5.8201456,11.799847,,,,,,,0.0,,,2.7,7.01,6.109999999999999,8.719999999999999,7.12
2025,01/30/2026,WAS,LAL,Tristan Vukcevic,C,,,,,,,,,,,11.49104,7.737556,2.7213619,5.628813,,,,,,,0.0,,,1.02,2.8,3.12,2.76,4.779999999999999
2025,01/30/2026,WAS,LAL,Will Riley,SF,,,,,,,,,,,18.349815,6.5292373,2.5280342,5.5536475,,,,,,,0.0,,,1.28,3.38,2.43,4.109999999999999,2.75
2025,01/31/2026,ATL,IND,Asa Newell,PF,,,,,,,,,,,13.17756175994873,4.697439193725586,2.0014894008636475,3.5659494400024414,,,,,,,0.0,,,0.56,1.5499999999999998,2.7700000000000005,1.34,3.1
2025,01/31/2026,ATL,IND,CJ McCollum,PG,,,,,,,,,,,26.98134422302246,17.32673454284668,7.13331413269043,13.58137321472168,,,,,,,0.0,,,4.57,8.780000000000001,6.709999999999999,11.57,6.93
2025,01/31/2026,ATL,IND,Caleb Houstan,SF,,,,,,,,,,,11.22103214263916,3.327512741088867,1.2902296781539917,2.5924201011657715,,,,,,,0.0,,,0.12,0.3399999999999999,1.11,0.48,1.65
2025,01/31/2026,ATL,IND,Christian Koloko,C,,,,,,,,,,,17.360517501831055,5.200616359710693,2.2449138164520264,4.068938732147217,,,,,,,0.0,,,1.0,1.625,2.5,2.0,3.375
2025,01/31/2026,ATL,IND,Corey Kispert,SF,,,,,,,,,,,20.308040618896484,8.75422191619873,3.531116485595703,7.634008407592773,,,,,,,0.0,,,1.97,4.4,3.93,5.02,5.18
2025,01/31/2026,ATL,IND,Dyson Daniels,SG,,,,,,,,,,,34.43839645385742,11.783350944519045,5.506217956542969,10.476710319519045,,,,,,,0.0,,,2.41,4.95,5.959999999999999,5.15,6.4
2025,01/31/2026,ATL,IND,Jalen Johnson,SF,,,,,,,,,,,35.605812072753906,21.75328063964844,8.941807746887207,16.681663513183594,,,,,,,0.0,,,3.94,9.18,8.69,10.61,10.45
2025,01/31/2026,ATL,IND,Keaton Wallace,PG,,,,,,,,,,,11.943815231323242,2.722646474838257,1.4267358779907229,2.5896146297454834,,,,,,,0.0,,,0.3,0.5900000000000001,1.7399999999999998,0.78,1.37
2025,01/31/2026,ATL,IND,Kristaps Porzingis,C,,,,,,,,,,,18.912199020385746,13.76275634765625,4.619920253753662,9.69300937652588,,,,,,,0.0,,,2.81,6.619999999999999,4.93,8.31,6.42
2025,01/31/2026,ATL,IND,Luke Kennard,SG,,,,,,,,,,,21.669675827026367,7.85259199142456,2.7895352840423584,4.862922191619873,,,,,,,0.0,,,1.56,2.7700000000000005,2.58,4.38,4.449999999999999
2025,01/31/2026,ATL,IND,Mouhamed Gueye,PF,,,,,,,,,,,23.6308650970459,6.713975429534912,2.781632423400879,5.799770832061768,,,,,,,0.0,,,0.6699999999999999,2.71,1.95,1.84,2.66
2025,01/31/2026,ATL,IND,N'Faly Dante,C,,,,,,,,,,,10.65594482421875,3.596179723739624,1.6244292259216309,2.6557047367095947,,,,,,,0.0,,,0.0,0.6666666666666666,0.6666666666666666,0.0,1.0
2025,01/31/2026,ATL,IND,Nickeil Alexander-Walker,SG,,,,,,,,,,,32.986061096191406,18.48320198059082,6.5785231590271,14.115378379821776,,,,,,,0.0,,,2.91,7.12,7.01,9.76,9.46
2025,01/31/2026,ATL,IND,Nikola Djurisic,SF,,,,,,,,,,,20.51817321777344,22.01022720336914,7.212467670440674,10.847777366638184,,,,,,,0.0,,,,,,,
2025,01/31/2026,ATL,IND,Onyeka Okongwu,C,,,,,,,,,,,26.927743911743164,13.869327545166016,5.638459205627441,10.492379188537598,,,,,,,0.0,,,2.78,6.51,5.91,7.3,8.98
2025,01/31/2026,ATL,IND,RayJ Dennis,PG,,,,,,,,,,,12.905823707580566,3.986199617385864,1.855836749076844,3.52710485458374,,,,,,,0.0,,,,,,,
2025,01/31/2026,ATL,IND,Vit Krejci,PG,,,,,,,,,,,19.22879219055176,6.854424476623535,2.376002311706543,4.47957181930542,,,,,,,0.0,,,0.99,2.56,1.45,2.54,2.09
2025,01/31/2026,ATL,IND,Zaccharie Risacher,SF,,,,,,,,,,,25.262083053588867,11.922855377197266,4.608483791351318,9.798922538757324,,,,,,,0.0,,,1.96,4.5,5.19,5.74,7.29
2025,01/31/2026,CHI,MIA,Ayo Dosunmu,SG,,,,,,,,,,,33.831298828125,18.99414825439453,6.4704365730285645,14.511175155639648,,,,,,,0.0,,,2.64,5.79,6.75,6.359999999999999,10.16
2025,01/31/2026,CHI,MIA,Coby White,SG,,,,,,,,,,,29.66308212280273,20.046920776367188,6.232152938842773,15.432293891906738,,,,,,,0.0,,,2.5700000000000003,6.59,7.19,7.98,10.78
2025,01/31/2026,CHI,MIA,Dalen Terry,SG,,,,,,,,,,,17.424823760986328,5.8662214279174805,1.9101427793502808,3.909992694854736,,,,,,,0.0,,,0.4,0.96,1.51,1.21,2.35
2025,01/31/2026,CHI,MIA,Emanuel Miller,PF,,,,,,,,,,,14.360482215881348,4.803792953491211,1.8913921117782595,4.389225959777832,,,,,,,0.0,,,0.625,1.0,1.625,1.4999999999999998,1.1249999999999998
2025,01/31/2026,CHI,MIA,Isaac Okoro,SG,,,,,,,,,,,29.65941429138184,10.833212852478027,3.886073350906372,8.528738975524902,,,,,,,0.0,,,1.4300000000000002,3.04,3.46,3.63,4.27
2025,01/31/2026,CHI,MIA,Jalen Smith,C,,,,,,,,,,,24.66912651062012,13.202252388000488,4.512174606323242,9.607632637023926,,,,,,,0.0,,,2.99,5.029999999999999,3.68,7.76,5.29
2025,01/31/2026,CHI,MIA,Jevon Carter,PG,,,,,,,,,,,17.712202072143555,6.159857273101807,2.06970739364624,4.5515241622924805,,,,,,,0.0,,,0.48,1.02,1.69,1.44,1.85
2025,01/31/2026,CHI,MIA,Josh Giddey,PG,,,,,,,,,,,26.95922470092773,16.09052085876465,5.138904571533203,12.381169319152832,,,,,,,0.0,,,2.51,6.13,4.720000000000001,7.949999999999999,5.65
2025,01/31/2026,CHI,MIA,Julian Phillips,SF,,,,,,,,,,,15.029345512390137,3.775498151779175,1.5321712493896484,2.981962203979492,,,,,,,0.0,,,0.18,0.48,0.81,0.48,1.14
2025,01/31/2026,CHI,MIA,Kevin Huerter,SF,,,,,,,,,,,33.07382583618164,11.643722534179688,4.438601016998291,10.608229637145996,,,,,,,0.0,,,1.89,4.109999999999999,2.96,4.949999999999999,2.62
2025,01/31/2026,CHI,MIA,Lachlan Olbrich,C,,,,,,,,,,,17.831235885620117,4.035219669342041,1.4066241979599,3.699923038482666,,,,,,,0.0,,,0.0,0.29,0.1699999999999999,0.0,0.22
2025,01/31/2026,CHI,MIA,Matas Buzelis,PF,,,,,,,,,,,32.11708068847656,17.333553314208984,5.747511863708496,13.181983947753906,,,,,,,0.0,,,3.19,7.2,4.33,8.45,6.67
2025,01/31/2026,CHI,MIA,Nikola Vucevic,C,,,,,,,,,,,28.83267593383789,17.12761688232422,6.956709861755371,14.711193084716797,,,,,,,0.0,,,3.54,6.59,7.909999999999999,8.46,9.919999999999998
2025,01/31/2026,CHI,MIA,Noa Essengue,PF,,,,,,,,,,,15.792684555053713,5.472945690155029,2.1191065311431885,4.919919013977051,,,,,,,0.0,,,,,,,
2025,01/31/2026,CHI,MIA,Patrick Williams,PF,,,,,,,,,,,30.07015991210937,11.024470329284668,3.823009729385376,8.736037254333496,,,,,,,0.0,,,0.74,1.91,2.23,2.35,2.22
2025,01/31/2026,CHI,MIA,Tre Jones,PG,,,,,,,,,,,26.214332580566406,12.63692569732666,4.524968147277832,7.924697875976562,,,,,,,0.0,,,1.88,3.44,4.43,4.83,7.449999999999999
2025,01/31/2026,CHI,MIA,Yuki Kawamura,PG,,,,,,,,,,,17.417259216308594,6.290202617645264,2.267268657684326,5.533196926116943,,,,,,,0.0,,,,,,,
2025,01/31/2026,CHI,MIA,Zach Collins,C,,,,,,,,,,,20.00880241394043,10.899773597717283,3.998670101165772,8.342449188232422,,,,,,,0.0,,,2.13,4.199999999999999,2.74,5.48,4.99
2025,01/31/2026,CHO,SAS,Antonio Reeves,SG,,,,,,,,,,,12.638797760009766,3.9038515090942383,1.6007025241851809,2.9853978157043457,,,,,,,0.0,,,0.25,0.625,1.0,0.7499999999999999,1.0
2025,01/31/2026,CHO,SAS,Brandon Miller,SF,,,,,,,,,,,30.77911376953125,19.515331268310547,7.314661026000977,15.437711715698242,,,,,,,0.0,,,4.54,8.37,6.199999999999999,13.41,10.58
2025,01/31/2026,CHO,SAS,Collin Sexton,SG,,,,,,,,,,,19.273975372314453,11.180191040039062,4.165127277374268,8.826973915100098,,,,,,,0.0,,,2.14,4.449999999999999,4.12,6.04,4.66
2025,01/31/2026,CHO,SAS,Grant Williams,PF,,,,,,,,,,,18.368349075317383,5.331821441650391,2.0879266262054443,4.9980645179748535,,,,,,,0.0,,,0.8749999999999999,2.5,2.875,2.125,2.0
2025,01/31/2026,CHO,SAS,Josh Green,SG,,,,,,,,,,,16.511104583740234,4.035649299621582,1.915326833724976,3.728631019592285,,,,,,,0.0,,,0.22,1.28,2.02,1.46,2.88
2025,01/31/2026,CHO,SAS,KJ Simpson,PG,,,,,,,,,,,16.533859252929688,5.152138710021973,2.321592092514038,5.53796911239624,,,,,,,0.0,,,1.47,4.15,3.49,3.87,2.99
2025,01/31/2026,CHO,SAS,Kon Knueppel,SF,,,,,,,,,,,31.905839920043945,16.875350952148438,6.5472259521484375,12.342915534973145,,,,,,,0.0,,,3.55,6.47,5.31,10.07,7.84
2025,01/31/2026,CHO,SAS,LaMelo Ball,PG,,,,,,,,,,,27.953174591064453,17.675809860229492,6.834641456604004,15.440895080566406,,,,,,,0.0,,,2.71,8.25,7.26,7.0,9.72
2025,01/31/2026,CHO,SAS,Liam McNeeley,SF,,,,,,,,,,,11.652159690856934,3.085579395294189,1.334404468536377,2.4884629249572754,,,,,,,0.0,,,0.32,0.86,1.46,1.28,1.33
2025,01/31/2026,CHO,SAS,Mason Plumlee,C,,,,,,,,,,,8.722668647766113,1.5482317209243774,1.1169335842132568,1.9448339939117432,,,,,,,0.0,,,0.72,0.72,0.54,2.0,0.3399999999999999
2025,01/31/2026,CHO,SAS,Miles Bridges,PF,,,,,,,,,,,31.65802001953125,15.606571197509766,6.328911304473877,12.79000759124756,,,,,,,0.0,,,3.58,6.809999999999999,4.779999999999999,8.87,5.73
2025,01/31/2026,CHO,SAS,Moussa Diabate,C,,,,,,,,,,,28.48879814147949,8.93682861328125,3.9777519702911377,6.7326178550720215,,,,,,,0.0,,,2.1,2.99,3.28,4.92,6.13
2025,01/31/2026,CHO,SAS,PJ Hall,C,,,,,,,,,,,13.521053314208984,4.3136491775512695,2.172680139541626,3.532902717590332,,,,,,,0.0,,,1.625,2.25,2.375,3.75,3.75
2025,01/31/2026,CHO,SAS,Pat Connaughton,SG,,,,,,,,,,,8.112638473510742,2.37162184715271,1.2661060094833374,1.888521790504456,,,,,,,0.0,,,0.0,0.0,0.98,0.0,1.27
2025,01/31/2026,CHO,SAS,Ryan Kalkbrenner,C,,,,,,,,,,,19.687623977661133,7.836299896240234,3.1594133377075195,4.523595333099365,,,,,,,0.0,,,1.5499999999999998,1.89,2.5200000000000005,3.81,4.35
2025,01/31/2026,CHO,SAS,Sion James,SG,,,,,,,,,,,20.651094436645508,4.231079578399658,1.882046341896057,4.116748809814453,,,,,,,0.0,,,0.6699999999999999,2.01,2.09,1.96,1.41
2025,01/31/2026,CHO,SAS,Tidjane Salaun,PF,,,,,,,,,,,17.188047409057617,6.078005790710449,2.2603559494018555,4.199679851531982,,,,,,,0.0,,,0.77,1.39,2.85,2.09,3.86
2025,01/31/2026,CHO,SAS,Tre Mann,PG,,,,,,,,,,,14.401976585388184,5.01022481918335,2.0128982067108154,4.662026882171631,,,,,,,0.0,,,0.11,0.57,2.62,0.22,3.92
2025,01/31/2026,DAL,HOU,Anthony Davis,PF,,,,,,,,,,,23.381250381469727,15.732990264892578,6.70646858215332,12.979802131652832,,,,,,,0.0,,,4.49,9.35,7.98,11.16,8.66
2025,01/31/2026,DAL,HOU,Brandon Williams,PG,,,,,,,,,,,21.94707298278809,12.622998237609863,4.662489891052246,9.681851387023926,,,,,,,0.0,,,2.85,4.91,5.609999999999999,7.88,7.99
2025,01/31/2026,DAL,HOU,Caleb Martin,SF,,,,,,,,,,,20.21208953857422,5.4511895179748535,2.36603045463562,5.398776054382324,,,,,,,0.0,,,1.21,2.64,3.16,3.12,3.99
2025,01/31/2026,DAL,HOU,Cooper Flagg,SF,,,,,,,,,,,33.3707389831543,17.564266204833984,8.28686809539795,15.677456855773926,,,,,,,0.0,,,4.97,9.09,8.66,12.23,9.81
2025,01/31/2026,DAL,HOU,D'Angelo Russell,PG,,,,,,,,,,,15.139979362487791,7.661040782928467,2.8342297077178955,6.276819229125977,,,,,,,0.0,,,1.37,3.41,2.28,3.3,3.02
2025,01/31/2026,DAL,HOU,Daniel Gafford,C,,,,,,,,,,,23.48065948486328,7.932839393615723,3.114863395690918,5.043658256530762,,,,,,,0.0,,,1.58,2.3,2.28,4.140000000000001,3.18
2025,01/31/2026,DAL,HOU,Dante Exum,PG,,,,,,,,,,,13.797370910644531,4.2770771980285645,1.925278663635254,3.842223644256592,,,,,,,0.0,,,,,,,
2025,01/31/2026,DAL,HOU,Dereck Lively II,C,,,,,,,,,,,12.566350936889648,3.8203976154327393,1.7378071546554563,3.0009779930114746,,,,,,,0.0,,,0.125,0.625,1.4999999999999998,0.25,3.25
2025,01/31/2026,DAL,HOU,Dwight Powell,C,,,,,,,,,,,18.372222900390625,3.1082000732421875,1.4511899948120115,2.3984057903289795,,,,,,,0.0,,,0.57,1.49,0.6799999999999999,1.81,1.87
2025,01/31/2026,DAL,HOU,Jaden Hardy,SG,,,,,,,,,,,15.184385299682615,5.652825832366943,2.131245374679565,5.1062116622924805,,,,,,,0.0,,,1.11,2.84,4.24,2.73,5.68
2025,01/31/2026,DAL,HOU,Klay Thompson,SF,,,,,,,,,,,21.224578857421875,9.972344398498535,4.016129970550537,9.817368507385254,,,,,,,0.0,,,3.14,6.539999999999999,3.98,9.18,4.470000000000001
2025,01/31/2026,DAL,HOU,Kyrie Irving,SG,,,,,,,,,,,13.797370910644531,4.2770771980285645,1.925278663635254,3.828267335891724,,,,,,,0.0,,,,,,,
2025,01/31/2026,DAL,HOU,Max Christie,SG,,,,,,,,,,,32.056541442871094,13.949411392211914,5.20050048828125,11.31225872039795,,,,,,,0.0,,,2.67,7.58,5.529999999999999,8.23,8.440000000000001
2025,01/31/2026,DAL,HOU,Miles Kelly,PG,,,,,,,,,,,13.528518676757812,3.051579236984253,1.4802967309951782,2.5715651512146,,,,,,,0.0,,,0.4,1.09,1.39,0.97,1.62
2025,01/31/2026,DAL,HOU,Moussa Cisse,C,,,,,,,,,,,14.454404830932615,3.717710256576538,1.7720201015472412,2.2623438835144043,,,,,,,0.0,,,1.0,1.87,1.21,2.44,3.47
2025,01/31/2026,DAL,HOU,Naji Marshall,SF,,,,,,,,,,,33.27631759643555,15.736639022827148,6.695650577545166,12.198492050170898,,,,,,,0.0,,,3.39,7.059999999999999,6.6,9.21,11.62
2025,01/31/2026,DAL,HOU,P.J. Washington,PF,,,,,,,,,,,32.17900466918945,13.39041519165039,5.602624893188477,11.75627899169922,,,,,,,0.0,,,1.4499999999999995,4.97,6.890000000000001,3.52,7.82
2025,01/31/2026,DAL,HOU,Ryan Nembhard,PG,,,,,,,,,,,16.14169692993164,4.319400310516357,1.964603304862976,4.244258403778076,,,,,,,0.0,,,1.09,3.0,2.21,3.1,1.87
2025,01/31/2026,HOU,DAL,Aaron Holiday,PG,,,,,,,,,,,13.15539836883545,3.9250683784484863,1.6445988416671753,3.084489822387696,,,,,,,0.0,,,0.4499999999999999,1.57,0.85,1.33,0.18
2025,01/31/2026,HOU,DAL,Alperen Sengun,C,,,,,,,,,,,34.730072021484375,20.24489974975586,8.696547508239746,16.603416442871094,,,,,,,0.0,,,4.47,8.399999999999999,7.38,10.39,8.91
2025,01/31/2026,HOU,DAL,Amen Thompson,PG,,,,,,,,,,,37.30477142333984,17.266950607299805,7.115920066833496,13.390948295593262,,,,,,,0.0,,,3.2,5.88,7.109999999999999,8.69,6.49
2025,01/31/2026,HOU,DAL,Clint Capela,C,,,,,,,,,,,13.290963172912598,3.9729080200195312,1.833351492881775,3.1785128116607666,,,,,,,0.0,,,0.6699999999999999,1.71,1.16,1.4499999999999995,2.56
2025,01/31/2026,HOU,DAL,Dorian Finney-Smith,PF,,,,,,,,,,,18.31345558166504,2.826757907867432,1.4946891069412231,3.1766836643218994,,,,,,,0.0,,,0.3399999999999999,1.73,1.89,0.96,2.3600000000000003
2025,01/31/2026,HOU,DAL,Fred VanVleet,PG,,,,,,,,,,,20.39373207092285,6.972946643829346,2.695021867752075,7.000207424163818,,,,,,,0.0,,,,,,,
2025,01/31/2026,HOU,DAL,Isaiah Crawford,SF,,,,,,,,,,,11.112577438354492,3.6630282402038574,1.6244292259216309,2.7120981216430664,,,,,,,0.0,,,0.0,0.0,0.3333333333333333,0.0,0.0
2025,01/31/2026,HOU,DAL,JD Davison,PG,,,,,,,,,,,9.941605567932127,1.6808385848999023,0.995656430721283,2.115900039672852,,,,,,,0.0,,,0.11,0.97,1.5,0.44,1.4
2025,01/31/2026,HOU,DAL,Jabari Smith Jr.,PF,,,,,,,,,,,35.52837371826172,13.095431327819824,5.056629180908203,10.874327659606934,,,,,,,0.0,,,2.58,6.01,5.119999999999999,6.63,6.390000000000001
2025,01/31/2026,HOU,DAL,Jae'Sean Tate,SF,,,,,,,,,,,13.080018997192385,2.7696738243103027,1.5182725191116333,2.598429679870605,,,,,,,0.0,,,0.6699999999999999,1.39,0.73,1.5099999999999998,0.35
2025,01/31/2026,HOU,DAL,Jeff Green,PF,,,,,,,,,,,6.255288600921631,2.100981950759888,1.234239935874939,1.847558617591858,,,,,,,0.0,,,0.0,0.0,1.6800000000000002,0.0,1.85
2025,01/31/2026,HOU,DAL,Josh Okogie,SG,,,,,,,,,,,20.48685836791992,4.0855326652526855,2.037247896194458,4.2719597816467285,,,,,,,0.0,,,0.8400000000000001,2.38,1.5499999999999998,2.18,2.53
2025,01/31/2026,HOU,DAL,Kevin Durant,SF,,,,,,,,,,,37.85189437866211,27.656879425048828,9.925542831420898,19.443946838378903,,,,,,,0.0,,,4.869999999999999,10.38,9.19,13.26,15.07
2025,01/31/2026,HOU,DAL,Reed Sheppard,SG,,,,,,,,,,,23.539554595947266,12.092055320739746,4.600816249847412,11.109017372131348,,,,,,,0.0,,,2.02,6.949999999999999,5.34,5.12,6.22
2025,01/31/2026,HOU,DAL,Steven Adams,C,,,,,,,,,,,18.75971794128418,4.610781192779541,2.165279150009156,3.901550054550171,,,,,,,0.0,,,1.6800000000000002,2.58,1.44,4.21,1.23
2025,01/31/2026,HOU,DAL,Tari Eason,PF,,,,,,,,,,,27.57520866394043,13.240622520446776,5.068504810333252,11.380867004394531,,,,,,,0.0,,,2.62,5.46,5.779999999999999,6.73,5.43
2025,01/31/2026,HOU,DAL,Tristen Newton,SG,,,,,,,,,,,13.632732391357422,4.36204719543457,1.9330182075500488,3.8438291549682617,,,,,,,0.0,,,,,,,
2025,01/31/2026,IND,ATL,Aaron Nesmith,SF,,,,,,,,,,,30.68448066711425,13.426261901855469,4.607579708099365,11.037684440612791,,,,,,,0.0,,,2.15,5.9,5.0,6.02,6.369999999999999
2025,01/31/2026,IND,ATL,Andrew Nembhard,PG,,,,,,,,,,,32.11710357666016,15.667216300964355,6.023893356323242,12.608270645141602,,,,,,,0.0,,,3.58,8.21,4.949999999999999,9.21,8.09
2025,01/31/2026,IND,ATL,Ben Sheppard,SG,,,,,,,,,,,17.57966423034668,4.891890048980713,2.0113863945007324,3.837224006652832,,,,,,,0.0,,,1.0499999999999998,2.22,1.57,2.99,1.36
2025,01/31/2026,IND,ATL,Bennedict Mathurin,SF,,,,,,,,,,,23.039037704467773,12.830048561096191,4.289559841156006,8.230379104614258,,,,,,,0.0,,,2.49,5.449999999999999,5.1,7.069999999999999,6.540000000000001
2025,01/31/2026,IND,ATL,Ethan Thompson,SG,,,,,,,,,,,12.971646308898926,2.16831111907959,1.2451534271240234,2.8462491035461426,,,,,,,0.0,,,0.18,0.96,2.13,0.97,1.86
2025,01/31/2026,IND,ATL,Isaiah Jackson,C,,,,,,,,,,,14.469754219055176,4.171050071716309,1.8784387111663816,2.787019968032837,,,,,,,0.0,,,0.36,0.99,1.03,0.72,1.66
2025,01/31/2026,IND,ATL,Jarace Walker,PF,,,,,,,,,,,27.590959548950195,12.212329864501951,4.333144187927246,9.797035217285156,,,,,,,0.0,,,2.7,6.37,3.43,7.33,7.52
2025,01/31/2026,IND,ATL,Jay Huff,C,,,,,,,,,,,16.991275787353516,5.89364767074585,2.3579323291778564,4.402015209197998,,,,,,,0.0,,,1.11,2.69,3.1,2.46,4.96
2025,01/31/2026,IND,ATL,Johnny Furphy,SG,,,,,,,,,,,23.90870857238769,6.074134349822998,2.5691754817962646,5.234090805053711,,,,,,,0.0,,,1.4,3.59,1.79,3.4399999999999995,2.0700000000000003
2025,01/31/2026,IND,ATL,Kam Jones,SG,,,,,,,,,,,13.266714096069336,1.5491814613342283,1.2353429794311523,2.1466405391693115,,,,,,,0.0,,,0.0,1.28,1.36,0.0,1.02
2025,01/31/2026,IND,ATL,Micah Potter,C,,,,,,,,,,,19.81285285949707,6.569073677062988,2.5048487186431885,5.510013103485107,,,,,,,0.0,,,0.6799999999999999,2.11,3.28,1.66,4.25
2025,01/31/2026,IND,ATL,Obi Toppin,PF,,,,,,,,,,,18.94244956970215,7.924867153167725,4.257371425628662,7.702452659606934,,,,,,,0.0,,,2.333333333333333,6.333333333333333,3.6666666666666665,8.0,4.0
2025,01/31/2026,IND,ATL,Pascal Siakam,PF,,,,,,,,,,,33.30499267578125,23.390748977661133,9.022153854370115,18.382890701293945,,,,,,,0.0,,,4.27,8.44,11.18,11.21,12.57
2025,01/31/2026,IND,ATL,Quenton Jackson,PG,,,,,,,,,,,15.408535957336426,4.8436784744262695,1.9869407415390008,3.9244327545166016,,,,,,,0.0,,,1.61,2.99,2.3600000000000003,3.88,2.16
2025,01/31/2026,IND,ATL,T.J. McConnell,PG,,,,,,,,,,,17.689193725585938,9.704421997070312,4.4590559005737305,7.47815465927124,,,,,,,0.0,,,2.52,4.59,4.15,5.1,4.6
2025,01/31/2026,IND,ATL,Taelon Peter,SG,,,,,,,,,,,6.227481365203857,1.8403184413909912,1.0095821619033811,1.8888427019119265,,,,,,,0.0,,,0.0,0.16,1.63,0.0,2.15
2025,01/31/2026,IND,ATL,Tyrese Haliburton,PG,,,,,,,,,,,18.625791549682617,6.569321155548096,3.1200430393218994,5.735092639923096,,,,,,,0.0,,,,,,,
2025,01/31/2026,MEM,MIN,Brandon Clarke,PF,,,,,,,,,,,12.304423332214355,3.833144664764404,1.8022379875183103,3.467938184738159,,,,,,,0.0,,,,,,,
2025,01/31/2026,MEM,MIN,Cam Spencer,SG,,,,,,,,,,,24.400379180908203,11.336714744567873,3.740327119827272,8.13074779510498,,,,,,,0.0,,,1.17,2.68,4.73,3.43,7.09
2025,01/31/2026,MEM,MIN,Cedric Coward,SG,,,,,,,,,,,28.824047088623047,15.127979278564451,5.413876533508301,12.035775184631348,,,,,,,0.0,,,2.9799999999999995,6.19,5.41,7.87,6.31
2025,01/31/2026,MEM,MIN,GG Jackson II,PF,,,,,,,,,,,22.089000701904297,10.495766639709473,3.86323618888855,8.915804862976074,,,,,,,0.0,,,2.59,4.66,4.52,6.359999999999999,4.32
2025,01/31/2026,MEM,MIN,Ja Morant,PG,,,,,,,,,,,23.700130462646484,18.259462356567383,5.934117317199707,14.377703666687012,,,,,,,0.0,,,3.21,6.379999999999999,8.149999999999999,11.11,9.4
2025,01/31/2026,MEM,MIN,Jahmai Mashack,SG,,,,,,,,,,,10.860377311706545,3.5367417335510254,1.0634955167770386,2.640011548995972,,,,,,,0.0,,,0.0,0.125,0.3749999999999999,0.0,0.0
2025,01/31/2026,MEM,MIN,Jaren Jackson Jr.,C,,,,,,,,,,,28.229719161987305,19.06499671936035,7.4677958488464355,15.906877517700195,,,,,,,0.0,,,5.209999999999999,9.62,7.5,14.8,5.55
2025,01/31/2026,MEM,MIN,Javon Small,PG,,,,,,,,,,,15.126980781555176,5.438311100006104,2.029332637786865,4.565699577331543,,,,,,,0.0,,,0.7,1.79,2.13,2.42,2.38
2025,01/31/2026,MEM,MIN,Jaylen Wells,SG,,,,,,,,,,,28.366060256958008,12.032649040222168,4.1659836769104,10.83127498626709,,,,,,,0.0,,,1.92,5.52,4.29,5.140000000000001,4.51
2025,01/31/2026,MEM,MIN,Jock Landale,C,,,,,,,,,,,27.32261276245117,13.586092948913574,5.216060638427734,10.807846069335938,,,,,,,0.0,,,3.57,6.58,4.76,8.33,6.01
2025,01/31/2026,MEM,MIN,John Konchar,SG,,,,,,,,,,,20.204734802246094,5.013698101043701,2.0622239112854004,4.353644847869873,,,,,,,0.0,,,0.61,1.17,1.43,1.5,2.4
2025,01/31/2026,MEM,MIN,Kentavious Caldwell-Pope,SG,,,,,,,,,,,21.37889671325684,8.333210945129395,3.0368528366088867,7.148044109344482,,,,,,,0.0,,,0.96,2.92,3.66,2.49,4.68
2025,01/31/2026,MEM,MIN,Olivier-Maxence Prosper,PF,,,,,,,,,,,17.317520141601562,6.060332775115967,2.1723198890686035,3.8906660079956055,,,,,,,0.0,,,0.94,1.27,2.45,2.6,2.71
2025,01/31/2026,MEM,MIN,Santi Aldama,PF,,,,,,,,,,,25.39543533325196,13.76073932647705,5.199158191680908,10.4749174118042,,,,,,,0.0,,,2.77,5.51,4.3,7.640000000000001,6.24
2025,01/31/2026,MEM,MIN,Scotty Pippen Jr.,PG,,,,,,,,,,,18.15120887756348,6.064352035522461,2.330601692199707,5.302193641662598,,,,,,,0.0,,,,,,,
2025,01/31/2026,MEM,MIN,Ty Jerome,SG,,,,,,,,,,,25.0495719909668,9.105545043945312,3.4874837398529053,7.757984161376953,,,,,,,0.0,,,,,,,
2025,01/31/2026,MEM,MIN,Vince Williams Jr.,PG,,,,,,,,,,,25.58901023864746,9.018766403198242,3.4144957065582275,9.595891952514648,,,,,,,0.0,,,1.54,3.86,5.19,4.18,4.43
2025,01/31/2026,MEM,MIN,Zach Edey,C,,,,,,,,,,,21.86387825012207,12.311476707458496,4.95859432220459,8.462916374206543,,,,,,,0.0,,,3.86,5.34,4.42,8.83,5.34
2025,01/31/2026,MIA,CHI,Andrew Wiggins,SF,,,,,,,,,,,32.35414123535156,16.385265350341797,6.0203046798706055,13.13713836669922,,,,,,,0.0,,,3.67,6.609999999999999,4.54,9.15,4.58
2025,01/31/2026,MIA,CHI,Bam Adebayo,C,,,,,,,,,,,34.119503021240234,21.13774871826172,7.192564487457275,16.95800018310547,,,,,,,0.0,,,4.33,9.06,8.549999999999999,12.72,10.34
2025,01/31/2026,MIA,CHI,Davion Mitchell,PG,,,,,,,,,,,26.129358291625977,7.967689037322998,3.066615343093872,6.727588176727295,,,,,,,0.0,,,1.71,3.89,2.41,5.01,2.75
2025,01/31/2026,MIA,CHI,Dru Smith,SG,,,,,,,,,,,21.38898086547852,8.416411399841309,3.09267807006836,7.236474990844727,,,,,,,0.0,,,1.42,3.31,3.11,4.079999999999999,3.7
2025,01/31/2026,MIA,CHI,Jahmir Young,PG,,,,,,,,,,,11.429925918579102,3.976417541503906,1.6244292259216309,3.18810510635376,,,,,,,0.0,,,0.0,0.25,2.125,0.0,2.25
2025,01/31/2026,MIA,CHI,Jaime Jaquez Jr.,SF,,,,,,,,,,,30.529130935668945,16.715988159179688,6.3625335693359375,12.497425079345703,,,,,,,0.0,,,2.74,4.92,5.69,6.17,7.18
2025,01/31/2026,MIA,CHI,Kasparas Jakucionis,PG,,,,,,,,,,,25.74832534790039,6.11461353302002,2.2490110397338867,5.523181915283203,,,,,,,0.0,,,0.6,1.87,1.63,1.7999999999999998,2.43
2025,01/31/2026,MIA,CHI,Kel'el Ware,C,,,,,,,,,,,19.3273983001709,10.211993217468262,3.946132659912109,7.671755790710449,,,,,,,0.0,,,1.94,4.279999999999999,3.18,4.699999999999999,3.94
2025,01/31/2026,MIA,CHI,Keshad Johnson,SF,,,,,,,,,,,10.39588737487793,2.778939247131348,1.3772985935211182,2.3880867958068848,,,,,,,0.0,,,0.0,0.06,1.41,0.12,2.0
2025,01/31/2026,MIA,CHI,Myron Gardner,SF,,,,,,,,,,,23.258346557617188,7.466471195220947,2.790969133377075,5.618869304656982,,,,,,,0.0,,,0.4599999999999999,1.0699999999999998,2.16,1.65,2.47
2025,01/31/2026,MIA,CHI,Nikola Jovic,PF,,,,,,,,,,,22.19978904724121,10.093902587890623,3.043199300765991,8.595332145690918,,,,,,,0.0,,,1.53,4.07,3.31,4.379999999999999,3.24
2025,01/31/2026,MIA,CHI,Norman Powell,SG,,,,,,,,,,,27.35574531555176,20.046049118041992,7.122798442840576,16.190326690673828,,,,,,,0.0,,,3.41,8.02,8.280000000000001,10.88,8.87
2025,01/31/2026,MIA,CHI,Pelle Larsson,SG,,,,,,,,,,,29.198617935180664,12.564289093017578,4.484140872955322,9.454387664794922,,,,,,,0.0,,,1.69,3.64,4.24,5.279999999999999,5.859999999999999
2025,01/31/2026,MIA,CHI,Simone Fontecchio,SF,,,,,,,,,,,20.77502822875977,9.256125450134276,3.080376625061035,7.84869384765625,,,,,,,0.0,,,1.6,3.21,3.92,5.06,5.01
2025,01/31/2026,MIA,CHI,Terry Rozier,PG,,,,,,,,,,,14.931591987609863,5.225512027740479,2.072636365890503,4.744912147521973,,,,,,,0.0,,,,,,,
2025,01/31/2026,MIA,CHI,Tyler Herro,SG,,,,,,,,,,,25.395261764526367,19.43901634216309,6.936707019805908,15.002260208129885,,,,,,,0.0,,,4.59,8.27,8.009999999999998,11.66,9.66
2025,01/31/2026,MIA,CHI,Vladislav Goldin,C,,,,,,,,,,,13.071809768676758,4.45245885848999,1.916347861289978,3.838512420654297,,,,,,,0.0,,,,,,,
2025,01/31/2026,MIN,MEM,Anthony Edwards,SG,,,,,,,,,,,36.5664291381836,29.782196044921875,9.998786926269531,20.08911895751953,,,,,,,0.0,,,4.779999999999999,9.39,12.04,13.39,14.71
2025,01/31/2026,MIN,MEM,Bones Hyland,PG,,,,,,,,,,,17.003936767578125,7.24712610244751,2.6769165992736816,6.277768135070801,,,,,,,0.0,,,2.02,4.34,2.5700000000000003,5.129999999999999,3.55
2025,01/31/2026,MIN,MEM,Donte DiVincenzo,SG,,,,,,,,,,,31.631690979003903,12.91772174835205,4.558718204498291,11.035324096679688,,,,,,,0.0,,,1.69,5.140000000000001,6.49,4.4,8.51
2025,01/31/2026,MIN,MEM,Enrique Freeman,PF,,,,,,,,,,,13.580548286437988,4.455181121826172,1.925278663635254,3.9586105346679688,,,,,,,0.0,,,,,,,
2025,01/31/2026,MIN,MEM,Jaden McDaniels,PF,,,,,,,,,,,32.40080261230469,13.88204574584961,5.309483051300049,10.318618774414062,,,,,,,0.0,,,2.49,5.18,4.890000000000001,7.39,6.68
2025,01/31/2026,MIN,MEM,Jaylen Clark,SG,,,,,,,,,,,15.302796363830566,3.838681697845459,1.7346134185791016,3.263789653778076,,,,,,,0.0,,,0.71,1.65,1.11,1.58,1.0
2025,01/31/2026,MIN,MEM,Joan Beringer,PF,,,,,,,,,,,11.813737869262695,3.520277976989746,1.69304358959198,2.7591216564178467,,,,,,,0.0,,,0.6799999999999999,0.85,2.38,1.52,2.86
2025,01/31/2026,MIN,MEM,Joe Ingles,SF,,,,,,,,,,,6.906268119812012,0.9529211521148682,0.8670649528503418,1.2046321630477903,,,,,,,0.0,,,0.11,0.11,0.44,0.3299999999999999,0.8200000000000001
2025,01/31/2026,MIN,MEM,Johnny Juzang,SG,,,,,,,,,,,8.658731460571289,2.453010320663452,1.363994598388672,2.2740960121154785,,,,,,,0.0,,,0.0,0.16,1.95,0.0,2.56
2025,01/31/2026,MIN,MEM,Julius Randle,PF,,,,,,,,,,,32.723690032958984,21.20425605773925,7.844966888427734,15.922273635864258,,,,,,,0.0,,,4.55,9.64,6.42,11.11,10.46
2025,01/31/2026,MIN,MEM,Leonard Miller,SF,,,,,,,,,,,6.563121318817139,2.430647611618042,1.34746253490448,1.8205326795578003,,,,,,,0.0,,,0.0,0.0,1.56,0.0,2.09
2025,01/31/2026,MIN,MEM,Mike Conley,PG,,,,,,,,,,,16.39838981628418,3.50022554397583,1.409468412399292,3.74176287651062,,,,,,,0.0,,,0.57,2.46,1.34,2.35,0.8999999999999999
2025,01/31/2026,MIN,MEM,Naz Reid,C,,,,,,,,,,,25.89770126342773,14.610608100891112,5.4710001945495605,11.83654499053955,,,,,,,0.0,,,3.04,5.91,5.51,8.11,7.49
2025,01/31/2026,MIN,MEM,Rob Dillingham,PG,,,,,,,,,,,7.351930141448975,3.185800790786743,1.5212324857711792,3.121189832687378,,,,,,,0.0,,,0.06,0.18,2.89,0.3,2.18
2025,01/31/2026,MIN,MEM,Rocco Zikarsky,C,,,,,,,,,,,13.480143547058104,4.455181121826172,1.925278663635254,3.94465446472168,,,,,,,0.0,,,,,,,
2025,01/31/2026,MIN,MEM,Rudy Gobert,C,,,,,,,,,,,31.42411422729492,11.135602951049805,4.45119047164917,6.718001842498779,,,,,,,0.0,,,2.45,3.66,1.88,6.51,3.15
2025,01/31/2026,MIN,MEM,Terrence Shannon Jr.,SG,,,,,,,,,,,9.720696449279783,3.721271753311157,1.4570915699005127,2.8762307167053223,,,,,,,0.0,,,0.5,1.56,1.94,1.34,2.5
2025,01/31/2026,NOP,PHI,Bryce McGowens,SG,,,,,,,,,,,14.219402313232422,4.303450107574463,1.879910945892334,3.582993268966675,,,,,,,0.0,,,1.44,3.29,1.5499999999999998,4.449999999999999,1.63
2025,01/31/2026,NOP,PHI,DeAndre Jordan,C,,,,,,,,,,,11.474783897399902,3.725157022476196,1.7113754749298096,3.1448237895965576,,,,,,,0.0,,,,,,,
2025,01/31/2026,NOP,PHI,Dejounte Murray,PG,,,,,,,,,,,13.789891242980955,4.434072971343994,1.925278663635254,3.834681272506714,,,,,,,0.0,,,,,,,
2025,01/31/2026,NOP,PHI,Derik Queen,C,,,,,,,,,,,27.88338088989257,12.43474006652832,4.814306735992432,9.376323699951172,,,,,,,0.0,,,2.26,4.220000000000001,4.44,5.23,4.98
2025,01/31/2026,NOP,PHI,Herbert Jones,SF,,,,,,,,,,,30.16415405273437,9.318172454833984,3.8254120349884033,9.00500202178955,,,,,,,0.0,,,1.63,5.27,3.53,4.21,4.2
2025,01/31/2026,NOP,PHI,Hunter Dickinson,C,,,,,,,,,,,11.662202835083008,3.725157022476196,1.7113754749298096,3.1448237895965576,,,,,,,0.0,,,,,,,
2025,01/31/2026,NOP,PHI,Jeremiah Fears,PG,,,,,,,,,,,21.328866958618164,10.429276466369627,4.136257648468018,8.256462097167969,,,,,,,0.0,,,1.73,5.16,3.86,4.25,4.81
2025,01/31/2026,NOP,PHI,Jordan Hawkins,SG,,,,,,,,,,,13.299049377441406,3.659555196762085,1.6540309190750122,3.8080358505249023,,,,,,,0.0,,,0.88,2.8200000000000003,1.17,2.54,0.3399999999999999
2025,01/31/2026,NOP,PHI,Jordan Poole,PG,,,,,,,,,,,21.14845848083496,11.401838302612305,4.0465264320373535,10.14791202545166,,,,,,,0.0,,,1.88,5.35,4.59,5.220000000000001,5.04
2025,01/31/2026,NOP,PHI,Jose Alvarado,PG,,,,,,,,,,,20.72039794921875,7.888509750366211,2.919804096221924,7.153758049011231,,,,,,,0.0,,,1.09,2.8200000000000003,3.63,2.72,4.29
2025,01/31/2026,NOP,PHI,Karlo Matkovic,PF,,,,,,,,,,,15.188496589660645,5.115485668182373,2.126148462295532,3.53375506401062,,,,,,,0.0,,,1.13,2.01,1.28,2.82,2.22
2025,01/31/2026,NOP,PHI,Kevon Looney,C,,,,,,,,,,,10.90879249572754,1.962918758392334,1.306363821029663,1.9288530349731443,,,,,,,0.0,,,0.51,0.96,1.48,1.34,1.42
2025,01/31/2026,NOP,PHI,Micah Peavy,SG,,,,,,,,,,,17.050378799438477,4.280201435089111,2.0941238403320312,4.344841480255127,,,,,,,0.0,,,0.8999999999999999,2.3,3.44,2.24,2.19
2025,01/31/2026,NOP,PHI,Saddiq Bey,SF,,,,,,,,,,,32.31737518310547,17.82403564453125,6.358687400817871,14.78786277770996,,,,,,,0.0,,,3.08,6.76,7.7,8.919999999999998,11.72
2025,01/31/2026,NOP,PHI,Trey Alexander,SG,,,,,,,,,,,10.542306900024414,3.703479290008545,1.482913374900818,2.7444286346435547,,,,,,,0.0,,,0.3749999999999999,0.8749999999999999,0.5,1.0,0.7499999999999999
2025,01/31/2026,NOP,PHI,Trey Murphy III,SF,,,,,,,,,,,36.29769515991211,22.569196701049805,8.130720138549805,16.2188777923584,,,,,,,0.0,,,3.12,9.14,9.02,9.21,9.52
2025,01/31/2026,NOP,PHI,Yves Missi,C,,,,,,,,,,,21.55268859863281,6.041827201843262,2.717202425003052,5.077539920806885,,,,,,,0.0,,,2.06,3.41,2.52,4.58,2.12
2025,01/31/2026,NOP,PHI,Zion Williamson,PF,,,,,,,,,,,31.493581771850582,20.86751747131348,8.226767539978027,13.297268867492676,,,,,,,0.0,,,4.23,6.789999999999999,6.01,11.05,8.95
2025,01/31/2026,PHI,NOP,Adem Bona,C,,,,,,,,,,,18.000347137451172,4.437514781951904,1.8100159168243408,3.089782238006592,,,,,,,0.0,,,0.4,0.62,1.76,1.27,1.72
2025,01/31/2026,PHI,NOP,Andre Drummond,C,,,,,,,,,,,15.611660957336426,5.337154388427734,2.0180583000183105,4.371862888336182,,,,,,,0.0,,,1.0,2.24,1.88,2.0,2.25
2025,01/31/2026,PHI,NOP,Charles Bassey,C,,,,,,,,,,,13.761651992797852,4.619985103607178,1.9330182075500488,3.888962745666504,,,,,,,0.0,,,,,,,
2025,01/31/2026,PHI,NOP,Dominick Barlow,PF,,,,,,,,,,,26.65805435180664,8.03934097290039,2.978055477142334,5.759936809539795,,,,,,,0.0,,,1.0699999999999998,2.24,1.71,3.03,2.68
2025,01/31/2026,PHI,NOP,Eric Gordon,SG,,,,,,,,,,,12.94011116027832,4.569110870361328,1.864626407623291,3.8130037784576416,,,,,,,0.0,,,1.0,1.875,2.25,2.75,3.5
2025,01/31/2026,PHI,NOP,Jabari Walker,PF,,,,,,,,,,,13.921476364135742,3.605023860931397,1.507226824760437,3.3346571922302246,,,,,,,0.0,,,0.4,1.25,1.98,1.2,1.81
2025,01/31/2026,PHI,NOP,Jared McCain,SG,,,,,,,,,,,19.77859687805176,7.586814403533935,2.7960166931152344,7.093768119812012,,,,,,,0.0,,,0.78,2.11,2.95,1.84,5.58
2025,01/31/2026,PHI,NOP,Joel Embiid,C,,,,,,,,,,,33.02848434448242,26.36990547180176,9.216565132141112,19.54460334777832,,,,,,,0.0,,,6.64,10.87,8.69,18.94,12.32
2025,01/31/2026,PHI,NOP,Johni Broome,C,,,,,,,,,,,10.835710525512695,3.858846426010132,1.1152713298797607,3.1351613998413086,,,,,,,0.0,,,0.0,0.0,2.625,0.25,0.5
2025,01/31/2026,PHI,NOP,Justin Edwards,SF,,,,,,,,,,,17.2313232421875,4.365285873413086,1.889381647109985,3.86459231376648,,,,,,,0.0,,,0.88,1.3199999999999998,1.4,2.37,1.72
2025,01/31/2026,PHI,NOP,Kelly Oubre Jr.,SF,,,,,,,,,,,34.62858963012695,14.257975578308104,5.046250343322754,9.661299705505373,,,,,,,0.0,,,2.93,5.529999999999999,3.3,7.81,4.75
2025,01/31/2026,PHI,NOP,Kyle Lowry,PG,,,,,,,,,,,10.83440399169922,3.858846426010132,1.181773066520691,3.088249444961548,,,,,,,0.0,,,0.125,0.4999999999999999,0.8749999999999999,0.3749999999999999,0.0
2025,01/31/2026,PHI,NOP,MarJon Beauchamp,SF,,,,,,,,,,,13.761651992797852,4.619985103607178,1.9330182075500488,3.858587503433228,,,,,,,0.0,,,,,,,
2025,01/31/2026,PHI,NOP,Paul George,PF,,,,,,,,,,,27.55029487609864,15.98066234588623,5.417050361633301,13.347396850585938,,,,,,,0.0,,,2.95,6.709999999999999,6.819999999999999,8.38,7.75
2025,01/31/2026,PHI,NOP,Quentin Grimes,SG,,,,,,,,,,,25.87026596069336,10.688037872314451,3.403507232666016,7.52243185043335,,,,,,,0.0,,,1.35,3.3,3.44,3.92,4.13
2025,01/31/2026,PHI,NOP,Trendon Watford,PF,,,,,,,,,,,14.506152153015137,3.925086498260498,1.7468596696853638,3.166423797607422,,,,,,,0.0,,,0.71,1.48,1.1,1.64,0.4599999999999999
2025,01/31/2026,PHI,NOP,Tyrese Maxey,PG,,,,,,,,,,,38.10631942749024,27.931209564208984,9.61616325378418,19.438730239868164,,,,,,,0.0,,,4.390000000000001,9.34,9.14,12.05,11.63
2025,01/31/2026,PHI,NOP,VJ Edgecombe,SG,,,,,,,,,,,34.80463409423828,14.352982521057127,4.90333366394043,10.753789901733398,,,,,,,0.0,,,2.19,5.63,3.25,6.219999999999999,4.45
2025,01/31/2026,SAS,CHO,Bismack Biyombo,C,,,,,,,,,,,10.08576202392578,2.56551480293274,0.8837919235229492,2.221181154251098,,,,,,,0.0,,,0.22,0.22,0.39,0.44,0.5
2025,01/31/2026,SAS,CHO,Carter Bryant,PF,,,,,,,,,,,9.995206832885742,2.221484661102295,1.2596054077148438,2.5122392177581787,,,,,,,0.0,,,0.82,1.37,1.76,1.87,2.1
2025,01/31/2026,SAS,CHO,David Jones Garcia,SF,,,,,,,,,,,9.229369163513184,3.613259077072144,1.4542282819747925,2.755068302154541,,,,,,,0.0,,,0.4,0.8999999999999999,1.08,1.08,1.44
2025,01/31/2026,SAS,CHO,De'Aaron Fox,PG,,,,,,,,,,,32.4878044128418,18.158201217651367,7.267722606658935,13.609526634216309,,,,,,,0.0,,,3.51,6.459999999999999,5.779999999999999,9.25,8.99
2025,01/31/2026,SAS,CHO,Devin Vassell,SG,,,,,,,,,,,29.99711036682129,13.642366409301758,4.933528900146484,10.770453453063965,,,,,,,0.0,,,2.43,5.74,4.84,6.49,3.83
2025,01/31/2026,SAS,CHO,Dylan Harper,SG,,,,,,,,,,,20.70075798034668,9.781564712524414,4.038719177246094,8.427058219909668,,,,,,,0.0,,,1.5499999999999998,3.14,4.279999999999999,3.58,5.29
2025,01/31/2026,SAS,CHO,Harrison Barnes,PF,,,,,,,,,,,22.99633979797364,7.967736721038818,2.7819700241088867,5.7035064697265625,,,,,,,0.0,,,1.62,3.53,2.26,4.51,1.91
2025,01/31/2026,SAS,CHO,Harrison Ingram,SF,,,,,,,,,,,9.083884239196776,3.613259077072144,1.6244292259216309,2.680785894393921,,,,,,,0.0,,,0.0,0.0,1.0,0.0,1.6666666666666667
2025,01/31/2026,SAS,CHO,Jeremy Sochan,PF,,,,,,,,,,,11.260266304016112,2.032443046569824,1.4458452463150024,1.869834303855896,,,,,,,0.0,,,0.11,0.3299999999999999,0.95,0.3299999999999999,0.77
2025,01/31/2026,SAS,CHO,Jordan McLaughlin,PG,,,,,,,,,,,8.394070625305176,1.5128707885742188,1.0054596662521362,1.5730310678482056,,,,,,,0.0,,,0.0,0.0,1.17,0.0,0.72
2025,01/31/2026,SAS,CHO,Julian Champagnie,SF,,,,,,,,,,,29.478797912597656,12.570611953735352,4.079482555389404,8.88611125946045,,,,,,,0.0,,,2.62,5.49,3.91,8.18,4.88
2025,01/31/2026,SAS,CHO,Keldon Johnson,SF,,,,,,,,,,,24.621585845947266,14.437994956970217,5.440673351287842,10.132071495056152,,,,,,,0.0,,,2.6,5.73,6.0,6.66,7.5
2025,01/31/2026,SAS,CHO,Kelly Olynyk,C,,,,,,,,,,,9.874423027038574,2.9744653701782227,1.448976755142212,2.3048253059387207,,,,,,,0.0,,,0.52,1.54,0.71,1.1,1.15
2025,01/31/2026,SAS,CHO,Lindy Waters III,SG,,,,,,,,,,,8.957840919494629,1.8718957901000977,1.043057918548584,2.036832571029663,,,,,,,0.0,,,0.12,0.8400000000000001,1.17,0.36,1.22
2025,01/31/2026,SAS,CHO,Luke Kornet,C,,,,,,,,,,,20.19029235839844,6.720057487487793,2.7088234424591064,4.361449241638184,,,,,,,0.0,,,1.35,2.51,1.79,3.04,2.85
2025,01/31/2026,SAS,CHO,Stanley Umude,SG,,,,,,,,,,,13.230192184448242,4.327297687530518,1.916347861289978,3.717820882797241,,,,,,,0.0,,,,,,,
2025,01/31/2026,SAS,CHO,Stephon Castle,PG,,,,,,,,,,,31.644018173217773,16.225664138793945,5.403970241546631,12.24403953552246,,,,,,,0.0,,,2.28,5.48,5.82,7.05,6.299999999999999
2025,01/31/2026,SAS,CHO,Victor Wembanyama,C,,,,,,,,,,,30.922101974487305,24.975595474243164,9.01242733001709,16.90726089477539,,,,,,,0.0,,,4.17,7.8,8.79,12.65,11.4
2025,02/01/2026,BOS,MIL,Amari Williams,PF,,,,,,,,,,,15.83086109161377,2.3082101345062256,2.035947561264038,4.085163593292236,,,,,,,0.0,,,0.48,0.96,0.96,1.34,0.98
2025,02/01/2026,BOS,MIL,Anfernee Simons,SG,,,,,,,,,,,24.779537200927734,13.689472198486328,5.447240829467773,10.691351890563965,,,,,,,0.0,,,2.96,7.07,6.369999999999999,7.77,7.26
2025,02/01/2026,BOS,MIL,Baylor Scheierman,SG,,,,,,,,,,,17.977386474609375,4.725480556488037,1.8756918907165527,3.377436637878418,,,,,,,0.0,,,1.1,2.28,2.45,2.99,2.87
2025,02/01/2026,BOS,MIL,Chris Boucher,PF,,,,,,,,,,,13.877574920654297,3.97035813331604,1.8946157693862915,3.3144960403442383,,,,,,,0.0,,,0.25,0.5,2.125,0.7499999999999999,1.875
2025,02/01/2026,BOS,MIL,Derrick White,SG,,,,,,,,,,,34.52714538574219,15.09641170501709,5.55450439453125,12.288482666015625,,,,,,,0.0,,,2.4000000000000004,6.42,6.24,5.959999999999999,6.84
2025,02/01/2026,BOS,MIL,Hugo Gonzalez,SF,,,,,,,,,,,18.225650787353516,4.37900447845459,2.3110272884368896,3.7859084606170654,,,,,,,0.0,,,0.61,1.1099999999999999,2.18,1.5499999999999998,2.53
2025,02/01/2026,BOS,MIL,Jaylen Brown,SF,,,,,,,,,,,35.4986457824707,27.699485778808594,11.485102653503418,21.339046478271484,,,,,,,0.0,,,5.35,12.14,10.38,14.690000000000001,11.77
2025,02/01/2026,BOS,MIL,Jayson Tatum,PF,,,,,,,,,,,19.432876586914062,6.72345495223999,2.743309736251831,5.851650714874268,,,,,,,0.0,,,,,,,
2025,02/01/2026,BOS,MIL,Jordan Walsh,PF,,,,,,,,,,,16.076913833618164,4.466796875,2.3401613235473633,3.6640498638153076,,,,,,,0.0,,,0.72,1.65,1.9300000000000002,2.09,1.73
2025,02/01/2026,BOS,MIL,Josh Minott,PF,,,,,,,,,,,12.546220779418945,3.1909735202789307,1.5707422494888306,2.3923840522766113,,,,,,,0.0,,,0.52,0.75,1.15,1.6099999999999999,1.52
2025,02/01/2026,BOS,MIL,Luka Garza,C,,,,,,,,,,,17.16280174255371,8.362174987792969,3.939958095550537,5.566278457641602,,,,,,,0.0,,,2.42,4.029999999999999,2.29,6.449999999999999,2.4299999999999997
2025,02/01/2026,BOS,MIL,Max Shulga,SG,,,,,,,,,,,15.201655387878418,5.01491641998291,2.0520498752593994,4.264300346374512,,,,,,,0.0,,,,,,,
2025,02/01/2026,BOS,MIL,Neemias Queta,C,,,,,,,,,,,25.78904151916504,8.908355712890625,4.3810882568359375,6.763901710510254,,,,,,,0.0,,,2.1799999999999997,3.44,3.4099999999999997,5.32,3.8299999999999996
2025,02/01/2026,BOS,MIL,Payton Pritchard,PG,,,,,,,,,,,32.66299819946289,13.049674034118652,6.46403169631958,12.915084838867188,,,,,,,0.0,,,3.55,6.809999999999999,6.449999999999999,8.9,8.44
2025,02/01/2026,BOS,MIL,Ron Harper Jr.,SF,,,,,,,,,,,10.746745109558105,3.5562119483947754,1.1927584409713745,2.570078134536743,,,,,,,0.0,,,0.0,0.5,1.625,0.0,2.0
2025,02/01/2026,BOS,MIL,Sam Hauser,PF,,,,,,,,,,,28.760217666625977,11.974002838134766,4.89298677444458,9.406692504882812,,,,,,,0.0,,,2.49,5.08,4.949999999999999,7.449999999999999,5.75
2025,02/01/2026,BOS,MIL,Xavier Tillman Sr.,C,,,,,,,,,,,8.983379364013672,1.8638557195663452,1.1755400896072388,2.532029628753662,,,,,,,0.0,,,0.22,0.6599999999999999,1.1099999999999999,0.55,1.06
2025,02/01/2026,BRK,DET,Ben Saraf,SG,,,,,,,,,,,19.15317153930664,4.0956501960754395,1.862989902496338,4.325838088989258,,,,,,,0.0,,,0.85,2.45,2.42,2.1,2.3499999999999996
2025,02/01/2026,BRK,DET,Cam Thomas,SG,,,,,,,,,,,21.684480667114258,12.70667839050293,4.9788594245910645,11.075345993041992,,,,,,,0.0,,,2.2,5.49,4.949999999999999,6.41,4.07
2025,02/01/2026,BRK,DET,Chaney Johnson,SF,,,,,,,,,,,14.097597122192383,5.2503862380981445,1.7288892269134521,3.4562771320343018,,,,,,,0.0,,,,,,,
2025,02/01/2026,BRK,DET,Danny Wolf,PF,,,,,,,,,,,19.988584518432617,7.35304594039917,3.2167959213256836,7.208538055419922,,,,,,,0.0,,,1.39,3.4000000000000004,4.3,3.63,4.93
2025,02/01/2026,BRK,DET,Day'Ron Sharpe,C,,,,,,,,,,,18.8013973236084,7.587082386016846,3.1332709789276123,5.020871162414551,,,,,,,0.0,,,2.44,3.63,1.57,6.55,2.92
2025,02/01/2026,BRK,DET,Drake Powell,SG,,,,,,,,,,,26.02127456665039,6.847192287445068,2.987786054611206,5.414921283721924,,,,,,,0.0,,,0.81,2.12,2.4099999999999997,2.31,3.1
2025,02/01/2026,BRK,DET,E.J. Liddell,PF,,,,,,,,,,,7.559016704559326,2.0017030239105225,0.939211368560791,2.2531423568725586,,,,,,,0.0,,,0.0,0.0,0.7499999999999999,0.0,1.25
2025,02/01/2026,BRK,DET,Egor Dmin,PG,,,,,,,,,,,25.658884048461914,11.772793769836426,4.747968673706055,9.781644821166992,,,,,,,0.0,,,2.2800000000000002,5.04,4.39,6.800000000000001,6.38
2025,02/01/2026,BRK,DET,Haywood Highsmith,SF,,,,,,,,,,,18.87972068786621,7.197757720947266,2.25705623626709,5.313969135284424,,,,,,,0.0,,,,,,,
2025,02/01/2026,BRK,DET,Jalen Wilson,PF,,,,,,,,,,,17.978776931762695,5.73979377746582,2.248959541320801,4.994206428527832,,,,,,,0.0,,,0.8200000000000001,2.26,3.0599999999999996,2.29,4.18
2025,02/01/2026,BRK,DET,Michael Porter Jr.,SF,,,,,,,,,,,33.253257751464844,25.645029067993164,8.99853229522705,19.00880241394043,,,,,,,0.0,,,4.7299999999999995,9.83,8.82,12.899999999999999,11.02
2025,02/01/2026,BRK,DET,Nic Claxton,C,,,,,,,,,,,28.500228881835938,11.394843101501465,5.598529815673828,7.302505016326904,,,,,,,0.0,,,1.85,4.109999999999999,3.12,4.52,4.44
2025,02/01/2026,BRK,DET,Noah Clowney,PF,,,,,,,,,,,24.57853889465332,10.654435157775879,4.312551021575928,9.133512496948242,,,,,,,0.0,,,1.89,5.48,5.02,5.46,6.76
2025,02/01/2026,BRK,DET,Nolan Traore,PG,,,,,,,,,,,23.401378631591797,7.898979187011719,3.297640323638916,7.15488338470459,,,,,,,0.0,,,1.4300000000000002,4.06,3.9299999999999997,3.8000000000000003,4.76
2025,02/01/2026,BRK,DET,Terance Mann,SG,,,,,,,,,,,26.915433883666992,6.793657302856445,3.0439038276672363,5.828934669494629,,,,,,,0.0,,,1.08,2.6799999999999997,3.2299999999999995,2.78,4.4
2025,02/01/2026,BRK,DET,Tyrese Martin,SG,,,,,,,,,,,17.334674835205078,6.4738335609436035,2.5038223266601562,5.305058479309082,,,,,,,0.0,,,0.57,2.22,3.4299999999999997,1.4899999999999998,4.35
2025,02/01/2026,BRK,DET,Tyson Etienne,PG,,,,,,,,,,,10.915617942810059,3.3497235774993896,0.939211368560791,2.18870210647583,,,,,,,0.0,,,0.0,0.0,1.625,0.0,2.2499999999999996
2025,02/01/2026,BRK,DET,Ziaire Williams,SF,,,,,,,,,,,22.663650512695312,9.413934707641602,3.269136428833008,7.748116970062256,,,,,,,0.0,,,1.79,4.15,3.9,5.72,5.24
2025,02/01/2026,CHI,MIA,Ayo Dosunmu,SG,,,,,,,,,,,27.367891311645508,17.15764045715332,6.700642108917236,11.69052505493164,,,,,,,0.0,,,2.6399999999999997,6.06,7.41,6.48,12.86
2025,02/01/2026,CHI,MIA,Coby White,SG,,,,,,,,,,,32.264625549316406,17.891231536865234,7.049813270568848,13.99094009399414,,,,,,,0.0,,,2.5700000000000003,6.59,7.19,7.98,10.780000000000001
2025,02/01/2026,CHI,MIA,Dalen Terry,SG,,,,,,,,,,,15.265729904174805,3.818345069885254,1.6491860151290894,3.5999319553375244,,,,,,,0.0,,,0.72,1.4300000000000002,2.05,1.85,3.0
2025,02/01/2026,CHI,MIA,Emanuel Miller,PF,,,,,,,,,,,10.357975959777832,3.5366179943084717,1.2199878692626953,2.760812520980835,,,,,,,0.0,,,0.625,1.0,1.625,1.4999999999999998,1.1249999999999998
2025,02/01/2026,CHI,MIA,Isaac Okoro,SG,,,,,,,,,,,26.364927291870117,8.143930435180664,3.8857662677764893,7.259740829467773,,,,,,,0.0,,,1.6400000000000001,3.3499999999999996,3.9299999999999997,4.21,5.5
2025,02/01/2026,CHI,MIA,Jalen Smith,C,,,,,,,,,,,22.231151580810547,10.75516128540039,4.0710530281066895,8.835973739624023,,,,,,,0.0,,,2.99,5.029999999999999,3.6799999999999997,7.76,5.29
2025,02/01/2026,CHI,MIA,Jevon Carter,PG,,,,,,,,,,,13.704876899719238,3.606989622116089,1.771013855934143,3.638603925704956,,,,,,,0.0,,,0.78,1.62,1.8800000000000001,2.1799999999999997,1.9300000000000002
2025,02/01/2026,CHI,MIA,Josh Giddey,PG,,,,,,,,,,,25.873437881469727,14.615164756774902,6.4270548820495605,11.444786071777344,,,,,,,0.0,,,2.51,6.13,4.720000000000001,7.949999999999999,5.65
2025,02/01/2026,CHI,MIA,Julian Phillips,SF,,,,,,,,,,,10.481759071350098,2.175212860107422,1.2348631620407104,2.0366671085357666,,,,,,,0.0,,,0.33999999999999997,0.58,0.57,0.96,0.8400000000000001
2025,02/01/2026,CHI,MIA,Kevin Huerter,SF,,,,,,,,,,,24.738651275634766,10.7448148727417,4.619305610656738,8.881505012512207,,,,,,,0.0,,,2.1899999999999995,4.67,2.79,5.369999999999999,2.83
2025,02/01/2026,CHI,MIA,Lachlan Olbrich,C,,,,,,,,,,,13.505908012390137,0.626456081867218,1.5954086780548096,3.339174270629883,,,,,,,0.0,,,0.0,0.18,0.28,0.0,0.44
2025,02/01/2026,CHI,MIA,Matas Buzelis,PF,,,,,,,,,,,29.61319351196289,13.914742469787598,6.0967302322387695,11.741082191467285,,,,,,,0.0,,,3.3,7.4,4.890000000000001,9.059999999999999,7.13
2025,02/01/2026,CHI,MIA,Nikola Vucevic,C,,,,,,,,,,,32.23387145996094,16.068159103393555,7.3464035987854,13.87037467956543,,,,,,,0.0,,,3.54,6.59,7.909999999999999,8.46,9.919999999999998
2025,02/01/2026,CHI,MIA,Noa Essengue,PF,,,,,,,,,,,12.57225513458252,3.3290176391601562,1.247496247291565,2.9858460426330566,,,,,,,0.0,,,,,,,
2025,02/01/2026,CHI,MIA,Patrick Williams,PF,,,,,,,,,,,25.67463493347168,6.638912200927734,3.3354859352111816,7.158420562744141,,,,,,,0.0,,,1.0,2.75,2.6100000000000003,2.9699999999999998,3.04
2025,02/01/2026,CHI,MIA,Tre Jones,PG,,,,,,,,,,,23.47301483154297,10.805310249328613,4.306966781616211,6.73108434677124,,,,,,,0.0,,,1.8800000000000001,3.44,4.43,4.83,7.449999999999999
2025,02/01/2026,CHI,MIA,Yuki Kawamura,PG,,,,,,,,,,,14.878832817077637,5.017083644866943,1.939123272895813,4.4430437088012695,,,,,,,0.0,,,,,,,
2025,02/01/2026,CHI,MIA,Zach Collins,C,,,,,,,,,,,16.460941314697266,8.633957862854004,3.287569284439087,5.608015537261963,,,,,,,0.0,,,2.13,4.199999999999999,2.74,5.48,4.99
2025,02/01/2026,CLE,POR,Chuma Okeke,F,,,,,,,,,,,14.816644668579102,4.932635307312012,1.9294540882110596,4.468247890472412,,,,,,,0.0,,,,,,,
2025,02/01/2026,CLE,POR,Craig Porter Jr.,PG,,,,,,,,,,,18.2799129486084,4.396174430847168,2.485198736190796,4.5803422927856445,,,,,,,0.0,,,1.21,2.8899999999999997,1.73,2.81,1.9300000000000002
2025,02/01/2026,CLE,POR,Darius Garland,PG,,,,,,,,,,,23.302091598510742,13.946854591369629,6.012137413024902,13.245426177978516,,,,,,,0.0,,,4.1899999999999995,7.91,6.98,10.350000000000001,9.8
2025,02/01/2026,CLE,POR,De'Andre Hunter,SF,,,,,,,,,,,23.5577335357666,13.210668563842773,5.318872928619385,11.183558464050293,,,,,,,0.0,,,1.3599999999999999,5.140000000000001,6.01,4.33,8.25
2025,02/01/2026,CLE,POR,Dean Wade,PF,,,,,,,,,,,26.51849937438965,7.0212321281433105,3.2067437171936035,5.819483757019043,,,,,,,0.0,,,1.5999999999999999,2.71,1.23,4.209999999999999,2.0700000000000003
2025,02/01/2026,CLE,POR,Donovan Mitchell,SG,,,,,,,,,,,33.28184127807617,31.709461212158203,10.856485366821289,20.315601348876953,,,,,,,0.0,,,4.57,10.02,10.77,12.63,15.44
2025,02/01/2026,CLE,POR,Evan Mobley,PF,,,,,,,,,,,27.46681022644043,17.14031219482422,7.839250087738037,15.393308639526367,,,,,,,0.0,,,5.01,8.84,6.31,11.45,7.17
2025,02/01/2026,CLE,POR,Jarrett Allen,C,,,,,,,,,,,28.872447967529297,12.659547805786133,6.168270111083984,9.006909370422363,,,,,,,0.0,,,3.33,5.16,2.31,8.02,4.01
2025,02/01/2026,CLE,POR,Jaylon Tyson,SG,,,,,,,,,,,29.85540008544922,17.151351928710938,7.394017696380615,12.905618667602539,,,,,,,0.0,,,3.26,6.68,5.83,9.030000000000001,8.23
2025,02/01/2026,CLE,POR,Larry Nance Jr.,PF,,,,,,,,,,,15.418451309204102,3.802870512008667,1.9740839004516602,3.977658271789551,,,,,,,0.0,,,0.44999999999999996,1.49,1.72,1.02,2.4699999999999998
2025,02/01/2026,CLE,POR,Lonzo Ball,PG,,,,,,,,,,,21.71633529663086,4.012784957885742,2.131762742996216,5.003661155700684,,,,,,,0.0,,,0.29,1.28,1.94,0.99,1.5
2025,02/01/2026,CLE,POR,Luke Travers,SG,,,,,,,,,,,10.621962547302246,2.9661314487457275,1.3587515354156494,2.9823966026306152,,,,,,,0.0,,,0.8099999999999999,2.26,0.97,1.9,0.93
2025,02/01/2026,CLE,POR,Max Strus,SF,,,,,,,,,,,16.85734748840332,5.443706035614014,2.0232133865356445,4.615601539611816,,,,,,,0.0,,,,,,,
2025,02/01/2026,CLE,POR,Nae'Qwan Tomlin,PF,,,,,,,,,,,22.623807907104492,8.657710075378418,3.772890090942383,6.909872531890869,,,,,,,0.0,,,1.29,2.63,3.9799999999999995,3.13,5.140000000000001
2025,02/01/2026,CLE,POR,Sam Merrill,SG,,,,,,,,,,,24.893831253051758,13.079255104064941,4.632482528686523,9.381946563720703,,,,,,,0.0,,,1.87,4.54,3.9799999999999995,6.109999999999999,4.97
2025,02/01/2026,CLE,POR,Thomas Bryant,C,,,,,,,,,,,15.079265594482422,7.400765895843506,2.593334436416626,5.072434902191162,,,,,,,0.0,,,0.44,0.98,2.69,1.44,4.0600000000000005
2025,02/01/2026,CLE,POR,Tristan Enaruna,SF,,,,,,,,,,,14.764596939086914,4.995870590209961,1.9065654277801514,4.293065547943115,,,,,,,0.0,,,,,,,
2025,02/01/2026,CLE,POR,Tyrese Proctor,PG,,,,,,,,,,,15.204998016357422,5.370126724243164,2.349169969558716,4.823058128356934,,,,,,,0.0,,,0.74,1.52,2.25,1.94,3.9699999999999998
2025,02/01/2026,DEN,OKC,Aaron Gordon,PF,,,,,,,,,,,25.26949119567871,14.112875938415527,5.199850559234619,9.620105743408203,,,,,,,0.0,,,3.09,6.23,4.91,9.16,6.76
2025,02/01/2026,DEN,OKC,Bruce Brown,SG,,,,,,,,,,,24.41024398803711,7.626405715942383,3.4884543418884277,6.435641765594482,,,,,,,0.0,,,2.19,3.58,3.3899999999999997,4.54,4.890000000000001
2025,02/01/2026,DEN,OKC,Cameron Johnson,SF,,,,,,,,,,,21.1273136138916,9.24548053741455,3.4124715328216553,7.4773335456848145,,,,,,,0.0,,,1.99,4.869999999999999,4.33,5.529999999999999,6.970000000000001
2025,02/01/2026,DEN,OKC,Christian Braun,SG,,,,,,,,,,,22.551658630371094,7.685194492340088,2.7463555335998535,5.702042102813721,,,,,,,0.0,,,1.32,3.38,2.79,3.84,2.84
2025,02/01/2026,DEN,OKC,Curtis Jones,SG,,,,,,,,,,,10.608857154846191,3.898711919784546,1.1870521306991577,2.903022527694702,,,,,,,0.0,,,0.25,1.0,2.0,0.7499999999999999,1.25
2025,02/01/2026,DEN,OKC,DaRon Holmes,PF,,,,,,,,,,,15.830825805664062,4.211780071258545,1.7996152639389038,3.5725975036621094,,,,,,,0.0,,,0.85,1.64,2.17,2.4299999999999997,2.16
2025,02/01/2026,DEN,OKC,Hunter Tyson,PF,,,,,,,,,,,10.28328800201416,1.6216791868209839,0.8541357517242432,2.2051949501037598,,,,,,,0.0,,,0.12,0.8999999999999999,1.89,0.42,1.37
2025,02/01/2026,DEN,OKC,Jalen Pickett,SG,,,,,,,,,,,26.846155166625977,6.48613977432251,3.3601062297821045,6.467844009399414,,,,,,,0.0,,,1.19,3.1500000000000004,2.7299999999999995,2.91,2.32
2025,02/01/2026,DEN,OKC,Jamal Murray,PG,,,,,,,,,,,37.60721206665039,22.139955520629883,9.032553672790527,17.091768264770508,,,,,,,0.0,,,4.01,8.14,8.899999999999999,11.61,14.35
2025,02/01/2026,DEN,OKC,Jonas Valanciunas,C,,,,,,,,,,,18.556238174438477,9.95016860961914,4.337793350219727,9.290824890136719,,,,,,,0.0,,,2.78,5.449999999999999,3.32,6.859999999999999,4.93
2025,02/01/2026,DEN,OKC,Julian Strawther,SG,,,,,,,,,,,15.484047889709473,5.150616645812988,2.0893750190734863,4.812279224395752,,,,,,,0.0,,,0.6499999999999999,2.3099999999999996,2.15,2.2800000000000002,4.17
2025,02/01/2026,DEN,OKC,Nikola Jokic,C,,,,,,,,,,,34.94963073730469,26.78156280517578,9.889676094055176,16.581724166870117,,,,,,,0.0,,,5.93,9.1,8.04,15.84,13.389999999999999
2025,02/01/2026,DEN,OKC,Peyton Watson,SF,,,,,,,,,,,34.805206298828125,16.979951858520508,7.512790679931641,14.643193244934082,,,,,,,0.0,,,4.07,8.559999999999999,7.77,11.14,9.169999999999998
2025,02/01/2026,DEN,OKC,Spencer Jones,SF,,,,,,,,,,,30.189729690551758,8.119171142578125,3.4423305988311768,5.155979156494141,,,,,,,0.0,,,1.31,2.21,2.15,3.63,2.08
2025,02/01/2026,DEN,OKC,Tamar Bates,SG,,,,,,,,,,,16.04460334777832,7.630742073059082,3.3268110752105713,8.648221969604492,,,,,,,0.0,,,,,,,
2025,02/01/2026,DEN,OKC,Tim Hardaway Jr.,SG,,,,,,,,,,,27.509397506713867,15.066370964050293,4.911728382110596,11.407150268554688,,,,,,,0.0,,,2.6399999999999997,5.82,5.88,7.8,8.61
2025,02/01/2026,DEN,OKC,Zeke Nnaji,PF,,,,,,,,,,,14.720399856567383,3.9521965980529785,1.814482569694519,3.2632269859313965,,,,,,,0.0,,,0.9400000000000001,2.51,1.98,2.1100000000000003,2.46
2025,02/01/2026,DET,BRK,Ausar Thompson,SF,,,,,,,,,,,26.51585578918457,9.637048721313477,4.363066673278809,7.476111888885498,,,,,,,0.0,,,2.4299999999999997,3.9899999999999998,2.98,5.43,2.9799999999999995
2025,02/01/2026,DET,BRK,Bobi Klintman,SF,,,,,,,,,,,11.460732460021973,3.687717914581299,1.0672216415405273,2.340909242630005,,,,,,,0.0,,,0.49999999999999994,0.625,1.25,1.25,0.37499999999999994
2025,02/01/2026,DET,BRK,Cade Cunningham,PG,,,,,,,,,,,35.11284255981445,25.79029655456543,9.789891242980957,17.047760009765625,,,,,,,0.0,,,4.68,9.61,8.68,11.57,11.14
2025,02/01/2026,DET,BRK,Caris LeVert,SG,,,,,,,,,,,15.946025848388672,5.92109489440918,2.3404064178466797,5.288284778594971,,,,,,,0.0,,,1.06,3.33,2.3200000000000003,2.54,2.45
2025,02/01/2026,DET,BRK,Chaz Lanier,SG,,,,,,,,,,,11.948768615722656,2.203857898712158,0.8649692535400391,1.888228178024292,,,,,,,0.0,,,0.3,0.54,1.9300000000000002,0.8999999999999999,2.0
2025,02/01/2026,DET,BRK,Daniss Jenkins,PG,,,,,,,,,,,19.23613929748535,7.390358924865723,3.1841890811920166,6.227285385131836,,,,,,,0.0,,,1.44,3.4099999999999997,4.05,3.72,3.6899999999999995
2025,02/01/2026,DET,BRK,Duncan Robinson,SF,,,,,,,,,,,28.359960556030273,10.753107070922852,4.00370979309082,8.92640209197998,,,,,,,0.0,,,2.5999999999999996,6.52,3.6100000000000003,7.23,4.45
2025,02/01/2026,DET,BRK,Isaac Jones,PF,,,,,,,,,,,11.647525787353516,3.532378911972046,1.094346523284912,2.39825177192688,,,,,,,0.0,,,,,,,
2025,02/01/2026,DET,BRK,Isaiah Stewart,C,,,,,,,,,,,22.007606506347656,8.719555854797363,4.117664337158203,6.4680070877075195,,,,,,,0.0,,,3.0,4.779999999999999,2.67,7.31,3.9299999999999997
2025,02/01/2026,DET,BRK,Jaden Ivey,SG,,,,,,,,,,,16.98937225341797,7.767829418182373,3.043888568878174,6.038053035736084,,,,,,,0.0,,,1.13,3.6100000000000003,2.8,3.1,4.2299999999999995
2025,02/01/2026,DET,BRK,Jalen Duren,C,,,,,,,,,,,29.098073959350586,18.04767608642578,7.343040466308594,10.622478485107422,,,,,,,0.0,,,4.92,6.58,4.93,11.489999999999998,6.609999999999999
2025,02/01/2026,DET,BRK,Javonte Green,SG,,,,,,,,,,,16.41973304748535,5.567080020904541,2.130319833755493,4.230738162994385,,,,,,,0.0,,,0.8400000000000001,1.6300000000000001,2.3,3.34,2.51
2025,02/01/2026,DET,BRK,Marcus Sasser,PG,,,,,,,,,,,13.426993370056152,5.5672526359558105,1.9422328472137451,3.556413412094116,,,,,,,0.0,,,0.62,2.05,3.08,1.96,3.94
2025,02/01/2026,DET,BRK,Paul Reed,C,,,,,,,,,,,11.748563766479492,3.480064868927002,1.802028775215149,2.403459310531616,,,,,,,0.0,,,0.81,1.67,2.45,1.9,2.95
2025,02/01/2026,DET,BRK,Ron Holland,SF,,,,,,,,,,,20.14426612854004,7.970569133758545,3.2173140048980713,6.190062999725342,,,,,,,0.0,,,1.54,3.25,3.17,4.0,3.7799999999999994
2025,02/01/2026,DET,BRK,Tobias Harris,PF,,,,,,,,,,,30.75458526611328,12.910881996154785,5.779557704925537,10.558374404907227,,,,,,,0.0,,,2.73,5.51,4.97,6.81,7.29
2025,02/01/2026,DET,BRK,Tolu Smith,PF,,,,,,,,,,,12.226439476013184,3.8283474445343018,1.5464086532592773,2.5911412239074707,,,,,,,0.0,,,0.625,1.3749999999999998,1.375,2.2499999999999996,2.125
2025,02/01/2026,DET,BRK,Wendell Moore Jr.,SG,,,,,,,,,,,13.493440628051758,5.11414909362793,1.7024383544921875,3.0002691745758057,,,,,,,0.0,,,0.6666666666666666,1.0,1.0,1.3333333333333333,0.6666666666666666
2025,02/01/2026,LAC,PHO,Bogdan Bogdanovic,SG,,,,,,,,,,,15.96392822265625,6.072780132293701,1.6701475381851196,4.476625919342041,,,,,,,0.0,,,0.8400000000000001,2.5700000000000003,3.8299999999999996,2.42,3.39
2025,02/01/2026,LAC,PHO,Bradley Beal,SG,,,,,,,,,,,15.482569694519043,5.435879707336426,1.9643090963363647,5.317653179168701,,,,,,,0.0,,,1.6249999999999998,6.000000000000001,3.25,4.25,4.875
2025,02/01/2026,LAC,PHO,Brook Lopez,C,,,,,,,,,,,17.14314079284668,5.627139568328857,1.9393630027770996,4.114514350891113,,,,,,,0.0,,,0.91,2.41,2.04,2.65,2.91
2025,02/01/2026,LAC,PHO,Cam Christie,SG,,,,,,,,,,,12.736282348632812,3.2865092754364014,1.2507892847061157,2.5378808975219727,,,,,,,0.0,,,0.4,0.73,1.5999999999999999,0.8600000000000001,2.6100000000000003
2025,02/01/2026,LAC,PHO,Chris Paul,PG,,,,,,,,,,,11.796238899230957,1.4289451837539673,0.9829310178756714,2.4666638374328613,,,,,,,0.0,,,0.44999999999999996,1.72,1.98,1.12,2.34
2025,02/01/2026,LAC,PHO,Derrick Jones Jr.,SF,,,,,,,,,,,16.99648666381836,7.465203762054443,2.9929728507995605,4.351473808288574,,,,,,,0.0,,,2.4299999999999997,4.18,2.33,6.1,3.52
2025,02/01/2026,LAC,PHO,Ivica Zubac,C,,,,,,,,,,,30.98552894592285,14.0071439743042,7.079066753387451,9.079815864562988,,,,,,,0.0,,,2.94,5.22,3.29,6.529999999999999,5.71
2025,02/01/2026,LAC,PHO,James Harden,PG,,,,,,,,,,,35.72620391845703,22.36927032470703,8.06501293182373,15.252756118774414,,,,,,,0.0,,,3.65,10.6,6.94,12.919999999999998,9.219999999999999
2025,02/01/2026,LAC,PHO,John Collins,PF,,,,,,,,,,,29.613788604736328,14.553842544555664,6.358129024505615,10.203329086303711,,,,,,,0.0,,,3.54,6.0600000000000005,4.05,8.459999999999999,7.4
2025,02/01/2026,LAC,PHO,Jordan Miller,SF,,,,,,,,,,,23.2772274017334,10.414994239807129,3.5522398948669434,6.44245719909668,,,,,,,0.0,,,1.56,3.72,4.609999999999999,4.56,7.699999999999999
2025,02/01/2026,LAC,PHO,Kawhi Leonard,SF,,,,,,,,,,,32.66120529174805,25.364152908325195,9.761345863342285,18.086002349853516,,,,,,,0.0,,,5.26,9.87,8.64,14.02,11.61
2025,02/01/2026,LAC,PHO,Kobe Brown,PF,,,,,,,,,,,9.471479415893555,1.791205883026123,0.8877950310707092,2.0053138732910156,,,,,,,0.0,,,0.0,0.11,1.31,0.0,1.8499999999999999
2025,02/01/2026,LAC,PHO,Kobe Sanders,SG,,,,,,,,,,,22.092323303222656,5.970541954040527,2.637836456298828,5.225071430206299,,,,,,,0.0,,,1.62,3.17,3.62,4.19,4.24
2025,02/01/2026,LAC,PHO,Kris Dunn,PG,,,,,,,,,,,28.48224449157715,7.7901763916015625,3.3930180072784424,5.972592353820801,,,,,,,0.0,,,1.06,2.84,2.99,2.48,3.62
2025,02/01/2026,LAC,PHO,Nicolas Batum,PF,,,,,,,,,,,19.3250789642334,3.6922202110290527,1.4607372283935547,3.023498296737671,,,,,,,0.0,,,0.72,1.9300000000000002,1.44,2.2199999999999998,1.6400000000000001
2025,02/01/2026,LAC,PHO,TyTy Washington Jr.,PG,,,,,,,,,,,12.145265579223633,3.0115249156951904,1.0333155393600464,2.5876238346099854,,,,,,,0.0,,,,,,,
2025,02/01/2026,LAC,PHO,Yanic Konan Niederhauser,C,,,,,,,,,,,12.481291770935059,2.1210641860961914,1.3994394540786743,1.6418108940124512,,,,,,,0.0,,,0.24,0.24,1.5499999999999998,0.7,1.95
2025,02/01/2026,LAL,NYK,Adou Thiero,SF,,,,,,,,,,,6.673086166381836,0.9882140755653381,0.8001865744590759,1.1729774475097656,,,,,,,0.0,,,0.06,0.3,1.5100000000000002,0.24,1.2999999999999998
2025,02/01/2026,LAL,NYK,Austin Reaves,SG,,,,,,,,,,,23.627479553222656,14.928807258605957,6.347416400909424,10.021409034729004,,,,,,,0.0,,,3.6999999999999997,7.63,6.45,10.719999999999999,11.21
2025,02/01/2026,LAL,NYK,Bronny James,SG,,,,,,,,,,,9.597582817077637,1.1366524696350098,0.6548215746879578,1.1583741903305054,,,,,,,0.0,,,0.0,0.11,1.31,0.0,2.2800000000000002
2025,02/01/2026,LAL,NYK,Chris Manon,SG,,,,,,,,,,,9.858624458312988,3.0488033294677734,0.8139578700065613,2.0465259552001953,,,,,,,0.0,,,0.0,0.0,0.0,0.0,0.0
2025,02/01/2026,LAL,NYK,Dalton Knecht,SF,,,,,,,,,,,13.013751983642578,3.5769803524017334,1.2178879976272583,2.325772523880005,,,,,,,0.0,,,0.18,0.84,1.62,0.48,2.4299999999999997
2025,02/01/2026,LAL,NYK,Deandre Ayton,C,,,,,,,,,,,28.062387466430664,11.571187973022461,6.660590171813965,7.911818027496338,,,,,,,0.0,,,3.4799999999999995,5.93,2.6799999999999997,7.31,5.42
2025,02/01/2026,LAL,NYK,Drew Timme,PF,,,,,,,,,,,15.037235260009766,2.907304525375366,1.3234869241714478,2.446390151977539,,,,,,,0.0,,,0.6,0.84,1.77,1.44,2.26
2025,02/01/2026,LAL,NYK,Gabe Vincent,PG,,,,,,,,,,,17.792884826660156,3.4703829288482666,1.279016375541687,3.1641242504119873,,,,,,,0.0,,,1.06,2.09,1.99,3.1799999999999997,1.25
2025,02/01/2026,LAL,NYK,Jake LaRavia,PF,,,,,,,,,,,29.983186721801758,8.891068458557129,4.000487804412842,6.177586078643799,,,,,,,0.0,,,1.67,3.39,2.6799999999999997,5.2299999999999995,2.4499999999999997
2025,02/01/2026,LAL,NYK,Jarred Vanderbilt,PF,,,,,,,,,,,16.88936996459961,4.085714340209961,1.887031078338623,3.2470996379852295,,,,,,,0.0,,,1.1099999999999999,2.4699999999999998,1.8599999999999999,2.44,2.4699999999999998
2025,02/01/2026,LAL,NYK,Jaxson Hayes,C,,,,,,,,,,,16.418928146362305,5.475599765777588,2.562617540359497,2.7190639972686768,,,,,,,0.0,,,2.42,2.76,1.41,5.4399999999999995,2.28
2025,02/01/2026,LAL,NYK,LeBron James,SF,,,,,,,,,,,34.249568939208984,19.634370803833008,9.173880577087402,15.41412353515625,,,,,,,0.0,,,4.41,8.86,7.41,10.95,9.63
2025,02/01/2026,LAL,NYK,Luka Doncic,PG,,,,,,,,,,,36.37395477294922,32.972564697265625,11.7087984085083,21.59737777709961,,,,,,,0.0,,,6.56,11.809999999999999,10.030000000000001,19.560000000000002,15.769999999999998
2025,02/01/2026,LAL,NYK,Marcus Smart,SG,,,,,,,,,,,29.36346435546875,10.471049308776855,3.749932289123535,6.7185564041137695,,,,,,,0.0,,,1.5699999999999998,3.5,3.38,4.54,5.15
2025,02/01/2026,LAL,NYK,Maxi Kleber,PF,,,,,,,,,,,12.240350723266602,0.8830308318138123,0.5165309309959412,1.020545244216919,,,,,,,0.0,,,0.54,1.3599999999999999,1.02,1.68,1.1400000000000001
2025,02/01/2026,LAL,NYK,Nick Smith Jr.,SG,,,,,,,,,,,11.897991180419922,1.9640650749206543,0.9963323473930359,1.9207165241241455,,,,,,,0.0,,,0.18,0.94,1.66,0.42,2.36
2025,02/01/2026,LAL,NYK,Rui Hachimura,PF,,,,,,,,,,,23.423521041870117,9.260764122009277,4.5201239585876465,7.465960502624512,,,,,,,0.0,,,1.8800000000000001,4.039999999999999,4.74,4.97,6.0600000000000005
2025,02/01/2026,MIA,CHI,Andrew Wiggins,SF,,,,,,,,,,,32.17652893066406,15.25778865814209,6.146559715270996,12.508316040039062,,,,,,,0.0,,,3.63,7.09,4.909999999999999,9.34,5.43
2025,02/01/2026,MIA,CHI,Bam Adebayo,C,,,,,,,,,,,33.8546028137207,19.861656188964844,7.713367462158203,15.956464767456055,,,,,,,0.0,,,3.63,8.44,9.149999999999999,10.899999999999999,11.08
2025,02/01/2026,MIA,CHI,Davion Mitchell,PG,,,,,,,,,,,24.694963455200195,8.41099739074707,3.176727056503296,6.526741981506348,,,,,,,0.0,,,1.71,3.8899999999999997,2.4099999999999997,5.01,2.75
2025,02/01/2026,MIA,CHI,Dru Smith,SG,,,,,,,,,,,19.263874053955078,6.771137237548828,2.7386133670806885,5.770741939544678,,,,,,,0.0,,,1.47,3.21,2.87,4.44,3.51
2025,02/01/2026,MIA,CHI,Jahmir Young,PG,,,,,,,,,,,9.393965721130371,3.076047658920288,1.0027214288711548,2.484447956085205,,,,,,,0.0,,,0.0,0.25,2.125,0.0,2.2499999999999996
2025,02/01/2026,MIA,CHI,Jaime Jaquez Jr.,SF,,,,,,,,,,,28.579204559326172,14.731840133666992,6.461777210235596,11.678252220153809,,,,,,,0.0,,,3.36,5.640000000000001,5.91,7.63,6.76
2025,02/01/2026,MIA,CHI,Kasparas Jakucionis,PG,,,,,,,,,,,24.50368881225586,4.8579630851745605,2.469618082046509,4.8779144287109375,,,,,,,0.0,,,0.8200000000000001,2.42,1.85,2.41,2.28
2025,02/01/2026,MIA,CHI,Kel'el Ware,C,,,,,,,,,,,16.57461166381836,8.517914772033691,3.729240655899048,4.733073711395264,,,,,,,0.0,,,1.78,3.7299999999999995,2.52,4.27,2.83
2025,02/01/2026,MIA,CHI,Keshad Johnson,SF,,,,,,,,,,,8.552566528320312,3.0255229473114014,1.0200035572052002,2.2445762157440186,,,,,,,0.0,,,0.0,0.06,1.41,0.12,2.0
2025,02/01/2026,MIA,CHI,Myron Gardner,SF,,,,,,,,,,,11.918082237243652,3.3487448692321777,1.34377920627594,2.85290265083313,,,,,,,0.0,,,0.88,1.42,1.9100000000000001,2.53,2.67
2025,02/01/2026,MIA,CHI,Nikola Jovic,PF,,,,,,,,,,,19.657550811767578,9.935399055480957,3.6093339920043945,8.036478042602539,,,,,,,0.0,,,1.28,3.85,3.59,3.62,3.4099999999999997
2025,02/01/2026,MIA,CHI,Norman Powell,SG,,,,,,,,,,,30.9427433013916,25.170978546142578,8.10269546508789,16.483596801757812,,,,,,,0.0,,,3.41,8.02,8.280000000000001,10.879999999999999,8.87
2025,02/01/2026,MIA,CHI,Pelle Larsson,SG,,,,,,,,,,,27.98321533203125,11.754446983337402,4.534979343414307,8.84455680847168,,,,,,,0.0,,,1.75,3.82,5.06,6.26,7.4799999999999995
2025,02/01/2026,MIA,CHI,Simone Fontecchio,SF,,,,,,,,,,,19.158199310302734,7.330782413482666,2.743499279022217,6.653008937835693,,,,,,,0.0,,,1.9300000000000002,4.08,3.9299999999999997,5.94,4.33
2025,02/01/2026,MIA,CHI,Terry Rozier,PG,,,,,,,,,,,13.243995666503906,4.46763801574707,1.622078776359558,3.340141773223877,,,,,,,0.0,,,,,,,
2025,02/01/2026,MIA,CHI,Tyler Herro,SG,,,,,,,,,,,22.881452560424805,17.030122756958008,4.859631061553955,11.636640548706055,,,,,,,0.0,,,4.59,8.27,8.009999999999998,11.66,9.66
2025,02/01/2026,MIA,CHI,Vladislav Goldin,C,,,,,,,,,,,11.547544479370117,3.4591166973114014,1.1776833534240723,2.6233644485473633,,,,,,,0.0,,,,,,,
2025,02/01/2026,MIL,BOS,A.J. Green,SG,,,,,,,,,,,30.523780822753906,8.658085823059082,3.3427071571350098,8.589165687561035,,,,,,,0.0,,,1.24,3.66,3.9,3.5,5.9
2025,02/01/2026,MIL,BOS,Alex Antetokounmpo,SF,,,,,,,,,,,17.146202087402344,6.391225814819336,2.0296967029571533,5.188457489013672,,,,,,,0.0,,,,,,,
2025,02/01/2026,MIL,BOS,Amir Coffey,SG,,,,,,,,,,,11.480114936828613,2.480125665664673,1.1417454481124878,2.1062912940979004,,,,,,,0.0,,,0.32,1.1199999999999999,1.3900000000000001,0.8,2.23
2025,02/01/2026,MIL,BOS,Andre Jackson Jr.,SG,,,,,,,,,,,10.426896095275879,1.0433299541473389,0.8384571075439453,1.5323212146759033,,,,,,,0.0,,,0.0,0.16,1.58,0.0,1.64
2025,02/01/2026,MIL,BOS,Bobby Portis,PF,,,,,,,,,,,31.3948974609375,17.665071487426758,7.988475322723389,13.728121757507324,,,,,,,0.0,,,3.4299999999999997,6.949999999999999,6.32,8.24,6.5
2025,02/01/2026,MIL,BOS,Cole Anthony,PG,,,,,,,,,,,19.56719970703125,8.244715690612793,3.650742292404175,8.938765525817871,,,,,,,0.0,,,1.5100000000000002,3.55,3.38,4.15,3.41
2025,02/01/2026,MIL,BOS,Gary Harris,SG,,,,,,,,,,,18.03019142150879,3.2346837520599365,1.611862063407898,2.5293166637420654,,,,,,,0.0,,,0.4,1.1600000000000001,0.5,1.58,0.8099999999999999
2025,02/01/2026,MIL,BOS,Gary Trent Jr.,SG,,,,,,,,,,,21.633703231811523,6.261164665222168,2.64094877243042,6.283320903778076,,,,,,,0.0,,,1.1600000000000001,2.9299999999999997,2.23,3.42,1.5699999999999998
2025,02/01/2026,MIL,BOS,Giannis Antetokounmpo,PF,,,,,,,,,,,26.500925064086914,19.725841522216797,8.359565734863281,13.322035789489746,,,,,,,0.0,,,4.26,6.4399999999999995,6.37,12.35,11.809999999999999
2025,02/01/2026,MIL,BOS,Jericho Sims,C,,,,,,,,,,,11.028585433959961,1.2756729125976562,1.0151698589324951,0.4473494589328766,,,,,,,0.0,,,0.41,0.41,0.36,0.88,0.76
2025,02/01/2026,MIL,BOS,Kevin Porter Jr.,PG,,,,,,,,,,,23.76109504699707,11.133898735046387,4.644536972045898,10.221259117126465,,,,,,,0.0,,,2.71,6.49,5.18,6.7,5.38
2025,02/01/2026,MIL,BOS,Kyle Kuzma,PF,,,,,,,,,,,31.980205535888672,16.069934844970703,7.4345808029174805,12.800521850585938,,,,,,,0.0,,,1.56,4.79,6.8,3.87,9.16
2025,02/01/2026,MIL,BOS,Myles Turner,C,,,,,,,,,,,31.51389503479004,14.873185157775879,5.5102715492248535,11.966100692749023,,,,,,,0.0,,,3.23,6.97,4.279999999999999,8.57,7.74
2025,02/01/2026,MIL,BOS,Pete Nance,PF,,,,,,,,,,,15.592482566833496,5.510427951812744,2.437925100326538,4.124491214752197,,,,,,,0.0,,,0.8099999999999999,1.78,1.82,2.0,2.58
2025,02/01/2026,MIL,BOS,Ryan Rollins,PG,,,,,,,,,,,33.01523208618164,15.539414405822754,7.578947067260742,14.580697059631348,,,,,,,0.0,,,2.37,6.59,7.359999999999999,6.12,9.14
2025,02/01/2026,MIL,BOS,Taurean Prince,SF,,,,,,,,,,,16.932615280151367,4.940871238708496,1.8113328218460083,4.367490291595459,,,,,,,0.0,,,1.1249999999999998,2.7499999999999996,1.7499999999999998,3.125,1.375
2025,02/01/2026,MIL,BOS,Thanasis Antetokounmpo,SF,,,,,,,,,,,5.318082809448242,1.4501206874847412,0.9025701880455017,1.5818238258361816,,,,,,,0.0,,,0.0,0.0,1.0699999999999998,0.0,1.3800000000000001
2025,02/01/2026,NYK,LAL,Ariel Hukporti,C,,,,,,,,,,,9.42497730255127,0.9057705998420715,0.8432206511497498,0.6812865138053894,,,,,,,0.0,,,0.0,0.0,0.78,0.06,1.53
2025,02/01/2026,NYK,LAL,Dillon Jones,SF,,,,,,,,,,,9.912946701049805,3.384737014770508,1.011401891708374,2.2581326961517334,,,,,,,0.0,,,,,,,
2025,02/01/2026,NYK,LAL,Guerschon Yabusele,C,,,,,,,,,,,10.128256797790527,2.829648494720459,1.2999879121780396,2.424085855484009,,,,,,,0.0,,,0.27,1.06,0.85,0.54,0.9199999999999999
2025,02/01/2026,NYK,LAL,Jalen Brunson,PG,,,,,,,,,,,34.97492980957031,26.463489532470703,10.306931495666504,19.196786880493164,,,,,,,0.0,,,4.27,9.41,7.72,12.91,9.719999999999999
2025,02/01/2026,NYK,LAL,Jordan Clarkson,SG,,,,,,,,,,,15.53476333618164,5.569418430328369,2.6292014122009277,5.415428161621094,,,,,,,0.0,,,1.27,3.7799999999999994,2.31,3.73,1.54
2025,02/01/2026,NYK,LAL,Josh Hart,SF,,,,,,,,,,,34.02474594116211,13.220817565917969,6.025096416473389,9.84166145324707,,,,,,,0.0,,,2.87,5.37,4.25,7.470000000000001,6.04
2025,02/01/2026,NYK,LAL,Karl-Anthony Towns,C,,,,,,,,,,,31.52334213256836,18.432931900024414,6.774498462677002,12.741204261779785,,,,,,,0.0,,,3.05,7.15,4.81,8.68,5.8999999999999995
2025,02/01/2026,NYK,LAL,Kevin McCullar Jr.,SF,,,,,,,,,,,7.030617713928223,2.112276792526245,0.8444576263427734,1.7001444101333618,,,,,,,0.0,,,0.4,0.95,0.87,1.0899999999999999,0.76
2025,02/01/2026,NYK,LAL,Landry Shamet,SG,,,,,,,,,,,19.08083724975586,7.28120756149292,2.5823092460632324,5.433838367462158,,,,,,,0.0,,,0.99,3.0300000000000002,3.0300000000000002,2.9299999999999997,4.17
2025,02/01/2026,NYK,LAL,Mikal Bridges,SF,,,,,,,,,,,35.314422607421875,16.548330307006836,6.876932144165039,12.519548416137695,,,,,,,0.0,,,2.67,5.63,7.279999999999999,6.83,9.45
2025,02/01/2026,NYK,LAL,Miles McBride,SG,,,,,,,,,,,23.020498275756836,10.621487617492676,4.235179901123047,8.286825180053711,,,,,,,0.0,,,2.1799999999999997,6.15,6.09,5.76,7.0
2025,02/01/2026,NYK,LAL,Mitchell Robinson,C,,,,,,,,,,,19.873680114746094,5.368002891540527,2.531184434890747,3.2090187072753906,,,,,,,0.0,,,1.8399999999999999,2.29,1.66,3.79,2.3200000000000003
2025,02/01/2026,NYK,LAL,Mohamed Diawara,SF,,,,,,,,,,,10.095799446105957,1.1218289136886597,1.0820592641830444,1.6700993776321411,,,,,,,0.0,,,0.27,0.54,2.21,0.8099999999999999,2.46
2025,02/01/2026,NYK,LAL,OG Anunoby,PF,,,,,,,,,,,34.42817687988281,17.1804141998291,6.999056816101074,11.947857856750488,,,,,,,0.0,,,3.55,6.41,6.619999999999999,8.5,10.62
2025,02/01/2026,NYK,LAL,P.J. Tucker,F,,,,,,,,,,,13.062324523925781,4.284128665924072,1.3600740432739258,2.9670355319976807,,,,,,,0.0,,,,,,,
2025,02/01/2026,NYK,LAL,Pacome Dadiet,SG,,,,,,,,,,,4.3592209815979,0.4307127594947815,0.656140148639679,0.6599065661430359,,,,,,,0.0,,,0.0,0.12,0.16,0.0,0.44
2025,02/01/2026,NYK,LAL,Trey Jemison,C,,,,,,,,,,,9.859697341918945,3.511775255203247,0.9985136985778809,2.217653512954712,,,,,,,0.0,,,0.0,0.0,0.7499999999999999,0.0,1.7499999999999998
2025,02/01/2026,NYK,LAL,Tyler Kolek,PG,,,,,,,,,,,14.394831657409668,5.584421634674072,2.5598177909851074,4.3811354637146,,,,,,,0.0,,,0.51,1.41,3.21,1.24,4.24
2025,02/01/2026,OKC,DEN,Aaron Wiggins,SG,,,,,,,,,,,23.250213623046875,10.344554901123047,4.2527008056640625,8.813364028930664,,,,,,,0.0,,,1.8399999999999999,3.9799999999999995,5.289999999999999,5.1,6.279999999999999
2025,02/01/2026,OKC,DEN,Ajay Mitchell,SG,,,,,,,,,,,22.041166305541992,12.3106107711792,4.758349418640137,9.233076095581055,,,,,,,0.0,,,3.3099999999999996,6.18,4.5,8.1,5.8
2025,02/01/2026,OKC,DEN,Alex Caruso,SG,,,,,,,,,,,16.479766845703125,5.949163913726807,2.3913235664367676,5.121217250823975,,,,,,,0.0,,,1.08,3.27,1.82,3.0,2.88
2025,02/01/2026,OKC,DEN,Branden Carlson,C,,,,,,,,,,,12.207261085510254,4.603484630584717,2.0003204345703125,3.694143056869507,,,,,,,0.0,,,0.8999999999999999,2.25,2.23,1.9700000000000002,2.6399999999999997
2025,02/01/2026,OKC,DEN,Brooks Barnhizer,SG,,,,,,,,,,,8.993128776550293,1.3535844087600708,0.7866316437721252,1.23417067527771,,,,,,,0.0,,,0.0,0.28,0.4,0.0,0.5
2025,02/01/2026,OKC,DEN,Cason Wallace,SG,,,,,,,,,,,28.381580352783203,7.407878398895264,3.1625304222106934,7.054579257965088,,,,,,,0.0,,,1.3699999999999999,3.25,3.11,4.0600000000000005,3.33
2025,02/01/2026,OKC,DEN,Chet Holmgren,PF,,,,,,,,,,,31.006528854370117,16.063568115234375,7.292481899261475,12.416407585144043,,,,,,,0.0,,,2.74,4.909999999999999,6.3,7.459999999999999,8.79
2025,02/01/2026,OKC,DEN,Chris Youngblood,SG,,,,,,,,,,,6.003793716430664,1.923832893371582,1.0115547180175781,2.010148286819458,,,,,,,0.0,,,0.0,0.0,1.7899999999999998,0.0,2.48
2025,02/01/2026,OKC,DEN,Isaiah Hartenstein,C,,,,,,,,,,,19.488271713256836,8.579023361206055,3.9179694652557373,5.9394211769104,,,,,,,0.0,,,1.79,3.3,2.83,5.0,3.5100000000000002
2025,02/01/2026,OKC,DEN,Isaiah Joe,SG,,,,,,,,,,,22.1143798828125,11.526152610778809,3.533773183822632,8.317846298217773,,,,,,,0.0,,,2.09,5.08,2.3899999999999997,6.05,3.4899999999999998
2025,02/01/2026,OKC,DEN,Jalen Williams,SG,,,,,,,,,,,21.346826553344727,12.132979393005371,5.5127129554748535,10.753710746765137,,,,,,,0.0,,,2.8499999999999996,6.51,5.640000000000001,7.26,7.880000000000001
2025,02/01/2026,OKC,DEN,Jaylin Williams,PF,,,,,,,,,,,26.350717544555664,7.028773307800293,3.121732234954834,6.855780601501465,,,,,,,0.0,,,0.8400000000000001,2.41,2.94,2.44,2.72
2025,02/01/2026,OKC,DEN,Kenrich Williams,PF,,,,,,,,,,,20.3955078125,8.286999702453613,3.051546335220337,7.012078285217285,,,,,,,0.0,,,1.52,3.21,3.0999999999999996,3.63,4.57
2025,02/01/2026,OKC,DEN,Luguentz Dort,SF,,,,,,,,,,,31.746700286865234,9.569531440734863,4.1806535720825195,9.348518371582031,,,,,,,0.0,,,2.27,5.409999999999999,3.5299999999999994,6.52,3.8899999999999997
2025,02/01/2026,OKC,DEN,Nikola Topic,PG,,,,,,,,,,,17.369707107543945,8.319742202758789,5.592762470245361,9.202077865600586,,,,,,,0.0,,,,,,,
2025,02/01/2026,OKC,DEN,Ousmane Dieng,C,,,,,,,,,,,13.875837326049805,4.733455181121826,2.0945143699645996,3.766111135482788,,,,,,,0.0,,,0.88,1.31,2.15,2.21,1.98
2025,02/01/2026,OKC,DEN,Shai Gilgeous-Alexander,PG,,,,,,,,,,,36.30622482299805,33.566776275634766,12.06629753112793,20.501371383666992,,,,,,,0.0,,,4.6,8.42,10.43,13.27,18.7
2025,02/01/2026,OKC,DEN,Thomas Sorber,C,,,,,,,,,,,15.122236251831055,7.169070243835449,2.7698116302490234,4.935547828674316,,,,,,,0.0,,,,,,,
2025,02/01/2026,ORL,SAS,Anthony Black,PG,,,,,,,,,,,35.096797943115234,16.27264976501465,7.021955966949463,13.36744213104248,,,,,,,0.0,,,3.21,7.31,5.92,8.319999999999999,9.8
2025,02/01/2026,ORL,SAS,Colin Castleton,C,,,,,,,,,,,12.860940933227539,3.9204273223876953,1.4657247066497803,2.799726724624634,,,,,,,0.0,,,,,,,
2025,02/01/2026,ORL,SAS,Desmond Bane,SG,,,,,,,,,,,35.5225715637207,18.653839111328125,7.603017807006836,15.43587589263916,,,,,,,0.0,,,3.7600000000000002,7.88,7.03,10.1,11.11
2025,02/01/2026,ORL,SAS,Franz Wagner,SF,,,,,,,,,,,22.024091720581055,15.664953231811523,6.052267551422119,12.738382339477539,,,,,,,0.0,,,3.45,7.06,7.25,9.469999999999999,10.18
2025,02/01/2026,ORL,SAS,Goga Bitadze,C,,,,,,,,,,,14.244501113891602,5.225008964538574,2.8836886882781982,3.2108497619628906,,,,,,,0.0,,,1.67,2.88,1.19,3.67,1.6800000000000002
2025,02/01/2026,ORL,SAS,Jalen Suggs,PG,,,,,,,,,,,28.206207275390625,15.966196060180664,5.935105323791504,13.3124361038208,,,,,,,0.0,,,3.2600000000000002,7.699999999999999,4.84,8.4,5.0
2025,02/01/2026,ORL,SAS,Jamal Cain,SF,,,,,,,,,,,8.732218742370605,2.026705503463745,0.8210706114768982,1.5827585458755493,,,,,,,0.0,,,0.36,0.88,0.5,1.56,0.5
2025,02/01/2026,ORL,SAS,Jase Richardson,SG,,,,,,,,,,,14.090228080749512,5.557053565979004,2.460541009902954,4.031645774841309,,,,,,,0.0,,,0.97,2.09,2.12,2.91,2.2199999999999998
2025,02/01/2026,ORL,SAS,Jett Howard,SF,,,,,,,,,,,11.899139404296875,3.6873741149902344,1.5484927892684937,3.539855480194092,,,,,,,0.0,,,0.28,1.4899999999999998,3.12,0.88,2.88
2025,02/01/2026,ORL,SAS,Jonathan Isaac,PF,,,,,,,,,,,11.982412338256836,2.8202602863311768,1.7038644552230835,2.1054089069366455,,,,,,,0.0,,,0.38,0.76,0.75,0.88,1.42
2025,02/01/2026,ORL,SAS,Moritz Wagner,C,,,,,,,,,,,14.934571266174316,5.979062557220459,1.9783415794372559,3.8879921436309814,,,,,,,0.0,,,0.8749999999999999,3.125,2.125,2.5,3.125
2025,02/01/2026,ORL,SAS,Noah Penda,SF,,,,,,,,,,,17.309356689453125,4.118709087371826,1.8969805240631104,4.107540607452393,,,,,,,0.0,,,0.85,3.41,1.71,2.5,2.4
2025,02/01/2026,ORL,SAS,Orlando Robinson,C,,,,,,,,,,,9.725712776184082,3.4351706504821777,1.0971746444702148,2.474107503890991,,,,,,,0.0,,,1.0,1.3333333333333333,0.3333333333333333,2.3333333333333335,0.0
2025,02/01/2026,ORL,SAS,Paolo Banchero,PF,,,,,,,,,,,36.82075119018555,21.64300537109375,8.15279769897461,16.78584098815918,,,,,,,0.0,,,3.19,7.529999999999999,9.35,10.190000000000001,15.629999999999999
2025,02/01/2026,ORL,SAS,Tristan Da Silva,SF,,,,,,,,,,,21.120330810546875,8.274646759033203,3.822795867919922,6.853250980377197,,,,,,,0.0,,,1.24,3.04,3.4,3.3,4.33
2025,02/01/2026,ORL,SAS,Tyus Jones,PG,,,,,,,,,,,16.742996215820312,2.645477294921875,1.5858738422393799,2.977367639541626,,,,,,,0.0,,,0.49,1.62,1.8599999999999999,1.25,1.44
2025,02/01/2026,ORL,SAS,Wendell Carter Jr.,C,,,,,,,,,,,31.270523071289062,12.26218032836914,5.022430896759033,9.560894966125488,,,,,,,0.0,,,2.74,4.93,4.459999999999999,7.140000000000001,4.83
2025,02/01/2026,PHO,LAC,Collin Gillespie,PG,,,,,,,,,,,28.414438247680664,13.56088638305664,5.873296737670898,11.969513893127441,,,,,,,0.0,,,1.8800000000000001,4.9399999999999995,4.8,6.1,7.82
2025,02/01/2026,PHO,LAC,Devin Booker,SG,,,,,,,,,,,27.1120662689209,17.844398498535156,7.253666877746582,15.432635307312012,,,,,,,0.0,,,4.209999999999999,9.7,9.27,12.86,12.59
2025,02/01/2026,PHO,LAC,Dillon Brooks,SF,,,,,,,,,,,31.982248306274414,22.452037811279297,9.431720733642578,17.357139587402344,,,,,,,0.0,,,4.79,8.799999999999999,8.73,14.14,9.55
2025,02/01/2026,PHO,LAC,Grayson Allen,SG,,,,,,,,,,,26.79598617553711,15.034930229187012,5.582014560699463,12.21062183380127,,,,,,,0.0,,,3.1799999999999997,6.199999999999999,7.3,10.59,8.19
2025,02/01/2026,PHO,LAC,Isaiah Livers,PF,,,,,,,,,,,13.347853660583496,2.1755948066711426,1.3003679513931274,1.6611946821212769,,,,,,,0.0,,,0.49,0.8400000000000001,0.88,1.2,1.8599999999999999
2025,02/01/2026,PHO,LAC,Jalen Green,SG,,,,,,,,,,,27.939510345458984,12.446223258972168,4.102794647216797,8.661789894104004,,,,,,,0.0,,,2.125,5.5,3.125,6.25,4.375
2025,02/01/2026,PHO,LAC,Jamaree Bouyea,PG,,,,,,,,,,,18.573516845703125,8.120889663696289,3.8406834602355957,7.657236099243164,,,,,,,0.0,,,1.91,3.63,3.37,4.279999999999999,2.77
2025,02/01/2026,PHO,LAC,Jordan Goodwin,PG,,,,,,,,,,,21.932498931884766,8.10434341430664,3.4584200382232666,8.717741012573242,,,,,,,0.0,,,1.3399999999999999,3.3,3.0700000000000003,3.24,3.2799999999999994
2025,02/01/2026,PHO,LAC,Khaman Maluach,C,,,,,,,,,,,6.849630355834961,1.2433829307556152,0.6384663581848145,0.5294957756996155,,,,,,,0.0,,,0.0,0.0,0.7,0.0,0.8
2025,02/01/2026,PHO,LAC,Koby Brea,SG,,,,,,,,,,,11.356196403503418,3.1183395385742188,1.0590897798538208,2.3413028717041016,,,,,,,0.0,,,,,,,
2025,02/01/2026,PHO,LAC,Mark Williams,C,,,,,,,,,,,27.310054779052734,12.667484283447266,5.904260158538818,8.414571762084961,,,,,,,0.0,,,2.63,4.779999999999999,3.6,5.62,6.550000000000001
2025,02/01/2026,PHO,LAC,Nick Richards,C,,,,,,,,,,,8.10993480682373,2.996674060821533,1.3426133394241333,2.215986728668213,,,,,,,0.0,,,0.4,1.42,0.9400000000000001,0.8600000000000001,1.08
2025,02/01/2026,PHO,LAC,Nigel Hayes-Davis,SF,,,,,,,,,,,11.395027160644531,0.31796741485595703,0.6901246309280396,1.142030119895935,,,,,,,0.0,,,0.0,0.16,0.6900000000000001,0.16,0.52
2025,02/01/2026,PHO,LAC,Oso Ighodaro,PF,,,,,,,,,,,20.468231201171875,4.862884998321533,2.500971794128418,3.5061087608337402,,,,,,,0.0,,,1.29,2.08,1.52,3.3,2.2399999999999998
2025,02/01/2026,PHO,LAC,Rasheer Fleming,PF,,,,,,,,,,,8.522990226745605,2.0588784217834473,1.108047366142273,2.3398687839508057,,,,,,,0.0,,,0.24,0.88,1.1099999999999999,0.64,1.1600000000000001
2025,02/01/2026,PHO,LAC,Royce O'Neale,SF,,,,,,,,,,,30.13259506225586,10.553340911865234,4.0231404304504395,8.417693138122559,,,,,,,0.0,,,1.28,4.37,3.7399999999999998,4.0,5.01
2025,02/01/2026,PHO,LAC,Ryan Dunn,SF,,,,,,,,,,,18.435144424438477,4.635255336761475,2.112665891647339,4.49899959564209,,,,,,,0.0,,,0.9400000000000001,2.15,1.98,2.2800000000000002,1.78
2025,02/01/2026,POR,CLE,Blake Wesley,SG,,,,,,,,,,,14.789968490600586,5.358364582061768,2.02812123298645,4.038504123687744,,,,,,,0.0,,,1.6249999999999998,3.375,2.25,4.0,2.0
2025,02/01/2026,POR,CLE,Caleb Love,SG,,,,,,,,,,,25.697179794311523,13.256857872009277,5.315475940704346,11.880796432495117,,,,,,,0.0,,,1.9100000000000001,5.63,7.63,5.459999999999999,7.27
2025,02/01/2026,POR,CLE,Damian Lillard,PG,,,,,,,,,,,12.999714851379395,4.190019607543945,1.374538540840149,3.1395437717437744,,,,,,,0.0,,,,,,,
2025,02/01/2026,POR,CLE,Deni Avdija,SF,,,,,,,,,,,32.76856231689453,23.682411193847656,8.440744400024414,16.739530563354492,,,,,,,0.0,,,4.47,8.969999999999999,7.12,13.79,9.36
2025,02/01/2026,POR,CLE,Donovan Clingan,C,,,,,,,,,,,27.727590560913086,10.554178237915039,5.154904842376709,9.094796180725098,,,,,,,0.0,,,1.89,4.869999999999999,4.629999999999999,4.42,6.359999999999999
2025,02/01/2026,POR,CLE,Duop Reath,C,,,,,,,,,,,11.12857723236084,3.2711379528045654,1.3909196853637695,2.616433620452881,,,,,,,0.0,,,0.16,1.46,0.9400000000000001,0.8,1.94
2025,02/01/2026,POR,CLE,Javonte Cooke,SG,,,,,,,,,,,11.258513450622559,2.1259210109710693,1.168525218963623,2.7643768787384033,,,,,,,0.0,,,0.43,1.38,0.6799999999999999,1.02,0.6799999999999999
2025,02/01/2026,POR,CLE,Jerami Grant,PF,,,,,,,,,,,26.516706466674805,15.950552940368652,4.949925422668457,10.43258285522461,,,,,,,0.0,,,2.58,6.26,4.87,7.79,6.93
2025,02/01/2026,POR,CLE,Jrue Holiday,PG,,,,,,,,,,,24.75128173828125,11.291790962219238,5.069977283477783,10.480198860168457,,,,,,,0.0,,,1.79,5.12,5.79,4.77,6.27
2025,02/01/2026,POR,CLE,Kris Murray,SF,,,,,,,,,,,20.654573440551758,5.148834228515625,2.621542453765869,4.849771022796631,,,,,,,0.0,,,0.7,2.83,2.97,2.61,4.54
2025,02/01/2026,POR,CLE,Matisse Thybulle,SG,,,,,,,,,,,12.37913990020752,4.231808662414551,1.3425984382629395,3.0103888511657715,,,,,,,0.0,,,1.3333333333333333,1.3333333333333333,1.3333333333333333,4.0,2.0
2025,02/01/2026,POR,CLE,Rayan Rupert,SG,,,,,,,,,,,15.819756507873535,3.2141432762145996,1.8197685480117798,3.891172170639038,,,,,,,0.0,,,0.72,2.21,1.9700000000000002,2.16,1.94
2025,02/01/2026,POR,CLE,Robert Williams,C,,,,,,,,,,,17.566600799560547,5.7685956954956055,2.6916615962982178,3.467944622039795,,,,,,,0.0,,,1.01,1.23,1.49,2.52,2.94
2025,02/01/2026,POR,CLE,Scoot Henderson,PG,,,,,,,,,,,12.999714851379395,4.190019607543945,1.374538540840149,3.1395437717437744,,,,,,,0.0,,,,,,,
2025,02/01/2026,POR,CLE,Shaedon Sharpe,SG,,,,,,,,,,,32.39609146118164,24.15788459777832,9.452704429626465,19.049781799316406,,,,,,,0.0,,,4.129999999999999,8.95,8.61,10.86,12.059999999999999
2025,02/01/2026,POR,CLE,Sidy Cissoko,SF,,,,,,,,,,,25.395828247070312,7.469883441925049,3.191251039505005,5.6547980308532715,,,,,,,0.0,,,1.02,2.3200000000000003,2.24,3.3899999999999997,2.8
2025,02/01/2026,POR,CLE,Toumani Camara,PF,,,,,,,,,,,33.4358024597168,13.845410346984863,5.464237213134766,10.367781639099121,,,,,,,0.0,,,2.01,4.6,4.77,5.6899999999999995,6.51
2025,02/01/2026,POR,CLE,Yang Hansen,C,,,,,,,,,,,10.31019401550293,2.642472743988037,1.084587812423706,2.7900781631469727,,,,,,,0.0,,,0.32999999999999996,1.06,1.3900000000000001,0.72,1.2999999999999998
2025,02/01/2026,SAC,WAS,Daeqwon Plowden,SG,,,,,,,,,,,13.697362899780273,4.739861488342285,1.746902585029602,3.491100549697876,,,,,,,0.0,,,,,,,
2025,02/01/2026,SAC,WAS,Dario Saric,C,,,,,,,,,,,10.323628425598145,3.728569507598877,1.0516444444656372,2.680575370788574,,,,,,,0.0,,,0.0,0.49999999999999994,0.49999999999999994,0.25,0.37499999999999994
2025,02/01/2026,SAC,WAS,DeMar DeRozan,PF,,,,,,,,,,,33.651546478271484,18.59851837158203,7.862652778625488,14.167513847351074,,,,,,,0.0,,,3.84,7.489999999999999,6.91,12.129999999999999,7.630000000000001
2025,02/01/2026,SAC,WAS,Dennis Schroder,PG,,,,,,,,,,,24.65260887145996,12.693292617797852,4.6206746101379395,10.377507209777832,,,,,,,0.0,,,1.89,4.220000000000001,6.199999999999999,6.74,5.9399999999999995
2025,02/01/2026,SAC,WAS,Devin Carter,PG,,,,,,,,,,,24.25200080871582,7.386815547943115,2.8684940338134766,6.032551288604736,,,,,,,0.0,,,0.12,0.58,2.66,0.3,3.2600000000000002
2025,02/01/2026,SAC,WAS,Domantas Sabonis,C,,,,,,,,,,,31.766284942626953,14.595396995544434,7.12431526184082,10.33316421508789,,,,,,,0.0,,,3.79,6.209999999999999,3.8899999999999997,9.02,5.24
2025,02/01/2026,SAC,WAS,Doug McDermott,SF,,,,,,,,,,,8.977581024169922,3.4235730171203613,1.0683584213256836,2.937026023864746,,,,,,,0.0,,,0.49999999999999994,2.0,1.4999999999999998,1.4999999999999998,1.4999999999999998
2025,02/01/2026,SAC,WAS,Drew Eubanks,C,,,,,,,,,,,8.97169017791748,4.440627098083496,1.6158781051635742,2.8273231983184814,,,,,,,0.0,,,1.22,2.52,0.7,2.7800000000000002,1.34
2025,02/01/2026,SAC,WAS,Dylan Cardwell,C,,,,,,,,,,,21.391239166259766,5.598610877990723,2.681997299194336,3.894662380218506,,,,,,,0.0,,,1.12,1.4,1.58,2.6799999999999997,2.2399999999999998
2025,02/01/2026,SAC,WAS,Isaiah Stevens,PG,,,,,,,,,,,13.678716659545898,4.739861488342285,1.7636165618896484,3.491100549697876,,,,,,,0.0,,,,,,,
2025,02/01/2026,SAC,WAS,Keegan Murray,PF,,,,,,,,,,,23.090370178222656,10.253921508789062,4.8370680809021,9.994140625,,,,,,,0.0,,,3.33,7.51,5.619999999999999,8.27,4.859999999999999
2025,02/01/2026,SAC,WAS,Keon Ellis,SG,,,,,,,,,,,20.280155181884766,6.699366569519043,2.2638797760009766,4.879148483276367,,,,,,,0.0,,,0.99,2.4,1.94,2.8,2.56
2025,02/01/2026,SAC,WAS,Malik Monk,SG,,,,,,,,,,,23.946731567382812,11.411131858825684,4.551631450653076,10.223013877868652,,,,,,,0.0,,,3.39,6.199999999999999,5.699999999999999,9.280000000000001,6.709999999999999
2025,02/01/2026,SAC,WAS,Maxime Raynaud,C,,,,,,,,,,,20.82381248474121,7.246933460235596,2.8876168727874756,6.353362083435059,,,,,,,0.0,,,0.9199999999999999,2.3099999999999996,2.75,1.9,4.58
2025,02/01/2026,SAC,WAS,Nique Clifford,SG,,,,,,,,,,,22.42308235168457,8.73264217376709,3.07413911819458,6.902418613433838,,,,,,,0.0,,,1.5499999999999998,4.17,3.52,3.71,3.54
2025,02/01/2026,SAC,WAS,Precious Achiuwa,C,,,,,,,,,,,26.391094207763672,7.981024265289307,3.5286319255828857,6.109279632568359,,,,,,,0.0,,,2.02,3.87,2.37,4.279999999999999,2.5799999999999996
2025,02/01/2026,SAC,WAS,Russell Westbrook,SF,,,,,,,,,,,25.800235748291016,15.339841842651367,5.9217915534973145,11.095980644226074,,,,,,,0.0,,,2.9,6.98,7.58,8.530000000000001,8.8
2025,02/01/2026,SAC,WAS,Zach LaVine,SG,,,,,,,,,,,31.87479591369629,18.857114791870117,7.0672736167907715,12.7583589553833,,,,,,,0.0,,,2.83,6.6,5.3100000000000005,9.37,7.5
2025,02/01/2026,SAS,ORL,Bismack Biyombo,C,,,,,,,,,,,9.908204078674316,0.30059322714805603,1.1494817733764648,2.143669605255127,,,,,,,0.0,,,0.22,0.22,0.39,0.44,0.5
2025,02/01/2026,SAS,ORL,Carter Bryant,PF,,,,,,,,,,,9.70109748840332,2.290327548980713,1.2291353940963745,1.9748613834381104,,,,,,,0.0,,,0.82,1.37,1.76,1.87,2.0999999999999996
2025,02/01/2026,SAS,ORL,David Jones Garcia,SF,,,,,,,,,,,10.010587692260742,2.1236894130706787,1.1487767696380615,2.2165653705596924,,,,,,,0.0,,,0.4,0.8999999999999999,1.08,1.08,1.44
2025,02/01/2026,SAS,ORL,De'Aaron Fox,PG,,,,,,,,,,,32.711151123046875,18.35710334777832,7.5138468742370605,13.26395320892334,,,,,,,0.0,,,3.08,6.14,6.02,8.14,8.35
2025,02/01/2026,SAS,ORL,Devin Vassell,SG,,,,,,,,,,,25.606061935424805,10.81458854675293,4.690869331359863,9.677824020385742,,,,,,,0.0,,,2.46,5.59,4.95,6.64,4.4399999999999995
2025,02/01/2026,SAS,ORL,Dylan Harper,SG,,,,,,,,,,,21.128713607788086,10.727046966552734,4.308745861053467,8.594757080078125,,,,,,,0.0,,,2.3,3.8299999999999996,4.75,5.18,5.640000000000001
2025,02/01/2026,SAS,ORL,Harrison Barnes,PF,,,,,,,,,,,28.52098274230957,8.227377891540527,3.8251824378967285,6.382776737213135,,,,,,,0.0,,,1.4,3.2600000000000002,2.41,3.9599999999999995,3.26
2025,02/01/2026,SAS,ORL,Harrison Ingram,SF,,,,,,,,,,,10.062677383422852,3.4296610355377197,1.1487767696380615,2.1644747257232666,,,,,,,0.0,,,0.0,0.0,1.0,0.0,1.6666666666666667
2025,02/01/2026,SAS,ORL,Jeremy Sochan,PF,,,,,,,,,,,11.733270645141602,2.440727710723877,1.177997350692749,1.36117422580719,,,,,,,0.0,,,0.11,0.32999999999999996,0.95,0.32999999999999996,0.77
2025,02/01/2026,SAS,ORL,Jordan McLaughlin,PG,,,,,,,,,,,9.095760345458984,1.5457830429077148,1.1391886472702026,1.1506776809692383,,,,,,,0.0,,,0.0,0.0,1.17,0.0,0.72
2025,02/01/2026,SAS,ORL,Julian Champagnie,SF,,,,,,,,,,,30.073837280273438,11.976126670837402,4.39371919631958,8.340960502624512,,,,,,,0.0,,,2.46,5.06,3.69,8.030000000000001,4.890000000000001
2025,02/01/2026,SAS,ORL,Keldon Johnson,SF,,,,,,,,,,,23.802885055541992,11.545252799987793,4.971499919891357,8.64892292022705,,,,,,,0.0,,,2.2199999999999998,5.24,5.359999999999999,6.0,6.89
2025,02/01/2026,SAS,ORL,Kelly Olynyk,C,,,,,,,,,,,9.535082817077637,3.388197898864746,1.3479158878326416,2.0030932426452637,,,,,,,0.0,,,0.52,1.54,0.71,1.0999999999999999,1.15
2025,02/01/2026,SAS,ORL,Lindy Waters III,SG,,,,,,,,,,,8.059480667114258,1.5378278493881226,1.003147006034851,1.797107458114624,,,,,,,0.0,,,0.12,0.8400000000000001,1.17,0.36,1.22
2025,02/01/2026,SAS,ORL,Luke Kornet,C,,,,,,,,,,,20.653743743896484,7.433600425720215,3.0064053535461426,3.5744221210479736,,,,,,,0.0,,,1.0899999999999999,2.0,1.3499999999999999,2.46,2.21
2025,02/01/2026,SAS,ORL,Stanley Umude,SG,,,,,,,,,,,13.496419906616211,4.282687187194824,1.6792634725570679,2.924657106399536,,,,,,,0.0,,,,,,,
2025,02/01/2026,SAS,ORL,Stephon Castle,PG,,,,,,,,,,,31.998977661132812,16.52239990234375,6.181822299957275,11.569995880126953,,,,,,,0.0,,,2.38,5.49,5.5600000000000005,7.25,6.42
2025,02/01/2026,SAS,ORL,Victor Wembanyama,C,,,,,,,,,,,31.006086349487305,28.065059661865234,10.56497859954834,17.98489761352539,,,,,,,0.0,,,3.82,7.930000000000001,8.440000000000001,11.29,11.11
2025,02/01/2026,TOR,UTA,A.J. Lawson,SG,,,,,,,,,,,12.80978012084961,5.0417633056640625,1.6246850490570068,3.4717419147491455,,,,,,,0.0,,,0.5599999999999999,1.2999999999999998,1.63,1.73,1.96
2025,02/01/2026,TOR,UTA,Alijah Martin,SG,,,,,,,,,,,11.574763298034668,2.3794164657592773,1.2581114768981934,2.5876760482788086,,,,,,,0.0,,,0.55,0.8999999999999999,1.03,1.5999999999999999,1.25
2025,02/01/2026,TOR,UTA,Brandon Ingram,SF,,,,,,,,,,,34.17854690551758,23.646894454956055,8.785675048828125,17.625038146972656,,,,,,,0.0,,,3.9299999999999997,8.709999999999999,8.809999999999999,11.09,12.059999999999999
2025,02/01/2026,TOR,UTA,Chucky Hepburn,PG,,,,,,,,,,,11.529512405395508,3.5389468669891357,1.2312824726104736,2.623976469039917,,,,,,,0.0,,,,,,,
2025,02/01/2026,TOR,UTA,Collin Murray-Boyles,PF,,,,,,,,,,,28.961606979370117,10.579141616821289,4.712747573852539,7.0876030921936035,,,,,,,0.0,,,2.88,4.63,2.3,7.13,2.6799999999999997
2025,02/01/2026,TOR,UTA,Garrett Temple,SG,,,,,,,,,,,8.308039665222168,1.0665678977966309,1.0797114372253418,1.1337146759033203,,,,,,,0.0,,,0.0,0.0,0.4,0.0,0.0
2025,02/01/2026,TOR,UTA,Gradey Dick,SG,,,,,,,,,,,17.533838272094727,6.843382358551025,2.55700421333313,5.311489582061768,,,,,,,0.0,,,1.52,3.92,2.69,4.9,3.77
2025,02/01/2026,TOR,UTA,Immanuel Quickley,PG,,,,,,,,,,,31.761117935180664,18.554546356201172,6.636505126953125,12.820781707763672,,,,,,,0.0,,,2.96,5.859999999999999,7.43,8.12,9.18
2025,02/01/2026,TOR,UTA,Ja'Kobe Walter,SG,,,,,,,,,,,19.64809226989746,7.549987316131592,3.012378454208374,5.587796688079834,,,,,,,0.0,,,1.2999999999999998,3.4,2.83,3.6599999999999997,3.55
2025,02/01/2026,TOR,UTA,Jakob Poeltl,C,,,,,,,,,,,18.117860794067383,7.631112098693848,3.4041030406951904,3.9341483116149902,,,,,,,0.0,,,1.8800000000000001,3.0999999999999996,2.06,4.15,2.8
2025,02/01/2026,TOR,UTA,Jamal Shead,PG,,,,,,,,,,,22.267621994018555,6.3253607749938965,2.5231471061706543,6.317208290100098,,,,,,,0.0,,,1.22,3.59,2.78,3.13,3.3600000000000003
2025,02/01/2026,TOR,UTA,Jamison Battle,SF,,,,,,,,,,,12.170451164245605,2.8920018672943115,1.5819178819656372,2.336782455444336,,,,,,,0.0,,,0.4,1.2999999999999998,1.0699999999999998,1.08,1.89
2025,02/01/2026,TOR,UTA,Jonathan Mogbo,PF,,,,,,,,,,,13.654559135437012,2.2835872173309326,1.4897860288619995,2.147481918334961,,,,,,,0.0,,,0.22999999999999998,1.1400000000000001,0.77,0.45999999999999996,1.1600000000000001
2025,02/01/2026,TOR,UTA,Ochai Agbaji,SG,,,,,,,,,,,15.756538391113281,3.7955777645111084,1.8841979503631592,3.2613625526428223,,,,,,,0.0,,,0.9199999999999999,1.39,1.87,2.42,1.66
2025,02/01/2026,TOR,UTA,RJ Barrett,SF,,,,,,,,,,,28.63478660583496,19.147428512573242,6.7791547775268555,13.845212936401367,,,,,,,0.0,,,3.21,7.2299999999999995,6.87,8.2,8.21
2025,02/01/2026,TOR,UTA,Sandro Mamukelashvili,C,,,,,,,,,,,22.280445098876953,11.734655380249023,4.46298885345459,8.220438957214355,,,,,,,0.0,,,2.1,5.29,3.44,5.819999999999999,6.640000000000001
2025,02/01/2026,TOR,UTA,Scottie Barnes,PF,,,,,,,,,,,32.78042984008789,19.125728607177734,7.9240546226501465,14.650120735168457,,,,,,,0.0,,,3.3,7.49,6.59,8.19,9.649999999999999
2025,02/01/2026,UTA,TOR,Ace Bailey,SF,,,,,,,,,,,29.17799949645996,14.109840393066406,5.435912609100342,10.775823593139648,,,,,,,0.0,,,3.5100000000000002,6.7,7.05,8.24,8.25
2025,02/01/2026,UTA,TOR,Brice Sensabaugh,SF,,,,,,,,,,,23.29170799255371,12.786402702331543,4.801083087921143,10.057831764221191,,,,,,,0.0,,,1.8,4.26,8.67,6.449999999999999,12.46
2025,02/01/2026,UTA,TOR,Cody Williams,SG,,,,,,,,,,,20.26579475402832,6.628644943237305,2.741866111755371,5.893840312957764,,,,,,,0.0,,,2.1100000000000003,3.58,3.24,4.93,3.37
2025,02/01/2026,UTA,TOR,Elijah Harkless,SG,,,,,,,,,,,11.618407249450684,3.459364414215088,1.1915255784988403,2.3902719020843506,,,,,,,0.0,,,0.125,0.37499999999999994,0.25,0.37499999999999994,1.625
2025,02/01/2026,UTA,TOR,Georges Niang,PF,,,,,,,,,,,14.639029502868652,4.857423305511475,1.793714165687561,3.9425086975097656,,,,,,,0.0,,,,,,,
2025,02/01/2026,UTA,TOR,Isaiah Collier,PG,,,,,,,,,,,27.638757705688477,10.154891967773438,4.673704147338867,7.893948078155518,,,,,,,0.0,,,1.9300000000000002,3.9799999999999995,5.16,4.1,7.17
2025,02/01/2026,UTA,TOR,John Tonje,SG,,,,,,,,,,,14.274195671081543,4.508762836456299,1.7930091619491577,3.5298376083374023,,,,,,,0.0,,,,,,,
2025,02/01/2026,UTA,TOR,Jusuf Nurkic,C,,,,,,,,,,,28.367584228515625,14.446810722351074,5.555176734924316,9.801280975341797,,,,,,,0.0,,,2.6799999999999997,5.83,7.09,6.0,10.5
2025,02/01/2026,UTA,TOR,Kevin Love,PF,,,,,,,,,,,18.488096237182617,6.738223552703857,2.1834065914154053,5.233438491821289,,,,,,,0.0,,,1.4,3.67,2.3600000000000003,4.35,2.26
2025,02/01/2026,UTA,TOR,Keyonte George,PG,,,,,,,,,,,30.029190063476562,22.509410858154297,7.313095569610596,15.574828147888184,,,,,,,0.0,,,4.45,9.12,7.55,13.669999999999998,11.81
2025,02/01/2026,UTA,TOR,Kyle Anderson,SF,,,,,,,,,,,21.86112403869629,6.333188056945801,2.9947409629821777,4.530496120452881,,,,,,,0.0,,,1.09,2.21,2.34,2.24,3.5599999999999996
2025,02/01/2026,UTA,TOR,Kyle Filipowski,C,,,,,,,,,,,21.729930877685547,8.364006042480469,3.6547608375549316,6.220887184143066,,,,,,,0.0,,,2.67,4.279999999999999,2.6999999999999997,6.74,4.08
2025,02/01/2026,UTA,TOR,Lauri Markkanen,PF,,,,,,,,,,,35.57032012939453,25.559505462646484,9.510823249816895,17.62137222290039,,,,,,,0.0,,,4.27,9.64,7.930000000000001,12.6,12.57
2025,02/01/2026,UTA,TOR,Oscar Tshiebwe,C,,,,,,,,,,,13.225483894348145,4.153116703033447,1.4392497539520264,2.9711854457855225,,,,,,,0.0,,,,,,,
2025,02/01/2026,UTA,TOR,Svi Mykhailiuk,SF,,,,,,,,,,,25.894441604614258,8.505796432495117,3.0116963386535645,6.056303977966309,,,,,,,0.0,,,1.25,3.21,2.12,3.67,2.66
2025,02/01/2026,UTA,TOR,Taylor Hendricks,PF,,,,,,,,,,,15.08851432800293,3.7821857929229736,1.412714958190918,2.803988218307495,,,,,,,0.0,,,0.62,1.89,2.0,1.7,1.69
2025,02/01/2026,UTA,TOR,Walker Kessler,C,,,,,,,,,,,21.606077194213867,7.350418567657471,2.896456480026245,5.868659019470215,,,,,,,0.0,,,3.4999999999999996,4.749999999999999,3.4999999999999996,8.874999999999998,5.999999999999999
2025,02/01/2026,UTA,TOR,Walter Clayton,PG,,,,,,,,,,,18.07163429260254,6.050645351409912,1.7127537727355957,4.595955848693848,,,,,,,0.0,,,0.77,2.75,2.11,2.11,2.6
2025,02/01/2026,WAS,SAC,AJ Johnson,SG,,,,,,,,,,,10.855552673339844,1.6329257488250732,1.0748122930526733,2.77543306350708,,,,,,,0.0,,,0.63,2.33,2.58,1.44,1.48
2025,02/01/2026,WAS,SAC,Alex Sarr,C,,,,,,,,,,,29.863113403320312,18.161890029907227,8.701075553894043,15.519143104553223,,,,,,,0.0,,,4.779999999999999,8.5,7.88,11.51,7.7
2025,02/01/2026,WAS,SAC,Anthony Gill,PF,,,,,,,,,,,11.664785385131836,1.9727842807769775,1.1673879623413086,1.5224530696868896,,,,,,,0.0,,,0.38,0.6,1.26,0.98,1.72
2025,02/01/2026,WAS,SAC,Bilal Coulibaly,SG,,,,,,,,,,,27.87908172607422,9.756503105163574,3.2526395320892334,7.704188346862793,,,,,,,0.0,,,1.69,3.9599999999999995,2.8099999999999996,4.949999999999999,3.3200000000000003
2025,02/01/2026,WAS,SAC,Bub Carrington,PG,,,,,,,,,,,32.977230072021484,12.442549705505371,4.964099884033203,10.318076133728027,,,,,,,0.0,,,2.2199999999999998,5.1,5.37,6.43,6.13
2025,02/01/2026,WAS,SAC,Cam Whitmore,SF,,,,,,,,,,,13.833508491516113,8.329845428466797,3.860560178756714,9.812681198120117,,,,,,,0.0,,,1.5899999999999999,4.22,4.77,3.78,4.76
2025,02/01/2026,WAS,SAC,Jamir Watkins,SG,,,,,,,,,,,21.01729393005371,5.247307777404785,2.5072333812713623,5.329654216766357,,,,,,,0.0,,,0.5599999999999999,2.44,3.0700000000000003,1.7399999999999998,2.8200000000000003
2025,02/01/2026,WAS,SAC,Justin Champagnie,SF,,,,,,,,,,,21.905595779418945,8.62076473236084,3.5785906314849854,6.096933364868164,,,,,,,0.0,,,2.13,3.8499999999999996,2.8,5.09,3.53
2025,02/01/2026,WAS,SAC,Khris Middleton,SF,,,,,,,,,,,26.306415557861328,11.202808380126953,4.513094902038574,9.833755493164062,,,,,,,0.0,,,2.54,5.99,4.56,6.800000000000001,5.369999999999999
2025,02/01/2026,WAS,SAC,Kyshawn George,SF,,,,,,,,,,,31.72353744506836,17.95113754272461,6.820542335510254,14.608820915222168,,,,,,,0.0,,,2.92,7.92,8.299999999999999,8.3,9.63
2025,02/01/2026,WAS,SAC,Malaki Branham,SG,,,,,,,,,,,14.657331466674805,5.834263801574707,2.2954158782958984,4.222171783447266,,,,,,,0.0,,,0.33999999999999997,1.41,3.31,1.03,5.97
2025,02/01/2026,WAS,SAC,Marvin Bagley III,PF,,,,,,,,,,,14.489655494689941,10.319780349731445,4.101556301116943,4.917603492736816,,,,,,,0.0,,,2.06,3.0,2.8999999999999995,5.59,4.08
2025,02/01/2026,WAS,SAC,Sharife Cooper,PG,,,,,,,,,,,12.673635482788086,4.148623466491699,1.3101450204849243,3.068904399871826,,,,,,,0.0,,,0.0,0.25,1.25,0.0,1.25
2025,02/01/2026,WAS,SAC,Skal Labissiere,PF,,,,,,,,,,,12.697643280029297,4.060697555541992,1.5082637071609497,3.1260008811950684,,,,,,,0.0,,,,,,,
2025,02/01/2026,WAS,SAC,Trae Young,PG,,,,,,,,,,,18.980070114135742,6.940232276916504,2.3654563426971436,5.604526042938232,,,,,,,0.0,,,,,,,
2025,02/01/2026,WAS,SAC,Tre Johnson,SG,,,,,,,,,,,23.727962493896484,12.708958625793457,4.725567817687988,11.205907821655273,,,,,,,0.0,,,2.7,7.01,6.109999999999999,8.719999999999999,7.12
2025,02/01/2026,WAS,SAC,Tristan Vukcevic,C,,,,,,,,,,,11.213318824768066,6.958003997802734,2.2964377403259277,4.810393333435059,,,,,,,0.0,,,1.02,2.8,3.12,2.76,4.779999999999999
2025,02/01/2026,WAS,SAC,Will Riley,SF,,,,,,,,,,,18.27476692199707,7.268134593963623,2.510535955429077,6.173862457275391,,,,,,,0.0,,,1.5,3.9200000000000004,3.44,4.66,3.64
