Date,StartTime_ET,AwayTeam,AwayABV,AwayPTS,HomeTeam,HomeABV,HomePTS,is_OT,Arena,AwayB2B,HomeB2B,cup_gm,pstszn_gm,rtrvd
2025-10-21,7:30p,Houston Rockets,HOU,124,Oklahoma City Thunder,OKC,125,2,Paycom Center,0,0,0,0,1
2025-10-21,10:00p,Golden State Warriors,GSW,119,Los Angeles Lakers,LAL,109,0,Crypto.com Arena,0,0,0,0,1
2025-10-22,7:00p,Brooklyn Nets,BRK,117,Charlotte Hornets,CHO,136,0,Spectrum Center,0,0,0,0,1
2025-10-22,7:00p,Cleveland Cavaliers,CLE,111,New York Knicks,NYK,119,0,Madison Square Garden (IV),0,0,0,0,1
2025-10-22,7:00p,Miami Heat,MIA,121,Orlando Magic,ORL,125,0,Kia Center,0,0,0,0,1
2025-10-22,7:30p,Philadelphia 76ers,PHI,117,Boston Celtics,BOS,116,0,TD Garden,0,0,0,0,1
2025-10-22,7:30p,Toronto Raptors,TOR,138,Atlanta Hawks,ATL,118,0,State Farm Arena,0,0,0,0,1
2025-10-22,8:00p,Detroit Pistons,DET,111,Chicago Bulls,CHI,115,0,United Center,0,0,0,0,1
2025-10-22,8:00p,New Orleans Pelicans,NOP,122,Memphis Grizzlies,MEM,128,0,FedExForum,0,0,0,0,1
2025-10-22,8:00p,Washington Wizards,WAS,120,Milwaukee Bucks,MIL,133,0,Fiserv Forum,0,0,0,0,1
2025-10-22,9:00p,Los Angeles Clippers,LAC,108,Utah Jazz,UTA,129,0,Delta Center,0,0,0,0,1
2025-10-22,9:30p,San Antonio Spurs,SAS,125,Dallas Mavericks,DAL,92,0,American Airlines Center,0,0,0,0,1
2025-10-22,10:00p,Minnesota Timberwolves,MIN,118,Portland Trail Blazers,POR,114,0,Moda Center,0,0,0,0,1
2025-10-22,10:00p,Sacramento Kings,SAC,116,Phoenix Suns,PHO,120,0,Mortgage Matchup Center,0,0,0,0,1
2025-10-23,7:30p,Oklahoma City Thunder,OKC,141,Indiana Pacers,IND,135,2,Gainbridge Fieldhouse,0,0,0,0,1
2025-10-23,10:00p,Denver Nuggets,DEN,131,Golden State Warriors,GSW,137,1,Chase Center,0,0,0,0,1
2025-10-24,6:30p,Milwaukee Bucks,MIL,122,Toronto Raptors,TOR,116,0,Scotiabank Arena,0,0,0,0,1
2025-10-24,7:00p,Atlanta Hawks,ATL,111,Orlando Magic,ORL,107,0,Kia Center,0,0,0,0,1
2025-10-24,7:30p,Cleveland Cavaliers,CLE,131,Brooklyn Nets,BRK,124,0,Barclays Center,0,0,0,0,1
2025-10-24,7:30p,Boston Celtics,BOS,95,New York Knicks,NYK,105,0,Madison Square Garden (IV),0,0,0,0,1
2025-10-24,8:00p,Detroit Pistons,DET,115,Houston Rockets,HOU,111,0,Toyota Center,0,0,0,0,1
2025-10-24,8:00p,San Antonio Spurs,SAS,120,New Orleans Pelicans,NOP,116,1,Smoothie King Center,0,0,0,0,1
2025-10-24,8:00p,Miami Heat,MIA,146,Memphis Grizzlies,MEM,114,0,FedExForum,0,0,0,0,1
2025-10-24,8:30p,Washington Wizards,WAS,117,Dallas Mavericks,DAL,107,0,American Airlines Center,0,0,0,0,1
2025-10-24,10:00p,Minnesota Timberwolves,MIN,110,Los Angeles Lakers,LAL,128,0,Crypto.com Arena,0,0,0,0,1
2025-10-24,10:00p,Golden State Warriors,GSW,119,Portland Trail Blazers,POR,139,0,Moda Center,1,0,0,0,1
2025-10-24,10:00p,Utah Jazz,UTA,104,Sacramento Kings,SAC,105,0,Golden 1 Center,0,0,0,0,1
2025-10-24,10:30p,Phoenix Suns,PHO,102,Los Angeles Clippers,LAC,129,0,Intuit Dome,0,0,0,0,1
2025-10-25,7:00p,Chicago Bulls,CHI,110,Orlando Magic,ORL,98,0,Kia Center,0,1,0,0,1
2025-10-25,7:30p,Oklahoma City Thunder,OKC,117,Atlanta Hawks,ATL,100,0,State Farm Arena,0,1,0,0,1
2025-10-25,7:30p,Charlotte Hornets,CHO,121,Philadelphia 76ers,PHI,125,0,Xfinity Mobile Arena,0,0,0,0,1
2025-10-25,8:00p,Indiana Pacers,IND,103,Memphis Grizzlies,MEM,128,0,FedExForum,0,1,0,0,1
2025-10-25,9:00p,Phoenix Suns,PHO,111,Denver Nuggets,DEN,133,0,Ball Arena,1,0,0,0,1
2025-10-26,2:00p,Brooklyn Nets,BRK,107,San Antonio Spurs,SAS,118,0,Frost Bank Center,0,0,0,0,1
2025-10-26,3:30p,Boston Celtics,BOS,113,Detroit Pistons,DET,119,0,Little Caesars Arena,0,0,0,0,1
2025-10-26,6:00p,Charlotte Hornets,CHO,139,Washington Wizards,WAS,113,0,Capital One Arena,1,0,0,0,1
2025-10-26,6:00p,New York Knicks,NYK,107,Miami Heat,MIA,115,0,Kaseya Center,0,0,0,0,1
2025-10-26,6:00p,Milwaukee Bucks,MIL,113,Cleveland Cavaliers,CLE,118,0,Rocket Arena,0,0,0,0,1
2025-10-26,7:00p,Indiana Pacers,IND,110,Minnesota Timberwolves,MIN,114,0,Target Center,1,0,0,0,1
2025-10-26,7:30p,Toronto Raptors,TOR,129,Dallas Mavericks,DAL,139,0,American Airlines Center,0,0,0,0,1
2025-10-26,9:00p,Los Angeles Lakers,LAL,127,Sacramento Kings,SAC,120,0,Golden 1 Center,0,0,0,0,1
2025-10-26,9:00p,Portland Trail Blazers,POR,107,Los Angeles Clippers,LAC,114,0,Intuit Dome,0,0,0,0,1
2025-10-27,7:00p,Cleveland Cavaliers,CLE,116,Detroit Pistons,DET,95,0,Little Caesars Arena,1,1,0,0,1
2025-10-27,7:00p,Orlando Magic,ORL,124,Philadelphia 76ers,PHI,136,0,Xfinity Mobile Arena,0,0,0,0,1
2025-10-27,8:00p,Atlanta Hawks,ATL,123,Chicago Bulls,CHI,128,0,United Center,0,0,0,0,1
2025-10-27,8:00p,Brooklyn Nets,BRK,109,Houston Rockets,HOU,137,0,Toyota Center,1,0,0,0,1
2025-10-27,8:00p,Boston Celtics,BOS,122,New Orleans Pelicans,NOP,90,0,Smoothie King Center,1,0,0,0,1
2025-10-27,8:00p,Toronto Raptors,TOR,103,San Antonio Spurs,SAS,121,0,Frost Bank Center,1,1,0,0,1
2025-10-27,8:30p,Oklahoma City Thunder,OKC,101,Dallas Mavericks,DAL,94,0,American Airlines Center,0,1,0,0,1
2025-10-27,9:00p,Phoenix Suns,PHO,134,Utah Jazz,UTA,138,1,Delta Center,0,0,0,0,1
2025-10-27,9:30p,Denver Nuggets,DEN,127,Minnesota Timberwolves,MIN,114,0,Target Center,0,1,0,0,1
2025-10-27,10:00p,Memphis Grizzlies,MEM,118,Golden State Warriors,GSW,131,0,Chase Center,0,0,0,0,1
2025-10-27,10:30p,Portland Trail Blazers,POR,122,Los Angeles Lakers,LAL,108,0,Crypto.com Arena,1,1,0,0,1
2025-10-28,7:00p,Philadelphia 76ers,PHI,139,Washington Wizards,WAS,134,1,Capital One Arena,1,0,0,0,1
2025-10-28,7:30p,Charlotte Hornets,CHO,117,Miami Heat,MIA,144,0,Kaseya Center,0,0,0,0,1
2025-10-28,8:00p,New York Knicks,NYK,111,Milwaukee Bucks,MIL,121,0,Fiserv Forum,0,0,0,0,1
2025-10-28,8:00p,Sacramento Kings,SAC,101,Oklahoma City Thunder,OKC,107,0,Paycom Center,0,1,0,0,1
2025-10-28,11:00p,Los Angeles Clippers,LAC,79,Golden State Warriors,GSW,98,0,Chase Center,0,1,0,0,1
2025-10-29,6:30p,Houston Rockets,HOU,139,Toronto Raptors,TOR,121,0,Scotiabank Arena,0,0,0,0,1
2025-10-29,7:00p,Cleveland Cavaliers,CLE,105,Boston Celtics,BOS,125,0,TD Garden,0,0,0,0,1
2025-10-29,7:00p,Orlando Magic,ORL,116,Detroit Pistons,DET,135,0,Little Caesars Arena,0,0,0,0,1
2025-10-29,7:30p,Atlanta Hawks,ATL,117,Brooklyn Nets,BRK,112,0,Barclays Center,0,0,0,0,1
2025-10-29,8:00p,Sacramento Kings,SAC,113,Chicago Bulls,CHI,126,0,United Center,1,0,0,0,1
2025-10-29,8:30p,Indiana Pacers,IND,105,Dallas Mavericks,DAL,107,0,American Airlines Center,0,0,0,0,1
2025-10-29,9:00p,Portland Trail Blazers,POR,136,Utah Jazz,UTA,134,0,Delta Center,0,0,0,0,1
2025-10-29,9:00p,New Orleans Pelicans,NOP,88,Denver Nuggets,DEN,122,0,Ball Arena,0,0,0,0,1
2025-10-29,9:30p,Los Angeles Lakers,LAL,116,Minnesota Timberwolves,MIN,115,0,Target Center,0,0,0,0,1
2025-10-29,10:00p,Memphis Grizzlies,MEM,114,Phoenix Suns,PHO,113,0,Mortgage Matchup Center,0,0,0,0,1
2025-10-30,7:00p,Orlando Magic,ORL,123,Charlotte Hornets,CHO,107,0,Spectrum Center,1,0,0,0,1
2025-10-30,8:00p,Golden State Warriors,GSW,110,Milwaukee Bucks,MIL,120,0,Fiserv Forum,0,0,0,0,1
2025-10-30,8:00p,Washington Wizards,WAS,108,Oklahoma City Thunder,OKC,127,0,Paycom Center,0,0,0,0,1
2025-10-30,8:30p,Miami Heat,MIA,101,San Antonio Spurs,SAS,107,0,Frost Bank Center,0,0,0,0,1
2025-10-31,7:00p,Atlanta Hawks,ATL,128,Indiana Pacers,IND,108,0,Gainbridge Fieldhouse,0,0,1,0,1
2025-10-31,7:00p,Boston Celtics,BOS,109,Philadelphia 76ers,PHI,108,0,Xfinity Mobile Arena,0,0,1,0,1
2025-10-31,7:30p,Toronto Raptors,TOR,112,Cleveland Cavaliers,CLE,101,0,Rocket Arena,0,0,1,0,1
2025-10-31,8:00p,New York Knicks,NYK,125,Chicago Bulls,CHI,135,0,United Center,0,0,1,0,1
2025-10-31,9:30p,Los Angeles Lakers,LAL,117,Memphis Grizzlies,MEM,112,0,FedExForum,0,0,1,0,1
2025-10-31,10:00p,Utah Jazz,UTA,96,Phoenix Suns,PHO,118,0,Mortgage Matchup Center,0,0,1,0,1
2025-10-31,10:00p,Denver Nuggets,DEN,107,Portland Trail Blazers,POR,109,0,Moda Center,0,0,1,0,1
2025-10-31,10:30p,New Orleans Pelicans,NOP,124,Los Angeles Clippers,LAC,126,0,Intuit Dome,0,0,1,0,1
2025-11-01,5:00p,Sacramento Kings,SAC,135,Milwaukee Bucks,MIL,133,0,Fiserv Forum,0,0,0,0,1
2025-11-01,6:00p,Minnesota Timberwolves,MIN,122,Charlotte Hornets,CHO,105,0,Spectrum Center,0,0,0,0,1
2025-11-01,7:00p,Golden State Warriors,GSW,109,Indiana Pacers,IND,114,0,Gainbridge Fieldhouse,0,1,0,0,1
2025-11-01,7:00p,Orlando Magic,ORL,125,Washington Wizards,WAS,94,0,Capital One Arena,0,0,0,0,1
2025-11-01,8:00p,Houston Rockets,HOU,128,Boston Celtics,BOS,101,0,TD Garden,0,1,0,0,1
2025-11-01,10:00p,Dallas Mavericks,DAL,110,Detroit Pistons,DET,122,0,Mexico City Arena,0,0,0,0,1
2025-11-02,3:30p,New Orleans Pelicans,NOP,106,Oklahoma City Thunder,OKC,137,0,Paycom Center,0,0,0,0,1
2025-11-02,6:00p,Philadelphia 76ers,PHI,129,Brooklyn Nets,BRK,105,0,Barclays Center,0,0,0,0,1
2025-11-02,6:00p,Utah Jazz,UTA,103,Charlotte Hornets,CHO,126,0,Spectrum Center,0,1,0,0,1
2025-11-02,6:00p,Atlanta Hawks,ATL,109,Cleveland Cavaliers,CLE,117,0,Rocket Arena,0,0,0,0,1
2025-11-02,6:00p,Memphis Grizzlies,MEM,104,Toronto Raptors,TOR,117,0,Scotiabank Arena,0,0,0,0,1
2025-11-02,7:00p,Chicago Bulls,CHI,116,New York Knicks,NYK,128,0,Madison Square Garden (IV),0,0,0,0,1
2025-11-02,8:00p,San Antonio Spurs,SAS,118,Phoenix Suns,PHO,130,0,Mortgage Matchup Center,0,0,0,0,1
2025-11-02,9:30p,Miami Heat,MIA,120,Los Angeles Lakers,LAL,130,0,Crypto.com Arena,0,0,0,0,1
2025-11-03,7:00p,Minnesota Timberwolves,MIN,125,Brooklyn Nets,BRK,109,0,Barclays Center,0,1,0,0,1
2025-11-03,7:00p,Milwaukee Bucks,MIL,117,Indiana Pacers,IND,115,0,Gainbridge Fieldhouse,0,0,0,0,1
2025-11-03,7:30p,Utah Jazz,UTA,105,Boston Celtics,BOS,103,0,TD Garden,1,0,0,0,1
2025-11-03,7:30p,Washington Wizards,WAS,102,New York Knicks,NYK,119,0,Madison Square Garden (IV),0,1,0,0,1
2025-11-03,8:00p,Dallas Mavericks,DAL,102,Houston Rockets,HOU,110,0,Toyota Center,0,0,0,0,1
2025-11-03,8:00p,Detroit Pistons,DET,114,Memphis Grizzlies,MEM,106,0,FedExForum,0,1,0,0,1
2025-11-03,9:00p,Sacramento Kings,SAC,124,Denver Nuggets,DEN,130,0,Ball Arena,0,0,0,0,1
2025-11-03,10:00p,Los Angeles Lakers,LAL,123,Portland Trail Blazers,POR,115,0,Moda Center,1,0,0,0,1
2025-11-03,10:30p,Miami Heat,MIA,120,Los Angeles Clippers,LAC,119,0,Intuit Dome,1,0,0,0,1
2025-11-04,7:30p,Milwaukee Bucks,MIL,100,Toronto Raptors,TOR,128,0,Scotiabank Arena,1,0,0,0,1
2025-11-04,8:00p,Orlando Magic,ORL,112,Atlanta Hawks,ATL,127,0,State Farm Arena,0,0,0,0,1
2025-11-04,8:00p,Philadelphia 76ers,PHI,111,Chicago Bulls,CHI,113,0,United Center,0,0,0,0,1
2025-11-04,8:00p,Charlotte Hornets,CHO,112,New Orleans Pelicans,NOP,116,0,Smoothie King Center,0,0,0,0,1
2025-11-04,10:00p,Phoenix Suns,PHO,107,Golden State Warriors,GSW,118,0,Chase Center,0,0,0,0,1
2025-11-04,11:00p,Oklahoma City Thunder,OKC,126,Los Angeles Clippers,LAC,107,0,Intuit Dome,0,1,0,0,1
2025-11-05,7:00p,Philadelphia 76ers,PHI,121,Cleveland Cavaliers,CLE,132,0,Rocket Arena,1,0,0,0,1
2025-11-05,7:00p,Utah Jazz,UTA,103,Detroit Pistons,DET,114,0,Little Caesars Arena,0,0,0,0,1
2025-11-05,7:00p,Brooklyn Nets,BRK,112,Indiana Pacers,IND,103,0,Gainbridge Fieldhouse,0,0,0,0,1
2025-11-05,7:30p,Washington Wizards,WAS,107,Boston Celtics,BOS,136,0,TD Garden,0,0,0,0,1
2025-11-05,7:30p,Minnesota Timberwolves,MIN,114,New York Knicks,NYK,137,0,Madison Square Garden (IV),0,0,0,0,1
2025-11-05,8:00p,Houston Rockets,HOU,124,Memphis Grizzlies,MEM,109,0,FedExForum,0,0,0,0,1
2025-11-05,8:30p,New Orleans Pelicans,NOP,101,Dallas Mavericks,DAL,99,0,American Airlines Center,1,0,0,0,1
2025-11-05,9:00p,Miami Heat,MIA,112,Denver Nuggets,DEN,122,0,Ball Arena,0,0,0,0,1
2025-11-05,10:00p,San Antonio Spurs,SAS,116,Los Angeles Lakers,LAL,118,0,Crypto.com Arena,0,0,0,0,1
2025-11-05,10:00p,Oklahoma City Thunder,OKC,119,Portland Trail Blazers,POR,121,0,Moda Center,1,0,0,0,1
2025-11-05,10:00p,Golden State Warriors,GSW,116,Sacramento Kings,SAC,121,0,Golden 1 Center,1,0,0,0,1
2025-11-06,9:00p,Los Angeles Clippers,LAC,102,Phoenix Suns,PHO,115,0,Mortgage Matchup Center,0,0,0,0,1
2025-11-07,7:00p,Boston Celtics,BOS,110,Orlando Magic,ORL,123,0,Kia Center,0,0,1,0,1
2025-11-07,7:00p,Cleveland Cavaliers,CLE,148,Washington Wizards,WAS,115,0,Capital One Arena,0,0,1,0,1
2025-11-07,7:30p,Toronto Raptors,TOR,109,Atlanta Hawks,ATL,97,0,State Farm Arena,0,0,1,0,1
2025-11-07,7:30p,Detroit Pistons,DET,125,Brooklyn Nets,BRK,107,0,Barclays Center,0,0,1,0,1
2025-11-07,7:30p,Houston Rockets,HOU,110,San Antonio Spurs,SAS,121,0,Frost Bank Center,0,0,1,0,1
2025-11-07,8:00p,Dallas Mavericks,DAL,104,Memphis Grizzlies,MEM,118,0,FedExForum,0,0,1,0,1
2025-11-07,8:00p,Charlotte Hornets,CHO,108,Miami Heat,MIA,126,0,Kaseya Center,0,0,1,0,1
2025-11-07,8:00p,Chicago Bulls,CHI,110,Milwaukee Bucks,MIL,126,0,Fiserv Forum,0,0,1,0,1
2025-11-07,8:00p,Utah Jazz,UTA,97,Minnesota Timberwolves,MIN,137,0,Target Center,0,0,1,0,1
2025-11-07,10:00p,Golden State Warriors,GSW,104,Denver Nuggets,DEN,129,0,Ball Arena,0,0,1,0,1
2025-11-07,10:00p,Oklahoma City Thunder,OKC,132,Sacramento Kings,SAC,101,0,Golden 1 Center,0,0,1,0,1
2025-11-08,7:00p,Dallas Mavericks,DAL,111,Washington Wizards,WAS,105,0,Capital One Arena,1,1,0,0,1
2025-11-08,7:30p,Toronto Raptors,TOR,120,Philadelphia 76ers,PHI,130,0,Xfinity Mobile Arena,1,0,0,0,1
2025-11-08,8:00p,Los Angeles Lakers,LAL,102,Atlanta Hawks,ATL,122,0,State Farm Arena,0,1,0,0,1
2025-11-08,8:00p,Chicago Bulls,CHI,122,Cleveland Cavaliers,CLE,128,0,Rocket Arena,1,1,0,0,1
2025-11-08,8:00p,Portland Trail Blazers,POR,131,Miami Heat,MIA,136,0,Kaseya Center,0,1,0,0,1
2025-11-08,8:00p,New Orleans Pelicans,NOP,119,San Antonio Spurs,SAS,126,0,Frost Bank Center,0,1,0,0,1
2025-11-08,9:00p,Indiana Pacers,IND,100,Denver Nuggets,DEN,117,0,Ball Arena,0,1,0,0,1
2025-11-08,10:30p,Phoenix Suns,PHO,114,Los Angeles Clippers,LAC,103,0,Intuit Dome,0,0,0,0,1
2025-11-09,3:30p,Houston Rockets,HOU,122,Milwaukee Bucks,MIL,115,0,Fiserv Forum,0,0,0,0,1
2025-11-09,6:00p,Oklahoma City Thunder,OKC,114,Memphis Grizzlies,MEM,100,0,FedExForum,0,0,0,0,1
2025-11-09,6:00p,Brooklyn Nets,BRK,98,New York Knicks,NYK,134,0,Madison Square Garden (IV),0,0,0,0,1
2025-11-09,6:00p,Boston Celtics,BOS,111,Orlando Magic,ORL,107,0,Kia Center,0,0,0,0,1
2025-11-09,7:30p,Detroit Pistons,DET,111,Philadelphia 76ers,PHI,108,0,Xfinity Mobile Arena,0,1,0,0,1
2025-11-09,8:30p,Indiana Pacers,IND,83,Golden State Warriors,GSW,114,0,Chase Center,1,0,0,0,1
2025-11-09,9:00p,Minnesota Timberwolves,MIN,144,Sacramento Kings,SAC,117,0,Golden 1 Center,0,0,0,0,1
2025-11-10,7:00p,Los Angeles Lakers,LAL,121,Charlotte Hornets,CHO,111,0,Spectrum Center,0,0,0,0,1
2025-11-10,7:00p,Washington Wizards,WAS,135,Detroit Pistons,DET,137,1,Little Caesars Arena,0,1,0,0,1
2025-11-10,7:00p,Portland Trail Blazers,POR,112,Orlando Magic,ORL,115,0,Kia Center,0,1,0,0,1
2025-11-10,7:30p,Cleveland Cavaliers,CLE,138,Miami Heat,MIA,140,1,Kaseya Center,0,0,0,0,1
2025-11-10,8:00p,San Antonio Spurs,SAS,121,Chicago Bulls,CHI,117,0,United Center,0,0,0,0,1
2025-11-10,8:30p,Milwaukee Bucks,MIL,116,Dallas Mavericks,DAL,114,0,American Airlines Center,1,0,0,0,1
2025-11-10,9:00p,New Orleans Pelicans,NOP,98,Phoenix Suns,PHO,121,0,Mortgage Matchup Center,0,0,0,0,1
2025-11-10,9:00p,Minnesota Timberwolves,MIN,120,Utah Jazz,UTA,113,0,Delta Center,1,0,0,0,1
2025-11-10,10:30p,Atlanta Hawks,ATL,105,Los Angeles Clippers,LAC,102,0,Intuit Dome,0,0,0,0,1
2025-11-11,7:30p,Toronto Raptors,TOR,119,Brooklyn Nets,BRK,109,0,Barclays Center,0,0,0,0,1
2025-11-11,7:30p,Memphis Grizzlies,MEM,120,New York Knicks,NYK,133,0,Madison Square Garden (IV),0,0,0,0,1
2025-11-11,8:00p,Golden State Warriors,GSW,102,Oklahoma City Thunder,OKC,126,0,Paycom Center,0,0,0,0,1
2025-11-11,8:00p,Boston Celtics,BOS,100,Philadelphia 76ers,PHI,102,0,Xfinity Mobile Arena,0,0,0,0,1
2025-11-11,9:00p,Indiana Pacers,IND,128,Utah Jazz,UTA,152,0,Delta Center,0,1,0,0,1
2025-11-11,11:00p,Denver Nuggets,DEN,122,Sacramento Kings,SAC,108,0,Golden 1 Center,0,0,0,0,1
2025-11-12,7:00p,Milwaukee Bucks,MIL,100,Charlotte Hornets,CHO,111,0,Spectrum Center,0,0,0,0,1
2025-11-12,7:00p,Chicago Bulls,CHI,113,Detroit Pistons,DET,124,0,Little Caesars Arena,0,0,0,0,1
2025-11-12,7:00p,Orlando Magic,ORL,124,New York Knicks,NYK,107,0,Madison Square Garden (IV),0,1,0,0,1
2025-11-12,7:30p,Memphis Grizzlies,MEM,95,Boston Celtics,BOS,131,0,TD Garden,1,1,0,0,1
2025-11-12,7:30p,Cleveland Cavaliers,CLE,130,Miami Heat,MIA,116,0,Kaseya Center,0,0,0,0,1
2025-11-12,8:00p,Washington Wizards,WAS,112,Houston Rockets,HOU,135,0,Toyota Center,0,0,0,0,1
2025-11-12,8:00p,Portland Trail Blazers,POR,125,New Orleans Pelicans,NOP,117,0,Smoothie King Center,0,0,0,0,1
2025-11-12,8:00p,Golden State Warriors,GSW,125,San Antonio Spurs,SAS,120,0,Frost Bank Center,1,0,0,0,1
2025-11-12,8:30p,Phoenix Suns,PHO,123,Dallas Mavericks,DAL,114,0,American Airlines Center,0,0,0,0,1
2025-11-12,9:30p,Los Angeles Lakers,LAL,92,Oklahoma City Thunder,OKC,121,0,Paycom Center,0,1,0,0,1
2025-11-12,10:00p,Atlanta Hawks,ATL,133,Sacramento Kings,SAC,100,0,Golden 1 Center,0,1,0,0,1
2025-11-12,10:30p,Denver Nuggets,DEN,130,Los Angeles Clippers,LAC,116,0,Intuit Dome,1,0,0,0,1
2025-11-13,7:00p,Toronto Raptors,TOR,126,Cleveland Cavaliers,CLE,113,0,Rocket Arena,0,1,0,0,1
2025-11-13,9:00p,Indiana Pacers,IND,98,Phoenix Suns,PHO,133,0,Mortgage Matchup Center,0,1,0,0,1
2025-11-13,9:00p,Atlanta Hawks,ATL,132,Utah Jazz,UTA,122,0,Delta Center,1,0,0,0,1
2025-11-14,7:00p,Miami Heat,MIA,132,New York Knicks,NYK,140,0,Madison Square Garden (IV),0,0,1,0,1
2025-11-14,7:00p,Brooklyn Nets,BRK,98,Orlando Magic,ORL,105,0,Kia Center,0,0,1,0,1
2025-11-14,7:30p,Philadelphia 76ers,PHI,105,Detroit Pistons,DET,114,0,Little Caesars Arena,0,0,1,0,1
2025-11-14,8:00p,Portland Trail Blazers,POR,116,Houston Rockets,HOU,140,0,Toyota Center,0,0,1,0,1
2025-11-14,8:00p,Charlotte Hornets,CHO,134,Milwaukee Bucks,MIL,147,1,Fiserv Forum,0,0,1,0,1
2025-11-14,8:00p,Sacramento Kings,SAC,110,Minnesota Timberwolves,MIN,124,0,Target Center,0,0,1,0,1
2025-11-14,8:00p,Los Angeles Lakers,LAL,118,New Orleans Pelicans,NOP,104,0,Smoothie King Center,0,0,1,0,1
2025-11-14,8:30p,Los Angeles Clippers,LAC,133,Dallas Mavericks,DAL,127,2,American Airlines Center,0,0,1,0,1
2025-11-14,9:30p,Golden State Warriors,GSW,109,San Antonio Spurs,SAS,108,0,Frost Bank Center,0,0,1,0,1
2025-11-15,5:00p,Memphis Grizzlies,MEM,100,Cleveland Cavaliers,CLE,108,0,Rocket Arena,0,0,0,0,1
2025-11-15,7:00p,Oklahoma City Thunder,OKC,109,Charlotte Hornets,CHO,96,0,Spectrum Center,0,1,0,0,1
2025-11-15,7:00p,Toronto Raptors,TOR,129,Indiana Pacers,IND,111,0,Gainbridge Fieldhouse,0,0,0,0,1
2025-11-15,8:00p,Los Angeles Lakers,LAL,119,Milwaukee Bucks,MIL,95,0,Fiserv Forum,1,1,0,0,1
2025-11-15,8:00p,Denver Nuggets,DEN,123,Minnesota Timberwolves,MIN,112,0,Target Center,0,1,0,0,1
2025-11-16,3:30p,Los Angeles Clippers,LAC,118,Boston Celtics,BOS,121,0,TD Garden,0,0,0,0,1
2025-11-16,4:00p,Sacramento Kings,SAC,110,San Antonio Spurs,SAS,123,0,Frost Bank Center,0,0,0,0,1
2025-11-16,6:00p,Brooklyn Nets,BRK,129,Washington Wizards,WAS,106,0,Capital One Arena,0,0,0,0,1
2025-11-16,7:00p,Orlando Magic,ORL,113,Houston Rockets,HOU,117,1,Toyota Center,0,0,0,0,1
2025-11-16,7:00p,Golden State Warriors,GSW,124,New Orleans Pelicans,NOP,106,0,Smoothie King Center,0,0,0,0,1
2025-11-16,7:30p,Portland Trail Blazers,POR,133,Dallas Mavericks,DAL,138,1,American Airlines Center,0,0,0,0,1
2025-11-16,8:00p,Atlanta Hawks,ATL,124,Phoenix Suns,PHO,122,0,Mortgage Matchup Center,0,0,0,0,1
2025-11-16,8:00p,Chicago Bulls,CHI,147,Utah Jazz,UTA,150,2,Delta Center,0,0,0,0,1
2025-11-17,7:00p,Milwaukee Bucks,MIL,106,Cleveland Cavaliers,CLE,118,0,Rocket Arena,0,0,0,0,1
2025-11-17,7:00p,Indiana Pacers,IND,112,Detroit Pistons,DET,127,0,Little Caesars Arena,0,0,0,0,1
2025-11-17,7:00p,Los Angeles Clippers,LAC,108,Philadelphia 76ers,PHI,110,0,Xfinity Mobile Arena,1,0,0,0,1
2025-11-17,7:30p,New York Knicks,NYK,113,Miami Heat,MIA,115,0,Kaseya Center,0,0,0,0,1
2025-11-17,7:30p,Charlotte Hornets,CHO,108,Toronto Raptors,TOR,110,0,Scotiabank Arena,0,0,0,0,1
2025-11-17,8:00p,Dallas Mavericks,DAL,96,Minnesota Timberwolves,MIN,120,0,Target Center,1,0,0,0,1
2025-11-17,8:00p,Oklahoma City Thunder,OKC,126,New Orleans Pelicans,NOP,109,0,Smoothie King Center,0,1,0,0,1
2025-11-17,9:00p,Chicago Bulls,CHI,130,Denver Nuggets,DEN,127,0,Ball Arena,1,0,0,0,1
2025-11-18,7:00p,Golden State Warriors,GSW,113,Orlando Magic,ORL,121,0,Kia Center,0,0,0,0,1
2025-11-18,7:30p,Detroit Pistons,DET,120,Atlanta Hawks,ATL,112,0,State Farm Arena,1,0,0,0,1
2025-11-18,7:30p,Boston Celtics,BOS,113,Brooklyn Nets,BRK,99,0,Barclays Center,0,0,0,0,1
2025-11-18,8:00p,Memphis Grizzlies,MEM,101,San Antonio Spurs,SAS,111,0,Frost Bank Center,0,0,0,0,1
2025-11-18,10:30p,Utah Jazz,UTA,126,Los Angeles Lakers,LAL,140,0,Crypto.com Arena,0,0,0,0,1
2025-11-18,11:00p,Phoenix Suns,PHO,127,Portland Trail Blazers,POR,110,0,Moda Center,0,0,0,0,1
2025-11-19,7:00p,Houston Rockets,HOU,114,Cleveland Cavaliers,CLE,104,0,Rocket Arena,0,0,0,0,1
2025-11-19,7:00p,Charlotte Hornets,CHO,118,Indiana Pacers,IND,127,0,Gainbridge Fieldhouse,0,0,0,0,1
2025-11-19,7:00p,Toronto Raptors,TOR,121,Philadelphia 76ers,PHI,112,0,Xfinity Mobile Arena,0,0,0,0,1
2025-11-19,7:30p,Golden State Warriors,GSW,96,Miami Heat,MIA,110,0,Kaseya Center,1,0,0,0,1
2025-11-19,8:00p,Washington Wizards,WAS,109,Minnesota Timberwolves,MIN,120,0,Target Center,0,0,0,0,1
2025-11-19,8:00p,Denver Nuggets,DEN,125,New Orleans Pelicans,NOP,118,0,Smoothie King Center,0,0,0,0,1
2025-11-19,8:00p,Sacramento Kings,SAC,99,Oklahoma City Thunder,OKC,113,0,Paycom Center,0,0,0,0,1
2025-11-19,9:30p,New York Knicks,NYK,113,Dallas Mavericks,DAL,111,0,American Airlines Center,0,0,0,0,1
2025-11-19,10:00p,Chicago Bulls,CHI,122,Portland Trail Blazers,POR,121,0,Moda Center,0,1,0,0,1
2025-11-20,7:00p,Los Angeles Clippers,LAC,101,Orlando Magic,ORL,129,0,Kia Center,0,0,0,0,1
2025-11-20,8:00p,Sacramento Kings,SAC,96,Memphis Grizzlies,MEM,137,0,FedExForum,1,0,0,0,1
2025-11-20,8:00p,Philadelphia 76ers,PHI,123,Milwaukee Bucks,MIL,114,1,Fiserv Forum,1,0,0,0,1
2025-11-20,8:00p,Atlanta Hawks,ATL,126,San Antonio Spurs,SAS,135,0,Frost Bank Center,0,0,0,0,1
2025-11-21,7:00p,Indiana Pacers,IND,109,Cleveland Cavaliers,CLE,120,0,Rocket Arena,0,0,1,0,1
2025-11-21,7:30p,Brooklyn Nets,BRK,113,Boston Celtics,BOS,105,0,TD Garden,0,0,1,0,1
2025-11-21,7:30p,Washington Wizards,WAS,110,Toronto Raptors,TOR,140,0,Scotiabank Arena,0,0,1,0,1
2025-11-21,8:00p,Miami Heat,MIA,143,Chicago Bulls,CHI,107,0,United Center,0,0,1,0,1
2025-11-21,8:30p,New Orleans Pelicans,NOP,115,Dallas Mavericks,DAL,118,0,American Airlines Center,0,0,1,0,1
2025-11-21,9:00p,Minnesota Timberwolves,MIN,113,Phoenix Suns,PHO,114,0,Mortgage Matchup Center,0,0,1,0,1
2025-11-21,9:30p,Denver Nuggets,DEN,112,Houston Rockets,HOU,109,0,Toyota Center,0,0,1,0,1
2025-11-21,10:00p,Portland Trail Blazers,POR,127,Golden State Warriors,GSW,123,0,Chase Center,0,0,1,0,1
2025-11-21,10:00p,Oklahoma City Thunder,OKC,144,Utah Jazz,UTA,112,0,Delta Center,0,0,1,0,1
2025-11-22,1:00p,Los Angeles Clippers,LAC,131,Charlotte Hornets,CHO,116,0,Spectrum Center,0,0,0,0,1
2025-11-22,5:00p,New York Knicks,NYK,121,Orlando Magic,ORL,133,0,Kia Center,0,0,0,0,1
2025-11-22,7:00p,Atlanta Hawks,ATL,115,New Orleans Pelicans,NOP,98,0,Smoothie King Center,0,1,0,0,1
2025-11-22,8:00p,Washington Wizards,WAS,120,Chicago Bulls,CHI,121,0,United Center,1,1,0,0,1
2025-11-22,8:00p,Detroit Pistons,DET,129,Milwaukee Bucks,MIL,116,0,Fiserv Forum,0,0,0,0,1
2025-11-22,8:30p,Memphis Grizzlies,MEM,102,Dallas Mavericks,DAL,96,0,American Airlines Center,0,1,0,0,1
2025-11-22,10:00p,Sacramento Kings,SAC,128,Denver Nuggets,DEN,123,0,Ball Arena,0,1,0,0,1
2025-11-23,1:00p,Miami Heat,MIA,127,Philadelphia 76ers,PHI,117,0,Xfinity Mobile Arena,0,0,0,0,1
2025-11-23,6:00p,Charlotte Hornets,CHO,110,Atlanta Hawks,ATL,113,0,State Farm Arena,1,1,0,0,1
2025-11-23,6:00p,Orlando Magic,ORL,129,Boston Celtics,BOS,138,0,TD Garden,1,0,0,0,1
2025-11-23,6:00p,Los Angeles Clippers,LAC,105,Cleveland Cavaliers,CLE,120,0,Rocket Arena,1,0,0,0,1
2025-11-23,6:00p,Brooklyn Nets,BRK,109,Toronto Raptors,TOR,119,0,Scotiabank Arena,0,0,0,0,1
2025-11-23,7:00p,Portland Trail Blazers,POR,95,Oklahoma City Thunder,OKC,122,0,Paycom Center,0,0,0,0,1
2025-11-23,8:00p,San Antonio Spurs,SAS,102,Phoenix Suns,PHO,111,0,Mortgage Matchup Center,0,0,0,0,1
2025-11-23,8:00p,Los Angeles Lakers,LAL,108,Utah Jazz,UTA,106,0,Delta Center,0,0,0,0,1
2025-11-24,7:00p,Detroit Pistons,DET,122,Indiana Pacers,IND,117,0,Gainbridge Fieldhouse,0,0,0,0,1
2025-11-24,7:00p,Cleveland Cavaliers,CLE,99,Toronto Raptors,TOR,110,0,Scotiabank Arena,1,1,0,0,1
2025-11-24,7:30p,New York Knicks,NYK,113,Brooklyn Nets,BRK,100,0,Barclays Center,0,1,0,0,1
2025-11-24,7:30p,Dallas Mavericks,DAL,102,Miami Heat,MIA,106,0,Kaseya Center,0,1,0,0,1
2025-11-24,8:00p,Denver Nuggets,DEN,125,Memphis Grizzlies,MEM,115,0,FedExForum,0,0,0,0,1
2025-11-24,8:00p,Portland Trail Blazers,POR,115,Milwaukee Bucks,MIL,103,0,Fiserv Forum,1,0,0,0,1
2025-11-24,8:00p,Chicago Bulls,CHI,130,New Orleans Pelicans,NOP,143,0,Smoothie King Center,0,0,0,0,1
2025-11-24,9:30p,Houston Rockets,HOU,114,Phoenix Suns,PHO,92,0,Mortgage Matchup Center,0,1,0,0,1
2025-11-24,10:00p,Utah Jazz,UTA,117,Golden State Warriors,GSW,134,0,Chase Center,1,0,0,0,1
2025-11-24,10:00p,Minnesota Timberwolves,MIN,112,Sacramento Kings,SAC,117,1,Golden 1 Center,0,0,0,0,1
2025-11-25,7:00p,Atlanta Hawks,ATL,113,Washington Wizards,WAS,132,0,Capital One Arena,0,0,1,0,1
2025-11-25,8:00p,Orlando Magic,ORL,144,Philadelphia 76ers,PHI,103,0,Xfinity Mobile Arena,0,0,1,0,1
2025-11-25,11:00p,Los Angeles Clippers,LAC,118,Los Angeles Lakers,LAL,135,0,Crypto.com Arena,0,0,1,0,1
2025-11-26,5:00p,Detroit Pistons,DET,114,Boston Celtics,BOS,117,0,TD Garden,0,0,1,0,1
2025-11-26,7:00p,New York Knicks,NYK,129,Charlotte Hornets,CHO,101,0,Spectrum Center,0,0,1,0,1
2025-11-26,7:30p,Milwaukee Bucks,MIL,103,Miami Heat,MIA,106,0,Kaseya Center,0,0,1,0,1
2025-11-26,7:30p,Minnesota Timberwolves,MIN,105,Oklahoma City Thunder,OKC,113,0,Paycom Center,0,0,1,0,1
2025-11-26,7:30p,Indiana Pacers,IND,95,Toronto Raptors,TOR,97,0,Scotiabank Arena,0,0,1,0,1
2025-11-26,8:00p,Memphis Grizzlies,MEM,133,New Orleans Pelicans,NOP,128,1,Smoothie King Center,0,0,1,0,1
2025-11-26,10:00p,Houston Rockets,HOU,104,Golden State Warriors,GSW,100,0,Chase Center,0,0,1,0,1
2025-11-26,10:00p,San Antonio Spurs,SAS,115,Portland Trail Blazers,POR,102,0,Moda Center,0,0,1,0,1
2025-11-26,10:00p,Phoenix Suns,PHO,112,Sacramento Kings,SAC,100,0,Golden 1 Center,0,0,1,0,1
2025-11-28,7:30p,Cleveland Cavaliers,CLE,123,Atlanta Hawks,ATL,130,0,State Farm Arena,0,0,1,0,1
2025-11-28,7:30p,Philadelphia 76ers,PHI,115,Brooklyn Nets,BRK,103,0,Barclays Center,0,0,1,0,1
2025-11-28,7:30p,Chicago Bulls,CHI,116,Charlotte Hornets,CHO,123,0,Spectrum Center,0,0,1,0,1
2025-11-28,7:30p,Orlando Magic,ORL,112,Detroit Pistons,DET,109,0,Little Caesars Arena,0,0,1,0,1
2025-11-28,7:30p,Washington Wizards,WAS,86,Indiana Pacers,IND,119,0,Gainbridge Fieldhouse,0,0,1,0,1
2025-11-28,7:30p,Milwaukee Bucks,MIL,109,New York Knicks,NYK,118,0,Madison Square Garden (IV),0,0,1,0,1
2025-11-28,9:30p,San Antonio Spurs,SAS,139,Denver Nuggets,DEN,136,0,Ball Arena,0,0,1,0,1
2025-11-28,9:30p,Phoenix Suns,PHO,119,Oklahoma City Thunder,OKC,123,0,Paycom Center,0,0,1,0,1
2025-11-28,9:30p,Sacramento Kings,SAC,119,Utah Jazz,UTA,128,0,Delta Center,0,0,1,0,1
2025-11-28,10:00p,Memphis Grizzlies,MEM,112,Los Angeles Clippers,LAC,107,0,Intuit Dome,0,0,1,0,1
2025-11-28,10:00p,Dallas Mavericks,DAL,119,Los Angeles Lakers,LAL,129,0,Crypto.com Arena,0,0,1,0,1
2025-11-29,5:00p,Boston Celtics,BOS,115,Minnesota Timberwolves,MIN,119,0,Target Center,0,0,0,0,1
2025-11-29,6:00p,Toronto Raptors,TOR,111,Charlotte Hornets,CHO,118,1,Spectrum Center,0,1,0,0,1
2025-11-29,7:30p,Chicago Bulls,CHI,101,Indiana Pacers,IND,103,0,Gainbridge Fieldhouse,1,1,0,0,1
2025-11-29,8:00p,Detroit Pistons,DET,138,Miami Heat,MIA,135,0,Kaseya Center,1,0,0,0,1
2025-11-29,8:00p,Brooklyn Nets,BRK,99,Milwaukee Bucks,MIL,116,0,Fiserv Forum,1,1,0,0,1
2025-11-29,8:30p,New Orleans Pelicans,NOP,96,Golden State Warriors,GSW,104,0,Chase Center,0,0,0,0,1
2025-11-29,9:00p,Denver Nuggets,DEN,130,Phoenix Suns,PHO,112,0,Mortgage Matchup Center,1,1,0,0,1
2025-11-29,10:00p,Dallas Mavericks,DAL,114,Los Angeles Clippers,LAC,110,0,Intuit Dome,1,1,0,0,1
2025-11-30,3:00p,Houston Rockets,HOU,129,Utah Jazz,UTA,101,0,Delta Center,0,0,0,0,1
2025-11-30,6:00p,Boston Celtics,BOS,117,Cleveland Cavaliers,CLE,115,0,Rocket Arena,1,0,0,0,1
2025-11-30,6:00p,Toronto Raptors,TOR,94,New York Knicks,NYK,116,0,Madison Square Garden (IV),1,0,0,0,1
2025-11-30,6:00p,Atlanta Hawks,ATL,142,Philadelphia 76ers,PHI,134,2,Xfinity Mobile Arena,0,0,0,0,1
2025-11-30,6:00p,Oklahoma City Thunder,OKC,123,Portland Trail Blazers,POR,115,0,Moda Center,0,0,0,0,1
2025-11-30,7:00p,San Antonio Spurs,SAS,112,Minnesota Timberwolves,MIN,125,0,Target Center,0,1,0,0,1
2025-11-30,9:00p,Memphis Grizzlies,MEM,115,Sacramento Kings,SAC,107,0,Golden 1 Center,0,0,0,0,1
2025-11-30,9:30p,New Orleans Pelicans,NOP,121,Los Angeles Lakers,LAL,133,0,Crypto.com Arena,1,0,0,0,1
2025-12-01,7:00p,Atlanta Hawks,ATL,98,Detroit Pistons,DET,99,0,Little Caesars Arena,1,0,0,0,1
2025-12-01,7:00p,Cleveland Cavaliers,CLE,135,Indiana Pacers,IND,119,0,Gainbridge Fieldhouse,1,0,0,0,1
2025-12-01,7:00p,Milwaukee Bucks,MIL,126,Washington Wizards,WAS,129,0,Capital One Arena,0,0,0,0,1
2025-12-01,7:30p,Charlotte Hornets,CHO,103,Brooklyn Nets,BRK,116,0,Barclays Center,0,0,0,0,1
2025-12-01,7:30p,Los Angeles Clippers,LAC,123,Miami Heat,MIA,140,0,Kaseya Center,0,0,0,0,1
2025-12-01,7:30p,Chicago Bulls,CHI,120,Orlando Magic,ORL,125,0,Kia Center,0,0,0,0,1
2025-12-01,9:00p,Dallas Mavericks,DAL,131,Denver Nuggets,DEN,121,0,Ball Arena,0,0,0,0,1
2025-12-01,9:00p,Houston Rockets,HOU,125,Utah Jazz,UTA,133,0,Delta Center,1,1,0,0,1
2025-12-01,10:00p,Phoenix Suns,PHO,125,Los Angeles Lakers,LAL,108,0,Crypto.com Arena,0,1,0,0,1
2025-12-02,7:00p,Washington Wizards,WAS,102,Philadelphia 76ers,PHI,121,0,Xfinity Mobile Arena,1,0,0,0,1
2025-12-02,7:30p,Portland Trail Blazers,POR,118,Toronto Raptors,TOR,121,0,Scotiabank Arena,0,0,0,0,1
2025-12-02,8:00p,New York Knicks,NYK,117,Boston Celtics,BOS,123,0,TD Garden,0,0,0,0,1
2025-12-02,8:00p,Minnesota Timberwolves,MIN,149,New Orleans Pelicans,NOP,142,1,Smoothie King Center,0,0,0,0,1
2025-12-02,8:00p,Memphis Grizzlies,MEM,119,San Antonio Spurs,SAS,126,0,Frost Bank Center,0,0,0,0,1
2025-12-02,11:00p,Oklahoma City Thunder,OKC,124,Golden State Warriors,GSW,112,0,Chase Center,0,0,0,0,1
2025-12-03,7:00p,Portland Trail Blazers,POR,122,Cleveland Cavaliers,CLE,110,0,Rocket Arena,1,0,0,0,1
2025-12-03,7:00p,Denver Nuggets,DEN,135,Indiana Pacers,IND,120,0,Gainbridge Fieldhouse,0,0,0,0,1
2025-12-03,7:00p,San Antonio Spurs,SAS,114,Orlando Magic,ORL,112,0,Kia Center,1,0,0,0,1
2025-12-03,7:30p,Los Angeles Clippers,LAC,115,Atlanta Hawks,ATL,92,0,State Farm Arena,0,0,0,0,1
2025-12-03,7:30p,Charlotte Hornets,CHO,104,New York Knicks,NYK,119,0,Madison Square Garden (IV),0,1,0,0,1
2025-12-03,8:00p,Brooklyn Nets,BRK,113,Chicago Bulls,CHI,103,0,United Center,0,0,0,0,1
2025-12-03,8:00p,Sacramento Kings,SAC,95,Houston Rockets,HOU,121,0,Toyota Center,0,0,0,0,1
2025-12-03,8:00p,Detroit Pistons,DET,109,Milwaukee Bucks,MIL,113,0,Fiserv Forum,0,0,0,0,1
2025-12-03,8:30p,Miami Heat,MIA,108,Dallas Mavericks,DAL,118,0,American Airlines Center,0,0,0,0,1
2025-12-04,7:00p,Golden State Warriors,GSW,98,Philadelphia 76ers,PHI,99,0,Xfinity Mobile Arena,0,0,0,0,1
2025-12-04,7:00p,Boston Celtics,BOS,146,Washington Wizards,WAS,101,0,Capital One Arena,0,0,0,0,1
2025-12-04,7:30p,Utah Jazz,UTA,123,Brooklyn Nets,BRK,110,0,Barclays Center,0,1,0,0,1
2025-12-04,7:30p,Los Angeles Lakers,LAL,123,Toronto Raptors,TOR,120,0,Scotiabank Arena,0,0,0,0,1
2025-12-04,8:00p,Minnesota Timberwolves,MIN,125,New Orleans Pelicans,NOP,116,0,Smoothie King Center,0,0,0,0,1
2025-12-05,7:00p,Los Angeles Lakers,LAL,105,Boston Celtics,BOS,126,0,TD Garden,1,1,0,0,1
2025-12-05,7:00p,Miami Heat,MIA,105,Orlando Magic,ORL,106,0,Kia Center,0,0,0,0,1
2025-12-05,7:30p,Denver Nuggets,DEN,134,Atlanta Hawks,ATL,133,0,State Farm Arena,0,0,0,0,1
2025-12-05,7:30p,San Antonio Spurs,SAS,117,Cleveland Cavaliers,CLE,130,0,Rocket Arena,0,0,0,0,1
2025-12-05,7:30p,Portland Trail Blazers,POR,116,Detroit Pistons,DET,122,0,Little Caesars Arena,0,0,0,0,1
2025-12-05,7:30p,Utah Jazz,UTA,112,New York Knicks,NYK,146,0,Madison Square Garden (IV),1,0,0,0,1
2025-12-05,7:30p,Charlotte Hornets,CHO,111,Toronto Raptors,TOR,86,0,Scotiabank Arena,0,1,0,0,1
2025-12-05,8:00p,Indiana Pacers,IND,120,Chicago Bulls,CHI,105,0,United Center,0,0,0,0,1
2025-12-05,8:00p,Phoenix Suns,PHO,98,Houston Rockets,HOU,117,0,Toyota Center,0,0,0,0,1
2025-12-05,8:00p,Los Angeles Clippers,LAC,98,Memphis Grizzlies,MEM,107,0,FedExForum,0,0,0,0,1
2025-12-05,8:00p,Philadelphia 76ers,PHI,116,Milwaukee Bucks,MIL,101,0,Fiserv Forum,1,0,0,0,1
2025-12-05,9:30p,Dallas Mavericks,DAL,111,Oklahoma City Thunder,OKC,132,0,Paycom Center,0,0,0,0,1
2025-12-06,5:00p,New Orleans Pelicans,NOP,101,Brooklyn Nets,BRK,119,0,Barclays Center,0,0,0,0,1
2025-12-06,7:00p,Atlanta Hawks,ATL,131,Washington Wizards,WAS,116,0,Capital One Arena,1,0,0,0,1
2025-12-06,7:30p,Golden State Warriors,GSW,99,Cleveland Cavaliers,CLE,94,0,Rocket Arena,0,1,0,0,1
2025-12-06,7:30p,Milwaukee Bucks,MIL,112,Detroit Pistons,DET,124,0,Little Caesars Arena,1,1,0,0,1
2025-12-06,8:00p,Sacramento Kings,SAC,127,Miami Heat,MIA,111,0,Kaseya Center,0,1,0,0,1
2025-12-06,8:00p,Los Angeles Clippers,LAC,106,Minnesota Timberwolves,MIN,109,0,Target Center,1,0,0,0,1
2025-12-06,8:30p,Houston Rockets,HOU,109,Dallas Mavericks,DAL,122,0,American Airlines Center,1,1,0,0,1
2025-12-07,12:00p,Orlando Magic,ORL,100,New York Knicks,NYK,106,0,Madison Square Garden (IV),0,0,0,0,1
2025-12-07,3:30p,Boston Celtics,BOS,121,Toronto Raptors,TOR,113,0,Scotiabank Arena,0,0,0,0,1
2025-12-07,6:00p,Denver Nuggets,DEN,115,Charlotte Hornets,CHO,106,0,Spectrum Center,0,0,0,0,1
2025-12-07,6:00p,Portland Trail Blazers,POR,96,Memphis Grizzlies,MEM,119,0,FedExForum,0,0,0,0,1
2025-12-07,7:00p,Golden State Warriors,GSW,123,Chicago Bulls,CHI,91,0,United Center,1,0,0,0,1
2025-12-07,7:30p,Los Angeles Lakers,LAL,112,Philadelphia 76ers,PHI,108,0,Xfinity Mobile Arena,0,0,0,0,1
2025-12-07,8:00p,Oklahoma City Thunder,OKC,131,Utah Jazz,UTA,101,0,Delta Center,0,0,0,0,1
2025-12-08,7:00p,Sacramento Kings,SAC,105,Indiana Pacers,IND,116,0,Gainbridge Fieldhouse,0,0,0,0,1
2025-12-08,7:30p,Phoenix Suns,PHO,108,Minnesota Timberwolves,MIN,105,0,Target Center,0,0,0,0,1
2025-12-08,8:00p,San Antonio Spurs,SAS,135,New Orleans Pelicans,NOP,132,0,Smoothie King Center,0,0,0,0,1
2025-12-09,6:00p,Miami Heat,MIA,108,Orlando Magic,ORL,117,0,Kia Center,0,0,1,0,1
2025-12-09,8:30p,New York Knicks,NYK,117,Toronto Raptors,TOR,101,0,Scotiabank Arena,0,0,1,0,1
2025-12-10,7:30p,Phoenix Suns,PHO,89,Oklahoma City Thunder,OKC,138,0,Paycom Center,0,0,1,0,1
2025-12-10,10:00p,San Antonio Spurs,SAS,132,Los Angeles Lakers,LAL,119,0,Crypto.com Arena,0,0,1,0,1
2025-12-11,8:00p,Los Angeles Clippers,LAC,113,Houston Rockets,HOU,115,0,Toyota Center,0,0,0,0,1
2025-12-11,8:00p,Boston Celtics,BOS,101,Milwaukee Bucks,MIL,116,0,Fiserv Forum,0,0,0,0,1
2025-12-11,8:00p,Portland Trail Blazers,POR,120,New Orleans Pelicans,NOP,143,0,Smoothie King Center,0,0,0,0,1
2025-12-11,10:00p,Denver Nuggets,DEN,136,Sacramento Kings,SAC,105,0,Golden 1 Center,0,0,0,0,1
2025-12-12,7:00p,Chicago Bulls,CHI,129,Charlotte Hornets,CHO,126,0,Spectrum Center,0,0,0,0,1
2025-12-12,7:00p,Atlanta Hawks,ATL,115,Detroit Pistons,DET,142,0,Little Caesars Arena,0,0,0,0,1
2025-12-12,7:00p,Indiana Pacers,IND,105,Philadelphia 76ers,PHI,115,0,Xfinity Mobile Arena,0,0,0,0,1
2025-12-12,7:00p,Cleveland Cavaliers,CLE,130,Washington Wizards,WAS,126,0,Capital One Arena,0,0,0,0,1
2025-12-12,8:00p,Utah Jazz,UTA,130,Memphis Grizzlies,MEM,126,0,FedExForum,0,0,0,0,1
2025-12-12,8:30p,Brooklyn Nets,BRK,111,Dallas Mavericks,DAL,119,0,American Airlines Center,0,0,0,0,1
2025-12-12,10:00p,Minnesota Timberwolves,MIN,127,Golden State Warriors,GSW,120,0,Chase Center,0,0,0,0,1
2025-12-13,5:30p,New York Knicks,NYK,132,Orlando Magic,ORL,120,0,T-Mobile Arena,0,0,1,0,1
2025-12-13,9:00p,San Antonio Spurs,SAS,111,Oklahoma City Thunder,OKC,109,0,T-Mobile Arena,0,0,1,0,1
2025-12-14,3:00p,Washington Wizards,WAS,108,Indiana Pacers,IND,89,0,Gainbridge Fieldhouse,0,0,0,0,1
2025-12-14,3:30p,Charlotte Hornets,CHO,119,Cleveland Cavaliers,CLE,111,1,Rocket Arena,0,0,0,0,1
2025-12-14,6:00p,Philadelphia 76ers,PHI,117,Atlanta Hawks,ATL,120,0,State Farm Arena,0,0,0,0,1
2025-12-14,6:00p,Milwaukee Bucks,MIL,82,Brooklyn Nets,BRK,127,0,Barclays Center,0,0,0,0,1
2025-12-14,7:00p,New Orleans Pelicans,NOP,114,Chicago Bulls,CHI,104,0,United Center,0,0,0,0,1
2025-12-14,7:00p,Sacramento Kings,SAC,103,Minnesota Timberwolves,MIN,117,0,Target Center,0,0,0,0,1
2025-12-14,8:00p,Los Angeles Lakers,LAL,116,Phoenix Suns,PHO,114,0,Mortgage Matchup Center,0,0,0,0,1
2025-12-14,9:00p,Golden State Warriors,GSW,131,Portland Trail Blazers,POR,136,0,Moda Center,0,0,0,0,1
2025-12-15,7:00p,Detroit Pistons,DET,112,Boston Celtics,BOS,105,0,TD Garden,0,0,0,0,1
2025-12-15,7:30p,Toronto Raptors,TOR,106,Miami Heat,MIA,96,0,Kaseya Center,0,0,0,0,1
2025-12-15,9:00p,Dallas Mavericks,DAL,133,Utah Jazz,UTA,140,1,Delta Center,0,0,0,0,1
2025-12-15,9:30p,Houston Rockets,HOU,125,Denver Nuggets,DEN,128,1,Ball Arena,0,0,0,0,1
2025-12-15,10:30p,Memphis Grizzlies,MEM,121,Los Angeles Clippers,LAC,103,0,Intuit Dome,0,0,0,0,1
2025-12-16,8:30p,San Antonio Spurs,SAS,113,New York Knicks,NYK,124,0,T-Mobile Arena,0,0,1,0,1
2025-12-17,8:00p,Cleveland Cavaliers,CLE,111,Chicago Bulls,CHI,127,0,United Center,0,0,0,0,1
2025-12-17,8:00p,Memphis Grizzlies,MEM,116,Minnesota Timberwolves,MIN,110,0,Target Center,0,0,0,0,1
2025-12-18,7:00p,Atlanta Hawks,ATL,126,Charlotte Hornets,CHO,133,0,Spectrum Center,0,0,0,0,1
2025-12-18,7:00p,New York Knicks,NYK,114,Indiana Pacers,IND,113,0,Gainbridge Fieldhouse,0,0,0,0,1
2025-12-18,7:30p,Miami Heat,MIA,106,Brooklyn Nets,BRK,95,0,Barclays Center,0,0,0,0,1
2025-12-18,8:00p,Toronto Raptors,TOR,111,Milwaukee Bucks,MIL,105,0,Fiserv Forum,0,0,0,0,1
2025-12-18,8:00p,Houston Rockets,HOU,128,New Orleans Pelicans,NOP,133,1,Smoothie King Center,0,0,0,0,1
2025-12-18,8:00p,Los Angeles Clippers,LAC,101,Oklahoma City Thunder,OKC,122,0,Paycom Center,0,0,0,0,1
2025-12-18,8:00p,Washington Wizards,WAS,94,San Antonio Spurs,SAS,119,0,Frost Bank Center,0,0,0,0,1
2025-12-18,8:30p,Detroit Pistons,DET,114,Dallas Mavericks,DAL,116,1,American Airlines Center,0,0,0,0,1
2025-12-18,9:00p,Orlando Magic,ORL,115,Denver Nuggets,DEN,126,0,Ball Arena,0,0,0,0,1
2025-12-18,9:00p,Golden State Warriors,GSW,98,Phoenix Suns,PHO,99,0,Mortgage Matchup Center,0,0,0,0,1
2025-12-18,9:00p,Los Angeles Lakers,LAL,143,Utah Jazz,UTA,135,0,Delta Center,0,0,0,0,1
2025-12-18,10:00p,Sacramento Kings,SAC,133,Portland Trail Blazers,POR,134,1,Moda Center,0,0,0,0,1
2025-12-19,7:00p,Miami Heat,MIA,116,Boston Celtics,BOS,129,0,TD Garden,1,0,0,0,1
2025-12-19,7:00p,Philadelphia 76ers,PHI,116,New York Knicks,NYK,107,0,Madison Square Garden (IV),0,1,0,0,1
2025-12-19,7:30p,San Antonio Spurs,SAS,126,Atlanta Hawks,ATL,98,0,State Farm Arena,1,1,0,0,1
2025-12-19,7:30p,Chicago Bulls,CHI,136,Cleveland Cavaliers,CLE,125,0,Rocket Arena,0,0,0,0,1
2025-12-19,9:30p,Oklahoma City Thunder,OKC,107,Minnesota Timberwolves,MIN,112,0,Target Center,1,0,0,0,1
2025-12-20,5:00p,Houston Rockets,HOU,115,Denver Nuggets,DEN,101,0,Ball Arena,0,0,0,0,1
2025-12-20,7:00p,Indiana Pacers,IND,109,New Orleans Pelicans,NOP,128,0,Smoothie King Center,0,0,0,0,1
2025-12-20,7:00p,Dallas Mavericks,DAL,114,Philadelphia 76ers,PHI,121,0,Xfinity Mobile Arena,0,1,0,0,1
2025-12-20,7:00p,Boston Celtics,BOS,112,Toronto Raptors,TOR,96,0,Scotiabank Arena,1,0,0,0,1
2025-12-20,7:30p,Charlotte Hornets,CHO,86,Detroit Pistons,DET,112,0,Little Caesars Arena,0,0,0,0,1
2025-12-20,8:00p,Washington Wizards,WAS,130,Memphis Grizzlies,MEM,122,0,FedExForum,0,0,0,0,1
2025-12-20,8:30p,Phoenix Suns,PHO,116,Golden State Warriors,GSW,119,0,Chase Center,0,0,0,0,1
2025-12-20,9:30p,Orlando Magic,ORL,128,Utah Jazz,UTA,127,1,Delta Center,0,0,0,0,1
2025-12-20,10:00p,Portland Trail Blazers,POR,98,Sacramento Kings,SAC,93,0,Golden 1 Center,0,0,0,0,1
2025-12-20,10:30p,Los Angeles Lakers,LAL,88,Los Angeles Clippers,LAC,103,0,Intuit Dome,0,0,0,0,1
2025-12-21,3:30p,Chicago Bulls,CHI,152,Atlanta Hawks,ATL,150,0,State Farm Arena,0,0,0,0,1
2025-12-21,6:00p,Toronto Raptors,TOR,81,Brooklyn Nets,BRK,96,0,Barclays Center,1,0,0,0,1
2025-12-21,6:00p,Miami Heat,MIA,125,New York Knicks,NYK,132,0,Madison Square Garden (IV),0,0,0,0,1
2025-12-21,7:00p,Milwaukee Bucks,MIL,100,Minnesota Timberwolves,MIN,103,0,Target Center,0,0,0,0,1
2025-12-21,7:00p,San Antonio Spurs,SAS,124,Washington Wizards,WAS,113,0,Capital One Arena,0,1,0,0,1
2025-12-21,10:00p,Houston Rockets,HOU,124,Sacramento Kings,SAC,125,1,Golden 1 Center,1,1,0,0,1
2025-12-22,7:00p,Charlotte Hornets,CHO,132,Cleveland Cavaliers,CLE,139,0,Rocket Arena,0,0,0,0,1
2025-12-22,7:30p,Indiana Pacers,IND,95,Boston Celtics,BOS,103,0,TD Garden,0,0,0,0,1
2025-12-22,8:00p,Dallas Mavericks,DAL,113,New Orleans Pelicans,NOP,119,0,Smoothie King Center,0,0,0,0,1
2025-12-22,9:00p,Utah Jazz,UTA,112,Denver Nuggets,DEN,135,0,Ball Arena,0,0,0,0,1
2025-12-22,9:30p,Memphis Grizzlies,MEM,103,Oklahoma City Thunder,OKC,119,0,Paycom Center,0,0,0,0,1
2025-12-22,10:00p,Orlando Magic,ORL,97,Golden State Warriors,GSW,120,0,Chase Center,0,0,0,0,1
2025-12-22,10:00p,Detroit Pistons,DET,110,Portland Trail Blazers,POR,102,0,Moda Center,0,0,0,0,1
2025-12-23,7:00p,Washington Wizards,WAS,109,Charlotte Hornets,CHO,126,0,Spectrum Center,0,1,0,0,1
2025-12-23,7:00p,Brooklyn Nets,BRK,114,Philadelphia 76ers,PHI,106,0,Xfinity Mobile Arena,0,0,0,0,1
2025-12-23,7:30p,Chicago Bulls,CHI,126,Atlanta Hawks,ATL,123,0,State Farm Arena,0,0,0,0,1
2025-12-23,7:30p,New Orleans Pelicans,NOP,118,Cleveland Cavaliers,CLE,141,0,Rocket Arena,1,1,0,0,1
2025-12-23,7:30p,Milwaukee Bucks,MIL,111,Indiana Pacers,IND,94,0,Gainbridge Fieldhouse,0,1,0,0,1
2025-12-23,7:30p,Toronto Raptors,TOR,112,Miami Heat,MIA,91,0,Kaseya Center,0,0,0,0,1
2025-12-23,8:00p,Denver Nuggets,DEN,130,Dallas Mavericks,DAL,131,0,American Airlines Center,1,1,0,0,1
2025-12-23,8:00p,New York Knicks,NYK,104,Minnesota Timberwolves,MIN,115,0,Target Center,0,0,0,0,1
2025-12-23,8:30p,Oklahoma City Thunder,OKC,110,San Antonio Spurs,SAS,130,0,Frost Bank Center,1,0,0,0,1
2025-12-23,9:00p,Los Angeles Lakers,LAL,108,Phoenix Suns,PHO,132,0,Mortgage Matchup Center,0,0,0,0,1
2025-12-23,9:00p,Memphis Grizzlies,MEM,137,Utah Jazz,UTA,128,0,Delta Center,1,1,0,0,1
2025-12-23,10:00p,Orlando Magic,ORL,110,Portland Trail Blazers,POR,106,0,Moda Center,1,1,0,0,1
2025-12-23,10:00p,Detroit Pistons,DET,136,Sacramento Kings,SAC,127,0,Golden 1 Center,1,0,0,0,1
2025-12-23,10:30p,Houston Rockets,HOU,108,Los Angeles Clippers,LAC,128,0,Intuit Dome,0,0,0,0,1
2025-12-25,12:00p,Cleveland Cavaliers,CLE,124,New York Knicks,NYK,126,0,Madison Square Garden (IV),0,0,0,0,1
2025-12-25,2:30p,San Antonio Spurs,SAS,117,Oklahoma City Thunder,OKC,102,0,Paycom Center,0,0,0,0,1
2025-12-25,5:00p,Dallas Mavericks,DAL,116,Golden State Warriors,GSW,126,0,Chase Center,0,0,0,0,1
2025-12-25,8:00p,Houston Rockets,HOU,119,Los Angeles Lakers,LAL,96,0,Crypto.com Arena,0,0,0,0,1
2025-12-25,10:30p,Minnesota Timberwolves,MIN,138,Denver Nuggets,DEN,142,1,Ball Arena,0,0,0,0,1
2025-12-26,7:00p,Miami Heat,MIA,126,Atlanta Hawks,ATL,111,0,State Farm Arena,0,0,0,0,1
2025-12-26,7:00p,Boston Celtics,BOS,140,Indiana Pacers,IND,122,0,Gainbridge Fieldhouse,0,0,0,0,1
2025-12-26,7:00p,Charlotte Hornets,CHO,120,Orlando Magic,ORL,105,0,Kia Center,0,0,0,0,1
2025-12-26,7:00p,Toronto Raptors,TOR,117,Washington Wizards,WAS,138,0,Capital One Arena,0,0,0,0,1
2025-12-26,7:30p,Philadelphia 76ers,PHI,102,Chicago Bulls,CHI,109,0,United Center,0,0,0,0,1
2025-12-26,8:00p,Milwaukee Bucks,MIL,104,Memphis Grizzlies,MEM,125,0,FedExForum,0,0,0,0,1
2025-12-26,8:00p,Phoenix Suns,PHO,115,New Orleans Pelicans,NOP,108,0,Smoothie King Center,0,0,0,0,1
2025-12-26,9:30p,Detroit Pistons,DET,129,Utah Jazz,UTA,131,0,Delta Center,0,0,0,0,1
2025-12-26,10:00p,Los Angeles Clippers,LAC,119,Portland Trail Blazers,POR,103,0,Moda Center,0,0,0,0,1
2025-12-27,5:00p,Dallas Mavericks,DAL,107,Sacramento Kings,SAC,113,0,Golden 1 Center,0,0,0,0,1
2025-12-27,7:00p,Phoenix Suns,PHO,123,New Orleans Pelicans,NOP,114,0,Smoothie King Center,1,1,0,0,1
2025-12-27,7:00p,Denver Nuggets,DEN,126,Orlando Magic,ORL,127,0,Kia Center,0,1,0,0,1
2025-12-27,8:00p,New York Knicks,NYK,128,Atlanta Hawks,ATL,125,0,State Farm Arena,0,1,0,0,1
2025-12-27,8:00p,Milwaukee Bucks,MIL,112,Chicago Bulls,CHI,103,0,United Center,1,1,0,0,1
2025-12-27,8:00p,Cleveland Cavaliers,CLE,100,Houston Rockets,HOU,117,0,Toyota Center,0,0,0,0,1
2025-12-27,8:00p,Indiana Pacers,IND,116,Miami Heat,MIA,142,0,Kaseya Center,1,1,0,0,1
2025-12-27,8:00p,Brooklyn Nets,BRK,123,Minnesota Timberwolves,MIN,107,0,Target Center,0,0,0,0,1
2025-12-27,8:00p,Utah Jazz,UTA,127,San Antonio Spurs,SAS,114,0,Frost Bank Center,1,0,0,0,1
2025-12-28,3:30p,Philadelphia 76ers,PHI,104,Oklahoma City Thunder,OKC,129,0,Paycom Center,0,0,0,0,1
2025-12-28,3:30p,Golden State Warriors,GSW,127,Toronto Raptors,TOR,141,1,Scotiabank Arena,0,0,0,0,1
2025-12-28,6:00p,Boston Celtics,BOS,108,Portland Trail Blazers,POR,114,0,Moda Center,0,0,0,0,1
2025-12-28,6:00p,Memphis Grizzlies,MEM,112,Washington Wizards,WAS,116,0,Capital One Arena,0,0,0,0,1
2025-12-28,9:00p,Detroit Pistons,DET,99,Los Angeles Clippers,LAC,112,0,Intuit Dome,0,0,0,0,1
2025-12-28,9:30p,Sacramento Kings,SAC,101,Los Angeles Lakers,LAL,125,0,Crypto.com Arena,1,0,0,0,1
2025-12-29,7:00p,Milwaukee Bucks,MIL,123,Charlotte Hornets,CHO,113,0,Spectrum Center,0,0,0,0,1
2025-12-29,7:00p,Phoenix Suns,PHO,115,Washington Wizards,WAS,101,0,Capital One Arena,0,1,0,0,1
2025-12-29,7:30p,Golden State Warriors,GSW,120,Brooklyn Nets,BRK,107,0,Barclays Center,1,0,0,0,1
2025-12-29,7:30p,Denver Nuggets,DEN,123,Miami Heat,MIA,147,0,Kaseya Center,0,0,0,0,1
2025-12-29,7:30p,Orlando Magic,ORL,106,Toronto Raptors,TOR,107,0,Scotiabank Arena,0,1,0,0,1
2025-12-29,8:00p,Minnesota Timberwolves,MIN,136,Chicago Bulls,CHI,101,0,United Center,0,0,0,0,1
2025-12-29,8:00p,Indiana Pacers,IND,119,Houston Rockets,HOU,126,0,Toyota Center,0,0,0,0,1
2025-12-29,8:00p,New York Knicks,NYK,130,New Orleans Pelicans,NOP,125,0,Smoothie King Center,0,0,0,0,1
2025-12-29,8:00p,Atlanta Hawks,ATL,129,Oklahoma City Thunder,OKC,140,0,Paycom Center,0,1,0,0,1
2025-12-29,8:00p,Cleveland Cavaliers,CLE,113,San Antonio Spurs,SAS,101,0,Frost Bank Center,0,0,0,0,1
2025-12-29,10:30p,Dallas Mavericks,DAL,122,Portland Trail Blazers,POR,125,0,Moda Center,0,1,0,0,1
2025-12-30,8:00p,Philadelphia 76ers,PHI,139,Memphis Grizzlies,MEM,136,1,FedExForum,0,0,0,0,1
2025-12-30,9:00p,Boston Celtics,BOS,129,Utah Jazz,UTA,119,0,Delta Center,0,0,0,0,1
2025-12-30,10:30p,Detroit Pistons,DET,128,Los Angeles Lakers,LAL,106,0,Crypto.com Arena,0,0,0,0,1
2025-12-30,11:00p,Sacramento Kings,SAC,90,Los Angeles Clippers,LAC,131,0,Intuit Dome,0,0,0,0,1
2025-12-31,1:00p,Golden State Warriors,GSW,132,Charlotte Hornets,CHO,125,0,Spectrum Center,0,0,0,0,1
2025-12-31,3:00p,Minnesota Timberwolves,MIN,102,Atlanta Hawks,ATL,126,0,State Farm Arena,0,0,0,0,1
2025-12-31,3:00p,Orlando Magic,ORL,112,Indiana Pacers,IND,110,0,Gainbridge Fieldhouse,0,0,0,0,1
2025-12-31,3:30p,Phoenix Suns,PHO,113,Cleveland Cavaliers,CLE,129,0,Rocket Arena,0,0,0,0,1
2025-12-31,7:00p,New Orleans Pelicans,NOP,118,Chicago Bulls,CHI,134,0,United Center,0,0,0,0,1
2025-12-31,7:00p,New York Knicks,NYK,132,San Antonio Spurs,SAS,134,0,Frost Bank Center,0,0,0,0,1
2025-12-31,7:30p,Denver Nuggets,DEN,106,Toronto Raptors,TOR,103,0,Scotiabank Arena,0,0,0,0,1
2025-12-31,8:00p,Washington Wizards,WAS,114,Milwaukee Bucks,MIL,113,0,Fiserv Forum,0,0,0,0,1
2025-12-31,8:00p,Portland Trail Blazers,POR,95,Oklahoma City Thunder,OKC,124,0,Paycom Center,0,0,0,0,1
2026-01-01,6:00p,Houston Rockets,HOU,120,Brooklyn Nets,BRK,96,0,Barclays Center,0,0,0,0,1
2026-01-01,7:00p,Miami Heat,MIA,118,Detroit Pistons,DET,112,0,Little Caesars Arena,0,0,0,0,1
2026-01-01,8:30p,Philadelphia 76ers,PHI,123,Dallas Mavericks,DAL,108,0,American Airlines Center,0,0,0,0,1
2026-01-01,10:00p,Boston Celtics,BOS,120,Sacramento Kings,SAC,106,0,Golden 1 Center,0,0,0,0,1
2026-01-01,10:30p,Utah Jazz,UTA,101,Los Angeles Clippers,LAC,118,0,Intuit Dome,0,0,0,0,1
2026-01-02,7:00p,San Antonio Spurs,SAS,123,Indiana Pacers,IND,113,0,Gainbridge Fieldhouse,0,0,0,0,1
2026-01-02,7:00p,Brooklyn Nets,BRK,99,Washington Wizards,WAS,119,0,Capital One Arena,1,0,0,0,1
2026-01-02,7:30p,Denver Nuggets,DEN,108,Cleveland Cavaliers,CLE,113,0,Rocket Arena,0,0,0,0,1
2026-01-02,7:30p,Atlanta Hawks,ATL,111,New York Knicks,NYK,99,0,Madison Square Garden (IV),0,0,0,0,1
2026-01-02,8:00p,Orlando Magic,ORL,114,Chicago Bulls,CHI,121,0,United Center,0,0,0,0,1
2026-01-02,8:00p,Charlotte Hornets,CHO,121,Milwaukee Bucks,MIL,122,0,Fiserv Forum,0,0,0,0,1
2026-01-02,8:00p,Portland Trail Blazers,POR,122,New Orleans Pelicans,NOP,109,0,Smoothie King Center,0,0,0,0,1
2026-01-02,9:00p,Sacramento Kings,SAC,102,Phoenix Suns,PHO,129,0,Mortgage Matchup Center,1,0,0,0,1
2026-01-02,10:00p,Oklahoma City Thunder,OKC,131,Golden State Warriors,GSW,94,0,Chase Center,0,0,0,0,1
2026-01-02,10:30p,Memphis Grizzlies,MEM,121,Los Angeles Lakers,LAL,128,0,Crypto.com Arena,0,0,0,0,1
2026-01-03,5:00p,Minnesota Timberwolves,MIN,125,Miami Heat,MIA,115,0,Kaseya Center,0,0,0,0,1
2026-01-03,7:30p,Philadelphia 76ers,PHI,130,New York Knicks,NYK,119,0,Madison Square Garden (IV),0,1,0,0,1
2026-01-03,7:30p,Atlanta Hawks,ATL,117,Toronto Raptors,TOR,134,0,Scotiabank Arena,1,0,0,0,1
2026-01-03,8:00p,Charlotte Hornets,CHO,112,Chicago Bulls,CHI,99,0,United Center,1,1,0,0,1
2026-01-03,8:00p,Portland Trail Blazers,POR,115,San Antonio Spurs,SAS,110,0,Frost Bank Center,1,1,0,0,1
2026-01-03,8:30p,Houston Rockets,HOU,104,Dallas Mavericks,DAL,110,0,American Airlines Center,0,0,0,0,1
2026-01-03,10:00p,Utah Jazz,UTA,114,Golden State Warriors,GSW,123,0,Chase Center,0,1,0,0,1
2026-01-03,10:30p,Boston Celtics,BOS,146,Los Angeles Clippers,LAC,115,0,Intuit Dome,0,0,0,0,1
2026-01-04,2:00p,Detroit Pistons,DET,114,Cleveland Cavaliers,CLE,110,0,Rocket Arena,0,0,0,0,1
2026-01-04,3:00p,Indiana Pacers,IND,127,Orlando Magic,ORL,135,0,Kia Center,0,0,0,0,1
2026-01-04,3:30p,Denver Nuggets,DEN,115,Brooklyn Nets,BRK,127,0,Barclays Center,0,0,0,0,1
2026-01-04,6:00p,New Orleans Pelicans,NOP,106,Miami Heat,MIA,125,0,Kaseya Center,0,1,0,0,1
2026-01-04,6:00p,Minnesota Timberwolves,MIN,141,Washington Wizards,WAS,115,0,Capital One Arena,1,0,0,0,1
2026-01-04,8:00p,Oklahoma City Thunder,OKC,105,Phoenix Suns,PHO,108,0,Mortgage Matchup Center,0,0,0,0,1
2026-01-04,9:00p,Milwaukee Bucks,MIL,115,Sacramento Kings,SAC,98,0,Golden 1 Center,0,0,0,0,1
2026-01-04,9:30p,Memphis Grizzlies,MEM,114,Los Angeles Lakers,LAL,120,0,Crypto.com Arena,0,0,0,0,1
2026-01-05,7:00p,New York Knicks,NYK,90,Detroit Pistons,DET,121,0,Little Caesars Arena,0,1,0,0,1
2026-01-05,7:30p,Chicago Bulls,CHI,101,Boston Celtics,BOS,115,0,TD Garden,0,0,0,0,1
2026-01-05,7:30p,Atlanta Hawks,ATL,100,Toronto Raptors,TOR,118,0,Scotiabank Arena,0,0,0,0,1
2026-01-05,8:00p,Phoenix Suns,PHO,97,Houston Rockets,HOU,100,0,Toyota Center,1,0,0,0,1
2026-01-05,8:00p,Charlotte Hornets,CHO,124,Oklahoma City Thunder,OKC,97,0,Paycom Center,0,1,0,0,1
2026-01-05,8:30p,Denver Nuggets,DEN,125,Philadelphia 76ers,PHI,124,1,Xfinity Mobile Arena,1,0,0,0,1
2026-01-05,10:00p,Golden State Warriors,GSW,102,Los Angeles Clippers,LAC,103,0,Intuit Dome,0,0,0,0,1
2026-01-05,10:00p,Utah Jazz,UTA,117,Portland Trail Blazers,POR,137,0,Moda Center,0,0,0,0,1
2026-01-06,7:00p,Cleveland Cavaliers,CLE,120,Indiana Pacers,IND,116,0,Gainbridge Fieldhouse,0,0,0,0,1
2026-01-06,7:00p,Orlando Magic,ORL,112,Washington Wizards,WAS,120,0,Capital One Arena,0,0,0,0,1
2026-01-06,8:00p,San Antonio Spurs,SAS,105,Memphis Grizzlies,MEM,106,0,FedExForum,0,0,0,0,1
2026-01-06,8:00p,Miami Heat,MIA,94,Minnesota Timberwolves,MIN,122,0,Target Center,0,0,0,0,1
2026-01-06,8:00p,Los Angeles Lakers,LAL,111,New Orleans Pelicans,NOP,103,0,Smoothie King Center,0,0,0,0,1
2026-01-06,11:00p,Dallas Mavericks,DAL,100,Sacramento Kings,SAC,98,0,Golden 1 Center,0,0,0,0,1
2026-01-07,7:00p,Denver Nuggets,DEN,114,Boston Celtics,BOS,110,0,TD Garden,0,0,0,0,1
2026-01-07,7:00p,Toronto Raptors,TOR,97,Charlotte Hornets,CHO,96,0,Spectrum Center,0,0,0,0,1
2026-01-07,7:00p,Chicago Bulls,CHI,93,Detroit Pistons,DET,108,0,Little Caesars Arena,0,0,0,0,1
2026-01-07,7:00p,Washington Wizards,WAS,110,Philadelphia 76ers,PHI,131,0,Xfinity Mobile Arena,1,0,0,0,1
2026-01-07,7:30p,New Orleans Pelicans,NOP,100,Atlanta Hawks,ATL,117,0,State Farm Arena,1,0,0,0,1
2026-01-07,7:30p,Orlando Magic,ORL,104,Brooklyn Nets,BRK,103,1,Barclays Center,1,0,0,0,1
2026-01-07,7:30p,Los Angeles Clippers,LAC,111,New York Knicks,NYK,123,0,Madison Square Garden (IV),0,0,0,0,1
2026-01-07,8:00p,Phoenix Suns,PHO,117,Memphis Grizzlies,MEM,98,0,FedExForum,0,1,0,0,1
2026-01-07,8:00p,Utah Jazz,UTA,125,Oklahoma City Thunder,OKC,129,1,Paycom Center,0,0,0,0,1
2026-01-07,9:30p,Los Angeles Lakers,LAL,91,San Antonio Spurs,SAS,107,0,Frost Bank Center,1,1,0,0,1
2026-01-07,10:00p,Milwaukee Bucks,MIL,113,Golden State Warriors,GSW,120,0,Chase Center,0,0,0,0,1
2026-01-07,10:00p,Houston Rockets,HOU,102,Portland Trail Blazers,POR,103,0,Moda Center,0,0,0,0,1
2026-01-08,7:00p,Indiana Pacers,IND,114,Charlotte Hornets,CHO,112,0,Spectrum Center,0,1,0,0,1
2026-01-08,8:00p,Cleveland Cavaliers,CLE,122,Minnesota Timberwolves,MIN,131,0,Target Center,0,0,0,0,1
2026-01-08,9:00p,Dallas Mavericks,DAL,114,Utah Jazz,UTA,116,0,Delta Center,0,1,0,0,1
2026-01-09,7:00p,Toronto Raptors,TOR,117,Boston Celtics,BOS,125,0,TD Garden,0,0,0,0,1
2026-01-09,7:00p,Philadelphia 76ers,PHI,103,Orlando Magic,ORL,91,0,Kia Center,0,0,0,0,1
2026-01-09,7:00p,New Orleans Pelicans,NOP,128,Washington Wizards,WAS,107,0,Capital One Arena,0,0,0,0,1
2026-01-09,7:30p,Los Angeles Clippers,LAC,121,Brooklyn Nets,BRK,105,0,Barclays Center,0,0,0,0,1
2026-01-09,8:00p,Oklahoma City Thunder,OKC,117,Memphis Grizzlies,MEM,116,0,FedExForum,0,0,0,0,1
2026-01-09,9:00p,Atlanta Hawks,ATL,110,Denver Nuggets,DEN,87,0,Ball Arena,0,0,0,0,1
2026-01-09,9:00p,New York Knicks,NYK,107,Phoenix Suns,PHO,112,0,Mortgage Matchup Center,0,0,0,0,1
2026-01-09,10:00p,Sacramento Kings,SAC,103,Golden State Warriors,GSW,137,0,Chase Center,0,0,0,0,1
2026-01-09,10:00p,Houston Rockets,HOU,105,Portland Trail Blazers,POR,111,0,Moda Center,0,0,0,0,1
2026-01-09,10:30p,Milwaukee Bucks,MIL,105,Los Angeles Lakers,LAL,101,0,Crypto.com Arena,0,0,0,0,1
2026-01-10,1:00p,Minnesota Timberwolves,MIN,134,Cleveland Cavaliers,CLE,146,0,Rocket Arena,0,0,0,0,1
2026-01-10,7:00p,Miami Heat,MIA,99,Indiana Pacers,IND,123,0,Gainbridge Fieldhouse,0,0,0,0,1
2026-01-10,7:30p,Los Angeles Clippers,LAC,98,Detroit Pistons,DET,92,0,Little Caesars Arena,1,0,0,0,1
2026-01-10,8:00p,San Antonio Spurs,SAS,100,Boston Celtics,BOS,95,0,TD Garden,0,1,0,0,1
2026-01-10,8:00p,Dallas Mavericks,DAL,107,Chicago Bulls,CHI,125,0,United Center,0,0,0,0,1
2026-01-10,9:30p,Charlotte Hornets,CHO,150,Utah Jazz,UTA,95,0,Delta Center,0,0,0,0,1
2026-01-11,3:00p,New Orleans Pelicans,NOP,118,Orlando Magic,ORL,128,0,Kia Center,0,0,0,0,1
2026-01-11,3:30p,Brooklyn Nets,BRK,98,Memphis Grizzlies,MEM,103,0,FedExForum,0,0,0,0,1
2026-01-11,6:00p,New York Knicks,NYK,123,Portland Trail Blazers,POR,114,0,Moda Center,0,0,0,0,1
2026-01-11,6:00p,Philadelphia 76ers,PHI,115,Toronto Raptors,TOR,116,1,Scotiabank Arena,0,0,0,0,1
2026-01-11,7:00p,San Antonio Spurs,SAS,103,Minnesota Timberwolves,MIN,104,0,Target Center,1,1,0,0,1
2026-01-11,7:00p,Miami Heat,MIA,112,Oklahoma City Thunder,OKC,124,0,Paycom Center,1,0,0,0,1
2026-01-11,8:00p,Milwaukee Bucks,MIL,104,Denver Nuggets,DEN,108,0,Ball Arena,0,0,0,0,1
2026-01-11,8:00p,Washington Wizards,WAS,93,Phoenix Suns,PHO,112,0,Mortgage Matchup Center,0,0,0,0,1
2026-01-11,8:30p,Atlanta Hawks,ATL,124,Golden State Warriors,GSW,111,0,Chase Center,0,0,0,0,1
2026-01-11,9:00p,Houston Rockets,HOU,98,Sacramento Kings,SAC,111,0,Golden 1 Center,0,0,0,0,1
2026-01-12,7:00p,Utah Jazz,UTA,123,Cleveland Cavaliers,CLE,112,0,Rocket Arena,0,0,0,0,1
2026-01-12,7:30p,Boston Celtics,BOS,96,Indiana Pacers,IND,98,0,Gainbridge Fieldhouse,0,0,0,0,1
2026-01-12,7:30p,Philadelphia 76ers,PHI,115,Toronto Raptors,TOR,102,0,Scotiabank Arena,1,1,0,0,1
2026-01-12,8:30p,Brooklyn Nets,BRK,105,Dallas Mavericks,DAL,113,0,American Airlines Center,1,0,0,0,1
2026-01-12,10:00p,Los Angeles Lakers,LAL,112,Sacramento Kings,SAC,124,0,Golden 1 Center,0,1,0,0,1
2026-01-12,10:30p,Charlotte Hornets,CHO,109,Los Angeles Clippers,LAC,117,0,Intuit Dome,0,0,0,0,1
2026-01-13,7:30p,Phoenix Suns,PHO,121,Miami Heat,MIA,127,0,Kaseya Center,0,0,0,0,1
2026-01-13,8:00p,Chicago Bulls,CHI,113,Houston Rockets,HOU,119,0,Toyota Center,0,0,0,0,1
2026-01-13,8:00p,Minnesota Timberwolves,MIN,139,Milwaukee Bucks,MIL,106,0,Fiserv Forum,0,0,0,0,1
2026-01-13,8:00p,Denver Nuggets,DEN,122,New Orleans Pelicans,NOP,116,0,Smoothie King Center,0,0,0,0,1
2026-01-13,8:00p,San Antonio Spurs,SAS,98,Oklahoma City Thunder,OKC,119,0,Paycom Center,0,0,0,0,1
2026-01-13,10:30p,Atlanta Hawks,ATL,116,Los Angeles Lakers,LAL,141,0,Crypto.com Arena,0,1,0,0,1
2026-01-13,11:00p,Portland Trail Blazers,POR,97,Golden State Warriors,GSW,119,0,Chase Center,0,0,0,0,1
2026-01-14,7:00p,Toronto Raptors,TOR,115,Indiana Pacers,IND,101,0,Gainbridge Fieldhouse,0,0,0,0,1
2026-01-14,7:00p,Cleveland Cavaliers,CLE,133,Philadelphia 76ers,PHI,107,0,Xfinity Mobile Arena,0,0,0,0,1
2026-01-14,8:00p,Utah Jazz,UTA,126,Chicago Bulls,CHI,128,0,United Center,0,1,0,0,1
2026-01-14,8:00p,Brooklyn Nets,BRK,113,New Orleans Pelicans,NOP,116,0,Smoothie King Center,0,1,0,0,1
2026-01-14,9:30p,Denver Nuggets,DEN,118,Dallas Mavericks,DAL,109,0,American Airlines Center,1,0,0,0,1
2026-01-14,10:00p,New York Knicks,NYK,101,Sacramento Kings,SAC,112,0,Golden 1 Center,0,0,0,0,1
2026-01-14,10:30p,Washington Wizards,WAS,105,Los Angeles Clippers,LAC,119,0,Intuit Dome,0,0,0,0,1
2026-01-15,2:00p,Memphis Grizzlies,MEM,111,Orlando Magic,ORL,118,0,Uber Arena,0,0,0,0,1
2026-01-15,7:00p,Phoenix Suns,PHO,105,Detroit Pistons,DET,108,0,Little Caesars Arena,0,0,0,0,1
2026-01-15,7:30p,Oklahoma City Thunder,OKC,111,Houston Rockets,HOU,91,0,Toyota Center,0,0,0,0,1
2026-01-15,7:30p,Boston Celtics,BOS,119,Miami Heat,MIA,114,0,Kaseya Center,0,0,0,0,1
2026-01-15,8:00p,Milwaukee Bucks,MIL,101,San Antonio Spurs,SAS,119,0,Frost Bank Center,0,0,0,0,1
2026-01-15,8:30p,Utah Jazz,UTA,122,Dallas Mavericks,DAL,144,0,American Airlines Center,1,1,0,0,1
2026-01-15,10:00p,New York Knicks,NYK,113,Golden State Warriors,GSW,126,0,Chase Center,1,0,0,0,1
2026-01-15,10:00p,Atlanta Hawks,ATL,101,Portland Trail Blazers,POR,117,0,Moda Center,0,0,0,0,1
2026-01-15,10:30p,Charlotte Hornets,CHO,135,Los Angeles Lakers,LAL,117,0,Crypto.com Arena,0,0,0,0,1
2026-01-16,7:00p,New Orleans Pelicans,NOP,119,Indiana Pacers,IND,127,0,Gainbridge Fieldhouse,0,0,0,0,1
2026-01-16,7:00p,Cleveland Cavaliers,CLE,117,Philadelphia 76ers,PHI,115,0,Xfinity Mobile Arena,0,0,0,0,1
2026-01-16,7:30p,Chicago Bulls,CHI,109,Brooklyn Nets,BRK,112,0,Barclays Center,0,0,0,0,1
2026-01-16,7:30p,Los Angeles Clippers,LAC,121,Toronto Raptors,TOR,117,1,Scotiabank Arena,0,0,0,0,1
2026-01-16,9:30p,Minnesota Timberwolves,MIN,105,Houston Rockets,HOU,110,0,Toyota Center,0,1,0,0,1
2026-01-16,10:00p,Washington Wizards,WAS,115,Sacramento Kings,SAC,128,0,Golden 1 Center,0,0,0,0,1
2026-01-17,5:00p,Utah Jazz,UTA,120,Dallas Mavericks,DAL,138,0,American Airlines Center,0,0,0,0,1
2026-01-17,7:30p,Boston Celtics,BOS,132,Atlanta Hawks,ATL,106,0,State Farm Arena,0,0,0,0,1
2026-01-17,7:30p,Indiana Pacers,IND,78,Detroit Pistons,DET,121,0,Little Caesars Arena,1,0,0,0,1
2026-01-17,7:30p,Phoenix Suns,PHO,106,New York Knicks,NYK,99,0,Madison Square Garden (IV),0,0,0,0,1
2026-01-17,8:00p,Oklahoma City Thunder,OKC,120,Miami Heat,MIA,122,0,Kaseya Center,0,0,0,0,1
2026-01-17,8:00p,Minnesota Timberwolves,MIN,123,San Antonio Spurs,SAS,126,0,Frost Bank Center,1,0,0,0,1
2026-01-17,8:30p,Charlotte Hornets,CHO,116,Golden State Warriors,GSW,136,0,Chase Center,0,0,0,0,1
2026-01-17,9:00p,Washington Wizards,WAS,115,Denver Nuggets,DEN,121,0,Ball Arena,1,0,0,0,1
2026-01-17,10:00p,Los Angeles Lakers,LAL,116,Portland Trail Blazers,POR,132,0,Moda Center,0,0,0,0,1
2026-01-18,12:00p,Orlando Magic,ORL,109,Memphis Grizzlies,MEM,126,0,The O2 Arena,0,0,0,0,1
2026-01-18,7:00p,Brooklyn Nets,BRK,102,Chicago Bulls,CHI,124,0,United Center,0,0,0,0,1
2026-01-18,7:00p,New Orleans Pelicans,NOP,110,Houston Rockets,HOU,119,0,Toyota Center,0,0,0,0,1
2026-01-18,8:00p,Charlotte Hornets,CHO,110,Denver Nuggets,DEN,87,0,Ball Arena,1,1,0,0,1
2026-01-18,9:00p,Portland Trail Blazers,POR,117,Sacramento Kings,SAC,110,0,Golden 1 Center,1,0,0,0,1
2026-01-18,9:30p,Toronto Raptors,TOR,93,Los Angeles Lakers,LAL,110,0,Crypto.com Arena,0,1,0,0,1
2026-01-19,1:00p,Milwaukee Bucks,MIL,112,Atlanta Hawks,ATL,110,0,State Farm Arena,0,0,0,0,1
2026-01-19,2:30p,Oklahoma City Thunder,OKC,136,Cleveland Cavaliers,CLE,104,0,Rocket Arena,0,0,0,0,1
2026-01-19,3:00p,Los Angeles Clippers,LAC,110,Washington Wizards,WAS,106,0,Capital One Arena,0,0,0,0,1
2026-01-19,5:00p,Dallas Mavericks,DAL,114,New York Knicks,NYK,97,0,Madison Square Garden (IV),0,0,0,0,1
2026-01-19,5:00p,Utah Jazz,UTA,110,San Antonio Spurs,SAS,123,0,Frost Bank Center,0,0,0,0,1
2026-01-19,7:00p,Indiana Pacers,IND,104,Philadelphia 76ers,PHI,113,0,Xfinity Mobile Arena,0,0,0,0,1
2026-01-19,7:30p,Phoenix Suns,PHO,126,Brooklyn Nets,BRK,117,0,Barclays Center,0,1,0,0,1
2026-01-19,8:00p,Boston Celtics,BOS,103,Detroit Pistons,DET,104,0,Little Caesars Arena,0,0,0,0,1
2026-01-19,10:00p,Miami Heat,MIA,112,Golden State Warriors,GSW,135,0,Chase Center,0,0,0,0,1
2026-01-20,7:00p,Phoenix Suns,PHO,116,Philadelphia 76ers,PHI,110,0,Xfinity Mobile Arena,1,1,0,0,1
2026-01-20,8:00p,Los Angeles Clippers,LAC,110,Chicago Bulls,CHI,138,0,United Center,1,0,0,0,1
2026-01-20,8:00p,San Antonio Spurs,SAS,106,Houston Rockets,HOU,111,0,Toyota Center,1,0,0,0,1
2026-01-20,9:00p,Minnesota Timberwolves,MIN,122,Utah Jazz,UTA,127,0,Delta Center,0,1,0,0,1
2026-01-20,10:00p,Los Angeles Lakers,LAL,115,Denver Nuggets,DEN,107,0,Ball Arena,0,0,0,0,1
2026-01-20,10:00p,Toronto Raptors,TOR,145,Golden State Warriors,GSW,127,0,Chase Center,0,1,0,0,1
2026-01-20,10:00p,Miami Heat,MIA,130,Sacramento Kings,SAC,117,0,Golden 1 Center,1,0,0,0,1
2026-01-21,7:00p,Cleveland Cavaliers,CLE,94,Charlotte Hornets,CHO,87,0,Spectrum Center,0,0,0,0,1
2026-01-21,7:30p,Indiana Pacers,IND,104,Boston Celtics,BOS,119,0,TD Garden,0,0,0,0,1
2026-01-21,7:30p,Brooklyn Nets,BRK,66,New York Knicks,NYK,120,0,Madison Square Garden (IV),0,0,0,0,1
2026-01-21,8:00p,Atlanta Hawks,ATL,124,Memphis Grizzlies,MEM,122,0,FedExForum,0,0,0,0,1
2026-01-21,8:00p,Detroit Pistons,DET,112,New Orleans Pelicans,NOP,104,0,Smoothie King Center,0,0,0,0,1
2026-01-21,9:30p,Oklahoma City Thunder,OKC,122,Milwaukee Bucks,MIL,102,0,Fiserv Forum,0,0,0,0,1
2026-01-21,10:00p,Toronto Raptors,TOR,122,Sacramento Kings,SAC,109,0,Golden 1 Center,1,1,0,0,1
2026-01-22,7:00p,Charlotte Hornets,CHO,124,Orlando Magic,ORL,97,0,Kia Center,1,0,0,0,1
2026-01-22,7:00p,Houston Rockets,HOU,122,Philadelphia 76ers,PHI,128,1,Xfinity Mobile Arena,0,0,0,0,1
2026-01-22,7:00p,Denver Nuggets,DEN,107,Washington Wizards,WAS,97,0,Capital One Arena,0,0,0,0,1
2026-01-22,7:30p,Golden State Warriors,GSW,115,Dallas Mavericks,DAL,123,0,American Airlines Center,0,0,0,0,1
2026-01-22,8:00p,Chicago Bulls,CHI,120,Minnesota Timberwolves,MIN,115,0,Target Center,0,0,0,0,1
2026-01-22,9:00p,San Antonio Spurs,SAS,126,Utah Jazz,UTA,109,0,Delta Center,0,0,0,0,1
2026-01-22,10:00p,Los Angeles Lakers,LAL,104,Los Angeles Clippers,LAC,112,0,Intuit Dome,0,0,0,0,1
2026-01-22,10:00p,Miami Heat,MIA,110,Portland Trail Blazers,POR,127,0,Moda Center,0,0,0,0,1
2026-01-23,7:00p,Houston Rockets,HOU,111,Detroit Pistons,DET,104,0,Little Caesars Arena,1,0,0,0,1
2026-01-23,7:30p,Phoenix Suns,PHO,103,Atlanta Hawks,ATL,110,0,State Farm Arena,0,0,0,0,1
2026-01-23,7:30p,Boston Celtics,BOS,130,Brooklyn Nets,BRK,126,2,Barclays Center,0,0,0,0,1
2026-01-23,7:30p,Sacramento Kings,SAC,118,Cleveland Cavaliers,CLE,123,0,Rocket Arena,0,0,0,0,1
2026-01-23,8:00p,New Orleans Pelicans,NOP,133,Memphis Grizzlies,MEM,127,0,FedExForum,0,0,0,0,1
2026-01-23,8:00p,Indiana Pacers,IND,117,Oklahoma City Thunder,OKC,114,0,Paycom Center,0,0,0,0,1
2026-01-23,9:30p,Denver Nuggets,DEN,102,Milwaukee Bucks,MIL,100,0,Fiserv Forum,1,0,0,0,1
2026-01-23,10:00p,Toronto Raptors,TOR,110,Portland Trail Blazers,POR,98,0,Moda Center,0,1,0,0,1
2026-01-24,12:00p,Washington Wizards,WAS,115,Charlotte Hornets,CHO,119,0,Spectrum Center,0,0,0,0,1
2026-01-24,3:00p,New York Knicks,NYK,112,Philadelphia 76ers,PHI,109,0,Xfinity Mobile Arena,0,0,0,0,1
2026-01-24,7:00p,Cleveland Cavaliers,CLE,119,Orlando Magic,ORL,105,0,Kia Center,1,0,0,0,1
2026-01-24,8:00p,Boston Celtics,BOS,111,Chicago Bulls,CHI,114,0,United Center,1,0,0,0,1
2026-01-24,8:30p,Los Angeles Lakers,LAL,116,Dallas Mavericks,DAL,110,0,American Airlines Center,0,0,0,0,1
2026-01-24,9:30p,Miami Heat,MIA,147,Utah Jazz,UTA,116,0,Delta Center,0,0,0,0,1
2026-01-25,3:00p,Sacramento Kings,SAC,116,Detroit Pistons,DET,139,0,Little Caesars Arena,0,0,0,0,1
2026-01-25,5:30p,Golden State Warriors,GSW,111,Minnesota Timberwolves,MIN,85,0,Target Center,0,0,0,0,1
2026-01-25,7:00p,Toronto Raptors,TOR,103,Oklahoma City Thunder,OKC,101,0,Paycom Center,0,0,0,0,1
2026-01-25,7:00p,New Orleans Pelicans,NOP,104,San Antonio Spurs,SAS,95,0,Frost Bank Center,0,0,0,0,1
2026-01-25,8:00p,Miami Heat,MIA,111,Phoenix Suns,PHO,102,0,Mortgage Matchup Center,1,0,0,0,1
2026-01-25,9:00p,Brooklyn Nets,BRK,89,Los Angeles Clippers,LAC,126,0,Intuit Dome,0,0,0,0,1
2026-01-26,1:30p,Indiana Pacers,IND,116,Atlanta Hawks,ATL,132,0,State Farm Arena,0,0,0,0,1
2026-01-26,3:00p,Philadelphia 76ers,PHI,93,Charlotte Hornets,CHO,130,0,Spectrum Center,0,0,0,0,1
2026-01-26,7:00p,Orlando Magic,ORL,98,Cleveland Cavaliers,CLE,114,0,Rocket Arena,0,0,0,0,1
2026-01-26,8:00p,Portland Trail Blazers,POR,94,Boston Celtics,BOS,102,0,TD Garden,0,0,0,0,1
2026-01-26,8:00p,Los Angeles Lakers,LAL,129,Chicago Bulls,CHI,118,0,United Center,0,0,0,0,1
2026-01-26,8:00p,Memphis Grizzlies,MEM,99,Houston Rockets,HOU,108,0,Toyota Center,0,0,0,0,1
2026-01-26,9:30p,Golden State Warriors,GSW,83,Minnesota Timberwolves,MIN,108,0,Target Center,1,1,0,0,1
2026-01-27,7:00p,Portland Trail Blazers,POR,111,Washington Wizards,WAS,115,0,Capital One Arena,1,0,0,0,1
2026-01-27,7:30p,Sacramento Kings,SAC,87,New York Knicks,NYK,103,0,Madison Square Garden (IV),0,0,0,0,1
2026-01-27,8:00p,New Orleans Pelicans,NOP,95,Oklahoma City Thunder,OKC,104,0,Paycom Center,0,0,0,0,1
2026-01-27,8:00p,Milwaukee Bucks,MIL,122,Philadelphia 76ers,PHI,139,0,Xfinity Mobile Arena,0,1,0,0,1
2026-01-27,9:00p,Detroit Pistons,DET,109,Denver Nuggets,DEN,107,0,Ball Arena,0,0,0,0,1
2026-01-27,9:00p,Brooklyn Nets,BRK,102,Phoenix Suns,PHO,106,0,Mortgage Matchup Center,0,0,0,0,1
2026-01-27,10:00p,Los Angeles Clippers,LAC,115,Utah Jazz,UTA,103,0,Delta Center,0,0,0,0,1
2026-01-28,7:00p,Los Angeles Lakers,LAL,99,Cleveland Cavaliers,CLE,129,0,Rocket Arena,0,0,0,0,1
2026-01-28,7:00p,Chicago Bulls,CHI,110,Indiana Pacers,IND,113,0,Gainbridge Fieldhouse,0,0,0,0,1
2026-01-28,7:30p,Atlanta Hawks,ATL,117,Boston Celtics,BOS,106,0,TD Garden,0,0,0,0,1
2026-01-28,7:30p,Orlando Magic,ORL,133,Miami Heat,MIA,124,0,Kaseya Center,0,0,0,0,1
2026-01-28,7:30p,New York Knicks,NYK,119,Toronto Raptors,TOR,92,0,Scotiabank Arena,1,0,0,0,1
2026-01-28,8:00p,Charlotte Hornets,CHO,112,Memphis Grizzlies,MEM,97,0,FedExForum,0,0,0,0,1
2026-01-28,8:30p,Minnesota Timberwolves,MIN,118,Dallas Mavericks,DAL,105,0,American Airlines Center,0,0,0,0,1
2026-01-28,9:00p,Golden State Warriors,GSW,140,Utah Jazz,UTA,124,0,Delta Center,0,1,0,0,1
2026-01-28,9:30p,San Antonio Spurs,SAS,111,Houston Rockets,HOU,99,0,Toyota Center,0,0,0,0,1
2026-01-29,7:00p,Sacramento Kings,SAC,111,Philadelphia 76ers,PHI,113,0,Xfinity Mobile Arena,0,0,0,0,1
2026-01-29,7:00p,Milwaukee Bucks,MIL,99,Washington Wizards,WAS,109,0,Capital One Arena,0,0,0,0,1
2026-01-29,8:00p,Houston Rockets,HOU,104,Atlanta Hawks,ATL,86,0,State Farm Arena,1,1,0,0,1
2026-01-29,8:00p,Miami Heat,MIA,116,Chicago Bulls,CHI,113,0,United Center,1,1,0,0,1
2026-01-29,8:30p,Charlotte Hornets,CHO,123,Dallas Mavericks,DAL,121,0,American Airlines Center,1,1,0,0,1
2026-01-29,9:00p,Brooklyn Nets,BRK,103,Denver Nuggets,DEN,107,0,Ball Arena,0,0,0,0,1
2026-01-29,9:00p,Detroit Pistons,DET,96,Phoenix Suns,PHO,114,0,Mortgage Matchup Center,0,0,0,0,1
2026-01-29,9:30p,Oklahoma City Thunder,OKC,111,Minnesota Timberwolves,MIN,123,0,Target Center,0,1,0,0,1
2026-01-30,7:00p,Los Angeles Lakers,LAL,142,Washington Wizards,WAS,111,0,Capital One Arena,0,1,0,0,1
2026-01-30,7:30p,Sacramento Kings,SAC,93,Boston Celtics,BOS,112,0,TD Garden,1,0,0,0,1
2026-01-30,7:30p,Memphis Grizzlies,MEM,106,New Orleans Pelicans,NOP,114,0,Smoothie King Center,0,0,0,0,1
2026-01-30,7:30p,Portland Trail Blazers,POR,97,New York Knicks,NYK,127,0,Madison Square Garden (IV),0,0,0,0,1
2026-01-30,7:30p,Toronto Raptors,TOR,120,Orlando Magic,ORL,130,0,Kia Center,0,0,0,0,1
2026-01-30,9:00p,Los Angeles Clippers,LAC,109,Denver Nuggets,DEN,122,0,Ball Arena,0,1,0,0,1
2026-01-30,9:00p,Cleveland Cavaliers,CLE,113,Phoenix Suns,PHO,126,0,Mortgage Matchup Center,0,1,0,0,1
2026-01-30,9:30p,Brooklyn Nets,BRK,109,Utah Jazz,UTA,99,0,Delta Center,1,0,0,0,1
2026-01-30,10:00p,Detroit Pistons,DET,131,Golden State Warriors,GSW,124,0,Chase Center,1,0,0,0,1
2026-01-31,12:00p,San Antonio Spurs,SAS,106,Charlotte Hornets,CHO,111,0,Spectrum Center,0,0,0,0,1
2026-01-31,7:00p,Atlanta Hawks,ATL,124,Indiana Pacers,IND,129,0,Gainbridge Fieldhouse,0,0,0,0,1
2026-01-31,7:30p,New Orleans Pelicans,NOP,114,Philadelphia 76ers,PHI,124,0,Xfinity Mobile Arena,1,0,0,0,1
2026-01-31,8:00p,Minnesota Timberwolves,MIN,131,Memphis Grizzlies,MEM,114,0,FedExForum,0,1,0,0,1
2026-01-31,8:00p,Chicago Bulls,CHI,125,Miami Heat,MIA,118,0,Kaseya Center,0,0,0,0,1
2026-01-31,8:30p,Dallas Mavericks,DAL,107,Houston Rockets,HOU,111,0,Toyota Center,0,0,0,0,1
2026-02-01,3:30p,Milwaukee Bucks,MIL,79,Boston Celtics,BOS,107,0,TD Garden,0,0,0,0,1
2026-02-01,6:00p,Brooklyn Nets,BRK,77,Detroit Pistons,DET,130,0,Little Caesars Arena,0,0,0,0,1
2026-02-01,6:00p,Chicago Bulls,CHI,91,Miami Heat,MIA,134,0,Kaseya Center,1,1,0,0,1
2026-02-01,6:00p,Utah Jazz,UTA,100,Toronto Raptors,TOR,107,0,Scotiabank Arena,0,0,0,0,1
2026-02-01,6:00p,Sacramento Kings,SAC,112,Washington Wizards,WAS,116,0,Capital One Arena,0,0,0,0,1
2026-02-01,7:00p,Los Angeles Lakers,LAL,100,New York Knicks,NYK,112,0,Madison Square Garden (IV),0,0,0,0,1
2026-02-01,8:00p,Los Angeles Clippers,LAC,117,Phoenix Suns,PHO,93,0,Mortgage Matchup Center,0,0,0,0,1
2026-02-01,9:00p,Cleveland Cavaliers,CLE,130,Portland Trail Blazers,POR,111,0,Moda Center,0,0,0,0,1
2026-02-01,9:00p,Orlando Magic,ORL,103,San Antonio Spurs,SAS,112,0,Frost Bank Center,0,1,0,0,1
2026-02-01,9:30p,Oklahoma City Thunder,OKC,121,Denver Nuggets,DEN,111,0,Ball Arena,0,0,0,0,1
2026-02-02,3:00p,New Orleans Pelicans,NOP,95,Charlotte Hornets,CHO,102,0,Spectrum Center,0,0,0,0,1
2026-02-02,7:00p,Houston Rockets,HOU,118,Indiana Pacers,IND,114,0,Gainbridge Fieldhouse,0,0,0,0,1
2026-02-02,7:30p,Minnesota Timberwolves,MIN,128,Memphis Grizzlies,MEM,137,0,FedExForum,0,0,0,0,1
2026-02-02,10:00p,Philadelphia 76ers,PHI,128,Los Angeles Clippers,LAC,113,0,Intuit Dome,0,1,0,0,1
2026-02-03,7:00p,Denver Nuggets,DEN,121,Detroit Pistons,DET,124,0,Little Caesars Arena,0,0,0,0,1
2026-02-03,7:00p,Utah Jazz,UTA,131,Indiana Pacers,IND,122,0,Gainbridge Fieldhouse,0,1,0,0,1
2026-02-03,7:00p,New York Knicks,NYK,132,Washington Wizards,WAS,101,0,Capital One Arena,0,0,0,0,1
2026-02-03,7:30p,Los Angeles Lakers,LAL,125,Brooklyn Nets,BRK,109,0,Barclays Center,0,0,0,0,1
2026-02-03,7:30p,Atlanta Hawks,ATL,127,Miami Heat,MIA,115,0,Kaseya Center,0,0,0,0,1
2026-02-03,8:00p,Boston Celtics,BOS,110,Dallas Mavericks,DAL,100,0,American Airlines Center,0,0,0,0,1
2026-02-03,8:00p,Chicago Bulls,CHI,115,Milwaukee Bucks,MIL,131,0,Fiserv Forum,0,0,0,0,1
2026-02-03,8:00p,Orlando Magic,ORL,92,Oklahoma City Thunder,OKC,128,0,Paycom Center,0,0,0,0,1
2026-02-03,10:00p,Philadelphia 76ers,PHI,113,Golden State Warriors,GSW,94,0,Chase Center,1,0,0,0,1
2026-02-03,11:00p,Phoenix Suns,PHO,130,Portland Trail Blazers,POR,125,0,Moda Center,0,0,0,0,1
2026-02-04,7:00p,Denver Nuggets,DEN,127,New York Knicks,NYK,134,2,Madison Square Garden (IV),1,1,0,0,1
2026-02-04,7:30p,Minnesota Timberwolves,MIN,128,Toronto Raptors,TOR,126,0,Scotiabank Arena,0,0,0,0,1
2026-02-04,8:00p,Boston Celtics,BOS,114,Houston Rockets,HOU,93,0,Toyota Center,1,0,0,0,1
2026-02-04,8:00p,New Orleans Pelicans,NOP,137,Milwaukee Bucks,MIL,141,1,Fiserv Forum,0,1,0,0,1
2026-02-04,9:30p,Oklahoma City Thunder,OKC,106,San Antonio Spurs,SAS,116,0,Frost Bank Center,1,0,0,0,1
2026-02-04,10:00p,Memphis Grizzlies,MEM,129,Sacramento Kings,SAC,125,0,Golden 1 Center,0,0,0,0,1
2026-02-04,10:30p,Cleveland Cavaliers,CLE,124,Los Angeles Clippers,LAC,91,0,Intuit Dome,0,0,0,0,1
2026-02-05,7:00p,Washington Wizards,WAS,126,Detroit Pistons,DET,117,0,Little Caesars Arena,0,0,0,0,1
2026-02-05,7:00p,Brooklyn Nets,BRK,98,Orlando Magic,ORL,118,0,Kia Center,0,0,0,0,1
2026-02-05,7:30p,Utah Jazz,UTA,119,Atlanta Hawks,ATL,121,0,State Farm Arena,0,0,0,0,1
2026-02-05,7:30p,Chicago Bulls,CHI,107,Toronto Raptors,TOR,123,0,Scotiabank Arena,0,1,0,0,1
2026-02-05,8:00p,Charlotte Hornets,CHO,109,Houston Rockets,HOU,99,0,Toyota Center,0,1,0,0,1
2026-02-05,8:30p,San Antonio Spurs,SAS,135,Dallas Mavericks,DAL,123,0,American Airlines Center,1,0,0,0,1
2026-02-05,10:00p,Philadelphia 76ers,PHI,115,Los Angeles Lakers,LAL,119,0,Crypto.com Arena,0,0,0,0,1
2026-02-05,10:00p,Golden State Warriors,GSW,101,Phoenix Suns,PHO,97,0,Mortgage Matchup Center,0,0,0,0,1
2026-02-06,7:30p,Miami Heat,MIA,96,Boston Celtics,BOS,98,0,TD Garden,0,0,0,0,1
2026-02-06,7:30p,New York Knicks,NYK,80,Detroit Pistons,DET,118,0,Little Caesars Arena,0,1,0,0,1
2026-02-06,8:00p,Indiana Pacers,IND,99,Milwaukee Bucks,MIL,105,0,Fiserv Forum,0,0,0,0,1
2026-02-06,8:00p,New Orleans Pelicans,NOP,119,Minnesota Timberwolves,MIN,115,0,Target Center,0,0,0,0,1
2026-02-06,10:00p,Memphis Grizzlies,MEM,115,Portland Trail Blazers,POR,135,0,Moda Center,0,0,0,0,1
2026-02-06,10:00p,Los Angeles Clippers,LAC,114,Sacramento Kings,SAC,111,0,Golden 1 Center,0,0,0,0,1
2026-02-07,3:00p,Washington Wizards,WAS,113,Brooklyn Nets,BRK,127,0,Barclays Center,0,0,0,0,1
2026-02-07,3:30p,Houston Rockets,HOU,112,Oklahoma City Thunder,OKC,106,0,Paycom Center,0,0,0,0,1
2026-02-07,6:00p,Dallas Mavericks,DAL,125,San Antonio Spurs,SAS,138,0,Frost Bank Center,0,0,0,0,1
2026-02-07,7:00p,Utah Jazz,UTA,117,Orlando Magic,ORL,120,0,Kia Center,0,0,0,0,1
2026-02-07,7:30p,Charlotte Hornets,CHO,126,Atlanta Hawks,ATL,119,0,State Farm Arena,0,0,0,0,1
2026-02-07,8:00p,Denver Nuggets,DEN,136,Chicago Bulls,CHI,120,0,United Center,0,0,0,0,1
2026-02-07,8:30p,Golden State Warriors,GSW,99,Los Angeles Lakers,LAL,105,0,Crypto.com Arena,0,0,0,0,1
2026-02-07,9:00p,Philadelphia 76ers,PHI,109,Phoenix Suns,PHO,103,0,Mortgage Matchup Center,0,0,0,0,1
2026-02-07,10:00p,Memphis Grizzlies,MEM,115,Portland Trail Blazers,POR,122,0,Moda Center,1,1,0,0,1
2026-02-07,10:00p,Cleveland Cavaliers,CLE,132,Sacramento Kings,SAC,126,0,Golden 1 Center,0,1,0,0,1
2026-02-08,12:30p,New York Knicks,NYK,111,Boston Celtics,BOS,89,0,TD Garden,0,0,0,0,1
2026-02-08,2:00p,Miami Heat,MIA,132,Washington Wizards,WAS,101,0,Capital One Arena,0,1,0,0,1
2026-02-08,3:00p,Los Angeles Clippers,LAC,115,Minnesota Timberwolves,MIN,96,0,Target Center,0,0,0,0,1
2026-02-08,3:00p,Indiana Pacers,IND,104,Toronto Raptors,TOR,122,0,Scotiabank Arena,0,0,0,0,1
2026-02-09,7:00p,Detroit Pistons,DET,110,Charlotte Hornets,CHO,104,0,Spectrum Center,0,0,0,0,1
2026-02-09,7:30p,Chicago Bulls,CHI,115,Brooklyn Nets,BRK,123,0,Barclays Center,0,0,0,0,1
2026-02-09,7:30p,Utah Jazz,UTA,115,Miami Heat,MIA,111,0,Kaseya Center,0,1,0,0,1
2026-02-09,7:30p,Milwaukee Bucks,MIL,99,Orlando Magic,ORL,118,0,Kia Center,0,0,0,0,1
2026-02-09,8:00p,Atlanta Hawks,ATL,116,Minnesota Timberwolves,MIN,138,0,Target Center,0,1,0,0,1
2026-02-09,8:00p,Sacramento Kings,SAC,94,New Orleans Pelicans,NOP,120,0,Smoothie King Center,0,0,0,0,1
2026-02-09,9:00p,Cleveland Cavaliers,CLE,119,Denver Nuggets,DEN,117,0,Ball Arena,0,0,0,0,1
2026-02-09,10:00p,Memphis Grizzlies,MEM,113,Golden State Warriors,GSW,114,0,Chase Center,0,0,0,0,1
2026-02-09,10:00p,Oklahoma City Thunder,OKC,119,Los Angeles Lakers,LAL,110,0,Crypto.com Arena,0,0,0,0,1
2026-02-09,10:00p,Philadelphia 76ers,PHI,118,Portland Trail Blazers,POR,135,0,Moda Center,0,0,0,0,1
2026-02-10,7:30p,Indiana Pacers,IND,137,New York Knicks,NYK,134,1,Madison Square Garden (IV),0,0,0,0,1
2026-02-10,8:00p,Los Angeles Clippers,LAC,95,Houston Rockets,HOU,102,0,Toyota Center,0,0,0,0,1
2026-02-10,9:00p,Dallas Mavericks,DAL,111,Phoenix Suns,PHO,120,0,Mortgage Matchup Center,0,0,0,0,1
2026-02-10,10:30p,San Antonio Spurs,SAS,136,Los Angeles Lakers,LAL,108,0,Crypto.com Arena,0,1,0,0,1
2026-02-11,7:00p,Atlanta Hawks,ATL,107,Charlotte Hornets,CHO,110,0,Spectrum Center,0,0,0,0,1
2026-02-11,7:00p,Washington Wizards,WAS,113,Cleveland Cavaliers,CLE,138,0,Rocket Arena,0,0,0,0,1
2026-02-11,7:00p,Milwaukee Bucks,MIL,116,Orlando Magic,ORL,108,0,Kia Center,0,0,0,0,1
2026-02-11,7:30p,Chicago Bulls,CHI,105,Boston Celtics,BOS,124,0,TD Garden,0,0,0,0,1
2026-02-11,7:30p,Indiana Pacers,IND,115,Brooklyn Nets,BRK,110,0,Barclays Center,1,0,0,0,1
2026-02-11,7:30p,New York Knicks,NYK,138,Philadelphia 76ers,PHI,89,0,Xfinity Mobile Arena,1,0,0,0,1
2026-02-11,7:30p,Detroit Pistons,DET,113,Toronto Raptors,TOR,95,0,Scotiabank Arena,0,0,0,0,1
2026-02-11,8:00p,Los Angeles Clippers,LAC,105,Houston Rockets,HOU,102,0,Toyota Center,1,1,0,0,1
2026-02-11,8:00p,Portland Trail Blazers,POR,109,Minnesota Timberwolves,MIN,133,0,Target Center,0,0,0,0,1
2026-02-11,8:00p,Miami Heat,MIA,123,New Orleans Pelicans,NOP,111,0,Smoothie King Center,0,0,0,0,1
2026-02-11,9:00p,Memphis Grizzlies,MEM,116,Denver Nuggets,DEN,122,0,Ball Arena,0,0,0,0,1
2026-02-11,9:00p,Oklahoma City Thunder,OKC,136,Phoenix Suns,PHO,109,0,Mortgage Matchup Center,0,1,0,0,1
2026-02-11,9:00p,Sacramento Kings,SAC,93,Utah Jazz,UTA,121,0,Delta Center,0,0,0,0,1
2026-02-11,10:00p,San Antonio Spurs,SAS,126,Golden State Warriors,GSW,113,0,Chase Center,1,0,0,0,1
2026-02-12,7:30p,Milwaukee Bucks,MIL,110,Oklahoma City Thunder,OKC,93,0,Paycom Center,1,1,0,0,1
2026-02-12,9:00p,Portland Trail Blazers,POR,135,Utah Jazz,UTA,119,0,Delta Center,1,1,0,0,1
2026-02-12,10:00p,Dallas Mavericks,DAL,104,Los Angeles Lakers,LAL,124,0,Crypto.com Arena,0,0,0,0,1
2026-02-19,7:00p,Houston Rockets,HOU,105,Charlotte Hornets,CHO,101,0,Spectrum Center,0,0,0,0,1
2026-02-19,7:00p,Brooklyn Nets,BRK,84,Cleveland Cavaliers,CLE,112,0,Rocket Arena,0,0,0,0,1
2026-02-19,7:00p,Atlanta Hawks,ATL,117,Philadelphia 76ers,PHI,107,0,Xfinity Mobile Arena,0,0,0,0,1
2026-02-19,7:00p,Indiana Pacers,IND,105,Washington Wizards,WAS,112,0,Capital One Arena,0,0,0,0,1
2026-02-19,7:30p,Detroit Pistons,DET,126,New York Knicks,NYK,111,0,Madison Square Garden (IV),0,0,0,0,1
2026-02-19,8:00p,Toronto Raptors,TOR,110,Chicago Bulls,CHI,101,0,United Center,0,0,0,0,1
2026-02-19,8:30p,Phoenix Suns,PHO,94,San Antonio Spurs,SAS,121,0,Moody Center,0,0,0,0,1
2026-02-19,10:00p,Boston Celtics,BOS,121,Golden State Warriors,GSW,110,0,Chase Center,0,0,0,0,1
2026-02-19,10:00p,Orlando Magic,ORL,131,Sacramento Kings,SAC,94,0,Golden 1 Center,0,0,0,0,1
2026-02-19,10:30p,Denver Nuggets,DEN,114,Los Angeles Clippers,LAC,115,0,Intuit Dome,0,0,0,0,1
2026-02-20,7:00p,Cleveland Cavaliers,CLE,118,Charlotte Hornets,CHO,113,0,Spectrum Center,1,1,0,0,1
2026-02-20,7:00p,Utah Jazz,UTA,114,Memphis Grizzlies,MEM,123,0,FedExForum,0,0,0,0,1
2026-02-20,7:00p,Indiana Pacers,IND,118,Washington Wizards,WAS,131,0,Capital One Arena,1,1,0,0,1
2026-02-20,7:30p,Miami Heat,MIA,128,Atlanta Hawks,ATL,97,0,State Farm Arena,0,1,0,0,1
2026-02-20,7:30p,Dallas Mavericks,DAL,111,Minnesota Timberwolves,MIN,122,0,Target Center,0,0,0,0,1
2026-02-20,8:00p,Milwaukee Bucks,MIL,139,New Orleans Pelicans,NOP,118,0,Smoothie King Center,0,0,0,0,1
2026-02-20,8:00p,Brooklyn Nets,BRK,86,Oklahoma City Thunder,OKC,105,0,Paycom Center,1,0,0,0,1
2026-02-20,10:00p,Los Angeles Clippers,LAC,122,Los Angeles Lakers,LAL,125,0,Crypto.com Arena,1,0,0,0,1
2026-02-20,10:00p,Denver Nuggets,DEN,157,Portland Trail Blazers,POR,103,0,Moda Center,1,0,0,0,1
2026-02-21,5:00p,Orlando Magic,ORL,110,Phoenix Suns,PHO,113,2,Mortgage Matchup Center,0,0,0,0,1
2026-02-21,7:00p,Philadelphia 76ers,PHI,111,New Orleans Pelicans,NOP,126,0,Smoothie King Center,0,1,0,0,1
2026-02-21,8:00p,Detroit Pistons,DET,126,Chicago Bulls,CHI,110,0,United Center,0,0,0,0,1
2026-02-21,8:00p,Memphis Grizzlies,MEM,120,Miami Heat,MIA,136,0,Kaseya Center,1,1,0,0,1
2026-02-21,8:00p,Sacramento Kings,SAC,122,San Antonio Spurs,SAS,139,0,Moody Center,0,0,0,0,1
2026-02-21,8:30p,Houston Rockets,HOU,106,New York Knicks,NYK,108,0,Madison Square Garden (IV),0,0,0,0,1
2026-02-22,1:00p,Cleveland Cavaliers,CLE,113,Oklahoma City Thunder,OKC,121,0,Paycom Center,0,0,0,0,1
2026-02-22,3:30p,Brooklyn Nets,BRK,104,Atlanta Hawks,ATL,115,0,State Farm Arena,0,0,0,0,1
2026-02-22,3:30p,Denver Nuggets,DEN,117,Golden State Warriors,GSW,128,0,Chase Center,0,0,0,0,1
2026-02-22,3:30p,Toronto Raptors,TOR,122,Milwaukee Bucks,MIL,94,0,Fiserv Forum,0,0,0,0,1
2026-02-22,5:00p,Dallas Mavericks,DAL,134,Indiana Pacers,IND,130,0,Gainbridge Fieldhouse,0,0,0,0,1
2026-02-22,6:00p,Charlotte Hornets,CHO,129,Washington Wizards,WAS,112,0,Capital One Arena,0,0,0,0,1
2026-02-22,6:30p,Boston Celtics,BOS,111,Los Angeles Lakers,LAL,89,0,Crypto.com Arena,0,0,0,0,1
2026-02-22,7:00p,Philadelphia 76ers,PHI,135,Minnesota Timberwolves,MIN,108,0,Target Center,1,0,0,0,1
2026-02-22,8:00p,New York Knicks,NYK,105,Chicago Bulls,CHI,99,0,United Center,1,1,0,0,1
2026-02-22,8:00p,Portland Trail Blazers,POR,92,Phoenix Suns,PHO,77,0,Mortgage Matchup Center,0,1,0,0,1
2026-02-22,9:00p,Orlando Magic,ORL,111,Los Angeles Clippers,LAC,109,0,Intuit Dome,1,0,0,0,1
2026-02-23,7:00p,San Antonio Spurs,SAS,114,Detroit Pistons,DET,103,0,Little Caesars Arena,0,0,0,0,1
2026-02-23,8:00p,Sacramento Kings,SAC,123,Memphis Grizzlies,MEM,114,0,FedExForum,0,0,0,0,1
2026-02-23,9:30p,Utah Jazz,UTA,105,Houston Rockets,HOU,125,0,Toyota Center,0,0,0,0,1
2026-02-24,7:00p,Philadelphia 76ers,PHI,135,Indiana Pacers,IND,114,0,Gainbridge Fieldhouse,0,0,0,0,1
2026-02-24,7:30p,Washington Wizards,WAS,98,Atlanta Hawks,ATL,119,0,State Farm Arena,0,0,0,0,1
2026-02-24,7:30p,Dallas Mavericks,DAL,123,Brooklyn Nets,BRK,114,0,Barclays Center,0,0,0,0,1
2026-02-24,7:30p,New York Knicks,NYK,94,Cleveland Cavaliers,CLE,109,0,Rocket Arena,0,0,0,0,1
2026-02-24,7:30p,Oklahoma City Thunder,OKC,116,Toronto Raptors,TOR,107,0,Scotiabank Arena,0,0,0,0,1
2026-02-24,8:00p,Charlotte Hornets,CHO,131,Chicago Bulls,CHI,99,0,United Center,0,0,0,0,1
2026-02-24,8:00p,Miami Heat,MIA,117,Milwaukee Bucks,MIL,128,0,Fiserv Forum,0,0,0,0,1
2026-02-24,8:00p,Golden State Warriors,GSW,109,New Orleans Pelicans,NOP,113,0,Smoothie King Center,0,0,0,0,1
2026-02-24,9:00p,Boston Celtics,BOS,97,Phoenix Suns,PHO,81,0,Mortgage Matchup Center,0,0,0,0,1
2026-02-24,10:00p,Minnesota Timberwolves,MIN,124,Portland Trail Blazers,POR,121,0,Moda Center,0,0,0,0,1
2026-02-24,10:30p,Orlando Magic,ORL,110,Los Angeles Lakers,LAL,109,0,Crypto.com Arena,0,0,0,0,1
2026-02-25,7:30p,Oklahoma City Thunder,OKC,116,Detroit Pistons,DET,124,0,Little Caesars Arena,1,0,0,0,1
2026-02-25,7:30p,Golden State Warriors,GSW,133,Memphis Grizzlies,MEM,112,0,FedExForum,1,0,0,0,1
2026-02-25,7:30p,San Antonio Spurs,SAS,110,Toronto Raptors,TOR,107,0,Scotiabank Arena,0,1,0,0,1
2026-02-25,8:00p,Sacramento Kings,SAC,97,Houston Rockets,HOU,128,0,Toyota Center,0,0,0,0,1
2026-02-25,8:00p,Cleveland Cavaliers,CLE,116,Milwaukee Bucks,MIL,118,0,Fiserv Forum,1,1,0,0,1
2026-02-25,10:00p,Boston Celtics,BOS,84,Denver Nuggets,DEN,103,0,Ball Arena,1,0,0,0,1
2026-02-26,7:00p,Charlotte Hornets,CHO,133,Indiana Pacers,IND,109,0,Gainbridge Fieldhouse,0,0,0,0,1
2026-02-26,7:00p,Miami Heat,MIA,117,Philadelphia 76ers,PHI,124,0,Xfinity Mobile Arena,0,0,0,0,1
2026-02-26,7:30p,Washington Wizards,WAS,96,Atlanta Hawks,ATL,126,0,State Farm Arena,0,0,0,0,1
2026-02-26,7:30p,San Antonio Spurs,SAS,126,Brooklyn Nets,BRK,110,0,Barclays Center,1,0,0,0,1
2026-02-26,7:30p,Houston Rockets,HOU,113,Orlando Magic,ORL,108,0,Kia Center,1,0,0,0,1
2026-02-26,8:00p,Portland Trail Blazers,POR,121,Chicago Bulls,CHI,112,0,United Center,0,0,0,0,1
2026-02-26,8:30p,Sacramento Kings,SAC,130,Dallas Mavericks,DAL,121,0,American Airlines Center,1,0,0,0,1
2026-02-26,9:00p,Los Angeles Lakers,LAL,110,Phoenix Suns,PHO,113,0,Mortgage Matchup Center,0,0,0,0,1
2026-02-26,9:00p,New Orleans Pelicans,NOP,129,Utah Jazz,UTA,118,0,Delta Center,0,0,0,0,1
2026-02-26,10:00p,Minnesota Timberwolves,MIN,94,Los Angeles Clippers,LAC,88,0,Intuit Dome,0,0,0,0,1
2026-02-27,7:00p,Cleveland Cavaliers,CLE,119,Detroit Pistons,DET,122,1,Little Caesars Arena,0,0,0,0,1
2026-02-27,7:30p,Brooklyn Nets,BRK,111,Boston Celtics,BOS,148,0,TD Garden,1,0,0,0,1
2026-02-27,8:00p,New York Knicks,NYK,127,Milwaukee Bucks,MIL,98,0,Fiserv Forum,0,0,0,0,1
2026-02-27,8:30p,Memphis Grizzlies,MEM,124,Dallas Mavericks,DAL,105,0,American Airlines Center,0,1,0,0,1
2026-02-27,9:30p,Denver Nuggets,DEN,121,Oklahoma City Thunder,OKC,127,1,Paycom Center,0,0,0,0,1
2026-02-28,1:00p,Portland Trail Blazers,POR,93,Charlotte Hornets,CHO,109,0,Spectrum Center,0,0,0,0,1
2026-02-28,3:30p,Houston Rockets,HOU,105,Miami Heat,MIA,115,0,Kaseya Center,0,0,0,0,1
2026-02-28,7:00p,Toronto Raptors,TOR,134,Washington Wizards,WAS,125,0,Capital One Arena,0,0,0,0,1
2026-02-28,8:30p,Los Angeles Lakers,LAL,129,Golden State Warriors,GSW,101,0,Chase Center,0,0,0,0,1
2026-02-28,9:30p,New Orleans Pelicans,NOP,115,Utah Jazz,UTA,105,0,Delta Center,0,0,0,0,1
2026-03-01,1:00p,San Antonio Spurs,SAS,89,New York Knicks,NYK,114,0,Madison Square Garden (IV),0,0,0,0,1
2026-03-01,3:30p,Cleveland Cavaliers,CLE,106,Brooklyn Nets,BRK,102,0,Barclays Center,0,0,0,0,1
2026-03-01,3:30p,Milwaukee Bucks,MIL,97,Chicago Bulls,CHI,120,0,United Center,0,0,0,0,1
2026-03-01,3:30p,Minnesota Timberwolves,MIN,117,Denver Nuggets,DEN,108,0,Ball Arena,0,0,0,0,1
2026-03-01,5:00p,Memphis Grizzlies,MEM,125,Indiana Pacers,IND,106,0,Gainbridge Fieldhouse,0,0,0,0,1
2026-03-01,6:00p,Portland Trail Blazers,POR,101,Atlanta Hawks,ATL,135,0,State Farm Arena,1,0,0,0,1
2026-03-01,6:00p,Detroit Pistons,DET,106,Orlando Magic,ORL,92,0,Kia Center,0,0,0,0,1
2026-03-01,8:00p,Philadelphia 76ers,PHI,98,Boston Celtics,BOS,114,0,TD Garden,0,0,0,0,1
2026-03-01,8:00p,Oklahoma City Thunder,OKC,100,Dallas Mavericks,DAL,87,0,American Airlines Center,0,0,0,0,1
2026-03-01,9:00p,New Orleans Pelicans,NOP,117,Los Angeles Clippers,LAC,137,0,Intuit Dome,1,0,0,0,1
2026-03-01,9:30p,Sacramento Kings,SAC,104,Los Angeles Lakers,LAL,128,0,Crypto.com Arena,0,1,0,0,1
2026-03-02,7:00p,Houston Rockets,HOU,123,Washington Wizards,WAS,118,0,Capital One Arena,0,0,0,0,1
2026-03-02,7:30p,Boston Celtics,BOS,108,Milwaukee Bucks,MIL,81,0,Fiserv Forum,1,1,0,0,1
2026-03-02,9:00p,Denver Nuggets,DEN,128,Utah Jazz,UTA,125,0,Delta Center,1,0,0,0,1
2026-03-02,10:00p,Los Angeles Clippers,LAC,114,Golden State Warriors,GSW,101,0,Chase Center,1,0,0,0,1
2026-03-03,7:00p,Dallas Mavericks,DAL,90,Charlotte Hornets,CHO,117,0,Spectrum Center,0,0,0,0,1
2026-03-03,7:00p,Detroit Pistons,DET,109,Cleveland Cavaliers,CLE,113,0,Rocket Arena,0,0,0,0,1
2026-03-03,7:00p,Washington Wizards,WAS,109,Orlando Magic,ORL,126,0,Kia Center,1,0,0,0,1
2026-03-03,7:30p,Brooklyn Nets,BRK,98,Miami Heat,MIA,124,0,Kaseya Center,0,0,0,0,1
2026-03-03,7:30p,New York Knicks,NYK,111,Toronto Raptors,TOR,95,0,Scotiabank Arena,0,0,0,0,1
2026-03-03,8:00p,Oklahoma City Thunder,OKC,116,Chicago Bulls,CHI,108,0,United Center,0,0,0,0,1
2026-03-03,8:00p,Memphis Grizzlies,MEM,110,Minnesota Timberwolves,MIN,117,0,Target Center,0,0,0,0,1
2026-03-03,8:00p,San Antonio Spurs,SAS,131,Philadelphia 76ers,PHI,91,0,Xfinity Mobile Arena,0,0,0,0,1
2026-03-03,10:30p,New Orleans Pelicans,NOP,101,Los Angeles Lakers,LAL,110,0,Crypto.com Arena,0,0,0,0,1
2026-03-03,11:00p,Phoenix Suns,PHO,114,Sacramento Kings,SAC,103,0,Golden 1 Center,0,0,0,0,1
2026-03-04,7:00p,Oklahoma City Thunder,OKC,103,New York Knicks,NYK,100,0,Madison Square Garden (IV),1,1,0,0,1
2026-03-04,7:30p,Charlotte Hornets,CHO,118,Boston Celtics,BOS,89,0,TD Garden,1,0,0,0,1
2026-03-04,7:30p,Utah Jazz,UTA,102,Philadelphia 76ers,PHI,106,0,Xfinity Mobile Arena,0,1,0,0,1
2026-03-04,8:00p,Portland Trail Blazers,POR,122,Memphis Grizzlies,MEM,114,0,FedExForum,0,1,0,0,1
2026-03-04,9:30p,Atlanta Hawks,ATL,131,Milwaukee Bucks,MIL,113,0,Fiserv Forum,0,0,0,0,1
2026-03-04,10:30p,Indiana Pacers,IND,107,Los Angeles Clippers,LAC,130,0,Intuit Dome,0,0,0,0,1
2026-03-05,7:00p,Dallas Mavericks,DAL,114,Orlando Magic,ORL,115,0,Kia Center,0,0,0,0,1
2026-03-05,7:00p,Utah Jazz,UTA,122,Washington Wizards,WAS,112,0,Capital One Arena,1,0,0,0,1
2026-03-05,7:30p,Golden State Warriors,GSW,115,Houston Rockets,HOU,113,1,Toyota Center,0,0,0,0,1
2026-03-05,7:30p,Brooklyn Nets,BRK,110,Miami Heat,MIA,126,0,Kaseya Center,0,0,0,0,1
2026-03-05,8:00p,Toronto Raptors,TOR,107,Minnesota Timberwolves,MIN,115,0,Target Center,0,0,0,0,1
2026-03-05,8:00p,Detroit Pistons,DET,106,San Antonio Spurs,SAS,121,0,Frost Bank Center,0,0,0,0,1
2026-03-05,9:00p,Chicago Bulls,CHI,105,Phoenix Suns,PHO,103,0,Mortgage Matchup Center,0,0,0,0,1
2026-03-05,10:00p,Los Angeles Lakers,LAL,113,Denver Nuggets,DEN,120,0,Ball Arena,0,0,0,0,1
2026-03-05,10:00p,New Orleans Pelicans,NOP,133,Sacramento Kings,SAC,123,0,Golden 1 Center,0,0,0,0,1
2026-03-06,7:00p,Dallas Mavericks,DAL,100,Boston Celtics,BOS,120,0,TD Garden,1,0,0,0,1
2026-03-06,7:00p,Miami Heat,MIA,128,Charlotte Hornets,CHO,120,0,Spectrum Center,1,0,0,0,1
2026-03-06,8:00p,Portland Trail Blazers,POR,99,Houston Rockets,HOU,106,0,Toyota Center,0,1,0,0,1
2026-03-06,9:00p,New York Knicks,NYK,142,Denver Nuggets,DEN,103,0,Ball Arena,0,1,0,0,1
2026-03-06,9:00p,New Orleans Pelicans,NOP,116,Phoenix Suns,PHO,118,0,Mortgage Matchup Center,1,1,0,0,1
2026-03-06,9:30p,Los Angeles Clippers,LAC,112,San Antonio Spurs,SAS,116,0,Frost Bank Center,0,1,0,0,1
2026-03-06,10:30p,Indiana Pacers,IND,117,Los Angeles Lakers,LAL,128,0,Crypto.com Arena,0,1,0,0,1
2026-03-07,3:00p,Orlando Magic,ORL,119,Minnesota Timberwolves,MIN,92,0,Target Center,0,0,0,0,1
2026-03-07,6:00p,Philadelphia 76ers,PHI,116,Atlanta Hawks,ATL,125,0,State Farm Arena,0,0,0,0,1
2026-03-07,6:00p,Brooklyn Nets,BRK,107,Detroit Pistons,DET,105,0,Little Caesars Arena,0,0,0,0,1
2026-03-07,8:00p,Los Angeles Clippers,LAC,123,Memphis Grizzlies,MEM,120,0,FedExForum,1,0,0,0,1
2026-03-07,8:00p,Utah Jazz,UTA,99,Milwaukee Bucks,MIL,113,0,Fiserv Forum,0,0,0,0,1
2026-03-07,8:30p,Golden State Warriors,GSW,97,Oklahoma City Thunder,OKC,104,0,Paycom Center,0,0,0,0,1
2026-03-08,1:00p,Boston Celtics,BOS,109,Cleveland Cavaliers,CLE,98,0,Rocket Arena,0,0,0,0,1
2026-03-08,3:30p,New York Knicks,NYK,97,Los Angeles Lakers,LAL,110,0,Crypto.com Arena,0,0,0,0,1
2026-03-08,6:00p,Detroit Pistons,DET,110,Miami Heat,MIA,121,0,Kaseya Center,1,0,0,0,1
2026-03-08,6:00p,Dallas Mavericks,DAL,92,Toronto Raptors,TOR,122,0,Scotiabank Arena,0,0,0,0,1
2026-03-08,7:00p,Washington Wizards,WAS,118,New Orleans Pelicans,NOP,138,0,Smoothie King Center,0,0,0,0,1
2026-03-08,8:00p,Orlando Magic,ORL,130,Milwaukee Bucks,MIL,91,0,Fiserv Forum,1,1,0,0,1
2026-03-08,8:00p,Houston Rockets,HOU,120,San Antonio Spurs,SAS,145,0,Frost Bank Center,0,0,0,0,1
2026-03-08,9:00p,Indiana Pacers,IND,111,Portland Trail Blazers,POR,131,0,Moda Center,0,0,0,0,1
2026-03-08,9:00p,Chicago Bulls,CHI,110,Sacramento Kings,SAC,126,0,Golden 1 Center,0,0,0,0,1
2026-03-08,10:00p,Charlotte Hornets,CHO,99,Phoenix Suns,PHO,111,0,Mortgage Matchup Center,0,0,0,0,1
2026-03-09,7:00p,Philadelphia 76ers,PHI,101,Cleveland Cavaliers,CLE,115,0,Rocket Arena,0,1,0,0,1
2026-03-09,7:30p,Memphis Grizzlies,MEM,115,Brooklyn Nets,BRK,126,0,Barclays Center,0,0,0,0,1
2026-03-09,7:30p,Denver Nuggets,DEN,126,Oklahoma City Thunder,OKC,129,0,Paycom Center,0,0,0,0,1
2026-03-09,9:00p,Golden State Warriors,GSW,116,Utah Jazz,UTA,119,0,Delta Center,0,0,0,0,1
2026-03-09,10:00p,New York Knicks,NYK,118,Los Angeles Clippers,LAC,126,0,Intuit Dome,1,0,0,0,1
2026-03-10,7:00p,Memphis Grizzlies,MEM,129,Philadelphia 76ers,PHI,139,0,Xfinity Mobile Arena,1,1,0,0,1
2026-03-10,7:30p,Dallas Mavericks,DAL,112,Atlanta Hawks,ATL,124,0,State Farm Arena,0,0,0,0,1
2026-03-10,7:30p,Detroit Pistons,DET,138,Brooklyn Nets,BRK,100,0,Barclays Center,0,1,0,0,1
2026-03-10,7:30p,Washington Wizards,WAS,129,Miami Heat,MIA,150,0,Kaseya Center,0,0,0,0,1
2026-03-10,8:00p,Toronto Raptors,TOR,99,Houston Rockets,HOU,113,0,Toyota Center,0,0,0,0,1
2026-03-10,8:00p,Phoenix Suns,PHO,129,Milwaukee Bucks,MIL,114,0,Fiserv Forum,0,0,0,0,1
2026-03-10,8:00p,Boston Celtics,BOS,116,San Antonio Spurs,SAS,125,0,Frost Bank Center,0,0,0,0,1
2026-03-10,10:00p,Chicago Bulls,CHI,130,Golden State Warriors,GSW,124,1,Chase Center,0,1,0,0,1
2026-03-10,10:00p,Charlotte Hornets,CHO,103,Portland Trail Blazers,POR,101,0,Moda Center,0,0,0,0,1
2026-03-10,10:00p,Indiana Pacers,IND,109,Sacramento Kings,SAC,114,0,Golden 1 Center,0,0,0,0,1
2026-03-10,11:00p,Minnesota Timberwolves,MIN,106,Los Angeles Lakers,LAL,120,0,Crypto.com Arena,0,0,0,0,1
2026-03-11,7:30p,Cleveland Cavaliers,CLE,122,Orlando Magic,ORL,128,0,Kia Center,0,0,0,0,1
2026-03-11,8:00p,Toronto Raptors,TOR,111,New Orleans Pelicans,NOP,122,0,Smoothie King Center,1,0,0,0,1
2026-03-11,9:00p,New York Knicks,NYK,134,Utah Jazz,UTA,117,0,Delta Center,0,0,0,0,1
2026-03-11,10:00p,Houston Rockets,HOU,93,Denver Nuggets,DEN,129,0,Ball Arena,1,0,0,0,1
2026-03-11,10:00p,Charlotte Hornets,CHO,117,Sacramento Kings,SAC,109,0,Golden 1 Center,1,1,0,0,1
2026-03-11,10:30p,Minnesota Timberwolves,MIN,128,Los Angeles Clippers,LAC,153,0,Intuit Dome,1,0,0,0,1
2026-03-12,7:00p,Philadelphia 76ers,PHI,109,Detroit Pistons,DET,131,0,Little Caesars Arena,0,0,0,0,1
2026-03-12,7:00p,Phoenix Suns,PHO,123,Indiana Pacers,IND,108,0,Gainbridge Fieldhouse,0,0,0,0,1
2026-03-12,7:00p,Washington Wizards,WAS,131,Orlando Magic,ORL,136,1,Kia Center,0,1,0,0,1
2026-03-12,7:30p,Brooklyn Nets,BRK,97,Atlanta Hawks,ATL,108,0,State Farm Arena,0,0,0,0,1
2026-03-12,7:30p,Milwaukee Bucks,MIL,105,Miami Heat,MIA,112,0,Kaseya Center,0,0,0,0,1
2026-03-12,8:00p,Dallas Mavericks,DAL,120,Memphis Grizzlies,MEM,112,0,FedExForum,0,0,0,0,1
2026-03-12,9:00p,Denver Nuggets,DEN,136,San Antonio Spurs,SAS,131,0,Frost Bank Center,1,0,0,0,1
2026-03-12,9:30p,Boston Celtics,BOS,102,Oklahoma City Thunder,OKC,104,0,Paycom Center,0,0,0,0,1
2026-03-12,10:30p,Chicago Bulls,CHI,130,Los Angeles Lakers,LAL,142,0,Crypto.com Arena,0,0,0,0,1
2026-03-13,7:30p,Cleveland Cavaliers,CLE,138,Dallas Mavericks,DAL,105,0,American Airlines Center,0,1,0,0,1
2026-03-13,7:30p,Memphis Grizzlies,MEM,110,Detroit Pistons,DET,126,0,Little Caesars Arena,1,1,0,0,1
2026-03-13,7:30p,New York Knicks,NYK,101,Indiana Pacers,IND,92,0,Gainbridge Fieldhouse,0,1,0,0,1
2026-03-13,7:30p,Phoenix Suns,PHO,115,Toronto Raptors,TOR,122,0,Scotiabank Arena,1,0,0,0,1
2026-03-13,8:00p,New Orleans Pelicans,NOP,105,Houston Rockets,HOU,107,0,Toyota Center,0,0,0,0,1
2026-03-13,10:00p,Minnesota Timberwolves,MIN,127,Golden State Warriors,GSW,117,0,Chase Center,0,0,0,0,1
2026-03-13,10:00p,Utah Jazz,UTA,114,Portland Trail Blazers,POR,124,0,Moda Center,0,0,0,0,1
2026-03-13,10:30p,Chicago Bulls,CHI,108,Los Angeles Clippers,LAC,119,0,Intuit Dome,1,0,0,0,1
2026-03-14,1:00p,Brooklyn Nets,BRK,97,Philadelphia 76ers,PHI,104,0,Xfinity Mobile Arena,0,0,0,0,1
2026-03-14,3:00p,Milwaukee Bucks,MIL,99,Atlanta Hawks,ATL,122,0,State Farm Arena,0,0,0,0,1
2026-03-14,3:30p,Charlotte Hornets,CHO,102,San Antonio Spurs,SAS,115,0,Frost Bank Center,0,0,0,0,1
2026-03-14,6:00p,Washington Wizards,WAS,100,Boston Celtics,BOS,111,0,TD Garden,0,0,0,0,1
2026-03-14,8:00p,Orlando Magic,ORL,121,Miami Heat,MIA,117,0,Kaseya Center,0,0,0,0,1
2026-03-14,8:30p,Denver Nuggets,DEN,125,Los Angeles Lakers,LAL,127,1,Crypto.com Arena,0,0,0,0,1
2026-03-14,10:30p,Sacramento Kings,SAC,118,Los Angeles Clippers,LAC,109,0,Intuit Dome,0,1,0,0,1
2026-03-15,1:00p,Minnesota Timberwolves,MIN,103,Oklahoma City Thunder,OKC,116,0,Paycom Center,0,0,0,0,1
2026-03-15,3:30p,Dallas Mavericks,DAL,130,Cleveland Cavaliers,CLE,120,0,Rocket Arena,0,0,0,0,1
2026-03-15,3:30p,Indiana Pacers,IND,123,Milwaukee Bucks,MIL,134,0,Fiserv Forum,0,1,0,0,1
2026-03-15,3:30p,Detroit Pistons,DET,108,Toronto Raptors,TOR,119,0,Scotiabank Arena,0,0,0,0,1
2026-03-15,6:00p,Portland Trail Blazers,POR,103,Philadelphia 76ers,PHI,109,0,Xfinity Mobile Arena,0,1,0,0,1
2026-03-15,8:00p,Golden State Warriors,GSW,107,New York Knicks,NYK,110,0,Madison Square Garden (IV),0,0,0,0,1
2026-03-15,10:00p,Utah Jazz,UTA,111,Sacramento Kings,SAC,116,0,Golden 1 Center,0,1,0,0,1
2026-03-16,7:00p,Orlando Magic,ORL,112,Atlanta Hawks,ATL,124,0,State Farm Arena,0,0,0,0,1
2026-03-16,7:00p,Golden State Warriors,GSW,125,Washington Wizards,WAS,117,0,Capital One Arena,1,0,0,0,1
2026-03-16,7:30p,Phoenix Suns,PHO,112,Boston Celtics,BOS,120,0,TD Garden,0,0,0,0,1
2026-03-16,7:30p,Portland Trail Blazers,POR,114,Brooklyn Nets,BRK,95,0,Barclays Center,1,0,0,0,1
2026-03-16,8:00p,Memphis Grizzlies,MEM,107,Chicago Bulls,CHI,132,0,United Center,0,0,0,0,1
2026-03-16,8:00p,Dallas Mavericks,DAL,111,New Orleans Pelicans,NOP,129,0,Smoothie King Center,1,0,0,0,1
2026-03-16,9:30p,Los Angeles Lakers,LAL,100,Houston Rockets,HOU,92,0,Toyota Center,0,0,0,0,1
2026-03-16,10:00p,San Antonio Spurs,SAS,119,Los Angeles Clippers,LAC,115,0,Intuit Dome,0,0,0,0,1
2026-03-17,7:00p,Miami Heat,MIA,106,Charlotte Hornets,CHO,136,0,Spectrum Center,0,0,0,0,1
2026-03-17,7:00p,Oklahoma City Thunder,OKC,113,Orlando Magic,ORL,108,0,Kia Center,0,1,0,0,1
2026-03-17,7:00p,Detroit Pistons,DET,130,Washington Wizards,WAS,117,0,Capital One Arena,0,1,0,0,1
2026-03-17,7:30p,Indiana Pacers,IND,110,New York Knicks,NYK,136,0,Madison Square Garden (IV),0,0,0,0,1
2026-03-17,8:00p,Cleveland Cavaliers,CLE,123,Milwaukee Bucks,MIL,116,0,Fiserv Forum,0,0,0,0,1
2026-03-17,8:00p,Phoenix Suns,PHO,104,Minnesota Timberwolves,MIN,116,0,Target Center,1,0,0,0,1
2026-03-17,10:00p,Philadelphia 76ers,PHI,96,Denver Nuggets,DEN,124,0,Ball Arena,0,0,0,0,1
2026-03-17,10:00p,San Antonio Spurs,SAS,132,Sacramento Kings,SAC,104,0,Golden 1 Center,1,0,0,0,1
2026-03-18,7:00p,Golden State Warriors,GSW,99,Boston Celtics,BOS,120,0,TD Garden,0,0,0,0,1
2026-03-18,7:30p,Oklahoma City Thunder,OKC,121,Brooklyn Nets,BRK,92,0,Barclays Center,1,0,0,0,1
2026-03-18,7:30p,Portland Trail Blazers,POR,127,Indiana Pacers,IND,119,0,Gainbridge Fieldhouse,0,1,0,0,1
2026-03-18,8:00p,Toronto Raptors,TOR,139,Chicago Bulls,CHI,109,0,United Center,0,0,0,0,1
2026-03-18,8:00p,Utah Jazz,UTA,111,Minnesota Timberwolves,MIN,147,0,Target Center,0,1,0,0,1
2026-03-18,8:00p,Los Angeles Clippers,LAC,109,New Orleans Pelicans,NOP,124,0,Smoothie King Center,0,0,0,0,1
2026-03-18,8:30p,Atlanta Hawks,ATL,135,Dallas Mavericks,DAL,120,0,American Airlines Center,0,0,0,0,1
2026-03-18,8:30p,Denver Nuggets,DEN,118,Memphis Grizzlies,MEM,125,0,FedExForum,1,0,0,0,1
2026-03-18,9:30p,Los Angeles Lakers,LAL,124,Houston Rockets,HOU,116,0,Toyota Center,0,0,0,0,1
2026-03-19,7:00p,Orlando Magic,ORL,111,Charlotte Hornets,CHO,130,0,Spectrum Center,0,0,0,0,1
2026-03-19,7:00p,Detroit Pistons,DET,117,Washington Wizards,WAS,95,0,Capital One Arena,0,0,0,0,1
2026-03-19,8:00p,Cleveland Cavaliers,CLE,115,Chicago Bulls,CHI,110,0,United Center,0,1,0,0,1
2026-03-19,8:00p,Los Angeles Lakers,LAL,134,Miami Heat,MIA,126,0,Kaseya Center,1,0,0,0,1
2026-03-19,8:00p,Los Angeles Clippers,LAC,99,New Orleans Pelicans,NOP,105,0,Smoothie King Center,1,1,0,0,1
2026-03-19,8:00p,Phoenix Suns,PHO,100,San Antonio Spurs,SAS,101,0,Frost Bank Center,0,0,0,0,1
2026-03-19,9:00p,Milwaukee Bucks,MIL,96,Utah Jazz,UTA,128,0,Delta Center,0,1,0,0,1
2026-03-19,10:00p,Philadelphia 76ers,PHI,139,Sacramento Kings,SAC,118,0,Golden 1 Center,0,0,0,0,1
2026-03-20,7:30p,New York Knicks,NYK,93,Brooklyn Nets,BRK,92,0,Barclays Center,0,0,0,0,1
2026-03-20,7:30p,Golden State Warriors,GSW,101,Detroit Pistons,DET,115,0,Little Caesars Arena,0,1,0,0,1
2026-03-20,8:00p,Atlanta Hawks,ATL,95,Houston Rockets,HOU,117,0,Toyota Center,0,0,0,0,1
2026-03-20,8:00p,Boston Celtics,BOS,117,Memphis Grizzlies,MEM,112,0,FedExForum,0,0,0,0,1
2026-03-20,8:00p,Portland Trail Blazers,POR,108,Minnesota Timberwolves,MIN,104,0,Target Center,0,0,0,0,1
2026-03-20,9:00p,Toronto Raptors,TOR,115,Denver Nuggets,DEN,121,0,Ball Arena,0,0,0,0,1
2026-03-21,5:00p,Oklahoma City Thunder,OKC,132,Washington Wizards,WAS,111,0,Capital One Arena,0,0,0,0,1
2026-03-21,7:00p,Memphis Grizzlies,MEM,101,Charlotte Hornets,CHO,124,0,Spectrum Center,1,0,0,0,1
2026-03-21,7:00p,Cleveland Cavaliers,CLE,111,New Orleans Pelicans,NOP,106,0,Smoothie King Center,0,0,0,0,1
2026-03-21,7:00p,Los Angeles Lakers,LAL,105,Orlando Magic,ORL,104,0,Kia Center,0,0,0,0,1
2026-03-21,8:00p,Golden State Warriors,GSW,110,Atlanta Hawks,ATL,126,0,State Farm Arena,1,1,0,0,1
2026-03-21,8:00p,Miami Heat,MIA,122,Houston Rockets,HOU,123,0,Toyota Center,0,1,0,0,1
2026-03-21,8:00p,Indiana Pacers,IND,119,San Antonio Spurs,SAS,134,0,Frost Bank Center,0,0,0,0,1
2026-03-21,8:30p,Los Angeles Clippers,LAC,138,Dallas Mavericks,DAL,131,1,American Airlines Center,0,0,0,0,1
2026-03-21,9:30p,Philadelphia 76ers,PHI,126,Utah Jazz,UTA,116,0,Delta Center,0,0,0,0,1
2026-03-21,10:00p,Milwaukee Bucks,MIL,108,Phoenix Suns,PHO,105,0,Mortgage Matchup Center,0,0,0,0,1
2026-03-22,5:00p,Portland Trail Blazers,POR,112,Denver Nuggets,DEN,128,0,Ball Arena,0,0,0,0,1
2026-03-22,6:00p,Brooklyn Nets,BRK,122,Sacramento Kings,SAC,126,0,Golden 1 Center,0,0,0,0,1
2026-03-22,7:30p,Washington Wizards,WAS,113,New York Knicks,NYK,145,0,Madison Square Garden (IV),1,0,0,0,1
2026-03-22,8:00p,Minnesota Timberwolves,MIN,102,Boston Celtics,BOS,92,0,TD Garden,0,0,0,0,1
2026-03-22,9:00p,Toronto Raptors,TOR,98,Phoenix Suns,PHO,120,0,Mortgage Matchup Center,0,1,0,0,1
2026-03-23,7:00p,Los Angeles Lakers,LAL,110,Detroit Pistons,DET,113,0,Little Caesars Arena,0,0,0,0,1
2026-03-23,7:00p,San Antonio Spurs,SAS,136,Miami Heat,MIA,111,0,Kaseya Center,0,0,0,0,1
2026-03-23,7:00p,Indiana Pacers,IND,128,Orlando Magic,ORL,126,0,Kia Center,0,0,0,0,1
2026-03-23,7:00p,Oklahoma City Thunder,OKC,123,Philadelphia 76ers,PHI,103,0,Xfinity Mobile Arena,0,0,0,0,1
2026-03-23,7:30p,Memphis Grizzlies,MEM,107,Atlanta Hawks,ATL,146,0,State Farm Arena,0,0,0,0,1
2026-03-23,8:00p,Houston Rockets,HOU,124,Chicago Bulls,CHI,132,0,United Center,0,0,0,0,1
2026-03-23,9:00p,Toronto Raptors,TOR,143,Utah Jazz,UTA,127,0,Delta Center,1,0,0,0,1
2026-03-23,9:30p,Golden State Warriors,GSW,137,Dallas Mavericks,DAL,131,1,American Airlines Center,0,0,0,0,1
2026-03-23,10:00p,Brooklyn Nets,BRK,99,Portland Trail Blazers,POR,134,0,Moda Center,1,1,0,0,1
2026-03-23,10:30p,Milwaukee Bucks,MIL,96,Los Angeles Clippers,LAC,129,0,Intuit Dome,0,0,0,0,1
2026-03-24,7:00p,Sacramento Kings,SAC,90,Charlotte Hornets,CHO,134,0,Spectrum Center,0,0,0,0,1
2026-03-24,7:30p,New Orleans Pelicans,NOP,116,New York Knicks,NYK,121,0,Madison Square Garden (IV),0,0,0,0,1
2026-03-24,8:00p,Orlando Magic,ORL,131,Cleveland Cavaliers,CLE,136,0,Rocket Arena,1,0,0,0,1
2026-03-24,11:00p,Denver Nuggets,DEN,125,Phoenix Suns,PHO,123,0,Mortgage Matchup Center,0,0,0,0,1
2026-03-25,7:00p,Atlanta Hawks,ATL,130,Detroit Pistons,DET,129,1,Little Caesars Arena,0,0,0,0,1
2026-03-25,7:00p,Los Angeles Lakers,LAL,137,Indiana Pacers,IND,130,0,Gainbridge Fieldhouse,0,0,0,0,1
2026-03-25,7:00p,Chicago Bulls,CHI,137,Philadelphia 76ers,PHI,157,0,Xfinity Mobile Arena,0,0,0,0,1
2026-03-25,7:30p,Oklahoma City Thunder,OKC,109,Boston Celtics,BOS,119,0,TD Garden,0,0,0,0,1
2026-03-25,7:30p,Miami Heat,MIA,120,Cleveland Cavaliers,CLE,103,0,Rocket Arena,0,1,0,0,1
2026-03-25,8:00p,San Antonio Spurs,SAS,123,Memphis Grizzlies,MEM,98,0,FedExForum,0,0,0,0,1
2026-03-25,9:00p,Washington Wizards,WAS,133,Utah Jazz,UTA,110,0,Delta Center,0,0,0,0,1
2026-03-25,9:30p,Houston Rockets,HOU,108,Minnesota Timberwolves,MIN,110,1,Target Center,0,0,0,0,1
2026-03-25,10:00p,Dallas Mavericks,DAL,135,Denver Nuggets,DEN,142,0,Ball Arena,0,1,0,0,1
2026-03-25,10:00p,Brooklyn Nets,BRK,106,Golden State Warriors,GSW,109,0,Chase Center,0,0,0,0,1
2026-03-25,10:00p,Milwaukee Bucks,MIL,99,Portland Trail Blazers,POR,130,0,Moda Center,0,0,0,0,1
2026-03-25,10:30p,Toronto Raptors,TOR,94,Los Angeles Clippers,LAC,119,0,Intuit Dome,0,0,0,0,1
2026-03-26,7:00p,New York Knicks,NYK,103,Charlotte Hornets,CHO,114,0,Spectrum Center,0,0,0,0,1
2026-03-26,7:00p,New Orleans Pelicans,NOP,108,Detroit Pistons,DET,129,0,Little Caesars Arena,0,1,0,0,1
2026-03-26,7:00p,Sacramento Kings,SAC,117,Orlando Magic,ORL,121,0,Kia Center,0,0,0,0,1
2026-03-27,7:00p,Los Angeles Clippers,LAC,114,Indiana Pacers,IND,113,0,Gainbridge Fieldhouse,0,0,0,0,1
2026-03-27,7:30p,Atlanta Hawks,ATL,102,Boston Celtics,BOS,109,0,TD Garden,0,0,0,0,1
2026-03-27,7:30p,Miami Heat,MIA,128,Cleveland Cavaliers,CLE,149,0,Rocket Arena,0,0,0,0,1
2026-03-27,8:00p,Houston Rockets,HOU,119,Memphis Grizzlies,MEM,109,0,FedExForum,0,0,0,0,1
2026-03-27,8:00p,Chicago Bulls,CHI,113,Oklahoma City Thunder,OKC,131,0,Paycom Center,0,0,0,0,1
2026-03-27,8:30p,New Orleans Pelicans,NOP,106,Toronto Raptors,TOR,119,0,Scotiabank Arena,1,0,0,0,1
2026-03-27,9:00p,Utah Jazz,UTA,129,Denver Nuggets,DEN,135,0,Ball Arena,0,0,0,0,1
2026-03-27,10:00p,Washington Wizards,WAS,126,Golden State Warriors,GSW,131,0,Chase Center,0,0,0,0,1
2026-03-27,10:00p,Dallas Mavericks,DAL,100,Portland Trail Blazers,POR,93,0,Moda Center,0,0,0,0,1
2026-03-27,10:30p,Brooklyn Nets,BRK,99,Los Angeles Lakers,LAL,116,0,Crypto.com Arena,0,0,0,0,1
2026-03-28,3:00p,San Antonio Spurs,SAS,127,Milwaukee Bucks,MIL,95,0,Fiserv Forum,0,0,0,0,1
2026-03-28,5:30p,Detroit Pistons,DET,109,Minnesota Timberwolves,MIN,87,0,Target Center,0,0,0,0,1
2026-03-28,6:00p,Philadelphia 76ers,PHI,118,Charlotte Hornets,CHO,114,0,Spectrum Center,0,0,0,0,1
2026-03-28,7:30p,Sacramento Kings,SAC,113,Atlanta Hawks,ATL,123,0,State Farm Arena,0,1,0,0,1
2026-03-28,8:00p,Chicago Bulls,CHI,124,Memphis Grizzlies,MEM,125,0,FedExForum,1,1,0,0,1
2026-03-28,10:00p,Utah Jazz,UTA,109,Phoenix Suns,PHO,134,0,Mortgage Matchup Center,1,0,0,0,1
2026-03-29,3:30p,Los Angeles Clippers,LAC,127,Milwaukee Bucks,MIL,113,0,Fiserv Forum,0,1,0,0,1
2026-03-29,5:00p,Miami Heat,MIA,118,Indiana Pacers,IND,135,0,Gainbridge Fieldhouse,0,0,0,0,1
2026-03-29,6:00p,Sacramento Kings,SAC,99,Brooklyn Nets,BRK,116,0,Barclays Center,1,0,0,0,1
2026-03-29,6:00p,Boston Celtics,BOS,114,Charlotte Hornets,CHO,99,0,Spectrum Center,0,1,0,0,1
2026-03-29,6:00p,Washington Wizards,WAS,88,Portland Trail Blazers,POR,123,0,Moda Center,0,0,0,0,1
2026-03-29,6:00p,Orlando Magic,ORL,87,Toronto Raptors,TOR,139,0,Scotiabank Arena,0,0,0,0,1
2026-03-29,7:00p,Houston Rockets,HOU,134,New Orleans Pelicans,NOP,102,0,Smoothie King Center,0,0,0,0,1
2026-03-29,7:30p,New York Knicks,NYK,100,Oklahoma City Thunder,OKC,111,0,Paycom Center,0,0,0,0,1
2026-03-29,10:00p,Golden State Warriors,GSW,93,Denver Nuggets,DEN,116,0,Ball Arena,0,0,0,0,1
2026-03-30,7:00p,Philadelphia 76ers,PHI,109,Miami Heat,MIA,119,0,Kaseya Center,0,1,0,0,1
2026-03-30,7:30p,Boston Celtics,BOS,102,Atlanta Hawks,ATL,112,0,State Farm Arena,1,0,0,0,1
2026-03-30,8:00p,Phoenix Suns,PHO,131,Memphis Grizzlies,MEM,105,0,FedExForum,0,0,0,0,1
2026-03-30,8:00p,Chicago Bulls,CHI,114,San Antonio Spurs,SAS,129,0,Frost Bank Center,0,0,0,0,1
2026-03-30,8:30p,Minnesota Timberwolves,MIN,124,Dallas Mavericks,DAL,94,0,American Airlines Center,0,0,0,0,1
2026-03-30,9:00p,Cleveland Cavaliers,CLE,122,Utah Jazz,UTA,113,0,Delta Center,0,0,0,0,1
2026-03-30,9:30p,Detroit Pistons,DET,110,Oklahoma City Thunder,OKC,114,1,Paycom Center,0,1,0,0,1
2026-03-30,10:00p,Washington Wizards,WAS,101,Los Angeles Lakers,LAL,120,0,Crypto.com Arena,1,0,0,0,1
2026-03-31,7:00p,Phoenix Suns,PHO,111,Orlando Magic,ORL,115,0,Kia Center,1,0,0,0,1
2026-03-31,7:30p,Charlotte Hornets,CHO,117,Brooklyn Nets,BRK,86,0,Barclays Center,0,0,0,0,1
2026-03-31,8:00p,Toronto Raptors,TOR,116,Detroit Pistons,DET,127,0,Little Caesars Arena,0,1,0,0,1
2026-03-31,8:00p,New York Knicks,NYK,94,Houston Rockets,HOU,111,0,Toyota Center,0,0,0,0,1
2026-03-31,8:00p,Dallas Mavericks,DAL,99,Milwaukee Bucks,MIL,123,0,Fiserv Forum,1,0,0,0,1
2026-03-31,10:30p,Cleveland Cavaliers,CLE,113,Los Angeles Lakers,LAL,127,0,Crypto.com Arena,1,1,0,0,1
2026-03-31,11:00p,Portland Trail Blazers,POR,114,Los Angeles Clippers,LAC,104,0,Intuit Dome,0,0,0,0,1
2026-04-01,7:00p,Atlanta Hawks,ATL,130,Orlando Magic,ORL,101,0,Kia Center,0,1,0,0,1
2026-04-01,7:00p,Philadelphia 76ers,PHI,153,Washington Wizards,WAS,131,0,Capital One Arena,0,0,0,0,1
2026-04-01,7:30p,Boston Celtics,BOS,147,Miami Heat,MIA,129,0,Kaseya Center,0,0,0,0,1
2026-04-01,8:00p,Indiana Pacers,IND,145,Chicago Bulls,CHI,126,0,United Center,0,0,0,0,1
2026-04-01,8:00p,Milwaukee Bucks,MIL,113,Houston Rockets,HOU,119,0,Toyota Center,1,1,0,0,1
2026-04-01,8:00p,New York Knicks,NYK,130,Memphis Grizzlies,MEM,119,0,FedExForum,1,0,0,0,1
2026-04-01,8:00p,Sacramento Kings,SAC,123,Toronto Raptors,TOR,115,0,Scotiabank Arena,0,1,0,0,1
2026-04-01,9:00p,Denver Nuggets,DEN,130,Utah Jazz,UTA,117,0,Delta Center,0,0,0,0,1
2026-04-01,10:00p,San Antonio Spurs,SAS,127,Golden State Warriors,GSW,113,0,Chase Center,0,0,0,0,1
2026-04-02,7:00p,Phoenix Suns,PHO,107,Charlotte Hornets,CHO,127,0,Spectrum Center,0,0,0,0,1
2026-04-02,7:00p,Minnesota Timberwolves,MIN,108,Detroit Pistons,DET,113,0,Little Caesars Arena,0,0,0,0,1
2026-04-02,9:30p,Los Angeles Lakers,LAL,96,Oklahoma City Thunder,OKC,139,0,Paycom Center,0,0,0,0,1
2026-04-02,10:00p,Cleveland Cavaliers,CLE,118,Golden State Warriors,GSW,111,0,Chase Center,0,1,0,0,1
2026-04-02,10:00p,New Orleans Pelicans,NOP,106,Portland Trail Blazers,POR,118,0,Moda Center,0,0,0,0,1
2026-04-02,10:30p,San Antonio Spurs,SAS,118,Los Angeles Clippers,LAC,99,0,Intuit Dome,1,0,0,0,1
2026-04-03,7:00p,Indiana Pacers,IND,108,Charlotte Hornets,CHO,129,0,Spectrum Center,0,1,0,0,1
2026-04-03,7:00p,Minnesota Timberwolves,MIN,103,Philadelphia 76ers,PHI,115,0,Xfinity Mobile Arena,1,0,0,0,1
2026-04-03,7:30p,Atlanta Hawks,ATL,141,Brooklyn Nets,BRK,107,0,Barclays Center,0,0,0,0,1
2026-04-03,7:30p,Chicago Bulls,CHI,96,New York Knicks,NYK,136,0,Madison Square Garden (IV),0,0,0,0,1
2026-04-03,8:00p,Utah Jazz,UTA,106,Houston Rockets,HOU,140,0,Toyota Center,0,0,0,0,1
2026-04-03,8:00p,Toronto Raptors,TOR,128,Memphis Grizzlies,MEM,96,0,FedExForum,0,0,0,0,1
2026-04-03,8:00p,Boston Celtics,BOS,133,Milwaukee Bucks,MIL,101,0,Fiserv Forum,0,0,0,0,1
2026-04-03,8:30p,Orlando Magic,ORL,138,Dallas Mavericks,DAL,127,0,American Airlines Center,0,0,0,0,1
2026-04-03,10:00p,New Orleans Pelicans,NOP,113,Sacramento Kings,SAC,117,0,Golden 1 Center,1,0,0,0,1
2026-04-04,3:00p,Washington Wizards,WAS,136,Miami Heat,MIA,152,0,Kaseya Center,0,0,0,0,1
2026-04-04,3:00p,San Antonio Spurs,SAS,134,Denver Nuggets,DEN,136,1,Ball Arena,0,0,0,0,1
2026-04-04,7:00p,Detroit Pistons,DET,116,Philadelphia 76ers,PHI,93,0,Xfinity Mobile Arena,0,1,0,0,1
2026-04-05,3:30p,Toronto Raptors,TOR,101,Boston Celtics,BOS,115,0,TD Garden,0,0,0,0,1
2026-04-05,3:30p,Washington Wizards,WAS,115,Brooklyn Nets,BRK,121,0,Barclays Center,1,0,0,0,1
2026-04-05,3:30p,Phoenix Suns,PHO,120,Chicago Bulls,CHI,110,0,United Center,0,0,0,0,1
2026-04-05,3:30p,Memphis Grizzlies,MEM,115,Milwaukee Bucks,MIL,131,0,Fiserv Forum,0,0,0,0,1
2026-04-05,6:00p,Indiana Pacers,IND,108,Cleveland Cavaliers,CLE,117,0,Rocket Arena,0,0,0,0,1
2026-04-05,7:00p,Charlotte Hornets,CHO,122,Minnesota Timberwolves,MIN,108,0,Target Center,0,0,0,0,1
2026-04-05,7:00p,Orlando Magic,ORL,112,New Orleans Pelicans,NOP,108,0,Smoothie King Center,0,0,0,0,1
2026-04-05,7:00p,Utah Jazz,UTA,111,Oklahoma City Thunder,OKC,146,0,Paycom Center,0,0,0,0,1
2026-04-05,7:30p,Los Angeles Lakers,LAL,128,Dallas Mavericks,DAL,134,0,American Airlines Center,0,0,0,0,1
2026-04-05,9:00p,Los Angeles Clippers,LAC,138,Sacramento Kings,SAC,109,0,Golden 1 Center,0,0,0,0,1
2026-04-05,10:00p,Houston Rockets,HOU,117,Golden State Warriors,GSW,116,0,Chase Center,0,0,0,0,1
2026-04-06,7:00p,New York Knicks,NYK,108,Atlanta Hawks,ATL,105,0,State Farm Arena,0,0,0,0,1
2026-04-06,7:00p,Detroit Pistons,DET,107,Orlando Magic,ORL,123,0,Kia Center,0,1,0,0,1
2026-04-06,8:00p,Cleveland Cavaliers,CLE,142,Memphis Grizzlies,MEM,126,0,FedExForum,1,1,0,0,1
2026-04-06,8:00p,Philadelphia 76ers,PHI,102,San Antonio Spurs,SAS,115,0,Frost Bank Center,0,0,0,0,1
2026-04-06,9:00p,Portland Trail Blazers,POR,132,Denver Nuggets,DEN,137,1,Ball Arena,0,0,0,0,1
2026-04-07,7:00p,Minnesota Timberwolves,MIN,124,Indiana Pacers,IND,104,0,Gainbridge Fieldhouse,0,0,0,0,1
2026-04-07,7:00p,Chicago Bulls,CHI,129,Washington Wizards,WAS,98,0,Capital One Arena,0,0,0,0,1
2026-04-07,7:30p,Milwaukee Bucks,MIL,90,Brooklyn Nets,BRK,96,0,Barclays Center,0,0,0,0,1
2026-04-07,7:30p,Miami Heat,MIA,95,Toronto Raptors,TOR,121,0,Scotiabank Arena,0,0,0,0,1
2026-04-07,8:00p,Charlotte Hornets,CHO,102,Boston Celtics,BOS,113,0,TD Garden,0,0,0,0,1
2026-04-07,8:00p,Utah Jazz,UTA,137,New Orleans Pelicans,NOP,156,0,Smoothie King Center,0,0,0,0,1
2026-04-07,10:00p,Sacramento Kings,SAC,105,Golden State Warriors,GSW,110,0,Chase Center,0,0,0,0,1
2026-04-07,10:30p,Oklahoma City Thunder,OKC,123,Los Angeles Lakers,LAL,87,0,Crypto.com Arena,0,0,0,0,1
2026-04-07,10:30p,Dallas Mavericks,DAL,103,Los Angeles Clippers,LAC,116,0,Intuit Dome,0,0,0,0,1
2026-04-07,11:00p,Houston Rockets,HOU,119,Phoenix Suns,PHO,105,0,Mortgage Matchup Center,0,0,0,0,1
2026-04-08,7:00p,Atlanta Hawks,ATL,116,Cleveland Cavaliers,CLE,122,0,Rocket Arena,0,0,0,0,1
2026-04-08,7:00p,Milwaukee Bucks,MIL,111,Detroit Pistons,DET,137,0,Little Caesars Arena,1,0,0,0,1
2026-04-08,7:00p,Minnesota Timberwolves,MIN,120,Orlando Magic,ORL,132,0,Kia Center,1,0,0,0,1
2026-04-08,9:00p,Memphis Grizzlies,MEM,119,Denver Nuggets,DEN,136,0,Ball Arena,0,0,0,0,1
2026-04-08,9:30p,Portland Trail Blazers,POR,101,San Antonio Spurs,SAS,112,0,Frost Bank Center,0,0,0,0,1
2026-04-08,10:00p,Dallas Mavericks,DAL,107,Phoenix Suns,PHO,112,0,Mortgage Matchup Center,1,1,0,0,1
2026-04-08,10:00p,Oklahoma City Thunder,OKC,128,Los Angeles Clippers,LAC,110,0,Intuit Dome,1,1,0,0,1
2026-04-09,7:00p,Miami Heat,MIA,114,Toronto Raptors,TOR,128,0,Scotiabank Arena,0,0,0,0,1
2026-04-09,7:00p,Chicago Bulls,CHI,119,Washington Wizards,WAS,108,0,Capital One Arena,0,0,0,0,1
2026-04-09,7:30p,Indiana Pacers,IND,123,Brooklyn Nets,BRK,94,0,Barclays Center,0,0,0,0,1
2026-04-09,7:30p,Boston Celtics,BOS,106,New York Knicks,NYK,112,0,Madison Square Garden (IV),0,0,0,0,1
2026-04-09,8:00p,Philadelphia 76ers,PHI,102,Houston Rockets,HOU,113,0,Toyota Center,0,0,0,0,1
2026-04-09,10:00p,Los Angeles Lakers,LAL,119,Golden State Warriors,GSW,103,0,Chase Center,0,0,0,0,1
2026-04-10,7:00p,Miami Heat,MIA,140,Washington Wizards,WAS,117,0,Capital One Arena,1,1,0,0,1
2026-04-10,7:00p,Detroit Pistons,DET,118,Charlotte Hornets,CHO,100,0,Spectrum Center,0,0,0,0,1
2026-04-10,7:00p,Cleveland Cavaliers,CLE,102,Atlanta Hawks,ATL,124,0,State Farm Arena,0,0,0,0,1
2026-04-10,7:30p,New Orleans Pelicans,NOP,118,Boston Celtics,BOS,144,0,TD Garden,0,1,0,0,1
2026-04-10,7:30p,Philadelphia 76ers,PHI,105,Indiana Pacers,IND,94,0,Gainbridge Fieldhouse,1,1,0,0,1
2026-04-10,7:30p,Toronto Raptors,TOR,95,New York Knicks,NYK,112,0,Madison Square Garden (IV),1,1,0,0,1
2026-04-10,8:00p,Orlando Magic,ORL,127,Chicago Bulls,CHI,103,0,United Center,0,1,0,0,1
2026-04-10,8:00p,Brooklyn Nets,BRK,108,Milwaukee Bucks,MIL,125,0,Fiserv Forum,1,0,0,0,1
2026-04-10,8:00p,Dallas Mavericks,DAL,120,San Antonio Spurs,SAS,139,0,Frost Bank Center,0,0,0,0,1
2026-04-10,9:00p,Oklahoma City Thunder,OKC,107,Denver Nuggets,DEN,127,0,Ball Arena,0,0,0,0,1
2026-04-10,9:30p,Minnesota Timberwolves,MIN,136,Houston Rockets,HOU,132,0,Toyota Center,0,1,0,0,1
2026-04-10,9:30p,Memphis Grizzlies,MEM,101,Utah Jazz,UTA,147,0,Delta Center,0,0,0,0,1
2026-04-10,10:00p,Los Angeles Clippers,LAC,97,Portland Trail Blazers,POR,116,0,Moda Center,0,0,0,0,1
2026-04-10,10:00p,Golden State Warriors,GSW,118,Sacramento Kings,SAC,124,0,Golden 1 Center,1,0,0,0,1
2026-04-10,10:30p,Phoenix Suns,PHO,73,Los Angeles Lakers,LAL,101,0,Crypto.com Arena,0,1,0,0,1
2026-04-12,6:00p,Orlando Magic,ORL,108,Boston Celtics,BOS,113,0,TD Garden,0,0,0,0,1
2026-04-12,6:00p,Washington Wizards,WAS,117,Cleveland Cavaliers,CLE,130,0,Rocket Arena,0,0,0,0,1
2026-04-12,6:00p,Detroit Pistons,DET,133,Indiana Pacers,IND,121,0,Gainbridge Fieldhouse,0,0,0,0,1
2026-04-12,6:00p,Atlanta Hawks,ATL,117,Miami Heat,MIA,143,0,Kaseya Center,0,0,0,0,1
2026-04-12,6:00p,Charlotte Hornets,CHO,110,New York Knicks,NYK,96,0,Madison Square Garden (IV),0,0,0,0,1
2026-04-12,6:00p,Milwaukee Bucks,MIL,106,Philadelphia 76ers,PHI,126,0,Xfinity Mobile Arena,0,0,0,0,1
2026-04-12,6:00p,Brooklyn Nets,BRK,101,Toronto Raptors,TOR,136,0,Scotiabank Arena,0,0,0,0,1
2026-04-12,8:30p,Chicago Bulls,CHI,128,Dallas Mavericks,DAL,149,0,American Airlines Center,0,0,0,0,1
2026-04-12,8:30p,Memphis Grizzlies,MEM,101,Houston Rockets,HOU,132,0,Toyota Center,0,0,0,0,1
2026-04-12,8:30p,Golden State Warriors,GSW,110,Los Angeles Clippers,LAC,115,0,Intuit Dome,0,0,0,0,1
2026-04-12,8:30p,Utah Jazz,UTA,107,Los Angeles Lakers,LAL,131,0,Crypto.com Arena,0,0,0,0,1
2026-04-12,8:30p,New Orleans Pelicans,NOP,126,Minnesota Timberwolves,MIN,132,0,Target Center,0,0,0,0,1
2026-04-12,8:30p,Phoenix Suns,PHO,135,Oklahoma City Thunder,OKC,103,0,Paycom Center,0,0,0,0,1
2026-04-12,8:30p,Sacramento Kings,SAC,110,Portland Trail Blazers,POR,122,0,Moda Center,0,0,0,0,1
2026-04-12,8:30p,Denver Nuggets,DEN,128,San Antonio Spurs,SAS,118,0,Frost Bank Center,0,0,0,0,1
